,age_kyrBP,Insol
0,0.0,6.763
1,0.1,6.7642999999999995
2,0.2,6.7656
3,0.3,6.7669
4,0.4,6.7682
5,0.5,6.7695
6,0.6,6.7707999999999995
7,0.7,6.7721
8,0.8,6.7734
9,0.9,6.7747
10,1.0,6.776
11,1.1,6.7772
12,1.2,6.7783999999999995
13,1.3,6.7796
14,1.4,6.7808
15,1.5,6.782
16,1.6,6.7832
17,1.7,6.7844
18,1.8,6.7856000000000005
19,1.9,6.7868
20,2.0,6.788
21,2.1,6.7891
22,2.2,6.7902000000000005
23,2.3,6.791300000000001
24,2.4,6.792400000000001
25,2.5,6.7935
26,2.6,6.7946
27,2.7,6.7957
28,2.8,6.7968
29,2.9,6.7979
30,3.0,6.799
31,3.1,6.8001000000000005
32,3.2,6.801200000000001
33,3.3,6.8023
34,3.4,6.8034
35,3.5,6.8045
36,3.6,6.8056
37,3.7,6.8067
38,3.8,6.807799999999999
39,3.9,6.8088999999999995
40,4.0,6.81
41,4.1,6.810899999999999
42,4.2,6.8118
43,4.3,6.8126999999999995
44,4.4,6.8136
45,4.5,6.8145
46,4.6,6.8153999999999995
47,4.7,6.8163
48,4.8,6.8172
49,4.9,6.8181
50,5.0,6.819
51,5.1,6.8199
52,5.2,6.8208
53,5.3,6.8217
54,5.4,6.8226
55,5.5,6.8235
56,5.6,6.8244
57,5.7,6.8253
58,5.8,6.8262
59,5.9,6.827100000000001
60,6.0,6.828
61,6.1,6.8286
62,6.2,6.8292
63,6.3,6.8298
64,6.4,6.8304
65,6.5,6.8309999999999995
66,6.6,6.8316
67,6.7,6.832199999999999
68,6.8,6.8328
69,6.9,6.833399999999999
70,7.0,6.834
71,7.1,6.8344
72,7.2,6.8347999999999995
73,7.3,6.8351999999999995
74,7.4,6.8355999999999995
75,7.5,6.835999999999999
76,7.6,6.8364
77,7.7,6.8368
78,7.8,6.8372
79,7.9,6.8376
80,8.0,6.838
81,8.1,6.8383
82,8.2,6.8386000000000005
83,8.3,6.8389
84,8.4,6.8392
85,8.5,6.8395
86,8.6,6.8398
87,8.7,6.8401000000000005
88,8.8,6.8404
89,8.9,6.8407
90,9.0,6.841
91,9.1,6.841
92,9.2,6.841
93,9.3,6.841
94,9.4,6.841
95,9.5,6.841
96,9.6,6.841
97,9.7,6.841
98,9.8,6.841
99,9.9,6.841
100,10.0,6.841
101,10.1,6.8408
102,10.2,6.8406
103,10.3,6.840400000000001
104,10.4,6.8402
105,10.5,6.84
106,10.6,6.8398
107,10.7,6.839600000000001
108,10.8,6.8394
109,10.9,6.8392
110,11.0,6.839
111,11.1,6.838500000000001
112,11.2,6.838
113,11.3,6.8375
114,11.4,6.837
115,11.5,6.8365
116,11.6,6.836
117,11.7,6.8355
118,11.8,6.835
119,11.9,6.834499999999999
120,12.0,6.834
121,12.1,6.8332999999999995
122,12.2,6.832599999999999
123,12.3,6.8319
124,12.4,6.8312
125,12.5,6.8305
126,12.6,6.8298
127,12.7,6.8290999999999995
128,12.8,6.8284
129,12.9,6.8277
130,13.0,6.827
131,13.1,6.8261
132,13.2,6.8252
133,13.3,6.8243
134,13.4,6.8233999999999995
135,13.5,6.8225
136,13.6,6.8216
137,13.7,6.8206999999999995
138,13.8,6.8198
139,13.9,6.818899999999999
140,14.0,6.818
141,14.1,6.8168999999999995
142,14.2,6.815799999999999
143,14.3,6.8147
144,14.4,6.8136
145,14.5,6.8125
146,14.6,6.8114
147,14.7,6.8103
148,14.8,6.809200000000001
149,14.9,6.8081000000000005
150,15.0,6.807
151,15.1,6.8058000000000005
152,15.2,6.804600000000001
153,15.3,6.8034
154,15.4,6.8022
155,15.5,6.801
156,15.6,6.7998
157,15.7,6.7986
158,15.8,6.7974
159,15.9,6.7962
160,16.0,6.795
161,16.1,6.7936
162,16.2,6.7922
163,16.3,6.7908
164,16.4,6.7894
165,16.5,6.788
166,16.6,6.7866
167,16.7,6.7852
168,16.8,6.783799999999999
169,16.9,6.7824
170,17.0,6.781
171,17.1,6.7795
172,17.2,6.778
173,17.3,6.7764999999999995
174,17.4,6.7749999999999995
175,17.5,6.7735
176,17.6,6.772
177,17.7,6.7705
178,17.8,6.769
179,17.9,6.7675
180,18.0,6.766
181,18.1,6.7645
182,18.2,6.763
183,18.3,6.7615
184,18.4,6.76
185,18.5,6.7585
186,18.6,6.757000000000001
187,18.7,6.7555000000000005
188,18.8,6.7540000000000004
189,18.9,6.7525
190,19.0,6.751
191,19.1,6.7495
192,19.2,6.748
193,19.3,6.7465
194,19.4,6.745
195,19.5,6.7435
196,19.6,6.742
197,19.7,6.7405
198,19.8,6.739
199,19.9,6.7375
200,20.0,6.736
201,20.1,6.7345
202,20.2,6.733
203,20.3,6.7315
204,20.4,6.7299999999999995
205,20.5,6.7285
206,20.6,6.727
207,20.7,6.7255
208,20.8,6.724
209,20.9,6.7225
210,21.0,6.721
211,21.1,6.7195
212,21.2,6.718
213,21.3,6.7165
214,21.4,6.715
215,21.5,6.713500000000001
216,21.6,6.712000000000001
217,21.7,6.710500000000001
218,21.8,6.7090000000000005
219,21.9,6.7075000000000005
220,22.0,6.706
221,22.1,6.704700000000001
222,22.2,6.7034
223,22.3,6.702100000000001
224,22.4,6.7008
225,22.5,6.6995000000000005
226,22.6,6.6982
227,22.7,6.6969
228,22.8,6.6956
229,22.9,6.6943
230,23.0,6.693
231,23.1,6.6918
232,23.2,6.6906
233,23.3,6.6894
234,23.4,6.6882
235,23.5,6.687
236,23.6,6.6857999999999995
237,23.7,6.6846
238,23.8,6.6834
239,23.9,6.6822
240,24.0,6.681
241,24.1,6.68
242,24.2,6.679
243,24.3,6.678
244,24.4,6.6770000000000005
245,24.5,6.676
246,24.6,6.675
247,24.7,6.674
248,24.8,6.673
249,24.9,6.672000000000001
250,25.0,6.671
251,25.1,6.6702
252,25.2,6.6694
253,25.3,6.6686000000000005
254,25.4,6.667800000000001
255,25.5,6.667
256,25.6,6.6662
257,25.7,6.6654
258,25.8,6.6646
259,25.9,6.6638
260,26.0,6.663
261,26.1,6.6624
262,26.2,6.6618
263,26.3,6.6612
264,26.4,6.6606000000000005
265,26.5,6.66
266,26.6,6.6594
267,26.7,6.6588
268,26.8,6.6582
269,26.9,6.6576
270,27.0,6.657
271,27.1,6.6567
272,27.2,6.6564
273,27.3,6.6561
274,27.4,6.6558
275,27.5,6.6555
276,27.6,6.6552
277,27.7,6.6549
278,27.8,6.6546
279,27.9,6.6543
280,28.0,6.654
281,28.1,6.6539
282,28.2,6.6537999999999995
283,28.3,6.6537
284,28.4,6.6536
285,28.5,6.653499999999999
286,28.6,6.6533999999999995
287,28.7,6.6533
288,28.8,6.6532
289,28.9,6.653099999999999
290,29.0,6.653
291,29.1,6.6532
292,29.2,6.6533999999999995
293,29.3,6.6536
294,29.4,6.6537999999999995
295,29.5,6.654
296,29.6,6.6542
297,29.7,6.6544
298,29.8,6.6546
299,29.9,6.6548
300,30.0,6.655
301,30.1,6.6554
302,30.2,6.6558
303,30.3,6.6562
304,30.4,6.6566
305,30.5,6.657
306,30.6,6.6574
307,30.7,6.6578
308,30.8,6.6582
309,30.9,6.6586
310,31.0,6.659
311,31.1,6.6597
312,31.2,6.6604
313,31.3,6.6611
314,31.4,6.6618
315,31.5,6.6625
316,31.6,6.6632
317,31.7,6.6639
318,31.8,6.6646
319,31.9,6.6653
320,32.0,6.666
321,32.1,6.6669
322,32.2,6.667800000000001
323,32.3,6.6687
324,32.4,6.6696
325,32.5,6.6705
326,32.6,6.6714
327,32.7,6.6723
328,32.8,6.6732
329,32.9,6.6741
330,33.0,6.675
331,33.1,6.6761
332,33.2,6.6772
333,33.3,6.6783
334,33.4,6.6794
335,33.5,6.680499999999999
336,33.6,6.6815999999999995
337,33.7,6.6827
338,33.8,6.6838
339,33.9,6.6849
340,34.0,6.686
341,34.1,6.6873
342,34.2,6.6886
343,34.3,6.6899
344,34.4,6.6912
345,34.5,6.6925
346,34.6,6.6937999999999995
347,34.7,6.6951
348,34.8,6.6964
349,34.9,6.6977
350,35.0,6.699
351,35.1,6.7004
352,35.2,6.7017999999999995
353,35.3,6.7032
354,35.4,6.7046
355,35.5,6.706
356,35.6,6.7074
357,35.7,6.7088
358,35.8,6.7102
359,35.9,6.7116
360,36.0,6.713
361,36.1,6.7146
362,36.2,6.7162
363,36.3,6.7178
364,36.4,6.7194
365,36.5,6.721
366,36.6,6.7226
367,36.7,6.7242
368,36.8,6.7258000000000004
369,36.9,6.7274
370,37.0,6.729
371,37.1,6.7306
372,37.2,6.7322
373,37.3,6.7338000000000005
374,37.4,6.7354
375,37.5,6.737
376,37.6,6.7386
377,37.7,6.7402
378,37.8,6.7418000000000005
379,37.9,6.7434
380,38.0,6.745
381,38.1,6.7467
382,38.2,6.7484
383,38.3,6.7501
384,38.4,6.7518
385,38.5,6.7535
386,38.6,6.755199999999999
387,38.7,6.7569
388,38.8,6.7585999999999995
389,38.9,6.7603
390,39.0,6.762
391,39.1,6.763599999999999
392,39.2,6.765199999999999
393,39.3,6.7668
394,39.4,6.7684
395,39.5,6.77
396,39.6,6.771599999999999
397,39.7,6.773199999999999
398,39.8,6.7748
399,39.9,6.7764
400,40.0,6.778
401,40.1,6.779599999999999
402,40.2,6.781199999999999
403,40.3,6.7828
404,40.4,6.7844
405,40.5,6.786
406,40.6,6.787599999999999
407,40.7,6.789199999999999
408,40.8,6.7908
409,40.9,6.7924
410,41.0,6.794
411,41.1,6.7955
412,41.2,6.797
413,41.3,6.7985
414,41.4,6.8
415,41.5,6.8015
416,41.6,6.803
417,41.7,6.8045
418,41.8,6.806
419,41.9,6.8075
420,42.0,6.809
421,42.1,6.8104000000000005
422,42.2,6.8118
423,42.3,6.8132
424,42.4,6.8146
425,42.5,6.816000000000001
426,42.6,6.8174
427,42.7,6.8188
428,42.8,6.820200000000001
429,42.9,6.8216
430,43.0,6.823
431,43.1,6.8242
432,43.2,6.8254
433,43.3,6.8266
434,43.4,6.8278
435,43.5,6.829000000000001
436,43.6,6.8302000000000005
437,43.7,6.8314
438,43.8,6.8326
439,43.9,6.8338
440,44.0,6.835
441,44.1,6.836
442,44.2,6.837
443,44.3,6.838
444,44.4,6.8389999999999995
445,44.5,6.84
446,44.6,6.841
447,44.7,6.842
448,44.8,6.843
449,44.9,6.843999999999999
450,45.0,6.845
451,45.1,6.8458
452,45.2,6.8466
453,45.3,6.8473999999999995
454,45.4,6.848199999999999
455,45.5,6.848999999999999
456,45.6,6.8498
457,45.7,6.8506
458,45.8,6.8514
459,45.9,6.8522
460,46.0,6.853
461,46.1,6.8534999999999995
462,46.2,6.854
463,46.3,6.8545
464,46.4,6.8549999999999995
465,46.5,6.855499999999999
466,46.6,6.856
467,46.7,6.8565
468,46.8,6.856999999999999
469,46.9,6.8575
470,47.0,6.858
471,47.1,6.8583
472,47.2,6.8586
473,47.3,6.858899999999999
474,47.4,6.8591999999999995
475,47.5,6.8595
476,47.6,6.8598
477,47.7,6.8601
478,47.8,6.860399999999999
479,47.9,6.8607
480,48.0,6.861
481,48.1,6.8610999999999995
482,48.2,6.8612
483,48.3,6.8613
484,48.4,6.8614
485,48.5,6.8614999999999995
486,48.6,6.8616
487,48.7,6.8617
488,48.8,6.8618
489,48.9,6.8619
490,49.0,6.862
491,49.1,6.861800000000001
492,49.2,6.8616
493,49.3,6.861400000000001
494,49.4,6.8612
495,49.5,6.861
496,49.6,6.8608
497,49.7,6.8606
498,49.8,6.8604
499,49.9,6.8602
500,50.0,6.86
501,50.1,6.859500000000001
502,50.2,6.859
503,50.3,6.8585
504,50.4,6.8580000000000005
505,50.5,6.857500000000001
506,50.6,6.857
507,50.7,6.8565000000000005
508,50.8,6.856000000000001
509,50.9,6.8555
510,51.0,6.855
511,51.1,6.8543
512,51.2,6.8536
513,51.3,6.8529
514,51.4,6.8522
515,51.5,6.8515
516,51.6,6.8508000000000004
517,51.7,6.8501
518,51.8,6.8494
519,51.9,6.8487
520,52.0,6.848
521,52.1,6.8471
522,52.2,6.8462
523,52.3,6.8453
524,52.4,6.8444
525,52.5,6.843500000000001
526,52.6,6.8426
527,52.7,6.8417
528,52.8,6.840800000000001
529,52.9,6.8399
530,53.0,6.839
531,53.1,6.838
532,53.2,6.837000000000001
533,53.3,6.836
534,53.4,6.835
535,53.5,6.834
536,53.6,6.833
537,53.7,6.832
538,53.8,6.8309999999999995
539,53.9,6.83
540,54.0,6.829
541,54.1,6.8277
542,54.2,6.8264
543,54.3,6.8251
544,54.4,6.823799999999999
545,54.5,6.8225
546,54.6,6.8212
547,54.7,6.8199
548,54.8,6.8186
549,54.9,6.8172999999999995
550,55.0,6.816
551,55.1,6.8147
552,55.2,6.8134
553,55.3,6.8121
554,55.4,6.8107999999999995
555,55.5,6.8095
556,55.6,6.8082
557,55.7,6.8069
558,55.8,6.8056
559,55.9,6.8043
560,56.0,6.803
561,56.1,6.8016
562,56.2,6.8002
563,56.3,6.7988
564,56.4,6.7974
565,56.5,6.795999999999999
566,56.6,6.7946
567,56.7,6.7932
568,56.8,6.791799999999999
569,56.9,6.7904
570,57.0,6.789
571,57.1,6.787599999999999
572,57.2,6.7862
573,57.3,6.7848
574,57.4,6.7834
575,57.5,6.782
576,57.6,6.780600000000001
577,57.7,6.7792
578,57.8,6.7778
579,57.9,6.776400000000001
580,58.0,6.775
581,58.1,6.7735
582,58.2,6.772
583,58.3,6.7705
584,58.4,6.769
585,58.5,6.7675
586,58.6,6.766
587,58.7,6.7645
588,58.8,6.763
589,58.9,6.7615
590,59.0,6.76
591,59.1,6.7585999999999995
592,59.2,6.7572
593,59.3,6.7558
594,59.4,6.7544
595,59.5,6.753
596,59.6,6.7516
597,59.7,6.7502
598,59.8,6.7488
599,59.9,6.747400000000001
600,60.0,6.746
601,60.1,6.7446
602,60.2,6.743200000000001
603,60.3,6.7418000000000005
604,60.4,6.7404
605,60.5,6.739000000000001
606,60.6,6.7376000000000005
607,60.7,6.7362
608,60.8,6.7348
609,60.9,6.7334000000000005
610,61.0,6.732
611,61.1,6.730700000000001
612,61.2,6.7294
613,61.3,6.7281
614,61.4,6.7268
615,61.5,6.7255
616,61.6,6.724200000000001
617,61.7,6.7229
618,61.8,6.7216000000000005
619,61.9,6.7203
620,62.0,6.719
621,62.1,6.717700000000001
622,62.2,6.7164
623,62.3,6.7151000000000005
624,62.4,6.7138
625,62.5,6.7125
626,62.6,6.711200000000001
627,62.7,6.7099
628,62.8,6.708600000000001
629,62.9,6.7073
630,63.0,6.706
631,63.1,6.705
632,63.2,6.704000000000001
633,63.3,6.703
634,63.4,6.702
635,63.5,6.7010000000000005
636,63.6,6.7
637,63.7,6.699
638,63.8,6.6979999999999995
639,63.9,6.697
640,64.0,6.696
641,64.1,6.694999999999999
642,64.2,6.694
643,64.3,6.693
644,64.4,6.692
645,64.5,6.691
646,64.6,6.6899999999999995
647,64.7,6.689
648,64.8,6.688
649,64.9,6.687
650,65.0,6.686
651,65.1,6.6852
652,65.2,6.6844
653,65.3,6.6836
654,65.4,6.6828
655,65.5,6.682
656,65.6,6.6812
657,65.7,6.6804
658,65.8,6.6796
659,65.9,6.6788
660,66.0,6.678
661,66.1,6.6774
662,66.2,6.6768
663,66.3,6.6762
664,66.4,6.6756
665,66.5,6.675
666,66.6,6.6743999999999994
667,66.7,6.6738
668,66.8,6.6732
669,66.9,6.6726
670,67.0,6.672
671,67.1,6.6715
672,67.2,6.670999999999999
673,67.3,6.6705
674,67.4,6.67
675,67.5,6.6695
676,67.6,6.669
677,67.7,6.6685
678,67.8,6.668
679,67.9,6.6674999999999995
680,68.0,6.667
681,68.1,6.6668
682,68.2,6.6666
683,68.3,6.666399999999999
684,68.4,6.6662
685,68.5,6.666
686,68.6,6.6658
687,68.7,6.6655999999999995
688,68.8,6.6654
689,68.9,6.6652000000000005
690,69.0,6.665
691,69.1,6.6649
692,69.2,6.6648
693,69.3,6.6647
694,69.4,6.6646
695,69.5,6.6645
696,69.6,6.6644
697,69.7,6.6643
698,69.8,6.6642
699,69.9,6.6640999999999995
700,70.0,6.664
701,70.1,6.6640999999999995
702,70.2,6.6642
703,70.3,6.6643
704,70.4,6.6644
705,70.5,6.6645
706,70.6,6.6646
707,70.7,6.6647
708,70.8,6.6648
709,70.9,6.6649
710,71.0,6.665
711,71.1,6.6653
712,71.2,6.6656
713,71.3,6.6659
714,71.4,6.6662
715,71.5,6.6665
716,71.6,6.6668
717,71.7,6.6671000000000005
718,71.8,6.6674
719,71.9,6.6677
720,72.0,6.668
721,72.1,6.6684
722,72.2,6.6688
723,72.3,6.6692
724,72.4,6.6696
725,72.5,6.67
726,72.6,6.6704
727,72.7,6.6708
728,72.8,6.6712
729,72.9,6.6716
730,73.0,6.672
731,73.1,6.6726
732,73.2,6.6732
733,73.3,6.6738
734,73.4,6.6743999999999994
735,73.5,6.675
736,73.6,6.6756
737,73.7,6.6762
738,73.8,6.6768
739,73.9,6.6774
740,74.0,6.678
741,74.1,6.6788
742,74.2,6.6796
743,74.3,6.6804
744,74.4,6.6812
745,74.5,6.682
746,74.6,6.6828
747,74.7,6.6836
748,74.8,6.6844
749,74.9,6.6852
750,75.0,6.686
751,75.1,6.6868
752,75.2,6.6876
753,75.3,6.6884
754,75.4,6.6892
755,75.5,6.6899999999999995
756,75.6,6.6908
757,75.7,6.6916
758,75.8,6.6924
759,75.9,6.6932
760,76.0,6.694
761,76.1,6.695
762,76.2,6.696
763,76.3,6.697
764,76.4,6.6979999999999995
765,76.5,6.699
766,76.6,6.7
767,76.7,6.701
768,76.8,6.702
769,76.9,6.702999999999999
770,77.0,6.704
771,77.1,6.7051
772,77.2,6.7062
773,77.3,6.7073
774,77.4,6.7084
775,77.5,6.709499999999999
776,77.6,6.7105999999999995
777,77.7,6.7116999999999996
778,77.8,6.7128
779,77.9,6.7139
780,78.0,6.715
781,78.1,6.7162
782,78.2,6.7174
783,78.3,6.7186
784,78.4,6.7198
785,78.5,6.721
786,78.6,6.7222
787,78.7,6.7234
788,78.8,6.724600000000001
789,78.9,6.7258000000000004
790,79.0,6.727
791,79.1,6.7282
792,79.2,6.7294
793,79.3,6.7306
794,79.4,6.7318
795,79.5,6.7330000000000005
796,79.6,6.7342
797,79.7,6.7354
798,79.8,6.7366
799,79.9,6.7378
800,80.0,6.739
801,80.1,6.7402999999999995
802,80.2,6.7416
803,80.3,6.7429
804,80.4,6.7442
805,80.5,6.7455
806,80.6,6.7468
807,80.7,6.7481
808,80.8,6.7494
809,80.9,6.7507
810,81.0,6.752
811,81.1,6.753299999999999
812,81.2,6.7546
813,81.3,6.7559
814,81.4,6.7572
815,81.5,6.7585
816,81.6,6.759799999999999
817,81.7,6.7611
818,81.8,6.7623999999999995
819,81.9,6.763699999999999
820,82.0,6.765
821,82.1,6.766299999999999
822,82.2,6.7676
823,82.3,6.7688999999999995
824,82.4,6.770199999999999
825,82.5,6.7715
826,82.6,6.772799999999999
827,82.7,6.7741
828,82.8,6.775399999999999
829,82.9,6.7767
830,83.0,6.778
831,83.1,6.7791999999999994
832,83.2,6.780399999999999
833,83.3,6.7816
834,83.4,6.7828
835,83.5,6.784
836,83.6,6.7852
837,83.7,6.7863999999999995
838,83.8,6.7876
839,83.9,6.7888
840,84.0,6.79
841,84.1,6.7912
842,84.2,6.7924
843,84.3,6.7936
844,84.4,6.7947999999999995
845,84.5,6.795999999999999
846,84.6,6.7972
847,84.7,6.7984
848,84.8,6.7996
849,84.9,6.8008
850,85.0,6.802
851,85.1,6.8031
852,85.2,6.8042
853,85.3,6.8053
854,85.4,6.8064
855,85.5,6.8075
856,85.6,6.808599999999999
857,85.7,6.809699999999999
858,85.8,6.8107999999999995
859,85.9,6.8119
860,86.0,6.813
861,86.1,6.814
862,86.2,6.815
863,86.3,6.816
864,86.4,6.817
865,86.5,6.8180000000000005
866,86.6,6.819
867,86.7,6.82
868,86.8,6.821
869,86.9,6.822
870,87.0,6.823
871,87.1,6.8239
872,87.2,6.824800000000001
873,87.3,6.8257
874,87.4,6.8266
875,87.5,6.8275
876,87.6,6.8284
877,87.7,6.8293
878,87.8,6.8302
879,87.9,6.8311
880,88.0,6.832
881,88.1,6.8327
882,88.2,6.8334
883,88.3,6.8341
884,88.4,6.8348
885,88.5,6.8355
886,88.6,6.8362
887,88.7,6.8369
888,88.8,6.8376
889,88.9,6.8383
890,89.0,6.839
891,89.1,6.8395
892,89.2,6.840000000000001
893,89.3,6.8405000000000005
894,89.4,6.841
895,89.5,6.841500000000001
896,89.6,6.8420000000000005
897,89.7,6.8425
898,89.8,6.843
899,89.9,6.843500000000001
900,90.0,6.844
901,90.1,6.8444
902,90.2,6.8448
903,90.3,6.8452
904,90.4,6.8456
905,90.5,6.846
906,90.6,6.8464
907,90.7,6.8468
908,90.8,6.8472
909,90.9,6.8476
910,91.0,6.848
911,91.1,6.8482
912,91.2,6.8484
913,91.3,6.8486
914,91.4,6.8488
915,91.5,6.849
916,91.6,6.8492
917,91.7,6.849399999999999
918,91.8,6.8496
919,91.9,6.849799999999999
920,92.0,6.85
921,92.1,6.8499
922,92.2,6.8498
923,92.3,6.8496999999999995
924,92.4,6.8496
925,92.5,6.8495
926,92.6,6.8494
927,92.7,6.8493
928,92.8,6.8492
929,92.9,6.8491
930,93.0,6.849
931,93.1,6.848800000000001
932,93.2,6.8486
933,93.3,6.848400000000001
934,93.4,6.8482
935,93.5,6.848000000000001
936,93.6,6.8478
937,93.7,6.8476
938,93.8,6.8474
939,93.9,6.847200000000001
940,94.0,6.847
941,94.1,6.8466000000000005
942,94.2,6.8462000000000005
943,94.3,6.8458000000000006
944,94.4,6.845400000000001
945,94.5,6.845
946,94.6,6.8446
947,94.7,6.8442
948,94.8,6.8438
949,94.9,6.8434
950,95.0,6.843
951,95.1,6.8423
952,95.2,6.8416
953,95.3,6.8409
954,95.4,6.8402
955,95.5,6.8395
956,95.6,6.8388
957,95.7,6.8381
958,95.8,6.837400000000001
959,95.9,6.8367
960,96.0,6.836
961,96.1,6.8352
962,96.2,6.8344000000000005
963,96.3,6.833600000000001
964,96.4,6.832800000000001
965,96.5,6.832000000000001
966,96.6,6.831200000000001
967,96.7,6.8304
968,96.8,6.8296
969,96.9,6.8288
970,97.0,6.828
971,97.1,6.827
972,97.2,6.8260000000000005
973,97.3,6.825
974,97.4,6.824
975,97.5,6.823
976,97.6,6.822
977,97.7,6.821
978,97.8,6.82
979,97.9,6.819
980,98.0,6.818
981,98.1,6.8168999999999995
982,98.2,6.815799999999999
983,98.3,6.8147
984,98.4,6.8136
985,98.5,6.8125
986,98.6,6.8114
987,98.7,6.8103
988,98.8,6.809200000000001
989,98.9,6.8081000000000005
990,99.0,6.807
991,99.1,6.805700000000001
992,99.2,6.8044
993,99.3,6.803100000000001
994,99.4,6.8018
995,99.5,6.8004999999999995
996,99.6,6.7992
997,99.7,6.797899999999999
998,99.8,6.7966
999,99.9,6.795299999999999
1000,100.0,6.794
1001,100.1,6.792599999999999
1002,100.2,6.7912
1003,100.3,6.7898
1004,100.4,6.7884
1005,100.5,6.787
1006,100.6,6.7856
1007,100.7,6.7842
1008,100.8,6.7828
1009,100.9,6.7814000000000005
1010,101.0,6.78
1011,101.1,6.778600000000001
1012,101.2,6.777200000000001
1013,101.3,6.7758
1014,101.4,6.7744
1015,101.5,6.773000000000001
1016,101.6,6.7716
1017,101.7,6.7702
1018,101.8,6.768800000000001
1019,101.9,6.7674
1020,102.0,6.766
1021,102.1,6.7646
1022,102.2,6.7632
1023,102.3,6.7618
1024,102.4,6.7604
1025,102.5,6.759
1026,102.6,6.7576
1027,102.7,6.7562
1028,102.8,6.7548
1029,102.9,6.7534
1030,103.0,6.752
1031,103.1,6.7505999999999995
1032,103.2,6.7492
1033,103.3,6.7478
1034,103.4,6.7464
1035,103.5,6.745
1036,103.6,6.743600000000001
1037,103.7,6.7422
1038,103.8,6.7408
1039,103.9,6.739400000000001
1040,104.0,6.738
1041,104.1,6.7366
1042,104.2,6.735200000000001
1043,104.3,6.7338000000000005
1044,104.4,6.7324
1045,104.5,6.731
1046,104.6,6.7296000000000005
1047,104.7,6.7282
1048,104.8,6.7268
1049,104.9,6.7254000000000005
1050,105.0,6.724
1051,105.1,6.722700000000001
1052,105.2,6.7214
1053,105.3,6.7201
1054,105.4,6.7188
1055,105.5,6.7175
1056,105.6,6.716200000000001
1057,105.7,6.7149
1058,105.8,6.7136000000000005
1059,105.9,6.712300000000001
1060,106.0,6.711
1061,106.1,6.7099
1062,106.2,6.7088
1063,106.3,6.7077
1064,106.4,6.7066
1065,106.5,6.705500000000001
1066,106.6,6.704400000000001
1067,106.7,6.7033000000000005
1068,106.8,6.7022
1069,106.9,6.7011
1070,107.0,6.7
1071,107.1,6.699
1072,107.2,6.698
1073,107.3,6.697
1074,107.4,6.696000000000001
1075,107.5,6.695
1076,107.6,6.694000000000001
1077,107.7,6.6930000000000005
1078,107.8,6.692
1079,107.9,6.691000000000001
1080,108.0,6.69
1081,108.1,6.689100000000001
1082,108.2,6.6882
1083,108.3,6.6873000000000005
1084,108.4,6.6864
1085,108.5,6.6855
1086,108.6,6.6846000000000005
1087,108.7,6.6837
1088,108.8,6.6828
1089,108.9,6.6819
1090,109.0,6.681
1091,109.1,6.6804
1092,109.2,6.6798
1093,109.3,6.6792
1094,109.4,6.6786
1095,109.5,6.678
1096,109.6,6.6774
1097,109.7,6.6768
1098,109.8,6.6762
1099,109.9,6.6756
1100,110.0,6.675
1101,110.1,6.6745
1102,110.2,6.6739999999999995
1103,110.3,6.6735
1104,110.4,6.673
1105,110.5,6.672499999999999
1106,110.6,6.672
1107,110.7,6.6715
1108,110.8,6.671
1109,110.9,6.6705
1110,111.0,6.67
1111,111.1,6.6698
1112,111.2,6.6696
1113,111.3,6.6694
1114,111.4,6.6692
1115,111.5,6.6690000000000005
1116,111.6,6.6688
1117,111.7,6.6686000000000005
1118,111.8,6.6684
1119,111.9,6.668200000000001
1120,112.0,6.668
1121,112.1,6.6681
1122,112.2,6.6682
1123,112.3,6.6683
1124,112.4,6.6684
1125,112.5,6.6685
1126,112.6,6.6686
1127,112.7,6.668699999999999
1128,112.8,6.6688
1129,112.9,6.6689
1130,113.0,6.669
1131,113.1,6.6692
1132,113.2,6.6693999999999996
1133,113.3,6.6696
1134,113.4,6.6697999999999995
1135,113.5,6.67
1136,113.6,6.6702
1137,113.7,6.6704
1138,113.8,6.6706
1139,113.9,6.6708
1140,114.0,6.671
1141,114.1,6.6715
1142,114.2,6.672000000000001
1143,114.3,6.6725
1144,114.4,6.673
1145,114.5,6.673500000000001
1146,114.6,6.674
1147,114.7,6.6745
1148,114.8,6.675
1149,114.9,6.6755
1150,115.0,6.676
1151,115.1,6.6768
1152,115.2,6.6776
1153,115.3,6.6784
1154,115.4,6.6792
1155,115.5,6.68
1156,115.6,6.6808000000000005
1157,115.7,6.6816
1158,115.8,6.6824
1159,115.9,6.6832
1160,116.0,6.684
1161,116.1,6.6849
1162,116.2,6.6858
1163,116.3,6.6867
1164,116.4,6.6876
1165,116.5,6.6884999999999994
1166,116.6,6.6894
1167,116.7,6.6903
1168,116.8,6.691199999999999
1169,116.9,6.6921
1170,117.0,6.693
1171,117.1,6.6941
1172,117.2,6.6952
1173,117.3,6.6963
1174,117.4,6.6974
1175,117.5,6.698499999999999
1176,117.6,6.699599999999999
1177,117.7,6.700699999999999
1178,117.8,6.7017999999999995
1179,117.9,6.7029
1180,118.0,6.704
1181,118.1,6.705299999999999
1182,118.2,6.7066
1183,118.3,6.7078999999999995
1184,118.4,6.709199999999999
1185,118.5,6.7105
1186,118.6,6.711799999999999
1187,118.7,6.7131
1188,118.8,6.7143999999999995
1189,118.9,6.7157
1190,119.0,6.717
1191,119.1,6.7184
1192,119.2,6.719799999999999
1193,119.3,6.7212
1194,119.4,6.7226
1195,119.5,6.724
1196,119.6,6.7254
1197,119.7,6.7268
1198,119.8,6.7282
1199,119.9,6.7296
1200,120.0,6.731
1201,120.1,6.7324
1202,120.2,6.7338
1203,120.3,6.7352
1204,120.4,6.7366
1205,120.5,6.7379999999999995
1206,120.6,6.7394
1207,120.7,6.7408
1208,120.8,6.7421999999999995
1209,120.9,6.7436
1210,121.0,6.745
1211,121.1,6.7466
1212,121.2,6.7482
1213,121.3,6.7498000000000005
1214,121.4,6.7514
1215,121.5,6.753
1216,121.6,6.7546
1217,121.7,6.7562
1218,121.8,6.7578
1219,121.9,6.7594
1220,122.0,6.761
1221,122.1,6.7625
1222,122.2,6.764
1223,122.3,6.7655
1224,122.4,6.7669999999999995
1225,122.5,6.7684999999999995
1226,122.6,6.77
1227,122.7,6.7715
1228,122.8,6.773
1229,122.9,6.7745
1230,123.0,6.776
1231,123.1,6.7774
1232,123.2,6.7787999999999995
1233,123.3,6.7802
1234,123.4,6.7816
1235,123.5,6.7829999999999995
1236,123.6,6.7844
1237,123.7,6.7858
1238,123.8,6.7872
1239,123.9,6.7886
1240,124.0,6.79
1241,124.1,6.7914
1242,124.2,6.7928
1243,124.3,6.7942
1244,124.4,6.7956
1245,124.5,6.797000000000001
1246,124.6,6.7984
1247,124.7,6.7998
1248,124.8,6.801200000000001
1249,124.9,6.8026
1250,125.0,6.804
1251,125.1,6.8053
1252,125.2,6.8066
1253,125.3,6.8079
1254,125.4,6.809200000000001
1255,125.5,6.8105
1256,125.6,6.8118
1257,125.7,6.8131
1258,125.8,6.8144
1259,125.9,6.8157
1260,126.0,6.817
1261,126.1,6.8181
1262,126.2,6.8192
1263,126.3,6.8203000000000005
1264,126.4,6.821400000000001
1265,126.5,6.8225
1266,126.6,6.8236
1267,126.7,6.8247
1268,126.8,6.8258
1269,126.9,6.8269
1270,127.0,6.828
1271,127.1,6.8288
1272,127.2,6.8296
1273,127.3,6.8304
1274,127.4,6.8312
1275,127.5,6.832
1276,127.6,6.832800000000001
1277,127.7,6.833600000000001
1278,127.8,6.8344000000000005
1279,127.9,6.8352
1280,128.0,6.836
1281,128.1,6.8367
1282,128.2,6.837400000000001
1283,128.3,6.8381
1284,128.4,6.8388
1285,128.5,6.8395
1286,128.6,6.8402
1287,128.7,6.8409
1288,128.8,6.8416
1289,128.9,6.8423
1290,129.0,6.843
1291,129.1,6.8434
1292,129.2,6.8438
1293,129.3,6.8442
1294,129.4,6.8446
1295,129.5,6.845000000000001
1296,129.6,6.845400000000001
1297,129.7,6.8458000000000006
1298,129.8,6.8462000000000005
1299,129.9,6.8466000000000005
1300,130.0,6.847
1301,130.1,6.8471
1302,130.2,6.8472
1303,130.3,6.847300000000001
1304,130.4,6.8474
1305,130.5,6.8475
1306,130.6,6.8476
1307,130.7,6.8477
1308,130.8,6.8478
1309,130.9,6.8479
1310,131.0,6.848
1311,131.1,6.8479
1312,131.2,6.8478
1313,131.3,6.8477
1314,131.4,6.8476
1315,131.5,6.8475
1316,131.6,6.8474
1317,131.7,6.847300000000001
1318,131.8,6.8472
1319,131.9,6.8471
1320,132.0,6.847
1321,132.1,6.8466000000000005
1322,132.2,6.8462000000000005
1323,132.3,6.8458000000000006
1324,132.4,6.845400000000001
1325,132.5,6.845000000000001
1326,132.6,6.8446
1327,132.7,6.8442
1328,132.8,6.8438
1329,132.9,6.8434
1330,133.0,6.843
1331,133.1,6.8424
1332,133.2,6.8418
1333,133.3,6.8412
1334,133.4,6.8406
1335,133.5,6.84
1336,133.6,6.8393999999999995
1337,133.7,6.8388
1338,133.8,6.8382
1339,133.9,6.8376
1340,134.0,6.837
1341,134.1,6.8361
1342,134.2,6.8351999999999995
1343,134.3,6.8343
1344,134.4,6.8334
1345,134.5,6.8325
1346,134.6,6.8316
1347,134.7,6.8307
1348,134.8,6.8298000000000005
1349,134.9,6.8289
1350,135.0,6.828
1351,135.1,6.827
1352,135.2,6.8260000000000005
1353,135.3,6.825
1354,135.4,6.824
1355,135.5,6.823
1356,135.6,6.822
1357,135.7,6.821
1358,135.8,6.82
1359,135.9,6.819
1360,136.0,6.818
1361,136.1,6.8168
1362,136.2,6.8156
1363,136.3,6.8144
1364,136.4,6.8132
1365,136.5,6.812
1366,136.6,6.8108
1367,136.7,6.8096
1368,136.8,6.8084
1369,136.9,6.8072
1370,137.0,6.806
1371,137.1,6.8046
1372,137.2,6.8032
1373,137.3,6.8018
1374,137.4,6.8004
1375,137.5,6.799
1376,137.6,6.7976
1377,137.7,6.7962
1378,137.8,6.7947999999999995
1379,137.9,6.7934
1380,138.0,6.792
1381,138.1,6.7905999999999995
1382,138.2,6.7892
1383,138.3,6.7878
1384,138.4,6.7863999999999995
1385,138.5,6.785
1386,138.6,6.7836
1387,138.7,6.7822
1388,138.8,6.780799999999999
1389,138.9,6.7794
1390,139.0,6.778
1391,139.1,6.7764999999999995
1392,139.2,6.7749999999999995
1393,139.3,6.773499999999999
1394,139.4,6.772
1395,139.5,6.770499999999999
1396,139.6,6.768999999999999
1397,139.7,6.7675
1398,139.8,6.766
1399,139.9,6.7645
1400,140.0,6.763
1401,140.1,6.7616
1402,140.2,6.7602
1403,140.3,6.7588
1404,140.4,6.7574
1405,140.5,6.756
1406,140.6,6.7546
1407,140.7,6.7532
1408,140.8,6.7518
1409,140.9,6.7504
1410,141.0,6.749
1411,141.1,6.7476
1412,141.2,6.7462
1413,141.3,6.7448
1414,141.4,6.7434
1415,141.5,6.742
1416,141.6,6.740600000000001
1417,141.7,6.7392
1418,141.8,6.7378
1419,141.9,6.736400000000001
1420,142.0,6.735
1421,142.1,6.733700000000001
1422,142.2,6.7324
1423,142.3,6.7311000000000005
1424,142.4,6.729800000000001
1425,142.5,6.7285
1426,142.6,6.727200000000001
1427,142.7,6.7259
1428,142.8,6.724600000000001
1429,142.9,6.7233
1430,143.0,6.722
1431,143.1,6.7208000000000006
1432,143.2,6.719600000000001
1433,143.3,6.7184
1434,143.4,6.7172
1435,143.5,6.716
1436,143.6,6.7148
1437,143.7,6.7136000000000005
1438,143.8,6.7124
1439,143.9,6.7112
1440,144.0,6.71
1441,144.1,6.7089
1442,144.2,6.7078
1443,144.3,6.7067
1444,144.4,6.7056
1445,144.5,6.7044999999999995
1446,144.6,6.7034
1447,144.7,6.7023
1448,144.8,6.7012
1449,144.9,6.7001
1450,145.0,6.699
1451,145.1,6.6981
1452,145.2,6.6972
1453,145.3,6.6963
1454,145.4,6.6954
1455,145.5,6.6945
1456,145.6,6.6936
1457,145.7,6.6927
1458,145.8,6.691800000000001
1459,145.9,6.6909
1460,146.0,6.69
1461,146.1,6.6893
1462,146.2,6.6886
1463,146.3,6.6879
1464,146.4,6.6872
1465,146.5,6.6865000000000006
1466,146.6,6.6858
1467,146.7,6.6851
1468,146.8,6.6844
1469,146.9,6.6837
1470,147.0,6.683
1471,147.1,6.6826
1472,147.2,6.6822
1473,147.3,6.6818
1474,147.4,6.6814
1475,147.5,6.681
1476,147.6,6.6806
1477,147.7,6.6802
1478,147.8,6.6798
1479,147.9,6.6794
1480,148.0,6.679
1481,148.1,6.6787
1482,148.2,6.6784
1483,148.3,6.678100000000001
1484,148.4,6.6778
1485,148.5,6.6775
1486,148.6,6.6772
1487,148.7,6.6769
1488,148.8,6.6766000000000005
1489,148.9,6.6763
1490,149.0,6.676
1491,149.1,6.676
1492,149.2,6.676
1493,149.3,6.676
1494,149.4,6.676
1495,149.5,6.676
1496,149.6,6.676
1497,149.7,6.676
1498,149.8,6.676
1499,149.9,6.676
1500,150.0,6.676
1501,150.1,6.6762
1502,150.2,6.6764
1503,150.3,6.6766000000000005
1504,150.4,6.6768
1505,150.5,6.677
1506,150.6,6.6772
1507,150.7,6.6774
1508,150.8,6.6776
1509,150.9,6.6777999999999995
1510,151.0,6.678
1511,151.1,6.6784
1512,151.2,6.6788
1513,151.3,6.6792
1514,151.4,6.6796
1515,151.5,6.68
1516,151.6,6.680400000000001
1517,151.7,6.6808000000000005
1518,151.8,6.6812000000000005
1519,151.9,6.6816
1520,152.0,6.682
1521,152.1,6.6826
1522,152.2,6.6832
1523,152.3,6.6838
1524,152.4,6.6844
1525,152.5,6.685
1526,152.6,6.6856
1527,152.7,6.6861999999999995
1528,152.8,6.6868
1529,152.9,6.6874
1530,153.0,6.688
1531,153.1,6.6888
1532,153.2,6.6895999999999995
1533,153.3,6.6903999999999995
1534,153.4,6.691199999999999
1535,153.5,6.691999999999999
1536,153.6,6.6928
1537,153.7,6.6936
1538,153.8,6.6944
1539,153.9,6.6952
1540,154.0,6.696
1541,154.1,6.696899999999999
1542,154.2,6.6978
1543,154.3,6.6987
1544,154.4,6.6996
1545,154.5,6.7005
1546,154.6,6.7014
1547,154.7,6.7023
1548,154.8,6.7032
1549,154.9,6.7041
1550,155.0,6.705
1551,155.1,6.706
1552,155.2,6.707
1553,155.3,6.708
1554,155.4,6.709
1555,155.5,6.71
1556,155.6,6.711
1557,155.7,6.712
1558,155.8,6.713
1559,155.9,6.7139999999999995
1560,156.0,6.715
1561,156.1,6.7162
1562,156.2,6.7174
1563,156.3,6.7186
1564,156.4,6.7198
1565,156.5,6.721
1566,156.6,6.7222
1567,156.7,6.7234
1568,156.8,6.7246
1569,156.9,6.7258000000000004
1570,157.0,6.727
1571,157.1,6.7282
1572,157.2,6.7294
1573,157.3,6.7306
1574,157.4,6.7318
1575,157.5,6.733
1576,157.6,6.7341999999999995
1577,157.7,6.7354
1578,157.8,6.7366
1579,157.9,6.7378
1580,158.0,6.739
1581,158.1,6.7402
1582,158.2,6.7414
1583,158.3,6.7426
1584,158.4,6.7438
1585,158.5,6.745
1586,158.6,6.7462
1587,158.7,6.7474
1588,158.8,6.748600000000001
1589,158.9,6.7498000000000005
1590,159.0,6.751
1591,159.1,6.7523
1592,159.2,6.7536000000000005
1593,159.3,6.7549
1594,159.4,6.7562
1595,159.5,6.7575
1596,159.6,6.758800000000001
1597,159.7,6.7601
1598,159.8,6.7614
1599,159.9,6.762700000000001
1600,160.0,6.764
1601,160.1,6.7652
1602,160.2,6.7664
1603,160.3,6.7676
1604,160.4,6.7688
1605,160.5,6.7700000000000005
1606,160.6,6.771199999999999
1607,160.7,6.7724
1608,160.8,6.7736
1609,160.9,6.7748
1610,161.0,6.776
1611,161.1,6.7771
1612,161.2,6.7782
1613,161.3,6.779299999999999
1614,161.4,6.7804
1615,161.5,6.781499999999999
1616,161.6,6.7825999999999995
1617,161.7,6.7837000000000005
1618,161.8,6.7848
1619,161.9,6.7859
1620,162.0,6.787
1621,162.1,6.7881
1622,162.2,6.7892
1623,162.3,6.7903
1624,162.4,6.7914
1625,162.5,6.7925
1626,162.6,6.7936000000000005
1627,162.7,6.7947
1628,162.8,6.7958
1629,162.9,6.7969
1630,163.0,6.798
1631,163.1,6.7989
1632,163.2,6.7998
1633,163.3,6.8007
1634,163.4,6.8016
1635,163.5,6.8025
1636,163.6,6.8034
1637,163.7,6.8043000000000005
1638,163.8,6.8052
1639,163.9,6.8061
1640,164.0,6.807
1641,164.1,6.8079
1642,164.2,6.808800000000001
1643,164.3,6.8097
1644,164.4,6.8106
1645,164.5,6.8115
1646,164.6,6.8124
1647,164.7,6.8133
1648,164.8,6.8142
1649,164.9,6.8151
1650,165.0,6.816
1651,165.1,6.8166
1652,165.2,6.8172
1653,165.3,6.8178
1654,165.4,6.8184
1655,165.5,6.819
1656,165.6,6.819599999999999
1657,165.7,6.8202
1658,165.8,6.8208
1659,165.9,6.8214
1660,166.0,6.822
1661,166.1,6.8225
1662,166.2,6.823
1663,166.3,6.8235
1664,166.4,6.824
1665,166.5,6.8245
1666,166.6,6.825
1667,166.7,6.8255
1668,166.8,6.826
1669,166.9,6.8265
1670,167.0,6.827
1671,167.1,6.8274
1672,167.2,6.8278
1673,167.3,6.8282
1674,167.4,6.8286
1675,167.5,6.829000000000001
1676,167.6,6.829400000000001
1677,167.7,6.8298000000000005
1678,167.8,6.8302000000000005
1679,167.9,6.8306000000000004
1680,168.0,6.831
1681,168.1,6.8311
1682,168.2,6.8312
1683,168.3,6.831300000000001
1684,168.4,6.8314
1685,168.5,6.8315
1686,168.6,6.8316
1687,168.7,6.8317
1688,168.8,6.8318
1689,168.9,6.8319
1690,169.0,6.832
1691,169.1,6.832
1692,169.2,6.832
1693,169.3,6.832
1694,169.4,6.832
1695,169.5,6.832
1696,169.6,6.832
1697,169.7,6.832
1698,169.8,6.832
1699,169.9,6.832
1700,170.0,6.832
1701,170.1,6.831799999999999
1702,170.2,6.8316
1703,170.3,6.8313999999999995
1704,170.4,6.8312
1705,170.5,6.8309999999999995
1706,170.6,6.8308
1707,170.7,6.8306000000000004
1708,170.8,6.8304
1709,170.9,6.8302000000000005
1710,171.0,6.83
1711,171.1,6.8297
1712,171.2,6.8294
1713,171.3,6.8291
1714,171.4,6.8288
1715,171.5,6.8285
1716,171.6,6.8282
1717,171.7,6.8279
1718,171.8,6.8276
1719,171.9,6.8273
1720,172.0,6.827
1721,172.1,6.8265
1722,172.2,6.826
1723,172.3,6.8255
1724,172.4,6.825
1725,172.5,6.8245000000000005
1726,172.6,6.824
1727,172.7,6.8235
1728,172.8,6.823
1729,172.9,6.8225
1730,173.0,6.822
1731,173.1,6.821400000000001
1732,173.2,6.8208
1733,173.3,6.8202
1734,173.4,6.8196
1735,173.5,6.819
1736,173.6,6.8184000000000005
1737,173.7,6.8178
1738,173.8,6.8172
1739,173.9,6.8166
1740,174.0,6.816
1741,174.1,6.8152
1742,174.2,6.8144
1743,174.3,6.8136
1744,174.4,6.8128
1745,174.5,6.812
1746,174.6,6.8111999999999995
1747,174.7,6.8104
1748,174.8,6.8096
1749,174.9,6.8088
1750,175.0,6.808
1751,175.1,6.8071
1752,175.2,6.8062
1753,175.3,6.8053
1754,175.4,6.8044
1755,175.5,6.8035
1756,175.6,6.8026
1757,175.7,6.8017
1758,175.8,6.800800000000001
1759,175.9,6.7999
1760,176.0,6.799
1761,176.1,6.798100000000001
1762,176.2,6.7972
1763,176.3,6.7963000000000005
1764,176.4,6.7954
1765,176.5,6.7945
1766,176.6,6.7936000000000005
1767,176.7,6.7927
1768,176.8,6.7918
1769,176.9,6.7909
1770,177.0,6.79
1771,177.1,6.789
1772,177.2,6.788
1773,177.3,6.787
1774,177.4,6.786
1775,177.5,6.785
1776,177.6,6.784
1777,177.7,6.783
1778,177.8,6.782
1779,177.9,6.781000000000001
1780,178.0,6.78
1781,178.1,6.779000000000001
1782,178.2,6.7780000000000005
1783,178.3,6.777
1784,178.4,6.776
1785,178.5,6.775
1786,178.6,6.774
1787,178.7,6.773
1788,178.8,6.772
1789,178.9,6.771
1790,179.0,6.77
1791,179.1,6.7688999999999995
1792,179.2,6.767799999999999
1793,179.3,6.7667
1794,179.4,6.7656
1795,179.5,6.7645
1796,179.6,6.7634
1797,179.7,6.762300000000001
1798,179.8,6.7612000000000005
1799,179.9,6.7601
1800,180.0,6.759
1801,180.1,6.7579
1802,180.2,6.7568
1803,180.3,6.7557
1804,180.4,6.754600000000001
1805,180.5,6.753500000000001
1806,180.6,6.752400000000001
1807,180.7,6.7513000000000005
1808,180.8,6.7502
1809,180.9,6.7491
1810,181.0,6.748
1811,181.1,6.7469
1812,181.2,6.7458
1813,181.3,6.744700000000001
1814,181.4,6.7436
1815,181.5,6.7425
1816,181.6,6.7414000000000005
1817,181.7,6.7402999999999995
1818,181.8,6.7392
1819,181.9,6.7381
1820,182.0,6.737
1821,182.1,6.736
1822,182.2,6.735
1823,182.3,6.734
1824,182.4,6.733
1825,182.5,6.732
1826,182.6,6.731
1827,182.7,6.73
1828,182.8,6.729
1829,182.9,6.728000000000001
1830,183.0,6.727
1831,183.1,6.726000000000001
1832,183.2,6.7250000000000005
1833,183.3,6.724
1834,183.4,6.723
1835,183.5,6.7219999999999995
1836,183.6,6.721
1837,183.7,6.72
1838,183.8,6.719
1839,183.9,6.718
1840,184.0,6.717
1841,184.1,6.7161
1842,184.2,6.715199999999999
1843,184.3,6.7143
1844,184.4,6.7134
1845,184.5,6.7125
1846,184.6,6.7116
1847,184.7,6.7107
1848,184.8,6.7098
1849,184.9,6.7089
1850,185.0,6.708
1851,185.1,6.7072
1852,185.2,6.7064
1853,185.3,6.7056000000000004
1854,185.4,6.7048000000000005
1855,185.5,6.704
1856,185.6,6.703200000000001
1857,185.7,6.7024
1858,185.8,6.7016
1859,185.9,6.7008
1860,186.0,6.7
1861,186.1,6.6993
1862,186.2,6.6986
1863,186.3,6.6979
1864,186.4,6.6972
1865,186.5,6.6964999999999995
1866,186.6,6.6958
1867,186.7,6.6951
1868,186.8,6.6944
1869,186.9,6.6937
1870,187.0,6.693
1871,187.1,6.692399999999999
1872,187.2,6.6918
1873,187.3,6.691199999999999
1874,187.4,6.6906
1875,187.5,6.6899999999999995
1876,187.6,6.6894
1877,187.7,6.6888000000000005
1878,187.8,6.6882
1879,187.9,6.687600000000001
1880,188.0,6.687
1881,188.1,6.6865000000000006
1882,188.2,6.686
1883,188.3,6.6855
1884,188.4,6.6850000000000005
1885,188.5,6.6845
1886,188.6,6.684
1887,188.7,6.6835
1888,188.8,6.683000000000001
1889,188.9,6.6825
1890,189.0,6.682
1891,189.1,6.6816
1892,189.2,6.6812000000000005
1893,189.3,6.6808000000000005
1894,189.4,6.680400000000001
1895,189.5,6.680000000000001
1896,189.6,6.6796
1897,189.7,6.6792
1898,189.8,6.6788
1899,189.9,6.6784
1900,190.0,6.678
1901,190.1,6.6779
1902,190.2,6.6777999999999995
1903,190.3,6.6777
1904,190.4,6.6776
1905,190.5,6.6775
1906,190.6,6.6774
1907,190.7,6.6773
1908,190.8,6.6772
1909,190.9,6.677099999999999
1910,191.0,6.677
1911,191.1,6.677
1912,191.2,6.677
1913,191.3,6.677
1914,191.4,6.677
1915,191.5,6.677
1916,191.6,6.677
1917,191.7,6.677
1918,191.8,6.677
1919,191.9,6.677
1920,192.0,6.677
1921,192.1,6.677099999999999
1922,192.2,6.6772
1923,192.3,6.6773
1924,192.4,6.6774
1925,192.5,6.677499999999999
1926,192.6,6.6776
1927,192.7,6.6777
1928,192.8,6.6777999999999995
1929,192.9,6.6779
1930,193.0,6.678
1931,193.1,6.6784
1932,193.2,6.6788
1933,193.3,6.6792
1934,193.4,6.6796
1935,193.5,6.68
1936,193.6,6.680400000000001
1937,193.7,6.6808000000000005
1938,193.8,6.6812000000000005
1939,193.9,6.6816
1940,194.0,6.682
1941,194.1,6.6825
1942,194.2,6.683000000000001
1943,194.3,6.6835
1944,194.4,6.684
1945,194.5,6.6845
1946,194.6,6.6850000000000005
1947,194.7,6.6855
1948,194.8,6.686
1949,194.9,6.6865000000000006
1950,195.0,6.687
1951,195.1,6.6877
1952,195.2,6.688400000000001
1953,195.3,6.6891
1954,195.4,6.6898
1955,195.5,6.6905
1956,195.6,6.6912
1957,195.7,6.6919
1958,195.8,6.6926
1959,195.9,6.6933
1960,196.0,6.694
1961,196.1,6.6948
1962,196.2,6.6956
1963,196.3,6.6964
1964,196.4,6.6972
1965,196.5,6.698
1966,196.6,6.698799999999999
1967,196.7,6.6996
1968,196.8,6.7004
1969,196.9,6.7012
1970,197.0,6.702
1971,197.1,6.702999999999999
1972,197.2,6.704
1973,197.3,6.705
1974,197.4,6.7059999999999995
1975,197.5,6.707
1976,197.6,6.708
1977,197.7,6.709
1978,197.8,6.71
1979,197.9,6.710999999999999
1980,198.0,6.712
1981,198.1,6.7131
1982,198.2,6.7142
1983,198.3,6.7153
1984,198.4,6.716399999999999
1985,198.5,6.7175
1986,198.6,6.7185999999999995
1987,198.7,6.7197
1988,198.8,6.7208
1989,198.9,6.7219
1990,199.0,6.723
1991,199.1,6.7242999999999995
1992,199.2,6.7256
1993,199.3,6.7269
1994,199.4,6.7282
1995,199.5,6.7295
1996,199.6,6.7307999999999995
1997,199.7,6.7321
1998,199.8,6.7334
1999,199.9,6.7347
2000,200.0,6.736
2001,200.1,6.7373
2002,200.2,6.7386
2003,200.3,6.7399
2004,200.4,6.741199999999999
2005,200.5,6.7425
2006,200.6,6.743799999999999
2007,200.7,6.7451
2008,200.8,6.7463999999999995
2009,200.9,6.747699999999999
2010,201.0,6.749
2011,201.1,6.7505
2012,201.2,6.752
2013,201.3,6.7535
2014,201.4,6.755
2015,201.5,6.7565
2016,201.6,6.758
2017,201.7,6.7595
2018,201.8,6.761
2019,201.9,6.7625
2020,202.0,6.763999999999999
2021,202.1,6.7654
2022,202.2,6.7668
2023,202.3,6.7682
2024,202.4,6.7696
2025,202.5,6.771
2026,202.6,6.7724
2027,202.7,6.7738
2028,202.8,6.7752
2029,202.9,6.776599999999999
2030,203.0,6.778
2031,203.1,6.7795
2032,203.2,6.781
2033,203.3,6.7825
2034,203.4,6.784
2035,203.5,6.7855
2036,203.6,6.787
2037,203.7,6.7885
2038,203.8,6.79
2039,203.9,6.7915
2040,204.0,6.793
2041,204.1,6.7945
2042,204.2,6.796
2043,204.3,6.797499999999999
2044,204.4,6.799
2045,204.5,6.8004999999999995
2046,204.6,6.802
2047,204.7,6.8035
2048,204.8,6.805
2049,204.9,6.8065
2050,205.0,6.808
2051,205.1,6.8094
2052,205.2,6.8107999999999995
2053,205.3,6.8122
2054,205.4,6.8136
2055,205.5,6.815
2056,205.6,6.8164
2057,205.7,6.8178
2058,205.8,6.8192
2059,205.9,6.8206
2060,206.0,6.822
2061,206.1,6.8233
2062,206.2,6.8246
2063,206.3,6.8259
2064,206.4,6.8271999999999995
2065,206.5,6.8285
2066,206.6,6.8298
2067,206.7,6.8311
2068,206.8,6.8324
2069,206.9,6.833699999999999
2070,207.0,6.834999999999999
2071,207.1,6.8361
2072,207.2,6.837199999999999
2073,207.3,6.838299999999999
2074,207.4,6.8394
2075,207.5,6.8405
2076,207.6,6.8416
2077,207.7,6.8427
2078,207.8,6.8438
2079,207.9,6.8449
2080,208.0,6.846
2081,208.1,6.8469999999999995
2082,208.2,6.848
2083,208.3,6.849
2084,208.4,6.85
2085,208.5,6.851
2086,208.6,6.851999999999999
2087,208.7,6.853
2088,208.8,6.853999999999999
2089,208.9,6.8549999999999995
2090,209.0,6.856
2091,209.1,6.8568
2092,209.2,6.8576
2093,209.3,6.8584
2094,209.4,6.8591999999999995
2095,209.5,6.859999999999999
2096,209.6,6.8608
2097,209.7,6.8616
2098,209.8,6.8624
2099,209.9,6.8632
2100,210.0,6.864
2101,210.1,6.8646
2102,210.2,6.8652
2103,210.3,6.8658
2104,210.4,6.8664
2105,210.5,6.867
2106,210.6,6.8675999999999995
2107,210.7,6.8682
2108,210.8,6.8688
2109,210.9,6.8694
2110,211.0,6.87
2111,211.1,6.8703
2112,211.2,6.8706000000000005
2113,211.3,6.8709
2114,211.4,6.8712
2115,211.5,6.8715
2116,211.6,6.8718
2117,211.7,6.8721000000000005
2118,211.8,6.8724
2119,211.9,6.8727
2120,212.0,6.873
2121,212.1,6.8731
2122,212.2,6.8732
2123,212.3,6.8733
2124,212.4,6.8734
2125,212.5,6.8735
2126,212.6,6.8736
2127,212.7,6.8736999999999995
2128,212.8,6.8738
2129,212.9,6.8739
2130,213.0,6.874
2131,213.1,6.8738
2132,213.2,6.8736
2133,213.3,6.873399999999999
2134,213.4,6.8732
2135,213.5,6.872999999999999
2136,213.6,6.8728
2137,213.7,6.8726
2138,213.8,6.8724
2139,213.9,6.8722
2140,214.0,6.872
2141,214.1,6.8715
2142,214.2,6.8709999999999996
2143,214.3,6.8705
2144,214.4,6.87
2145,214.5,6.8695
2146,214.6,6.869
2147,214.7,6.8685
2148,214.8,6.868
2149,214.9,6.8675
2150,215.0,6.867
2151,215.1,6.8662
2152,215.2,6.8654
2153,215.3,6.8646
2154,215.4,6.8638
2155,215.5,6.8629999999999995
2156,215.6,6.8622000000000005
2157,215.7,6.8614
2158,215.8,6.8606
2159,215.9,6.8598
2160,216.0,6.859
2161,216.1,6.8580000000000005
2162,216.2,6.857
2163,216.3,6.856000000000001
2164,216.4,6.855
2165,216.5,6.854
2166,216.6,6.853000000000001
2167,216.7,6.852
2168,216.8,6.851000000000001
2169,216.9,6.8500000000000005
2170,217.0,6.849
2171,217.1,6.847700000000001
2172,217.2,6.846400000000001
2173,217.3,6.8451
2174,217.4,6.8438
2175,217.5,6.8425
2176,217.6,6.841200000000001
2177,217.7,6.8399
2178,217.8,6.8386000000000005
2179,217.9,6.837300000000001
2180,218.0,6.836
2181,218.1,6.834600000000001
2182,218.2,6.833200000000001
2183,218.3,6.8318
2184,218.4,6.8304
2185,218.5,6.829000000000001
2186,218.6,6.8276
2187,218.7,6.8262
2188,218.8,6.824800000000001
2189,218.9,6.8234
2190,219.0,6.822
2191,219.1,6.8204
2192,219.2,6.8188
2193,219.3,6.817200000000001
2194,219.4,6.8156
2195,219.5,6.814
2196,219.6,6.8124
2197,219.7,6.8108
2198,219.8,6.8092
2199,219.9,6.8076
2200,220.0,6.806
2201,220.1,6.8043
2202,220.2,6.8026
2203,220.3,6.8008999999999995
2204,220.4,6.7992
2205,220.5,6.797499999999999
2206,220.6,6.7958
2207,220.7,6.7941
2208,220.8,6.7924
2209,220.9,6.7907
2210,221.0,6.789
2211,221.1,6.7872
2212,221.2,6.7854
2213,221.3,6.7836
2214,221.4,6.7818
2215,221.5,6.779999999999999
2216,221.6,6.7782
2217,221.7,6.7764
2218,221.8,6.7746
2219,221.9,6.7728
2220,222.0,6.771000000000001
2221,222.1,6.7692000000000005
2222,222.2,6.7674
2223,222.3,6.7656
2224,222.4,6.7638
2225,222.5,6.7620000000000005
2226,222.6,6.7602
2227,222.7,6.7584
2228,222.8,6.7566
2229,222.9,6.7548
2230,223.0,6.753
2231,223.1,6.7511
2232,223.2,6.7492
2233,223.3,6.7473
2234,223.4,6.7454
2235,223.5,6.7435
2236,223.6,6.7416
2237,223.7,6.7397
2238,223.8,6.737800000000001
2239,223.9,6.7359
2240,224.0,6.734
2241,224.1,6.7323
2242,224.2,6.7306
2243,224.3,6.7289
2244,224.4,6.7272
2245,224.5,6.7255
2246,224.6,6.7238
2247,224.7,6.7221
2248,224.8,6.7204
2249,224.9,6.718699999999999
2250,225.0,6.717
2251,225.1,6.7154
2252,225.2,6.7138
2253,225.3,6.712199999999999
2254,225.4,6.7105999999999995
2255,225.5,6.709
2256,225.6,6.7074
2257,225.7,6.7058
2258,225.8,6.704199999999999
2259,225.9,6.7025999999999994
2260,226.0,6.701
2261,226.1,6.6995
2262,226.2,6.6979999999999995
2263,226.3,6.6965
2264,226.4,6.695
2265,226.5,6.6935
2266,226.6,6.692
2267,226.7,6.6905
2268,226.8,6.689
2269,226.9,6.6875
2270,227.0,6.686000000000001
2271,227.1,6.6847
2272,227.2,6.683400000000001
2273,227.3,6.6821
2274,227.4,6.6808
2275,227.5,6.6795
2276,227.6,6.6782
2277,227.7,6.6769
2278,227.8,6.6756
2279,227.9,6.674300000000001
2280,228.0,6.673
2281,228.1,6.6719
2282,228.2,6.6708
2283,228.3,6.6697
2284,228.4,6.6686000000000005
2285,228.5,6.6675
2286,228.6,6.6664
2287,228.7,6.6653
2288,228.8,6.6642
2289,228.9,6.6631
2290,229.0,6.662
2291,229.1,6.6612
2292,229.2,6.6604
2293,229.3,6.6596
2294,229.4,6.6588
2295,229.5,6.658
2296,229.6,6.6572
2297,229.7,6.6564
2298,229.8,6.6556
2299,229.9,6.6548
2300,230.0,6.654
2301,230.1,6.6533999999999995
2302,230.2,6.6528
2303,230.3,6.6522
2304,230.4,6.6516
2305,230.5,6.651
2306,230.6,6.6504
2307,230.7,6.6498
2308,230.8,6.6491999999999996
2309,230.9,6.6486
2310,231.0,6.648
2311,231.1,6.6478
2312,231.2,6.6476
2313,231.3,6.6474
2314,231.4,6.6472
2315,231.5,6.647
2316,231.6,6.6468
2317,231.7,6.6466
2318,231.8,6.6464
2319,231.9,6.6462
2320,232.0,6.646
2321,232.1,6.646
2322,232.2,6.646
2323,232.3,6.646
2324,232.4,6.646
2325,232.5,6.646
2326,232.6,6.646
2327,232.7,6.646
2328,232.8,6.646
2329,232.9,6.646
2330,233.0,6.646
2331,233.1,6.6463
2332,233.2,6.6466
2333,233.3,6.6469
2334,233.4,6.6472
2335,233.5,6.6475
2336,233.6,6.6478
2337,233.7,6.6481
2338,233.8,6.6484
2339,233.9,6.6487
2340,234.0,6.649
2341,234.1,6.6495999999999995
2342,234.2,6.6502
2343,234.3,6.6508
2344,234.4,6.6514
2345,234.5,6.652
2346,234.6,6.6526000000000005
2347,234.7,6.6532
2348,234.8,6.6538
2349,234.9,6.654400000000001
2350,235.0,6.655
2351,235.1,6.6558
2352,235.2,6.6566
2353,235.3,6.6574
2354,235.4,6.6582
2355,235.5,6.659000000000001
2356,235.6,6.6598
2357,235.7,6.6606000000000005
2358,235.8,6.6614
2359,235.9,6.6622
2360,236.0,6.663
2361,236.1,6.6641
2362,236.2,6.6652000000000005
2363,236.3,6.6663
2364,236.4,6.6674
2365,236.5,6.6685
2366,236.6,6.6696
2367,236.7,6.6707
2368,236.8,6.6718
2369,236.9,6.6729
2370,237.0,6.674
2371,237.1,6.6753
2372,237.2,6.6766
2373,237.3,6.6779
2374,237.4,6.679200000000001
2375,237.5,6.6805
2376,237.6,6.6818
2377,237.7,6.6831000000000005
2378,237.8,6.6844
2379,237.9,6.6857
2380,238.0,6.687
2381,238.1,6.6885
2382,238.2,6.69
2383,238.3,6.6915000000000004
2384,238.4,6.693
2385,238.5,6.6945
2386,238.6,6.696
2387,238.7,6.6975
2388,238.8,6.699
2389,238.9,6.7005
2390,239.0,6.702
2391,239.1,6.7036
2392,239.2,6.7052
2393,239.3,6.706799999999999
2394,239.4,6.7084
2395,239.5,6.71
2396,239.6,6.7116
2397,239.7,6.7132
2398,239.8,6.7148
2399,239.9,6.7164
2400,240.0,6.718
2401,240.1,6.7197000000000005
2402,240.2,6.7214
2403,240.3,6.7231000000000005
2404,240.4,6.7248
2405,240.5,6.726500000000001
2406,240.6,6.7282
2407,240.7,6.7299
2408,240.8,6.7316
2409,240.9,6.7333
2410,241.0,6.735
2411,241.1,6.7367
2412,241.2,6.7384
2413,241.3,6.7401
2414,241.4,6.7418
2415,241.5,6.7435
2416,241.6,6.7452
2417,241.7,6.7469
2418,241.8,6.7486
2419,241.9,6.750299999999999
2420,242.0,6.751999999999999
2421,242.1,6.753799999999999
2422,242.2,6.755599999999999
2423,242.3,6.7574
2424,242.4,6.7592
2425,242.5,6.760999999999999
2426,242.6,6.7627999999999995
2427,242.7,6.7646
2428,242.8,6.7664
2429,242.9,6.768199999999999
2430,243.0,6.77
2431,243.1,6.7717
2432,243.2,6.7734
2433,243.3,6.7751
2434,243.4,6.7768
2435,243.5,6.778499999999999
2436,243.6,6.7802
2437,243.7,6.781899999999999
2438,243.8,6.783599999999999
2439,243.9,6.785299999999999
2440,244.0,6.787
2441,244.1,6.7886
2442,244.2,6.7902
2443,244.3,6.791799999999999
2444,244.4,6.7934
2445,244.5,6.795
2446,244.6,6.7966
2447,244.7,6.7982
2448,244.8,6.7998
2449,244.9,6.8014
2450,245.0,6.803
2451,245.1,6.8045
2452,245.2,6.806
2453,245.3,6.8075
2454,245.4,6.808999999999999
2455,245.5,6.810499999999999
2456,245.6,6.812
2457,245.7,6.8134999999999994
2458,245.8,6.8149999999999995
2459,245.9,6.8165
2460,246.0,6.818
2461,246.1,6.819299999999999
2462,246.2,6.8206
2463,246.3,6.821899999999999
2464,246.4,6.8232
2465,246.5,6.8245
2466,246.6,6.8258
2467,246.7,6.8271
2468,246.8,6.8284
2469,246.9,6.8297
2470,247.0,6.8309999999999995
2471,247.1,6.8321000000000005
2472,247.2,6.8332
2473,247.3,6.8343
2474,247.4,6.8354
2475,247.5,6.8365
2476,247.6,6.8376
2477,247.7,6.838699999999999
2478,247.8,6.839799999999999
2479,247.9,6.8408999999999995
2480,248.0,6.842
2481,248.1,6.8429
2482,248.2,6.8438
2483,248.3,6.8447
2484,248.4,6.845599999999999
2485,248.5,6.8465
2486,248.6,6.8473999999999995
2487,248.7,6.8483
2488,248.8,6.8492
2489,248.9,6.850099999999999
2490,249.0,6.851
2491,249.1,6.8515999999999995
2492,249.2,6.8522
2493,249.3,6.8528
2494,249.4,6.8534
2495,249.5,6.854
2496,249.6,6.8546000000000005
2497,249.7,6.8552
2498,249.8,6.8558
2499,249.9,6.856400000000001
2500,250.0,6.857
2501,250.1,6.8573
2502,250.2,6.857600000000001
2503,250.3,6.8579
2504,250.4,6.8582
2505,250.5,6.8585
2506,250.6,6.8588000000000005
2507,250.7,6.859100000000001
2508,250.8,6.8594
2509,250.9,6.8597
2510,251.0,6.86
2511,251.1,6.8601
2512,251.2,6.8602
2513,251.3,6.8603000000000005
2514,251.4,6.8604
2515,251.5,6.8605
2516,251.6,6.8606
2517,251.7,6.8607
2518,251.8,6.8608
2519,251.9,6.8609
2520,252.0,6.861
2521,252.1,6.8608
2522,252.2,6.8606
2523,252.3,6.8604
2524,252.4,6.8602
2525,252.5,6.86
2526,252.6,6.8598
2527,252.7,6.8596
2528,252.8,6.8594
2529,252.9,6.8592
2530,253.0,6.859
2531,253.1,6.8586
2532,253.2,6.8582
2533,253.3,6.8578
2534,253.4,6.8574
2535,253.5,6.857
2536,253.6,6.8566
2537,253.7,6.8562
2538,253.8,6.8558
2539,253.9,6.8554
2540,254.0,6.855
2541,254.1,6.8543
2542,254.2,6.8536
2543,254.3,6.8529
2544,254.4,6.8522
2545,254.5,6.851500000000001
2546,254.6,6.8508000000000004
2547,254.7,6.8501
2548,254.8,6.8494
2549,254.9,6.8487
2550,255.0,6.848
2551,255.1,6.8472
2552,255.2,6.8464
2553,255.3,6.8456
2554,255.4,6.8448
2555,255.5,6.843999999999999
2556,255.6,6.8431999999999995
2557,255.7,6.8424
2558,255.8,6.8416
2559,255.9,6.8408
2560,256.0,6.84
2561,256.1,6.8389
2562,256.2,6.8378
2563,256.3,6.8367
2564,256.4,6.8356
2565,256.5,6.8345
2566,256.6,6.8334
2567,256.7,6.8323
2568,256.8,6.8312
2569,256.9,6.8301
2570,257.0,6.829
2571,257.1,6.8279
2572,257.2,6.8268
2573,257.3,6.8257
2574,257.4,6.824599999999999
2575,257.5,6.8235
2576,257.6,6.8224
2577,257.7,6.8213
2578,257.8,6.8202
2579,257.9,6.8191
2580,258.0,6.818
2581,258.1,6.816699999999999
2582,258.2,6.8153999999999995
2583,258.3,6.8141
2584,258.4,6.8128
2585,258.5,6.8115
2586,258.6,6.8102
2587,258.7,6.8088999999999995
2588,258.8,6.8076
2589,258.9,6.8063
2590,259.0,6.805
2591,259.1,6.8037
2592,259.2,6.8024
2593,259.3,6.8011
2594,259.4,6.799799999999999
2595,259.5,6.7985
2596,259.6,6.7972
2597,259.7,6.7959
2598,259.8,6.7946
2599,259.9,6.7932999999999995
2600,260.0,6.792
2601,260.1,6.7905999999999995
2602,260.2,6.7892
2603,260.3,6.7878
2604,260.4,6.7863999999999995
2605,260.5,6.785
2606,260.6,6.7836
2607,260.7,6.7822
2608,260.8,6.780799999999999
2609,260.9,6.7794
2610,261.0,6.778
2611,261.1,6.7766
2612,261.2,6.7752
2613,261.3,6.7738000000000005
2614,261.4,6.7724
2615,261.5,6.771
2616,261.6,6.7696000000000005
2617,261.7,6.7682
2618,261.8,6.766800000000001
2619,261.9,6.7654000000000005
2620,262.0,6.764000000000001
2621,262.1,6.762700000000001
2622,262.2,6.761400000000001
2623,262.3,6.7601
2624,262.4,6.7588
2625,262.5,6.7575
2626,262.6,6.756200000000001
2627,262.7,6.7549
2628,262.8,6.7536000000000005
2629,262.9,6.752300000000001
2630,263.0,6.751
2631,263.1,6.7497
2632,263.2,6.7484
2633,263.3,6.7471000000000005
2634,263.4,6.745800000000001
2635,263.5,6.7445
2636,263.6,6.743200000000001
2637,263.7,6.7419
2638,263.8,6.740600000000001
2639,263.9,6.739300000000001
2640,264.0,6.738
2641,264.1,6.736800000000001
2642,264.2,6.735600000000001
2643,264.3,6.734400000000001
2644,264.4,6.7332
2645,264.5,6.732
2646,264.6,6.7308
2647,264.7,6.7296000000000005
2648,264.8,6.7284
2649,264.9,6.7272
2650,265.0,6.726
2651,265.1,6.7249
2652,265.2,6.7238
2653,265.3,6.7227
2654,265.4,6.7216000000000005
2655,265.5,6.7204999999999995
2656,265.6,6.719399999999999
2657,265.7,6.7183
2658,265.8,6.7172
2659,265.9,6.7161
2660,266.0,6.715
2661,266.1,6.7141
2662,266.2,6.7132
2663,266.3,6.7123
2664,266.4,6.7114
2665,266.5,6.7105
2666,266.6,6.7096
2667,266.7,6.7087
2668,266.8,6.707800000000001
2669,266.9,6.7069
2670,267.0,6.706
2671,267.1,6.7052000000000005
2672,267.2,6.704400000000001
2673,267.3,6.703600000000001
2674,267.4,6.702800000000001
2675,267.5,6.702000000000001
2676,267.6,6.7012
2677,267.7,6.7004
2678,267.8,6.6996
2679,267.9,6.6988
2680,268.0,6.698
2681,268.1,6.6973
2682,268.2,6.6966
2683,268.3,6.6959
2684,268.4,6.695200000000001
2685,268.5,6.6945
2686,268.6,6.6938
2687,268.7,6.6931
2688,268.8,6.6924
2689,268.9,6.6917
2690,269.0,6.691
2691,269.1,6.6906
2692,269.2,6.6902
2693,269.3,6.6898
2694,269.4,6.6894
2695,269.5,6.689
2696,269.6,6.6886
2697,269.7,6.6882
2698,269.8,6.6878
2699,269.9,6.6874
2700,270.0,6.687
2701,270.1,6.6866
2702,270.2,6.6862
2703,270.3,6.6858
2704,270.4,6.6854000000000005
2705,270.5,6.685
2706,270.6,6.6846
2707,270.7,6.6842
2708,270.8,6.6838
2709,270.9,6.6834
2710,271.0,6.683
2711,271.1,6.6829
2712,271.2,6.6828
2713,271.3,6.6827
2714,271.4,6.6826
2715,271.5,6.6825
2716,271.6,6.6824
2717,271.7,6.682300000000001
2718,271.8,6.6822
2719,271.9,6.6821
2720,272.0,6.682
2721,272.1,6.682
2722,272.2,6.682
2723,272.3,6.682
2724,272.4,6.682
2725,272.5,6.682
2726,272.6,6.682
2727,272.7,6.682
2728,272.8,6.682
2729,272.9,6.682
2730,273.0,6.682
2731,273.1,6.6821
2732,273.2,6.6822
2733,273.3,6.682300000000001
2734,273.4,6.6824
2735,273.5,6.6825
2736,273.6,6.6826
2737,273.7,6.6827
2738,273.8,6.6828
2739,273.9,6.6829
2740,274.0,6.683
2741,274.1,6.6833
2742,274.2,6.6836
2743,274.3,6.6838999999999995
2744,274.4,6.6842
2745,274.5,6.6845
2746,274.6,6.6848
2747,274.7,6.6851
2748,274.8,6.6854
2749,274.9,6.6857
2750,275.0,6.686
2751,275.1,6.6865
2752,275.2,6.687
2753,275.3,6.6875
2754,275.4,6.688
2755,275.5,6.6884999999999994
2756,275.6,6.689
2757,275.7,6.6895
2758,275.8,6.6899999999999995
2759,275.9,6.6905
2760,276.0,6.691
2761,276.1,6.6915
2762,276.2,6.692
2763,276.3,6.6925
2764,276.4,6.693
2765,276.5,6.6935
2766,276.6,6.694
2767,276.7,6.6945
2768,276.8,6.694999999999999
2769,276.9,6.6955
2770,277.0,6.696
2771,277.1,6.6967
2772,277.2,6.6974
2773,277.3,6.6981
2774,277.4,6.6988
2775,277.5,6.6995
2776,277.6,6.7002
2777,277.7,6.7009
2778,277.8,6.7016
2779,277.9,6.7023
2780,278.0,6.703
2781,278.1,6.7037
2782,278.2,6.704400000000001
2783,278.3,6.7051
2784,278.4,6.7058
2785,278.5,6.7065
2786,278.6,6.7072
2787,278.7,6.7079
2788,278.8,6.7086
2789,278.9,6.7093
2790,279.0,6.71
2791,279.1,6.7108
2792,279.2,6.7116
2793,279.3,6.7124
2794,279.4,6.7132
2795,279.5,6.7139999999999995
2796,279.6,6.7148
2797,279.7,6.7156
2798,279.8,6.7164
2799,279.9,6.7172
2800,280.0,6.718
2801,280.1,6.7189000000000005
2802,280.2,6.7198
2803,280.3,6.7207
2804,280.4,6.7216
2805,280.5,6.7225
2806,280.6,6.723400000000001
2807,280.7,6.7243
2808,280.8,6.7252
2809,280.9,6.7261
2810,281.0,6.727
2811,281.1,6.7279
2812,281.2,6.728800000000001
2813,281.3,6.7297
2814,281.4,6.7306
2815,281.5,6.7315000000000005
2816,281.6,6.7324
2817,281.7,6.7333
2818,281.8,6.7341999999999995
2819,281.9,6.7351
2820,282.0,6.736
2821,282.1,6.737
2822,282.2,6.7379999999999995
2823,282.3,6.739
2824,282.4,6.74
2825,282.5,6.741
2826,282.6,6.742
2827,282.7,6.743
2828,282.8,6.744000000000001
2829,282.9,6.745
2830,283.0,6.746
2831,283.1,6.7469
2832,283.2,6.747800000000001
2833,283.3,6.7487
2834,283.4,6.7496
2835,283.5,6.750500000000001
2836,283.6,6.7514
2837,283.7,6.7523
2838,283.8,6.7532
2839,283.9,6.7541
2840,284.0,6.755
2841,284.1,6.755999999999999
2842,284.2,6.757
2843,284.3,6.758
2844,284.4,6.7589999999999995
2845,284.5,6.76
2846,284.6,6.761
2847,284.7,6.762
2848,284.8,6.763
2849,284.9,6.764
2850,285.0,6.765
2851,285.1,6.7659
2852,285.2,6.7668
2853,285.3,6.7677
2854,285.4,6.768599999999999
2855,285.5,6.7695
2856,285.6,6.7704
2857,285.7,6.7713
2858,285.8,6.7722
2859,285.9,6.7730999999999995
2860,286.0,6.774
2861,286.1,6.7749
2862,286.2,6.7758
2863,286.3,6.7767
2864,286.4,6.7776
2865,286.5,6.7785
2866,286.6,6.7794
2867,286.7,6.7803
2868,286.8,6.7812
2869,286.9,6.7821
2870,287.0,6.783
2871,287.1,6.7838
2872,287.2,6.7846
2873,287.3,6.7854
2874,287.4,6.7862
2875,287.5,6.787
2876,287.6,6.787800000000001
2877,287.7,6.788600000000001
2878,287.8,6.7894000000000005
2879,287.9,6.7902000000000005
2880,288.0,6.791
2881,288.1,6.7918
2882,288.2,6.7926
2883,288.3,6.7934
2884,288.4,6.7942
2885,288.5,6.795
2886,288.6,6.7958
2887,288.7,6.796600000000001
2888,288.8,6.7974000000000006
2889,288.9,6.7982000000000005
2890,289.0,6.799
2891,289.1,6.7996
2892,289.2,6.8002
2893,289.3,6.8008
2894,289.4,6.8014
2895,289.5,6.802
2896,289.6,6.8026
2897,289.7,6.8031999999999995
2898,289.8,6.8038
2899,289.9,6.8044
2900,290.0,6.805
2901,290.1,6.805499999999999
2902,290.2,6.806
2903,290.3,6.8065
2904,290.4,6.8069999999999995
2905,290.5,6.807499999999999
2906,290.6,6.808
2907,290.7,6.8084999999999996
2908,290.8,6.808999999999999
2909,290.9,6.8095
2910,291.0,6.81
2911,291.1,6.810499999999999
2912,291.2,6.811
2913,291.3,6.8115
2914,291.4,6.812
2915,291.5,6.8125
2916,291.6,6.813
2917,291.7,6.8135
2918,291.8,6.814
2919,291.9,6.814500000000001
2920,292.0,6.815
2921,292.1,6.815300000000001
2922,292.2,6.8156
2923,292.3,6.8159
2924,292.4,6.8162
2925,292.5,6.8165
2926,292.6,6.8168
2927,292.7,6.8171
2928,292.8,6.8174
2929,292.9,6.817699999999999
2930,293.0,6.818
2931,293.1,6.818099999999999
2932,293.2,6.8182
2933,293.3,6.8183
2934,293.4,6.8184
2935,293.5,6.8185
2936,293.6,6.8186
2937,293.7,6.8187
2938,293.8,6.8187999999999995
2939,293.9,6.8189
2940,294.0,6.819
2941,294.1,6.8191
2942,294.2,6.8192
2943,294.3,6.8193
2944,294.4,6.8194
2945,294.5,6.8195
2946,294.6,6.8196
2947,294.7,6.8197
2948,294.8,6.8198
2949,294.9,6.8199000000000005
2950,295.0,6.82
2951,295.1,6.8198
2952,295.2,6.8196
2953,295.3,6.8194
2954,295.4,6.8192
2955,295.5,6.819
2956,295.6,6.8187999999999995
2957,295.7,6.8186
2958,295.8,6.8184
2959,295.9,6.8182
2960,296.0,6.818
2961,296.1,6.817699999999999
2962,296.2,6.8174
2963,296.3,6.8171
2964,296.4,6.8168
2965,296.5,6.8165
2966,296.6,6.8162
2967,296.7,6.8159
2968,296.8,6.8156
2969,296.9,6.815300000000001
2970,297.0,6.815
2971,297.1,6.8146
2972,297.2,6.8142000000000005
2973,297.3,6.8138000000000005
2974,297.4,6.813400000000001
2975,297.5,6.813000000000001
2976,297.6,6.8126
2977,297.7,6.8122
2978,297.8,6.8118
2979,297.9,6.8114
2980,298.0,6.811
2981,298.1,6.8104
2982,298.2,6.8098
2983,298.3,6.8092
2984,298.4,6.8086
2985,298.5,6.808
2986,298.6,6.8074
2987,298.7,6.8068
2988,298.8,6.8062
2989,298.9,6.8056
2990,299.0,6.805
2991,299.1,6.8044
2992,299.2,6.8038
2993,299.3,6.8032
2994,299.4,6.8026
2995,299.5,6.8020000000000005
2996,299.6,6.8014
2997,299.7,6.800800000000001
2998,299.8,6.8002
2999,299.9,6.7996
3000,300.0,6.799
3001,300.1,6.7981
3002,300.2,6.7972
3003,300.3,6.7963000000000005
3004,300.4,6.795400000000001
3005,300.5,6.7945
3006,300.6,6.7936
3007,300.7,6.7927
3008,300.8,6.7918
3009,300.9,6.790900000000001
3010,301.0,6.79
3011,301.1,6.7891
3012,301.2,6.7882
3013,301.3,6.7873
3014,301.4,6.7864
3015,301.5,6.7855
3016,301.6,6.7846
3017,301.7,6.7837
3018,301.8,6.7828
3019,301.9,6.7819
3020,302.0,6.781
3021,302.1,6.78
3022,302.2,6.779
3023,302.3,6.778
3024,302.4,6.777
3025,302.5,6.776
3026,302.6,6.7749999999999995
3027,302.7,6.774
3028,302.8,6.773
3029,302.9,6.772
3030,303.0,6.771
3031,303.1,6.77
3032,303.2,6.769
3033,303.3,6.768
3034,303.4,6.767
3035,303.5,6.766
3036,303.6,6.765000000000001
3037,303.7,6.764
3038,303.8,6.763000000000001
3039,303.9,6.7620000000000005
3040,304.0,6.761
3041,304.1,6.7599
3042,304.2,6.7588
3043,304.3,6.757700000000001
3044,304.4,6.7566
3045,304.5,6.7555000000000005
3046,304.6,6.7544
3047,304.7,6.7533
3048,304.8,6.7522
3049,304.9,6.7511
3050,305.0,6.75
3051,305.1,6.7489
3052,305.2,6.7478
3053,305.3,6.7467
3054,305.4,6.7456000000000005
3055,305.5,6.7445
3056,305.6,6.743399999999999
3057,305.7,6.7423
3058,305.8,6.7412
3059,305.9,6.7401
3060,306.0,6.739
3061,306.1,6.738
3062,306.2,6.737
3063,306.3,6.736000000000001
3064,306.4,6.735
3065,306.5,6.734
3066,306.6,6.7330000000000005
3067,306.7,6.732
3068,306.8,6.731000000000001
3069,306.9,6.73
3070,307.0,6.729
3071,307.1,6.728000000000001
3072,307.2,6.727
3073,307.3,6.726
3074,307.4,6.7250000000000005
3075,307.5,6.724
3076,307.6,6.723
3077,307.7,6.722
3078,307.8,6.721
3079,307.9,6.720000000000001
3080,308.0,6.719
3081,308.1,6.718
3082,308.2,6.7170000000000005
3083,308.3,6.716
3084,308.4,6.715
3085,308.5,6.714
3086,308.6,6.713
3087,308.7,6.712
3088,308.8,6.711
3089,308.9,6.71
3090,309.0,6.709
3091,309.1,6.7082
3092,309.2,6.7074
3093,309.3,6.7066
3094,309.4,6.7058
3095,309.5,6.705
3096,309.6,6.704199999999999
3097,309.7,6.703399999999999
3098,309.8,6.7025999999999994
3099,309.9,6.7017999999999995
3100,310.0,6.701
3101,310.1,6.7002999999999995
3102,310.2,6.699599999999999
3103,310.3,6.6989
3104,310.4,6.6982
3105,310.5,6.6975
3106,310.6,6.6968
3107,310.7,6.6960999999999995
3108,310.8,6.6954
3109,310.9,6.6947
3110,311.0,6.694
3111,311.1,6.6935
3112,311.2,6.693
3113,311.3,6.6925
3114,311.4,6.692
3115,311.5,6.6915
3116,311.6,6.691
3117,311.7,6.6905
3118,311.8,6.69
3119,311.9,6.6895
3120,312.0,6.689
3121,312.1,6.6886
3122,312.2,6.6882
3123,312.3,6.6878
3124,312.4,6.6874
3125,312.5,6.687
3126,312.6,6.686599999999999
3127,312.7,6.6861999999999995
3128,312.8,6.6857999999999995
3129,312.9,6.6854
3130,313.0,6.685
3131,313.1,6.6849
3132,313.2,6.6848
3133,313.3,6.684699999999999
3134,313.4,6.6846
3135,313.5,6.6845
3136,313.6,6.6844
3137,313.7,6.6843
3138,313.8,6.6842
3139,313.9,6.6841
3140,314.0,6.684
3141,314.1,6.684
3142,314.2,6.684
3143,314.3,6.684
3144,314.4,6.684
3145,314.5,6.684
3146,314.6,6.684
3147,314.7,6.684
3148,314.8,6.684
3149,314.9,6.684
3150,315.0,6.684
3151,315.1,6.684200000000001
3152,315.2,6.6844
3153,315.3,6.6846000000000005
3154,315.4,6.6848
3155,315.5,6.6850000000000005
3156,315.6,6.6852
3157,315.7,6.6854
3158,315.8,6.6856
3159,315.9,6.6857999999999995
3160,316.0,6.686
3161,316.1,6.6865
3162,316.2,6.687
3163,316.3,6.6875
3164,316.4,6.688
3165,316.5,6.6884999999999994
3166,316.6,6.689
3167,316.7,6.6895
3168,316.8,6.6899999999999995
3169,316.9,6.6905
3170,317.0,6.691
3171,317.1,6.691599999999999
3172,317.2,6.6922
3173,317.3,6.6928
3174,317.4,6.6934
3175,317.5,6.694
3176,317.6,6.6946
3177,317.7,6.6952
3178,317.8,6.6958
3179,317.9,6.6964
3180,318.0,6.697
3181,318.1,6.6978
3182,318.2,6.6986
3183,318.3,6.6994
3184,318.4,6.7002
3185,318.5,6.7010000000000005
3186,318.6,6.7017999999999995
3187,318.7,6.7026
3188,318.8,6.7034
3189,318.9,6.7042
3190,319.0,6.705
3191,319.1,6.7059999999999995
3192,319.2,6.707
3193,319.3,6.708
3194,319.4,6.709
3195,319.5,6.71
3196,319.6,6.711
3197,319.7,6.712
3198,319.8,6.713
3199,319.9,6.714
3200,320.0,6.715
3201,320.1,6.7161
3202,320.2,6.7172
3203,320.3,6.7183
3204,320.4,6.719399999999999
3205,320.5,6.7204999999999995
3206,320.6,6.7216000000000005
3207,320.7,6.7227
3208,320.8,6.7238
3209,320.9,6.7249
3210,321.0,6.726
3211,321.1,6.7272
3212,321.2,6.7284
3213,321.3,6.7296000000000005
3214,321.4,6.7308
3215,321.5,6.732
3216,321.6,6.7332
3217,321.7,6.7344
3218,321.8,6.7356
3219,321.9,6.7368
3220,322.0,6.738
3221,322.1,6.7393
3222,322.2,6.7406
3223,322.3,6.7419
3224,322.4,6.7432
3225,322.5,6.7444999999999995
3226,322.6,6.7458
3227,322.7,6.7471000000000005
3228,322.8,6.7484
3229,322.9,6.7497
3230,323.0,6.7509999999999994
3231,323.1,6.7524
3232,323.2,6.7538
3233,323.3,6.755199999999999
3234,323.4,6.756600000000001
3235,323.5,6.758
3236,323.6,6.759399999999999
3237,323.7,6.7608
3238,323.8,6.7622
3239,323.9,6.7636
3240,324.0,6.765
3241,324.1,6.7664
3242,324.2,6.7678
3243,324.3,6.7692
3244,324.4,6.7706
3245,324.5,6.772
3246,324.6,6.7734
3247,324.7,6.7748
3248,324.8,6.7762
3249,324.9,6.7776000000000005
3250,325.0,6.779
3251,325.1,6.7802999999999995
3252,325.2,6.7816
3253,325.3,6.7829
3254,325.4,6.784199999999999
3255,325.5,6.785499999999999
3256,325.6,6.7868
3257,325.7,6.7881
3258,325.8,6.7894
3259,325.9,6.7907
3260,326.0,6.792
3261,326.1,6.7932999999999995
3262,326.2,6.794599999999999
3263,326.3,6.7959
3264,326.4,6.797199999999999
3265,326.5,6.798499999999999
3266,326.6,6.7998
3267,326.7,6.8011
3268,326.8,6.8024
3269,326.9,6.803699999999999
3270,327.0,6.805
3271,327.1,6.8062
3272,327.2,6.8073999999999995
3273,327.3,6.8086
3274,327.4,6.8098
3275,327.5,6.811
3276,327.6,6.812199999999999
3277,327.7,6.8134
3278,327.8,6.8145999999999995
3279,327.9,6.815799999999999
3280,328.0,6.816999999999999
3281,328.1,6.818
3282,328.2,6.819
3283,328.3,6.819999999999999
3284,328.4,6.821000000000001
3285,328.5,6.822
3286,328.6,6.8229999999999995
3287,328.7,6.824
3288,328.8,6.825
3289,328.9,6.8260000000000005
3290,329.0,6.827
3291,329.1,6.8279000000000005
3292,329.2,6.8288
3293,329.3,6.8297
3294,329.4,6.8306
3295,329.5,6.8315
3296,329.6,6.832400000000001
3297,329.7,6.8333
3298,329.8,6.834200000000001
3299,329.9,6.835100000000001
3300,330.0,6.836
3301,330.1,6.8366
3302,330.2,6.8372
3303,330.3,6.8378000000000005
3304,330.4,6.8384
3305,330.5,6.8389999999999995
3306,330.6,6.8396
3307,330.7,6.840199999999999
3308,330.8,6.8408
3309,330.9,6.8414
3310,331.0,6.842
3311,331.1,6.8424
3312,331.2,6.8427999999999995
3313,331.3,6.8431999999999995
3314,331.4,6.8435999999999995
3315,331.5,6.843999999999999
3316,331.6,6.8444
3317,331.7,6.8448
3318,331.8,6.8452
3319,331.9,6.8456
3320,332.0,6.846
3321,332.1,6.8462
3322,332.2,6.8464
3323,332.3,6.8466000000000005
3324,332.4,6.8468
3325,332.5,6.8469999999999995
3326,332.6,6.8472
3327,332.7,6.8473999999999995
3328,332.8,6.8476
3329,332.9,6.847799999999999
3330,333.0,6.848
3331,333.1,6.8479
3332,333.2,6.8478
3333,333.3,6.8477
3334,333.4,6.8476
3335,333.5,6.8475
3336,333.6,6.8474
3337,333.7,6.847300000000001
3338,333.8,6.8472
3339,333.9,6.8471
3340,334.0,6.847
3341,334.1,6.8466000000000005
3342,334.2,6.8462000000000005
3343,334.3,6.8458000000000006
3344,334.4,6.845400000000001
3345,334.5,6.845
3346,334.6,6.8446
3347,334.7,6.8442
3348,334.8,6.8438
3349,334.9,6.8434
3350,335.0,6.843
3351,335.1,6.8424000000000005
3352,335.2,6.8418
3353,335.3,6.8412
3354,335.4,6.8406
3355,335.5,6.84
3356,335.6,6.8393999999999995
3357,335.7,6.8388
3358,335.8,6.8382
3359,335.9,6.837599999999999
3360,336.0,6.837
3361,336.1,6.8362
3362,336.2,6.8354
3363,336.3,6.8346
3364,336.4,6.8338
3365,336.5,6.833
3366,336.6,6.832199999999999
3367,336.7,6.8313999999999995
3368,336.8,6.8306
3369,336.9,6.8298000000000005
3370,337.0,6.829
3371,337.1,6.828
3372,337.2,6.827
3373,337.3,6.826
3374,337.4,6.825
3375,337.5,6.824
3376,337.6,6.823
3377,337.7,6.822
3378,337.8,6.821000000000001
3379,337.9,6.82
3380,338.0,6.819000000000001
3381,338.1,6.8178
3382,338.2,6.8166
3383,338.3,6.8154
3384,338.4,6.8142
3385,338.5,6.813000000000001
3386,338.6,6.811800000000001
3387,338.7,6.810600000000001
3388,338.8,6.8094
3389,338.9,6.8082
3390,339.0,6.807
3391,339.1,6.8056
3392,339.2,6.8042
3393,339.3,6.8028
3394,339.4,6.8014
3395,339.5,6.8
3396,339.6,6.7986
3397,339.7,6.7972
3398,339.8,6.7958
3399,339.9,6.7943999999999996
3400,340.0,6.793
3401,340.1,6.7915
3402,340.2,6.79
3403,340.3,6.7885
3404,340.4,6.787
3405,340.5,6.785500000000001
3406,340.6,6.784
3407,340.7,6.7825
3408,340.8,6.781
3409,340.9,6.7795
3410,341.0,6.778
3411,341.1,6.7764999999999995
3412,341.2,6.775
3413,341.3,6.773499999999999
3414,341.4,6.772
3415,341.5,6.7705
3416,341.6,6.768999999999999
3417,341.7,6.7675
3418,341.8,6.766
3419,341.9,6.764500000000001
3420,342.0,6.763
3421,342.1,6.7614
3422,342.2,6.7598
3423,342.3,6.7581999999999995
3424,342.4,6.7566
3425,342.5,6.755000000000001
3426,342.6,6.753400000000001
3427,342.7,6.7518
3428,342.8,6.7502
3429,342.9,6.748600000000001
3430,343.0,6.747
3431,343.1,6.7454
3432,343.2,6.7438
3433,343.3,6.7422
3434,343.4,6.7406
3435,343.5,6.739
3436,343.6,6.7374
3437,343.7,6.7358
3438,343.8,6.7341999999999995
3439,343.9,6.7326
3440,344.0,6.731
3441,344.1,6.7296
3442,344.2,6.728199999999999
3443,344.3,6.7268
3444,344.4,6.7254
3445,344.5,6.723999999999999
3446,344.6,6.7226
3447,344.7,6.7212
3448,344.8,6.719799999999999
3449,344.9,6.718399999999999
3450,345.0,6.717
3451,345.1,6.7156
3452,345.2,6.714199999999999
3453,345.3,6.7128
3454,345.4,6.7114
3455,345.5,6.709999999999999
3456,345.6,6.7086
3457,345.7,6.7072
3458,345.8,6.705800000000001
3459,345.9,6.7044
3460,346.0,6.703
3461,346.1,6.701700000000001
3462,346.2,6.700400000000001
3463,346.3,6.6991000000000005
3464,346.4,6.697800000000001
3465,346.5,6.696500000000001
3466,346.6,6.6952
3467,346.7,6.6939
3468,346.8,6.6926000000000005
3469,346.9,6.691300000000001
3470,347.0,6.69
3471,347.1,6.689000000000001
3472,347.2,6.688000000000001
3473,347.3,6.687
3474,347.4,6.686
3475,347.5,6.6850000000000005
3476,347.6,6.684
3477,347.7,6.683
3478,347.8,6.682
3479,347.9,6.681
3480,348.0,6.68
3481,348.1,6.6791
3482,348.2,6.6782
3483,348.3,6.677300000000001
3484,348.4,6.6764
3485,348.5,6.6754999999999995
3486,348.6,6.6746
3487,348.7,6.6737
3488,348.8,6.6728
3489,348.9,6.6719
3490,349.0,6.671
3491,349.1,6.6703
3492,349.2,6.6696
3493,349.3,6.6689
3494,349.4,6.668200000000001
3495,349.5,6.6674999999999995
3496,349.6,6.666799999999999
3497,349.7,6.6661
3498,349.8,6.665399999999999
3499,349.9,6.6647
3500,350.0,6.664
3501,350.1,6.6636
3502,350.2,6.6632
3503,350.3,6.6628
3504,350.4,6.6624
3505,350.5,6.662
3506,350.6,6.6616
3507,350.7,6.6612
3508,350.8,6.6608
3509,350.9,6.6604
3510,351.0,6.66
3511,351.1,6.659800000000001
3512,351.2,6.6596
3513,351.3,6.6594
3514,351.4,6.6592
3515,351.5,6.659000000000001
3516,351.6,6.6588
3517,351.7,6.658600000000001
3518,351.8,6.6584
3519,351.9,6.658200000000001
3520,352.0,6.658
3521,352.1,6.6581
3522,352.2,6.6582
3523,352.3,6.6583000000000006
3524,352.4,6.6584
3525,352.5,6.6585
3526,352.6,6.6586
3527,352.7,6.6587
3528,352.8,6.6588
3529,352.9,6.6589
3530,353.0,6.659
3531,353.1,6.6593
3532,353.2,6.6596
3533,353.3,6.6598999999999995
3534,353.4,6.6602
3535,353.5,6.6605
3536,353.6,6.6608
3537,353.7,6.661099999999999
3538,353.8,6.6614
3539,353.9,6.6617
3540,354.0,6.662
3541,354.1,6.6625000000000005
3542,354.2,6.663
3543,354.3,6.6635
3544,354.4,6.664
3545,354.5,6.6645
3546,354.6,6.665
3547,354.7,6.6655
3548,354.8,6.666
3549,354.9,6.6665
3550,355.0,6.667
3551,355.1,6.6677
3552,355.2,6.6684
3553,355.3,6.6691
3554,355.4,6.6697999999999995
3555,355.5,6.6705000000000005
3556,355.6,6.671200000000001
3557,355.7,6.6719
3558,355.8,6.6726
3559,355.9,6.6733
3560,356.0,6.674
3561,356.1,6.675
3562,356.2,6.676
3563,356.3,6.6770000000000005
3564,356.4,6.678
3565,356.5,6.679
3566,356.6,6.680000000000001
3567,356.7,6.681
3568,356.8,6.6819999999999995
3569,356.9,6.683
3570,357.0,6.684
3571,357.1,6.6851
3572,357.2,6.6861999999999995
3573,357.3,6.6873000000000005
3574,357.4,6.6884
3575,357.5,6.6895
3576,357.6,6.6906
3577,357.7,6.6917
3578,357.8,6.6928
3579,357.9,6.693899999999999
3580,358.0,6.695
3581,358.1,6.6962
3582,358.2,6.6974
3583,358.3,6.6986
3584,358.4,6.699800000000001
3585,358.5,6.7010000000000005
3586,358.6,6.7021999999999995
3587,358.7,6.703399999999999
3588,358.8,6.7046
3589,358.9,6.7058
3590,359.0,6.707
3591,359.1,6.7083
3592,359.2,6.7096
3593,359.3,6.7109
3594,359.4,6.712199999999999
3595,359.5,6.713500000000001
3596,359.6,6.7148
3597,359.7,6.7161
3598,359.8,6.7174000000000005
3599,359.9,6.7187
3600,360.0,6.72
3601,360.1,6.7215
3602,360.2,6.723
3603,360.3,6.7245
3604,360.4,6.726
3605,360.5,6.727500000000001
3606,360.6,6.729
3607,360.7,6.7305
3608,360.8,6.732
3609,360.9,6.7335
3610,361.0,6.735
3611,361.1,6.7364
3612,361.2,6.7378
3613,361.3,6.7392
3614,361.4,6.7406
3615,361.5,6.741999999999999
3616,361.6,6.7434
3617,361.7,6.7448
3618,361.8,6.746199999999999
3619,361.9,6.747599999999999
3620,362.0,6.749
3621,362.1,6.7505
3622,362.2,6.751999999999999
3623,362.3,6.7535
3624,362.4,6.755
3625,362.5,6.756499999999999
3626,362.6,6.757999999999999
3627,362.7,6.7595
3628,362.8,6.761
3629,362.9,6.762499999999999
3630,363.0,6.764
3631,363.1,6.7654
3632,363.2,6.7668
3633,363.3,6.768199999999999
3634,363.4,6.7696000000000005
3635,363.5,6.771
3636,363.6,6.772399999999999
3637,363.7,6.7738
3638,363.8,6.7752
3639,363.9,6.7766
3640,364.0,6.778
3641,364.1,6.7794
3642,364.2,6.7808
3643,364.3,6.7822
3644,364.4,6.7836
3645,364.5,6.785
3646,364.6,6.7863999999999995
3647,364.7,6.7878
3648,364.8,6.7892
3649,364.9,6.7906
3650,365.0,6.792
3651,365.1,6.7932
3652,365.2,6.7944
3653,365.3,6.7956
3654,365.4,6.7968
3655,365.5,6.798
3656,365.6,6.7992
3657,365.7,6.8004
3658,365.8,6.8016
3659,365.9,6.8028
3660,366.0,6.804
3661,366.1,6.8052
3662,366.2,6.8064
3663,366.3,6.8076
3664,366.4,6.8088
3665,366.5,6.81
3666,366.6,6.8112
3667,366.7,6.8124
3668,366.8,6.813599999999999
3669,366.9,6.814799999999999
3670,367.0,6.816
3671,367.1,6.816999999999999
3672,367.2,6.818
3673,367.3,6.819
3674,367.4,6.819999999999999
3675,367.5,6.821
3676,367.6,6.821999999999999
3677,367.7,6.8229999999999995
3678,367.8,6.823999999999999
3679,367.9,6.824999999999999
3680,368.0,6.826
3681,368.1,6.8267999999999995
3682,368.2,6.8275999999999994
3683,368.3,6.828399999999999
3684,368.4,6.8292
3685,368.5,6.83
3686,368.6,6.830799999999999
3687,368.7,6.831599999999999
3688,368.8,6.8324
3689,368.9,6.8332
3690,369.0,6.834
3691,369.1,6.8346
3692,369.2,6.8351999999999995
3693,369.3,6.8358
3694,369.4,6.836399999999999
3695,369.5,6.837
3696,369.6,6.8376
3697,369.7,6.8382
3698,369.8,6.8388
3699,369.9,6.8394
3700,370.0,6.84
3701,370.1,6.8405
3702,370.2,6.841
3703,370.3,6.8415
3704,370.4,6.842
3705,370.5,6.8425
3706,370.6,6.843
3707,370.7,6.8435
3708,370.8,6.843999999999999
3709,370.9,6.8445
3710,371.0,6.845
3711,371.1,6.8452
3712,371.2,6.8454
3713,371.3,6.8456
3714,371.4,6.8458
3715,371.5,6.846
3716,371.6,6.8462000000000005
3717,371.7,6.8464
3718,371.8,6.8466000000000005
3719,371.9,6.8468
3720,372.0,6.847
3721,372.1,6.847
3722,372.2,6.847
3723,372.3,6.847
3724,372.4,6.847
3725,372.5,6.847
3726,372.6,6.847
3727,372.7,6.847
3728,372.8,6.847
3729,372.9,6.847
3730,373.0,6.847
3731,373.1,6.8468
3732,373.2,6.8466000000000005
3733,373.3,6.8464
3734,373.4,6.8462000000000005
3735,373.5,6.846
3736,373.6,6.8458
3737,373.7,6.8456
3738,373.8,6.8454
3739,373.9,6.8452
3740,374.0,6.845
3741,374.1,6.8447
3742,374.2,6.844399999999999
3743,374.3,6.8441
3744,374.4,6.8438
3745,374.5,6.8435
3746,374.6,6.8431999999999995
3747,374.7,6.842899999999999
3748,374.8,6.842599999999999
3749,374.9,6.8423
3750,375.0,6.842
3751,375.1,6.8414
3752,375.2,6.8408
3753,375.3,6.840199999999999
3754,375.4,6.8396
3755,375.5,6.8389999999999995
3756,375.6,6.8384
3757,375.7,6.8378000000000005
3758,375.8,6.8372
3759,375.9,6.8366
3760,376.0,6.836
3761,376.1,6.8353
3762,376.2,6.834600000000001
3763,376.3,6.8339
3764,376.4,6.833200000000001
3765,376.5,6.8325000000000005
3766,376.6,6.831799999999999
3767,376.7,6.8311
3768,376.8,6.8304
3769,376.9,6.8297
3770,377.0,6.829
3771,377.1,6.8281
3772,377.2,6.8272
3773,377.3,6.8263
3774,377.4,6.8254
3775,377.5,6.8245000000000005
3776,377.6,6.823600000000001
3777,377.7,6.8227
3778,377.8,6.8218000000000005
3779,377.9,6.820900000000001
3780,378.0,6.82
3781,378.1,6.819100000000001
3782,378.2,6.8182
3783,378.3,6.8173
3784,378.4,6.8164
3785,378.5,6.8155
3786,378.6,6.8146
3787,378.7,6.8137
3788,378.8,6.8128
3789,378.9,6.8119
3790,379.0,6.811
3791,379.1,6.809899999999999
3792,379.2,6.8088
3793,379.3,6.8077
3794,379.4,6.8066
3795,379.5,6.805499999999999
3796,379.6,6.804399999999999
3797,379.7,6.8033
3798,379.8,6.802199999999999
3799,379.9,6.8011
3800,380.0,6.8
3801,380.1,6.7988
3802,380.2,6.797599999999999
3803,380.3,6.7964
3804,380.4,6.7952
3805,380.5,6.794
3806,380.6,6.7928
3807,380.7,6.7916
3808,380.8,6.790400000000001
3809,380.9,6.7892
3810,381.0,6.788
3811,381.1,6.7868
3812,381.2,6.7856000000000005
3813,381.3,6.7844
3814,381.4,6.7832
3815,381.5,6.782
3816,381.6,6.7808
3817,381.7,6.7796
3818,381.8,6.7784
3819,381.9,6.777200000000001
3820,382.0,6.776
3821,382.1,6.7748
3822,382.2,6.7736
3823,382.3,6.7724
3824,382.4,6.7712
3825,382.5,6.7700000000000005
3826,382.6,6.768800000000001
3827,382.7,6.7676
3828,382.8,6.766400000000001
3829,382.9,6.765200000000001
3830,383.0,6.764
3831,383.1,6.7628
3832,383.2,6.7616000000000005
3833,383.3,6.760400000000001
3834,383.4,6.7592
3835,383.5,6.758
3836,383.6,6.756800000000001
3837,383.7,6.755600000000001
3838,383.8,6.7544
3839,383.9,6.7532000000000005
3840,384.0,6.752000000000001
3841,384.1,6.7507
3842,384.2,6.7494000000000005
3843,384.3,6.7481
3844,384.4,6.7468
3845,384.5,6.7455
3846,384.6,6.7442
3847,384.7,6.742900000000001
3848,384.8,6.741599999999999
3849,384.9,6.7402999999999995
3850,385.0,6.739
3851,385.1,6.7379
3852,385.2,6.7368
3853,385.3,6.7357
3854,385.4,6.7346
3855,385.5,6.733499999999999
3856,385.6,6.732399999999999
3857,385.7,6.7313
3858,385.8,6.7302
3859,385.9,6.7291
3860,386.0,6.728
3861,386.1,6.7269
3862,386.2,6.7258000000000004
3863,386.3,6.7246999999999995
3864,386.4,6.7236
3865,386.5,6.7225
3866,386.6,6.721399999999999
3867,386.7,6.7203
3868,386.8,6.7192
3869,386.9,6.718100000000001
3870,387.0,6.717
3871,387.1,6.7158999999999995
3872,387.2,6.7148
3873,387.3,6.7137
3874,387.4,6.7126
3875,387.5,6.7115
3876,387.6,6.710400000000001
3877,387.7,6.7093
3878,387.8,6.708200000000001
3879,387.9,6.7071000000000005
3880,388.0,6.706
3881,388.1,6.705100000000001
3882,388.2,6.704200000000001
3883,388.3,6.7033000000000005
3884,388.4,6.702400000000001
3885,388.5,6.7015
3886,388.6,6.7006000000000006
3887,388.7,6.699700000000001
3888,388.8,6.6988
3889,388.9,6.697900000000001
3890,389.0,6.697000000000001
3891,389.1,6.6962
3892,389.2,6.6954
3893,389.3,6.6946
3894,389.4,6.6938
3895,389.5,6.693
3896,389.6,6.692200000000001
3897,389.7,6.691400000000001
3898,389.8,6.6906
3899,389.9,6.6898
3900,390.0,6.689
3901,390.1,6.6883
3902,390.2,6.6876
3903,390.3,6.6869000000000005
3904,390.4,6.6862
3905,390.5,6.6855
3906,390.6,6.6848
3907,390.7,6.6841
3908,390.8,6.683400000000001
3909,390.9,6.6827000000000005
3910,391.0,6.682
3911,391.1,6.681400000000001
3912,391.2,6.6808000000000005
3913,391.3,6.6802
3914,391.4,6.679600000000001
3915,391.5,6.679
3916,391.6,6.6784
3917,391.7,6.6778
3918,391.8,6.6772
3919,391.9,6.6766000000000005
3920,392.0,6.676
3921,392.1,6.6756
3922,392.2,6.6752
3923,392.3,6.6748
3924,392.4,6.6744
3925,392.5,6.674
3926,392.6,6.6736
3927,392.7,6.6732
3928,392.8,6.6728
3929,392.9,6.6724
3930,393.0,6.672
3931,393.1,6.6718
3932,393.2,6.6716
3933,393.3,6.6714
3934,393.4,6.6712
3935,393.5,6.671
3936,393.6,6.6708
3937,393.7,6.6706
3938,393.8,6.6704
3939,393.9,6.6702
3940,394.0,6.67
3941,394.1,6.6699
3942,394.2,6.6697999999999995
3943,394.3,6.6697
3944,394.4,6.6696
3945,394.5,6.669499999999999
3946,394.6,6.6693999999999996
3947,394.7,6.6693
3948,394.8,6.6692
3949,394.9,6.669099999999999
3950,395.0,6.669
3951,395.1,6.669099999999999
3952,395.2,6.6692
3953,395.3,6.6693
3954,395.4,6.6693999999999996
3955,395.5,6.6695
3956,395.6,6.6696
3957,395.7,6.6697
3958,395.8,6.6697999999999995
3959,395.9,6.6699
3960,396.0,6.67
3961,396.1,6.6701999999999995
3962,396.2,6.6704
3963,396.3,6.6706
3964,396.4,6.6708
3965,396.5,6.670999999999999
3966,396.6,6.6712
3967,396.7,6.671399999999999
3968,396.8,6.6716
3969,396.9,6.671799999999999
3970,397.0,6.672
3971,397.1,6.6724
3972,397.2,6.6728
3973,397.3,6.6732
3974,397.4,6.6735999999999995
3975,397.5,6.6739999999999995
3976,397.6,6.6743999999999994
3977,397.7,6.6748
3978,397.8,6.6752
3979,397.9,6.6756
3980,398.0,6.676
3981,398.1,6.6765
3982,398.2,6.677
3983,398.3,6.6775
3984,398.4,6.678
3985,398.5,6.6785
3986,398.6,6.678999999999999
3987,398.7,6.6795
3988,398.8,6.68
3989,398.9,6.680499999999999
3990,399.0,6.681
3991,399.1,6.6817
3992,399.2,6.6823999999999995
3993,399.3,6.6831
3994,399.4,6.6838
3995,399.5,6.6845
3996,399.6,6.6852
3997,399.7,6.685899999999999
3998,399.8,6.6866
3999,399.9,6.6873
4000,400.0,6.688
4001,400.1,6.688899999999999
4002,400.2,6.6898
4003,400.3,6.6907
4004,400.4,6.691599999999999
4005,400.5,6.6925
4006,400.6,6.6934000000000005
4007,400.7,6.6943
4008,400.8,6.6952
4009,400.9,6.6961
4010,401.0,6.697
4011,401.1,6.6979
4012,401.2,6.698799999999999
4013,401.3,6.6997
4014,401.4,6.7006
4015,401.5,6.7015
4016,401.6,6.702400000000001
4017,401.7,6.7033000000000005
4018,401.8,6.7042
4019,401.9,6.7051
4020,402.0,6.706
4021,402.1,6.7071000000000005
4022,402.2,6.7082
4023,402.3,6.7093
4024,402.4,6.7104
4025,402.5,6.7115
4026,402.6,6.712599999999999
4027,402.7,6.7137
4028,402.8,6.714799999999999
4029,402.9,6.7158999999999995
4030,403.0,6.717
4031,403.1,6.7181
4032,403.2,6.719199999999999
4033,403.3,6.720299999999999
4034,403.4,6.721399999999999
4035,403.5,6.722499999999999
4036,403.6,6.723599999999999
4037,403.7,6.724699999999999
4038,403.8,6.7258
4039,403.9,6.726899999999999
4040,404.0,6.727999999999999
4041,404.1,6.729299999999999
4042,404.2,6.730599999999999
4043,404.3,6.7318999999999996
4044,404.4,6.733199999999999
4045,404.5,6.7345
4046,404.6,6.735799999999999
4047,404.7,6.737099999999999
4048,404.8,6.7384
4049,404.9,6.7397
4050,405.0,6.741
4051,405.1,6.7421999999999995
4052,405.2,6.7434
4053,405.3,6.7446
4054,405.4,6.7458
4055,405.5,6.747
4056,405.6,6.7482
4057,405.7,6.7494
4058,405.8,6.7505999999999995
4059,405.9,6.7518
4060,406.0,6.753
4061,406.1,6.7543
4062,406.2,6.755599999999999
4063,406.3,6.7569
4064,406.4,6.7581999999999995
4065,406.5,6.759499999999999
4066,406.6,6.760800000000001
4067,406.7,6.7621
4068,406.8,6.7634
4069,406.9,6.7646999999999995
4070,407.0,6.766
4071,407.1,6.7673
4072,407.2,6.768599999999999
4073,407.3,6.7699
4074,407.4,6.771199999999999
4075,407.5,6.772499999999999
4076,407.6,6.7738
4077,407.7,6.7751
4078,407.8,6.7764
4079,407.9,6.777699999999999
4080,408.0,6.779
4081,408.1,6.7802
4082,408.2,6.7814
4083,408.3,6.7825999999999995
4084,408.4,6.7838
4085,408.5,6.785
4086,408.6,6.786199999999999
4087,408.7,6.787399999999999
4088,408.8,6.7886
4089,408.9,6.7898
4090,409.0,6.7909999999999995
4091,409.1,6.7922
4092,409.2,6.7934
4093,409.3,6.7946
4094,409.4,6.7958
4095,409.5,6.797000000000001
4096,409.6,6.7982
4097,409.7,6.7993999999999994
4098,409.8,6.8006
4099,409.9,6.8018
4100,410.0,6.803
4101,410.1,6.8041
4102,410.2,6.8052
4103,410.3,6.8063
4104,410.4,6.8073999999999995
4105,410.5,6.8085
4106,410.6,6.8096000000000005
4107,410.7,6.8107
4108,410.8,6.8118
4109,410.9,6.8129
4110,411.0,6.814
4111,411.1,6.8149
4112,411.2,6.815799999999999
4113,411.3,6.8167
4114,411.4,6.8176
4115,411.5,6.8185
4116,411.6,6.819400000000001
4117,411.7,6.8203000000000005
4118,411.8,6.8212
4119,411.9,6.8221
4120,412.0,6.823
4121,412.1,6.8239
4122,412.2,6.8248
4123,412.3,6.8257
4124,412.4,6.8266
4125,412.5,6.8275
4126,412.6,6.828399999999999
4127,412.7,6.8293
4128,412.8,6.8302
4129,412.9,6.831099999999999
4130,413.0,6.832
4131,413.1,6.832599999999999
4132,413.2,6.8332
4133,413.3,6.833799999999999
4134,413.4,6.8344
4135,413.5,6.835
4136,413.6,6.8355999999999995
4137,413.7,6.8362
4138,413.8,6.8368
4139,413.9,6.8374
4140,414.0,6.838
4141,414.1,6.8385
4142,414.2,6.8389999999999995
4143,414.3,6.8395
4144,414.4,6.84
4145,414.5,6.8405000000000005
4146,414.6,6.841
4147,414.7,6.8415
4148,414.8,6.8420000000000005
4149,414.9,6.8425
4150,415.0,6.843
4151,415.1,6.8431999999999995
4152,415.2,6.8434
4153,415.3,6.8436
4154,415.4,6.8438
4155,415.5,6.844
4156,415.6,6.8442
4157,415.7,6.844399999999999
4158,415.8,6.8446
4159,415.9,6.8448
4160,416.0,6.845
4161,416.1,6.8450999999999995
4162,416.2,6.8452
4163,416.3,6.8453
4164,416.4,6.8454
4165,416.5,6.8454999999999995
4166,416.6,6.8456
4167,416.7,6.8457
4168,416.8,6.8458
4169,416.9,6.8459
4170,417.0,6.846
4171,417.1,6.8458000000000006
4172,417.2,6.8456
4173,417.3,6.8454
4174,417.4,6.8452
4175,417.5,6.845000000000001
4176,417.6,6.8448
4177,417.7,6.844600000000001
4178,417.8,6.8444
4179,417.9,6.844200000000001
4180,418.0,6.844
4181,418.1,6.8436
4182,418.2,6.8432
4183,418.3,6.8428
4184,418.4,6.8424000000000005
4185,418.5,6.8420000000000005
4186,418.6,6.841600000000001
4187,418.7,6.841200000000001
4188,418.8,6.8408
4189,418.9,6.8404
4190,419.0,6.84
4191,419.1,6.8393999999999995
4192,419.2,6.8388
4193,419.3,6.8382
4194,419.4,6.8376
4195,419.5,6.837
4196,419.6,6.836399999999999
4197,419.7,6.8358
4198,419.8,6.8351999999999995
4199,419.9,6.8346
4200,420.0,6.834
4201,420.1,6.8332
4202,420.2,6.8324
4203,420.3,6.8316
4204,420.4,6.8308
4205,420.5,6.829999999999999
4206,420.6,6.829199999999999
4207,420.7,6.828399999999999
4208,420.8,6.8275999999999994
4209,420.9,6.8267999999999995
4210,421.0,6.826
4211,421.1,6.8251
4212,421.2,6.8242
4213,421.3,6.8233
4214,421.4,6.8224
4215,421.5,6.8215
4216,421.6,6.8206
4217,421.7,6.8197
4218,421.8,6.8188
4219,421.9,6.817900000000001
4220,422.0,6.817
4221,422.1,6.8159
4222,422.2,6.814800000000001
4223,422.3,6.8137
4224,422.4,6.812600000000001
4225,422.5,6.8115000000000006
4226,422.6,6.8104000000000005
4227,422.7,6.8093
4228,422.8,6.8082
4229,422.9,6.807100000000001
4230,423.0,6.806
4231,423.1,6.8047
4232,423.2,6.803400000000001
4233,423.3,6.802100000000001
4234,423.4,6.800800000000001
4235,423.5,6.799500000000001
4236,423.6,6.7982000000000005
4237,423.7,6.796900000000001
4238,423.8,6.7956
4239,423.9,6.794300000000001
4240,424.0,6.793000000000001
4241,424.1,6.7917000000000005
4242,424.2,6.790400000000001
4243,424.3,6.7891
4244,424.4,6.787800000000001
4245,424.5,6.7865
4246,424.6,6.785200000000001
4247,424.7,6.783900000000001
4248,424.8,6.7825999999999995
4249,424.9,6.7813
4250,425.0,6.78
4251,425.1,6.778600000000001
4252,425.2,6.7772
4253,425.3,6.7758
4254,425.4,6.7744
4255,425.5,6.773
4256,425.6,6.7716
4257,425.7,6.7702
4258,425.8,6.768800000000001
4259,425.9,6.767399999999999
4260,426.0,6.766
4261,426.1,6.764600000000001
4262,426.2,6.7632
4263,426.3,6.7618
4264,426.4,6.7604
4265,426.5,6.759
4266,426.6,6.7576
4267,426.7,6.7562
4268,426.8,6.7548
4269,426.9,6.7534
4270,427.0,6.752
4271,427.1,6.7506
4272,427.2,6.7492
4273,427.3,6.7478
4274,427.4,6.7464
4275,427.5,6.745000000000001
4276,427.6,6.743600000000001
4277,427.7,6.7422
4278,427.8,6.740800000000001
4279,427.9,6.739400000000001
4280,428.0,6.738
4281,428.1,6.736700000000001
4282,428.2,6.735400000000001
4283,428.3,6.734100000000001
4284,428.4,6.7328
4285,428.5,6.7315000000000005
4286,428.6,6.730200000000001
4287,428.7,6.728900000000001
4288,428.8,6.7276
4289,428.9,6.7263
4290,429.0,6.7250000000000005
4291,429.1,6.7237
4292,429.2,6.7224
4293,429.3,6.7211
4294,429.4,6.7198
4295,429.5,6.7185
4296,429.6,6.7172
4297,429.7,6.7159
4298,429.8,6.714599999999999
4299,429.9,6.713299999999999
4300,430.0,6.712
4301,430.1,6.7109
4302,430.2,6.7097999999999995
4303,430.3,6.708699999999999
4304,430.4,6.7076
4305,430.5,6.706499999999999
4306,430.6,6.705399999999999
4307,430.7,6.7043
4308,430.8,6.7032
4309,430.9,6.7021
4310,431.0,6.701
4311,431.1,6.7
4312,431.2,6.699
4313,431.3,6.6979999999999995
4314,431.4,6.697
4315,431.5,6.696
4316,431.6,6.694999999999999
4317,431.7,6.694
4318,431.8,6.6930000000000005
4319,431.9,6.692
4320,432.0,6.691
4321,432.1,6.6902
4322,432.2,6.6894
4323,432.3,6.6886
4324,432.4,6.6878
4325,432.5,6.687
4326,432.6,6.6862
4327,432.7,6.6854
4328,432.8,6.6846
4329,432.9,6.683800000000001
4330,433.0,6.683
4331,433.1,6.6823
4332,433.2,6.6816
4333,433.3,6.6809
4334,433.4,6.6802
4335,433.5,6.6795
4336,433.6,6.678800000000001
4337,433.7,6.678100000000001
4338,433.8,6.6774000000000004
4339,433.9,6.6767
4340,434.0,6.676000000000001
4341,434.1,6.6756
4342,434.2,6.6752
4343,434.3,6.6748
4344,434.4,6.6744
4345,434.5,6.674
4346,434.6,6.6735999999999995
4347,434.7,6.6732
4348,434.8,6.6728
4349,434.9,6.6724
4350,435.0,6.672
4351,435.1,6.6716999999999995
4352,435.2,6.671399999999999
4353,435.3,6.6711
4354,435.4,6.6708
4355,435.5,6.6705
4356,435.6,6.6701999999999995
4357,435.7,6.669899999999999
4358,435.8,6.6696
4359,435.9,6.6693
4360,436.0,6.669
4361,436.1,6.669
4362,436.2,6.669
4363,436.3,6.669
4364,436.4,6.669
4365,436.5,6.669
4366,436.6,6.669
4367,436.7,6.669
4368,436.8,6.669
4369,436.9,6.669
4370,437.0,6.669
4371,437.1,6.6692
4372,437.2,6.6693999999999996
4373,437.3,6.6696
4374,437.4,6.6697999999999995
4375,437.5,6.67
4376,437.6,6.6701999999999995
4377,437.7,6.6704
4378,437.8,6.6706
4379,437.9,6.6708
4380,438.0,6.671
4381,438.1,6.6715
4382,438.2,6.672
4383,438.3,6.6725
4384,438.4,6.673
4385,438.5,6.6735
4386,438.6,6.6739999999999995
4387,438.7,6.6745
4388,438.8,6.675
4389,438.9,6.6754999999999995
4390,439.0,6.676
4391,439.1,6.6766000000000005
4392,439.2,6.6772
4393,439.3,6.6778
4394,439.4,6.6784
4395,439.5,6.679
4396,439.6,6.679600000000001
4397,439.7,6.6802
4398,439.8,6.6808000000000005
4399,439.9,6.6814
4400,440.0,6.682
4401,440.1,6.6828
4402,440.2,6.6836
4403,440.3,6.6844
4404,440.4,6.6852
4405,440.5,6.686000000000001
4406,440.6,6.686800000000001
4407,440.7,6.687600000000001
4408,440.8,6.688400000000001
4409,440.9,6.6892000000000005
4410,441.0,6.69
4411,441.1,6.6909
4412,441.2,6.6918
4413,441.3,6.6927
4414,441.4,6.6936
4415,441.5,6.6945
4416,441.6,6.6954
4417,441.7,6.6963
4418,441.8,6.6972
4419,441.9,6.698099999999999
4420,442.0,6.699
4421,442.1,6.7001
4422,442.2,6.701199999999999
4423,442.3,6.7023
4424,442.4,6.703399999999999
4425,442.5,6.7044999999999995
4426,442.6,6.7056
4427,442.7,6.7067
4428,442.8,6.7078
4429,442.9,6.708899999999999
4430,443.0,6.71
4431,443.1,6.7112
4432,443.2,6.7124
4433,443.3,6.7136
4434,443.4,6.7148
4435,443.5,6.716
4436,443.6,6.717199999999999
4437,443.7,6.718399999999999
4438,443.8,6.7196
4439,443.9,6.7208
4440,444.0,6.7219999999999995
4441,444.1,6.7233
4442,444.2,6.7246
4443,444.3,6.7259
4444,444.4,6.7272
4445,444.5,6.7285
4446,444.6,6.7298
4447,444.7,6.7311
4448,444.8,6.732400000000001
4449,444.9,6.733700000000001
4450,445.0,6.735
4451,445.1,6.7362
4452,445.2,6.737400000000001
4453,445.3,6.7386
4454,445.4,6.7398
4455,445.5,6.7410000000000005
4456,445.6,6.7422
4457,445.7,6.7434
4458,445.8,6.744599999999999
4459,445.9,6.7458
4460,446.0,6.747
4461,446.1,6.7482999999999995
4462,446.2,6.749599999999999
4463,446.3,6.7509
4464,446.4,6.752199999999999
4465,446.5,6.753499999999999
4466,446.6,6.7548
4467,446.7,6.7561
4468,446.8,6.7574
4469,446.9,6.758699999999999
4470,447.0,6.76
4471,447.1,6.761299999999999
4472,447.2,6.762599999999999
4473,447.3,6.7639
4474,447.4,6.765199999999999
4475,447.5,6.766499999999999
4476,447.6,6.767799999999999
4477,447.7,6.7691
4478,447.8,6.7703999999999995
4479,447.9,6.771699999999999
4480,448.0,6.773
4481,448.1,6.7741
4482,448.2,6.775199999999999
4483,448.3,6.776299999999999
4484,448.4,6.777399999999999
4485,448.5,6.778499999999999
4486,448.6,6.779599999999999
4487,448.7,6.780699999999999
4488,448.8,6.7818
4489,448.9,6.782899999999999
4490,449.0,6.783999999999999
4491,449.1,6.7851
4492,449.2,6.786199999999999
4493,449.3,6.787299999999999
4494,449.4,6.788399999999999
4495,449.5,6.7895
4496,449.6,6.7905999999999995
4497,449.7,6.7917
4498,449.8,6.792800000000001
4499,449.9,6.7939
4500,450.0,6.795
4501,450.1,6.7959
4502,450.2,6.7968
4503,450.3,6.7977
4504,450.4,6.7985999999999995
4505,450.5,6.7995
4506,450.6,6.800400000000001
4507,450.7,6.8013
4508,450.8,6.8022
4509,450.9,6.803100000000001
4510,451.0,6.804
4511,451.1,6.8048
4512,451.2,6.8056
4513,451.3,6.8064
4514,451.4,6.8072
4515,451.5,6.808
4516,451.6,6.808800000000001
4517,451.7,6.8096000000000005
4518,451.8,6.8104000000000005
4519,451.9,6.8111999999999995
4520,452.0,6.812
4521,452.1,6.8126
4522,452.2,6.8132
4523,452.3,6.8138000000000005
4524,452.4,6.8144
4525,452.5,6.8149999999999995
4526,452.6,6.8156
4527,452.7,6.816199999999999
4528,452.8,6.8168
4529,452.9,6.817399999999999
4530,453.0,6.818
4531,453.1,6.8184
4532,453.2,6.8187999999999995
4533,453.3,6.8191999999999995
4534,453.4,6.819599999999999
4535,453.5,6.819999999999999
4536,453.6,6.820399999999999
4537,453.7,6.820799999999999
4538,453.8,6.8212
4539,453.9,6.8216
4540,454.0,6.822
4541,454.1,6.8222
4542,454.2,6.8224
4543,454.3,6.8225999999999996
4544,454.4,6.8228
4545,454.5,6.823
4546,454.6,6.8232
4547,454.7,6.8233999999999995
4548,454.8,6.8236
4549,454.9,6.8238
4550,455.0,6.824
4551,455.1,6.824
4552,455.2,6.824
4553,455.3,6.824
4554,455.4,6.824
4555,455.5,6.824
4556,455.6,6.824
4557,455.7,6.824
4558,455.8,6.824
4559,455.9,6.824
4560,456.0,6.824
4561,456.1,6.8238
4562,456.2,6.8236
4563,456.3,6.8233999999999995
4564,456.4,6.8232
4565,456.5,6.823
4566,456.6,6.8228
4567,456.7,6.8226
4568,456.8,6.8224
4569,456.9,6.8222000000000005
4570,457.0,6.822
4571,457.1,6.8216
4572,457.2,6.8212
4573,457.3,6.8208
4574,457.4,6.8204
4575,457.5,6.82
4576,457.6,6.8196
4577,457.7,6.8191999999999995
4578,457.8,6.8187999999999995
4579,457.9,6.8184
4580,458.0,6.818
4581,458.1,6.8175
4582,458.2,6.817
4583,458.3,6.8165
4584,458.4,6.816
4585,458.5,6.8155
4586,458.6,6.815
4587,458.7,6.8145
4588,458.8,6.814
4589,458.9,6.8135
4590,459.0,6.813
4591,459.1,6.8123
4592,459.2,6.8116
4593,459.3,6.8109
4594,459.4,6.8102
4595,459.5,6.8095
4596,459.6,6.8088
4597,459.7,6.8081000000000005
4598,459.8,6.8073999999999995
4599,459.9,6.8067
4600,460.0,6.806
4601,460.1,6.8051
4602,460.2,6.8042
4603,460.3,6.8033
4604,460.4,6.8024000000000004
4605,460.5,6.8015
4606,460.6,6.800599999999999
4607,460.7,6.7997
4608,460.8,6.7988
4609,460.9,6.797899999999999
4610,461.0,6.797
4611,461.1,6.7961
4612,461.2,6.7952
4613,461.3,6.7943
4614,461.4,6.7934
4615,461.5,6.7925
4616,461.6,6.7916
4617,461.7,6.7907
4618,461.8,6.7898000000000005
4619,461.9,6.788900000000001
4620,462.0,6.788
4621,462.1,6.787000000000001
4622,462.2,6.7860000000000005
4623,462.3,6.785
4624,462.4,6.784
4625,462.5,6.783
4626,462.6,6.782
4627,462.7,6.781
4628,462.8,6.78
4629,462.9,6.779
4630,463.0,6.778
4631,463.1,6.777
4632,463.2,6.776
4633,463.3,6.775
4634,463.4,6.774
4635,463.5,6.773
4636,463.6,6.772
4637,463.7,6.771000000000001
4638,463.8,6.7700000000000005
4639,463.9,6.769
4640,464.0,6.768000000000001
4641,464.1,6.767
4642,464.2,6.766
4643,464.3,6.765000000000001
4644,464.4,6.764
4645,464.5,6.763
4646,464.6,6.7620000000000005
4647,464.7,6.761
4648,464.8,6.76
4649,464.9,6.7589999999999995
4650,465.0,6.758
4651,465.1,6.757000000000001
4652,465.2,6.755999999999999
4653,465.3,6.755
4654,465.4,6.7540000000000004
4655,465.5,6.753
4656,465.6,6.752
4657,465.7,6.751
4658,465.8,6.750000000000001
4659,465.9,6.749
4660,466.0,6.748
4661,466.1,6.747000000000001
4662,466.2,6.746
4663,466.3,6.745
4664,466.4,6.744000000000001
4665,466.5,6.743
4666,466.6,6.742
4667,466.7,6.7410000000000005
4668,466.8,6.740000000000001
4669,466.9,6.739000000000001
4670,467.0,6.738
4671,467.1,6.737100000000001
4672,467.2,6.736200000000001
4673,467.3,6.7353000000000005
4674,467.4,6.734400000000001
4675,467.5,6.7335
4676,467.6,6.732600000000001
4677,467.7,6.7317
4678,467.8,6.7308
4679,467.9,6.729900000000001
4680,468.0,6.729
4681,468.1,6.7282
4682,468.2,6.7274
4683,468.3,6.7266
4684,468.4,6.7258000000000004
4685,468.5,6.7250000000000005
4686,468.6,6.724200000000001
4687,468.7,6.723400000000001
4688,468.8,6.7226
4689,468.9,6.721800000000001
4690,469.0,6.721000000000001
4691,469.1,6.7203
4692,469.2,6.719600000000001
4693,469.3,6.7189000000000005
4694,469.4,6.7182
4695,469.5,6.7175
4696,469.6,6.7168
4697,469.7,6.716100000000001
4698,469.8,6.7154
4699,469.9,6.714700000000001
4700,470.0,6.714
4701,470.1,6.713400000000001
4702,470.2,6.7128000000000005
4703,470.3,6.7122
4704,470.4,6.711600000000001
4705,470.5,6.711
4706,470.6,6.7104
4707,470.7,6.7098
4708,470.8,6.7092
4709,470.9,6.7086
4710,471.0,6.708
4711,471.1,6.7076
4712,471.2,6.7072
4713,471.3,6.7068
4714,471.4,6.7064
4715,471.5,6.706
4716,471.6,6.7056
4717,471.7,6.7052
4718,471.8,6.7048
4719,471.9,6.7044
4720,472.0,6.704
4721,472.1,6.7036999999999995
4722,472.2,6.7034
4723,472.3,6.7031
4724,472.4,6.7028
4725,472.5,6.7025
4726,472.6,6.7021999999999995
4727,472.7,6.701899999999999
4728,472.8,6.7016
4729,472.9,6.7013
4730,473.0,6.701
4731,473.1,6.7008
4732,473.2,6.7006
4733,473.3,6.7004
4734,473.4,6.7002
4735,473.5,6.7
4736,473.6,6.6998
4737,473.7,6.6996
4738,473.8,6.6994
4739,473.9,6.6992
4740,474.0,6.699
4741,474.1,6.699
4742,474.2,6.699
4743,474.3,6.699
4744,474.4,6.699
4745,474.5,6.699
4746,474.6,6.699
4747,474.7,6.699
4748,474.8,6.699
4749,474.9,6.699
4750,475.0,6.699
4751,475.1,6.6991
4752,475.2,6.6992
4753,475.3,6.6993
4754,475.4,6.6994
4755,475.5,6.6995000000000005
4756,475.6,6.6996
4757,475.7,6.6997
4758,475.8,6.6998
4759,475.9,6.6999
4760,476.0,6.7
4761,476.1,6.7003
4762,476.2,6.7006
4763,476.3,6.7009
4764,476.4,6.7012
4765,476.5,6.7015
4766,476.6,6.7018
4767,476.7,6.702100000000001
4768,476.8,6.7024
4769,476.9,6.7027
4770,477.0,6.703
4771,477.1,6.7034
4772,477.2,6.7038
4773,477.3,6.7042
4774,477.4,6.7046
4775,477.5,6.705
4776,477.6,6.7054
4777,477.7,6.7058
4778,477.8,6.7062
4779,477.9,6.7066
4780,478.0,6.707
4781,478.1,6.7075
4782,478.2,6.707999999999999
4783,478.3,6.7085
4784,478.4,6.709
4785,478.5,6.709499999999999
4786,478.6,6.709999999999999
4787,478.7,6.7105
4788,478.8,6.710999999999999
4789,478.9,6.711499999999999
4790,479.0,6.712
4791,479.1,6.7126
4792,479.2,6.7132
4793,479.3,6.7138
4794,479.4,6.7143999999999995
4795,479.5,6.715
4796,479.6,6.7156
4797,479.7,6.7162
4798,479.8,6.7168
4799,479.9,6.7174
4800,480.0,6.718
4801,480.1,6.7187
4802,480.2,6.7194
4803,480.3,6.7200999999999995
4804,480.4,6.7208
4805,480.5,6.7215
4806,480.6,6.7222
4807,480.7,6.7229
4808,480.8,6.723599999999999
4809,480.9,6.7242999999999995
4810,481.0,6.725
4811,481.1,6.7257
4812,481.2,6.7264
4813,481.3,6.7271
4814,481.4,6.727799999999999
4815,481.5,6.7284999999999995
4816,481.6,6.7292000000000005
4817,481.7,6.7299
4818,481.8,6.7306
4819,481.9,6.7313
4820,482.0,6.732
4821,482.1,6.7328
4822,482.2,6.7336
4823,482.3,6.7344
4824,482.4,6.7352
4825,482.5,6.736
4826,482.6,6.7368
4827,482.7,6.7376000000000005
4828,482.8,6.7384
4829,482.9,6.739199999999999
4830,483.0,6.74
4831,483.1,6.7408
4832,483.2,6.7416
4833,483.3,6.7424
4834,483.4,6.7432
4835,483.5,6.744
4836,483.6,6.7448
4837,483.7,6.7456000000000005
4838,483.8,6.7464
4839,483.9,6.747199999999999
4840,484.0,6.747999999999999
4841,484.1,6.7489
4842,484.2,6.7498
4843,484.3,6.750699999999999
4844,484.4,6.7516
4845,484.5,6.7524999999999995
4846,484.6,6.7534
4847,484.7,6.7543
4848,484.8,6.7552
4849,484.9,6.7561
4850,485.0,6.757
4851,485.1,6.7578
4852,485.2,6.7585999999999995
4853,485.3,6.759399999999999
4854,485.4,6.760199999999999
4855,485.5,6.761
4856,485.6,6.7618
4857,485.7,6.7626
4858,485.8,6.7634
4859,485.9,6.7642
4860,486.0,6.765
4861,486.1,6.7658
4862,486.2,6.7665999999999995
4863,486.3,6.767399999999999
4864,486.4,6.768199999999999
4865,486.5,6.768999999999999
4866,486.6,6.7698
4867,486.7,6.7706
4868,486.8,6.7714
4869,486.9,6.772199999999999
4870,487.0,6.773
4871,487.1,6.7737
4872,487.2,6.774399999999999
4873,487.3,6.7751
4874,487.4,6.775799999999999
4875,487.5,6.7764999999999995
4876,487.6,6.7772
4877,487.7,6.7779
4878,487.8,6.7786
4879,487.9,6.7793
4880,488.0,6.78
4881,488.1,6.7808
4882,488.2,6.7816
4883,488.3,6.7824
4884,488.4,6.7832
4885,488.5,6.784
4886,488.6,6.7848
4887,488.7,6.7856000000000005
4888,488.8,6.7864
4889,488.9,6.7871999999999995
4890,489.0,6.787999999999999
4891,489.1,6.7886
4892,489.2,6.7892
4893,489.3,6.7898
4894,489.4,6.7904
4895,489.5,6.791
4896,489.6,6.7916
4897,489.7,6.792199999999999
4898,489.8,6.7928
4899,489.9,6.7934
4900,490.0,6.794
4901,490.1,6.794499999999999
4902,490.2,6.795
4903,490.3,6.7955
4904,490.4,6.796
4905,490.5,6.7965
4906,490.6,6.797
4907,490.7,6.7975
4908,490.8,6.798
4909,490.9,6.798500000000001
4910,491.0,6.799
4911,491.1,6.7995
4912,491.2,6.800000000000001
4913,491.3,6.8005
4914,491.4,6.801
4915,491.5,6.8015
4916,491.6,6.8020000000000005
4917,491.7,6.8025
4918,491.8,6.803
4919,491.9,6.8035
4920,492.0,6.804
4921,492.1,6.8043000000000005
4922,492.2,6.8046
4923,492.3,6.8049
4924,492.4,6.8052
4925,492.5,6.8055
4926,492.6,6.8058000000000005
4927,492.7,6.806100000000001
4928,492.8,6.8064
4929,492.9,6.8067
4930,493.0,6.807
4931,493.1,6.8072
4932,493.2,6.8074
4933,493.3,6.8076
4934,493.4,6.8078
4935,493.5,6.808
4936,493.6,6.8082
4937,493.7,6.8084
4938,493.8,6.8086
4939,493.9,6.8088
4940,494.0,6.809
4941,494.1,6.8092
4942,494.2,6.8094
4943,494.3,6.8096
4944,494.4,6.8098
4945,494.5,6.81
4946,494.6,6.8102
4947,494.7,6.8104
4948,494.8,6.8106
4949,494.9,6.8108
4950,495.0,6.811
4951,495.1,6.8109
4952,495.2,6.8107999999999995
4953,495.3,6.8107
4954,495.4,6.8106
4955,495.5,6.810499999999999
4956,495.6,6.8104
4957,495.7,6.8103
4958,495.8,6.8102
4959,495.9,6.810099999999999
4960,496.0,6.81
4961,496.1,6.8099
4962,496.2,6.8098
4963,496.3,6.809699999999999
4964,496.4,6.8096
4965,496.5,6.8095
4966,496.6,6.8094
4967,496.7,6.8093
4968,496.8,6.8092
4969,496.9,6.8091
4970,497.0,6.809
4971,497.1,6.808800000000001
4972,497.2,6.8086
4973,497.3,6.8084
4974,497.4,6.8082
4975,497.5,6.808000000000001
4976,497.6,6.8078
4977,497.7,6.807600000000001
4978,497.8,6.8074
4979,497.9,6.807200000000001
4980,498.0,6.807
4981,498.1,6.8066
4982,498.2,6.8062000000000005
4983,498.3,6.8058000000000005
4984,498.4,6.805400000000001
4985,498.5,6.805000000000001
4986,498.6,6.804600000000001
4987,498.7,6.8042
4988,498.8,6.8038
4989,498.9,6.8034
4990,499.0,6.803
4991,499.1,6.8025
4992,499.2,6.8020000000000005
4993,499.3,6.8015
4994,499.4,6.801
4995,499.5,6.8004999999999995
4996,499.6,6.8
4997,499.7,6.7995
4998,499.8,6.7989999999999995
4999,499.9,6.7985
5000,500.0,6.798
5001,500.1,6.7975
5002,500.2,6.797
5003,500.3,6.7965
5004,500.4,6.796
5005,500.5,6.7955
5006,500.6,6.795
5007,500.7,6.7945
5008,500.8,6.7940000000000005
5009,500.9,6.7935
5010,501.0,6.793
5011,501.1,6.7923
5012,501.2,6.7916
5013,501.3,6.7909
5014,501.4,6.7902000000000005
5015,501.5,6.7895
5016,501.6,6.788799999999999
5017,501.7,6.7881
5018,501.8,6.7874
5019,501.9,6.7867
5020,502.0,6.786
5021,502.1,6.7852
5022,502.2,6.7844
5023,502.3,6.7836
5024,502.4,6.7828
5025,502.5,6.782
5026,502.6,6.7812
5027,502.7,6.780399999999999
5028,502.8,6.779599999999999
5029,502.9,6.7788
5030,503.0,6.778
5031,503.1,6.7772
5032,503.2,6.7764
5033,503.3,6.7756
5034,503.4,6.7748
5035,503.5,6.774
5036,503.6,6.7732
5037,503.7,6.772399999999999
5038,503.8,6.771599999999999
5039,503.9,6.7708
5040,504.0,6.7700000000000005
5041,504.1,6.7692
5042,504.2,6.7684
5043,504.3,6.7676
5044,504.4,6.7668
5045,504.5,6.766
5046,504.6,6.7652
5047,504.7,6.7644
5048,504.8,6.763599999999999
5049,504.9,6.7627999999999995
5050,505.0,6.762
5051,505.1,6.7611
5052,505.2,6.760199999999999
5053,505.3,6.7593
5054,505.4,6.7584
5055,505.5,6.757499999999999
5056,505.6,6.7566
5057,505.7,6.7557
5058,505.8,6.7548
5059,505.9,6.7539
5060,506.0,6.753
5061,506.1,6.7521
5062,506.2,6.7512
5063,506.3,6.7503
5064,506.4,6.7494000000000005
5065,506.5,6.7485
5066,506.6,6.747599999999999
5067,506.7,6.7467
5068,506.8,6.7458
5069,506.9,6.7449
5070,507.0,6.744
5071,507.1,6.7431
5072,507.2,6.7422
5073,507.3,6.7413
5074,507.4,6.7404
5075,507.5,6.7395000000000005
5076,507.6,6.738600000000001
5077,507.7,6.7377
5078,507.8,6.736800000000001
5079,507.9,6.735900000000001
5080,508.0,6.735
5081,508.1,6.734100000000001
5082,508.2,6.733200000000001
5083,508.3,6.7323
5084,508.4,6.731400000000001
5085,508.5,6.7305
5086,508.6,6.7296000000000005
5087,508.7,6.7287
5088,508.8,6.7278
5089,508.9,6.7269000000000005
5090,509.0,6.726000000000001
5091,509.1,6.7252
5092,509.2,6.7244
5093,509.3,6.7236
5094,509.4,6.7228
5095,509.5,6.7219999999999995
5096,509.6,6.7212000000000005
5097,509.7,6.720400000000001
5098,509.8,6.7196
5099,509.9,6.7188
5100,510.0,6.718
5101,510.1,6.7172
5102,510.2,6.7164
5103,510.3,6.7156
5104,510.4,6.7148
5105,510.5,6.7139999999999995
5106,510.6,6.7132
5107,510.7,6.7124
5108,510.8,6.7116
5109,510.9,6.7108
5110,511.0,6.71
5111,511.1,6.7093
5112,511.2,6.7086
5113,511.3,6.7079
5114,511.4,6.7072
5115,511.5,6.7065
5116,511.6,6.7058
5117,511.7,6.7051
5118,511.8,6.704400000000001
5119,511.9,6.7037
5120,512.0,6.703
5121,512.1,6.702400000000001
5122,512.2,6.7018
5123,512.3,6.7012
5124,512.4,6.7006000000000006
5125,512.5,6.7
5126,512.6,6.699400000000001
5127,512.7,6.6988
5128,512.8,6.6982
5129,512.9,6.6976
5130,513.0,6.697
5131,513.1,6.6965
5132,513.2,6.696000000000001
5133,513.3,6.6955
5134,513.4,6.695
5135,513.5,6.694500000000001
5136,513.6,6.694000000000001
5137,513.7,6.6935
5138,513.8,6.6930000000000005
5139,513.9,6.692500000000001
5140,514.0,6.692
5141,514.1,6.6917
5142,514.2,6.6914
5143,514.3,6.6911000000000005
5144,514.4,6.6908
5145,514.5,6.6905
5146,514.6,6.6902
5147,514.7,6.6899
5148,514.8,6.6896
5149,514.9,6.6893
5150,515.0,6.689
5151,515.1,6.6888000000000005
5152,515.2,6.6886
5153,515.3,6.6884
5154,515.4,6.6882
5155,515.5,6.688
5156,515.6,6.6878
5157,515.7,6.687600000000001
5158,515.8,6.6874
5159,515.9,6.6872
5160,516.0,6.687
5161,516.1,6.6869000000000005
5162,516.2,6.6868
5163,516.3,6.6867
5164,516.4,6.6866
5165,516.5,6.6865000000000006
5166,516.6,6.6864
5167,516.7,6.6863
5168,516.8,6.6862
5169,516.9,6.6861
5170,517.0,6.686
5171,517.1,6.6861
5172,517.2,6.6862
5173,517.3,6.6863
5174,517.4,6.6864
5175,517.5,6.6865
5176,517.6,6.6866
5177,517.7,6.6867
5178,517.8,6.6868
5179,517.9,6.6869000000000005
5180,518.0,6.687
5181,518.1,6.6873000000000005
5182,518.2,6.6876
5183,518.3,6.6879
5184,518.4,6.6882
5185,518.5,6.6885
5186,518.6,6.6888000000000005
5187,518.7,6.689100000000001
5188,518.8,6.6894
5189,518.9,6.6897
5190,519.0,6.69
5191,519.1,6.6904
5192,519.2,6.6908
5193,519.3,6.6912
5194,519.4,6.6916
5195,519.5,6.692
5196,519.6,6.6924
5197,519.7,6.6928
5198,519.8,6.6932
5199,519.9,6.6936
5200,520.0,6.694
5201,520.1,6.6945
5202,520.2,6.695
5203,520.3,6.6955
5204,520.4,6.696
5205,520.5,6.6965
5206,520.6,6.697
5207,520.7,6.6975
5208,520.8,6.6979999999999995
5209,520.9,6.6985
5210,521.0,6.699
5211,521.1,6.6998
5212,521.2,6.7006
5213,521.3,6.7014
5214,521.4,6.7021999999999995
5215,521.5,6.702999999999999
5216,521.6,6.7038
5217,521.7,6.7046
5218,521.8,6.7054
5219,521.9,6.706199999999999
5220,522.0,6.707
5221,522.1,6.7078
5222,522.2,6.7086
5223,522.3,6.7094
5224,522.4,6.7101999999999995
5225,522.5,6.710999999999999
5226,522.6,6.711799999999999
5227,522.7,6.7126
5228,522.8,6.7134
5229,522.9,6.714199999999999
5230,523.0,6.715
5231,523.1,6.715999999999999
5232,523.2,6.717
5233,523.3,6.717999999999999
5234,523.4,6.718999999999999
5235,523.5,6.72
5236,523.6,6.720999999999999
5237,523.7,6.7219999999999995
5238,523.8,6.722999999999999
5239,523.9,6.723999999999999
5240,524.0,6.724999999999999
5241,524.1,6.726
5242,524.2,6.726999999999999
5243,524.3,6.728
5244,524.4,6.728999999999999
5245,524.5,6.73
5246,524.6,6.731
5247,524.7,6.732
5248,524.8,6.7330000000000005
5249,524.9,6.734
5250,525.0,6.735
5251,525.1,6.7362
5252,525.2,6.737400000000001
5253,525.3,6.7386
5254,525.4,6.7398
5255,525.5,6.7410000000000005
5256,525.6,6.7422
5257,525.7,6.7434
5258,525.8,6.744599999999999
5259,525.9,6.7458
5260,526.0,6.747
5261,526.1,6.7481
5262,526.2,6.7492
5263,526.3,6.7503
5264,526.4,6.751399999999999
5265,526.5,6.7524999999999995
5266,526.6,6.7536000000000005
5267,526.7,6.7547
5268,526.8,6.7558
5269,526.9,6.756899999999999
5270,527.0,6.758
5271,527.1,6.7592
5272,527.2,6.7604
5273,527.3,6.7616
5274,527.4,6.7627999999999995
5275,527.5,6.763999999999999
5276,527.6,6.765199999999999
5277,527.7,6.7664
5278,527.8,6.767599999999999
5279,527.9,6.768799999999999
5280,528.0,6.77
5281,528.1,6.771199999999999
5282,528.2,6.772399999999999
5283,528.3,6.773599999999999
5284,528.4,6.7748
5285,528.5,6.776
5286,528.6,6.777199999999999
5287,528.7,6.7783999999999995
5288,528.8,6.779599999999999
5289,528.9,6.780799999999999
5290,529.0,6.781999999999999
5291,529.1,6.7832
5292,529.2,6.7844
5293,529.3,6.7856
5294,529.4,6.7867999999999995
5295,529.5,6.788
5296,529.6,6.789199999999999
5297,529.7,6.790399999999999
5298,529.8,6.7916
5299,529.9,6.7928
5300,530.0,6.794
5301,530.1,6.7951
5302,530.2,6.7962
5303,530.3,6.7973
5304,530.4,6.798399999999999
5305,530.5,6.7995
5306,530.6,6.8006
5307,530.7,6.801699999999999
5308,530.8,6.8027999999999995
5309,530.9,6.8039
5310,531.0,6.805
5311,531.1,6.805899999999999
5312,531.2,6.8068
5313,531.3,6.8077
5314,531.4,6.808599999999999
5315,531.5,6.8095
5316,531.6,6.8104000000000005
5317,531.7,6.8113
5318,531.8,6.8122
5319,531.9,6.8130999999999995
5320,532.0,6.814
5321,532.1,6.8149
5322,532.2,6.815799999999999
5323,532.3,6.8167
5324,532.4,6.8176
5325,532.5,6.8185
5326,532.6,6.8194
5327,532.7,6.8203000000000005
5328,532.8,6.8212
5329,532.9,6.8221
5330,533.0,6.823
5331,533.1,6.8237000000000005
5332,533.2,6.8244
5333,533.3,6.8251
5334,533.4,6.8258
5335,533.5,6.8265
5336,533.6,6.8271999999999995
5337,533.7,6.8279000000000005
5338,533.8,6.8286
5339,533.9,6.8293
5340,534.0,6.829999999999999
5341,534.1,6.8305
5342,534.2,6.8309999999999995
5343,534.3,6.8315
5344,534.4,6.832
5345,534.5,6.8325
5346,534.6,6.833
5347,534.7,6.8335
5348,534.8,6.8340000000000005
5349,534.9,6.8345
5350,535.0,6.835
5351,535.1,6.8354
5352,535.2,6.8358
5353,535.3,6.8362
5354,535.4,6.8366
5355,535.5,6.837000000000001
5356,535.6,6.837400000000001
5357,535.7,6.8378000000000005
5358,535.8,6.8382000000000005
5359,535.9,6.8386000000000005
5360,536.0,6.839
5361,536.1,6.8391
5362,536.2,6.8392
5363,536.3,6.839300000000001
5364,536.4,6.8394
5365,536.5,6.8395
5366,536.6,6.8396
5367,536.7,6.8397
5368,536.8,6.8398
5369,536.9,6.8399
5370,537.0,6.84
5371,537.1,6.8399
5372,537.2,6.8398
5373,537.3,6.8397
5374,537.4,6.8396
5375,537.5,6.8395
5376,537.6,6.8394
5377,537.7,6.839300000000001
5378,537.8,6.8392
5379,537.9,6.8391
5380,538.0,6.839
5381,538.1,6.8387
5382,538.2,6.838400000000001
5383,538.3,6.838100000000001
5384,538.4,6.8378000000000005
5385,538.5,6.8375
5386,538.6,6.8372
5387,538.7,6.8369
5388,538.8,6.836600000000001
5389,538.9,6.8363000000000005
5390,539.0,6.836
5391,539.1,6.835500000000001
5392,539.2,6.835000000000001
5393,539.3,6.8345
5394,539.4,6.8340000000000005
5395,539.5,6.833500000000001
5396,539.6,6.833
5397,539.7,6.8325000000000005
5398,539.8,6.832
5399,539.9,6.8315
5400,540.0,6.831
5401,540.1,6.830400000000001
5402,540.2,6.8298000000000005
5403,540.3,6.8292
5404,540.4,6.828600000000001
5405,540.5,6.828
5406,540.6,6.8274
5407,540.7,6.8268
5408,540.8,6.8262
5409,540.9,6.8256
5410,541.0,6.825
5411,541.1,6.8241000000000005
5412,541.2,6.8232
5413,541.3,6.8223
5414,541.4,6.821400000000001
5415,541.5,6.8205
5416,541.6,6.819599999999999
5417,541.7,6.8187
5418,541.8,6.8178
5419,541.9,6.8169
5420,542.0,6.816
5421,542.1,6.815
5422,542.2,6.814
5423,542.3,6.813
5424,542.4,6.812
5425,542.5,6.811
5426,542.6,6.8100000000000005
5427,542.7,6.809
5428,542.8,6.808000000000001
5429,542.9,6.807
5430,543.0,6.806
5431,543.1,6.8049
5432,543.2,6.803800000000001
5433,543.3,6.802700000000001
5434,543.4,6.8016000000000005
5435,543.5,6.8005
5436,543.6,6.7994
5437,543.7,6.7983
5438,543.8,6.7972
5439,543.9,6.796100000000001
5440,544.0,6.795000000000001
5441,544.1,6.7938
5442,544.2,6.7926
5443,544.3,6.7914
5444,544.4,6.7902000000000005
5445,544.5,6.789
5446,544.6,6.787800000000001
5447,544.7,6.786600000000001
5448,544.8,6.7854
5449,544.9,6.7842
5450,545.0,6.783
5451,545.1,6.781700000000001
5452,545.2,6.7804
5453,545.3,6.7791
5454,545.4,6.7778
5455,545.5,6.7764999999999995
5456,545.6,6.7752
5457,545.7,6.7739
5458,545.8,6.7726
5459,545.9,6.771299999999999
5460,546.0,6.77
5461,546.1,6.7687
5462,546.2,6.767399999999999
5463,546.3,6.7661
5464,546.4,6.7648
5465,546.5,6.7635000000000005
5466,546.6,6.762199999999999
5467,546.7,6.7608999999999995
5468,546.8,6.7596
5469,546.9,6.7583
5470,547.0,6.757
5471,547.1,6.7557
5472,547.2,6.7544
5473,547.3,6.7531
5474,547.4,6.7518
5475,547.5,6.750500000000001
5476,547.6,6.7492
5477,547.7,6.7479
5478,547.8,6.7466
5479,547.9,6.7453
5480,548.0,6.744
5481,548.1,6.7427
5482,548.2,6.7414000000000005
5483,548.3,6.740100000000001
5484,548.4,6.7388
5485,548.5,6.737500000000001
5486,548.6,6.7362
5487,548.7,6.7349
5488,548.8,6.7336
5489,548.9,6.7323
5490,549.0,6.731000000000001
5491,549.1,6.7298
5492,549.2,6.7286
5493,549.3,6.7274
5494,549.4,6.7262
5495,549.5,6.725
5496,549.6,6.723800000000001
5497,549.7,6.722600000000001
5498,549.8,6.7214
5499,549.9,6.7202
5500,550.0,6.719
5501,550.1,6.7179
5502,550.2,6.7168
5503,550.3,6.7157
5504,550.4,6.714600000000001
5505,550.5,6.7135
5506,550.6,6.7124
5507,550.7,6.7113000000000005
5508,550.8,6.7102
5509,550.9,6.7091
5510,551.0,6.708
5511,551.1,6.707000000000001
5512,551.2,6.7059999999999995
5513,551.3,6.705
5514,551.4,6.704000000000001
5515,551.5,6.703
5516,551.6,6.702
5517,551.7,6.7010000000000005
5518,551.8,6.700000000000001
5519,551.9,6.699000000000001
5520,552.0,6.698
5521,552.1,6.697100000000001
5522,552.2,6.696200000000001
5523,552.3,6.6953000000000005
5524,552.4,6.694400000000001
5525,552.5,6.6935
5526,552.6,6.6926000000000005
5527,552.7,6.6917
5528,552.8,6.6908
5529,552.9,6.689900000000001
5530,553.0,6.689
5531,553.1,6.688400000000001
5532,553.2,6.6878
5533,553.3,6.687200000000001
5534,553.4,6.6866
5535,553.5,6.686
5536,553.6,6.6854000000000005
5537,553.7,6.6848
5538,553.8,6.6842
5539,553.9,6.6836
5540,554.0,6.683
5541,554.1,6.6823999999999995
5542,554.2,6.6818
5543,554.3,6.6812
5544,554.4,6.6806
5545,554.5,6.68
5546,554.6,6.679399999999999
5547,554.7,6.6788
5548,554.8,6.6781999999999995
5549,554.9,6.6776
5550,555.0,6.677
5551,555.1,6.676699999999999
5552,555.2,6.676399999999999
5553,555.3,6.6761
5554,555.4,6.6758
5555,555.5,6.6754999999999995
5556,555.6,6.6752
5557,555.7,6.6749
5558,555.8,6.6746
5559,555.9,6.674300000000001
5560,556.0,6.674
5561,556.1,6.6738
5562,556.2,6.6736
5563,556.3,6.6734
5564,556.4,6.6732000000000005
5565,556.5,6.673
5566,556.6,6.6728
5567,556.7,6.6726
5568,556.8,6.6724
5569,556.9,6.6722
5570,557.0,6.672
5571,557.1,6.6720999999999995
5572,557.2,6.6722
5573,557.3,6.6723
5574,557.4,6.6724
5575,557.5,6.672499999999999
5576,557.6,6.6726
5577,557.7,6.6727
5578,557.8,6.6728
5579,557.9,6.6729
5580,558.0,6.673
5581,558.1,6.6732
5582,558.2,6.6734
5583,558.3,6.6735999999999995
5584,558.4,6.6738
5585,558.5,6.6739999999999995
5586,558.6,6.6742
5587,558.7,6.6743999999999994
5588,558.8,6.6746
5589,558.9,6.674799999999999
5590,559.0,6.675
5591,559.1,6.6754
5592,559.2,6.6758
5593,559.3,6.6762
5594,559.4,6.6766
5595,559.5,6.677
5596,559.6,6.6774000000000004
5597,559.7,6.6778
5598,559.8,6.6782
5599,559.9,6.6786
5600,560.0,6.679
5601,560.1,6.6796
5602,560.2,6.6802
5603,560.3,6.6808000000000005
5604,560.4,6.6814
5605,560.5,6.682
5606,560.6,6.6826
5607,560.7,6.683199999999999
5608,560.8,6.6838
5609,560.9,6.6844
5610,561.0,6.685
5611,561.1,6.6857
5612,561.2,6.6864
5613,561.3,6.6871
5614,561.4,6.687799999999999
5615,561.5,6.6884999999999994
5616,561.6,6.6892000000000005
5617,561.7,6.6899
5618,561.8,6.6906
5619,561.9,6.6913
5620,562.0,6.692
5621,562.1,6.6928
5622,562.2,6.6936
5623,562.3,6.6944
5624,562.4,6.6952
5625,562.5,6.696
5626,562.6,6.6968
5627,562.7,6.6976
5628,562.8,6.6984
5629,562.9,6.699199999999999
5630,563.0,6.7
5631,563.1,6.701
5632,563.2,6.702
5633,563.3,6.702999999999999
5634,563.4,6.704
5635,563.5,6.705
5636,563.6,6.7059999999999995
5637,563.7,6.707
5638,563.8,6.707999999999999
5639,563.9,6.709
5640,564.0,6.709999999999999
5641,564.1,6.710999999999999
5642,564.2,6.712
5643,564.3,6.712999999999999
5644,564.4,6.7139999999999995
5645,564.5,6.715
5646,564.6,6.715999999999999
5647,564.7,6.717
5648,564.8,6.718
5649,564.9,6.719
5650,565.0,6.72
5651,565.1,6.7211
5652,565.2,6.7222
5653,565.3,6.7233
5654,565.4,6.724399999999999
5655,565.5,6.7255
5656,565.6,6.7266
5657,565.7,6.7277
5658,565.8,6.7288
5659,565.9,6.7299
5660,566.0,6.731
5661,566.1,6.7322
5662,566.2,6.7334000000000005
5663,566.3,6.7346
5664,566.4,6.7358
5665,566.5,6.737
5666,566.6,6.7382
5667,566.7,6.7394
5668,566.8,6.7406
5669,566.9,6.7418
5670,567.0,6.743
5671,567.1,6.7441
5672,567.2,6.7452
5673,567.3,6.7463
5674,567.4,6.7474
5675,567.5,6.7485
5676,567.6,6.749599999999999
5677,567.7,6.7507
5678,567.8,6.751799999999999
5679,567.9,6.7528999999999995
5680,568.0,6.754
5681,568.1,6.755199999999999
5682,568.2,6.756399999999999
5683,568.3,6.757599999999999
5684,568.4,6.7588
5685,568.5,6.76
5686,568.6,6.761199999999999
5687,568.7,6.7623999999999995
5688,568.8,6.763599999999999
5689,568.9,6.764799999999999
5690,569.0,6.765999999999999
5691,569.1,6.7671
5692,569.2,6.768199999999999
5693,569.3,6.769299999999999
5694,569.4,6.7703999999999995
5695,569.5,6.7715
5696,569.6,6.7726
5697,569.7,6.7737
5698,569.8,6.774800000000001
5699,569.9,6.7759
5700,570.0,6.777
5701,570.1,6.778
5702,570.2,6.779000000000001
5703,570.3,6.78
5704,570.4,6.781
5705,570.5,6.782
5706,570.6,6.783
5707,570.7,6.784
5708,570.8,6.784999999999999
5709,570.9,6.7860000000000005
5710,571.0,6.787
5711,571.1,6.787999999999999
5712,571.2,6.789000000000001
5713,571.3,6.79
5714,571.4,6.7909999999999995
5715,571.5,6.792
5716,571.6,6.793
5717,571.7,6.794
5718,571.8,6.794999999999999
5719,571.9,6.795999999999999
5720,572.0,6.797
5721,572.1,6.7978
5722,572.2,6.7985999999999995
5723,572.3,6.7993999999999994
5724,572.4,6.800199999999999
5725,572.5,6.800999999999999
5726,572.6,6.801799999999999
5727,572.7,6.8026
5728,572.8,6.8034
5729,572.9,6.804199999999999
5730,573.0,6.805
5731,573.1,6.8058
5732,573.2,6.8065999999999995
5733,573.3,6.8073999999999995
5734,573.4,6.808199999999999
5735,573.5,6.808999999999999
5736,573.6,6.809799999999999
5737,573.7,6.8106
5738,573.8,6.8114
5739,573.9,6.812199999999999
5740,574.0,6.812999999999999
5741,574.1,6.8136
5742,574.2,6.8142
5743,574.3,6.8148
5744,574.4,6.8153999999999995
5745,574.5,6.816
5746,574.6,6.816599999999999
5747,574.7,6.8172
5748,574.8,6.8178
5749,574.9,6.8184000000000005
5750,575.0,6.819
5751,575.1,6.8195
5752,575.2,6.82
5753,575.3,6.8205
5754,575.4,6.821
5755,575.5,6.8215
5756,575.6,6.822
5757,575.7,6.8225
5758,575.8,6.8229999999999995
5759,575.9,6.8235
5760,576.0,6.824
5761,576.1,6.8244
5762,576.2,6.8248
5763,576.3,6.8252
5764,576.4,6.8256
5765,576.5,6.826
5766,576.6,6.8264000000000005
5767,576.7,6.8268
5768,576.8,6.8272
5769,576.9,6.8276
5770,577.0,6.828
5771,577.1,6.8282
5772,577.2,6.8284
5773,577.3,6.828600000000001
5774,577.4,6.8288
5775,577.5,6.829
5776,577.6,6.8292
5777,577.7,6.8294
5778,577.8,6.8296
5779,577.9,6.8298
5780,578.0,6.83
5781,578.1,6.83
5782,578.2,6.83
5783,578.3,6.83
5784,578.4,6.83
5785,578.5,6.83
5786,578.6,6.83
5787,578.7,6.83
5788,578.8,6.83
5789,578.9,6.83
5790,579.0,6.83
5791,579.1,6.8299
5792,579.2,6.8298
5793,579.3,6.8297
5794,579.4,6.8296
5795,579.5,6.8294999999999995
5796,579.6,6.8294
5797,579.7,6.8293
5798,579.8,6.8292
5799,579.9,6.8290999999999995
5800,580.0,6.829
5801,580.1,6.8288
5802,580.2,6.8286
5803,580.3,6.828399999999999
5804,580.4,6.8282
5805,580.5,6.827999999999999
5806,580.6,6.8278
5807,580.7,6.8276
5808,580.8,6.8274
5809,580.9,6.8271999999999995
5810,581.0,6.827
5811,581.1,6.8266
5812,581.2,6.8262
5813,581.3,6.8258
5814,581.4,6.8254
5815,581.5,6.825
5816,581.6,6.8246
5817,581.7,6.8242
5818,581.8,6.8238
5819,581.9,6.8234
5820,582.0,6.823
5821,582.1,6.822500000000001
5822,582.2,6.822
5823,582.3,6.8215
5824,582.4,6.821
5825,582.5,6.8205
5826,582.6,6.82
5827,582.7,6.8195
5828,582.8,6.819
5829,582.9,6.8185
5830,583.0,6.818
5831,583.1,6.8175
5832,583.2,6.817
5833,583.3,6.8165
5834,583.4,6.816
5835,583.5,6.8155
5836,583.6,6.815
5837,583.7,6.8145
5838,583.8,6.814
5839,583.9,6.8135
5840,584.0,6.813
5841,584.1,6.8123
5842,584.2,6.8116
5843,584.3,6.8109
5844,584.4,6.8102
5845,584.5,6.8095
5846,584.6,6.8088
5847,584.7,6.8081000000000005
5848,584.8,6.8073999999999995
5849,584.9,6.8067
5850,585.0,6.806
5851,585.1,6.8052
5852,585.2,6.8044
5853,585.3,6.8036
5854,585.4,6.8028
5855,585.5,6.802
5856,585.6,6.8012
5857,585.7,6.8004
5858,585.8,6.7996
5859,585.9,6.7988
5860,586.0,6.798
5861,586.1,6.7972
5862,586.2,6.7964
5863,586.3,6.7956
5864,586.4,6.7948
5865,586.5,6.7940000000000005
5866,586.6,6.7932
5867,586.7,6.7924
5868,586.8,6.7916
5869,586.9,6.790800000000001
5870,587.0,6.79
5871,587.1,6.7891
5872,587.2,6.788200000000001
5873,587.3,6.7873
5874,587.4,6.7864
5875,587.5,6.7855
5876,587.6,6.7846
5877,587.7,6.7837
5878,587.8,6.7828
5879,587.9,6.7819
5880,588.0,6.781
5881,588.1,6.7801
5882,588.2,6.7792
5883,588.3,6.778300000000001
5884,588.4,6.7774
5885,588.5,6.7765
5886,588.6,6.775600000000001
5887,588.7,6.7747
5888,588.8,6.7738000000000005
5889,588.9,6.772900000000001
5890,589.0,6.772000000000001
5891,589.1,6.771100000000001
5892,589.2,6.7702
5893,589.3,6.7693
5894,589.4,6.768400000000001
5895,589.5,6.7675
5896,589.6,6.7666
5897,589.7,6.7657
5898,589.8,6.7648
5899,589.9,6.7639
5900,590.0,6.763
5901,590.1,6.7621
5902,590.2,6.7612
5903,590.3,6.7603
5904,590.4,6.7594
5905,590.5,6.7585
5906,590.6,6.757599999999999
5907,590.7,6.7566999999999995
5908,590.8,6.7558
5909,590.9,6.754899999999999
5910,591.0,6.754
5911,591.1,6.7531
5912,591.2,6.752199999999999
5913,591.3,6.7513
5914,591.4,6.7504
5915,591.5,6.7495
5916,591.6,6.7486
5917,591.7,6.7477
5918,591.8,6.7468
5919,591.9,6.745900000000001
5920,592.0,6.745
5921,592.1,6.7442
5922,592.2,6.7434
5923,592.3,6.7426
5924,592.4,6.7418000000000005
5925,592.5,6.7410000000000005
5926,592.6,6.740200000000001
5927,592.7,6.7394
5928,592.8,6.7386
5929,592.9,6.737800000000001
5930,593.0,6.737
5931,593.1,6.7362
5932,593.2,6.7354
5933,593.3,6.7346
5934,593.4,6.7338000000000005
5935,593.5,6.7330000000000005
5936,593.6,6.732200000000001
5937,593.7,6.7314
5938,593.8,6.7306
5939,593.9,6.729800000000001
5940,594.0,6.729000000000001
5941,594.1,6.7283
5942,594.2,6.727600000000001
5943,594.3,6.7269000000000005
5944,594.4,6.7262
5945,594.5,6.7255
5946,594.6,6.7248
5947,594.7,6.724100000000001
5948,594.8,6.7234
5949,594.9,6.722700000000001
5950,595.0,6.722
5951,595.1,6.7213
5952,595.2,6.7206
5953,595.3,6.7199
5954,595.4,6.719200000000001
5955,595.5,6.7185
5956,595.6,6.7177999999999995
5957,595.7,6.7171
5958,595.8,6.7164
5959,595.9,6.7157
5960,596.0,6.715
5961,596.1,6.7145
5962,596.2,6.7139999999999995
5963,596.3,6.7135
5964,596.4,6.713
5965,596.5,6.7125
5966,596.6,6.712
5967,596.7,6.7115
5968,596.8,6.711
5969,596.9,6.710500000000001
5970,597.0,6.71
5971,597.1,6.7096
5972,597.2,6.7092
5973,597.3,6.7088
5974,597.4,6.7084
5975,597.5,6.708
5976,597.6,6.7076
5977,597.7,6.7072
5978,597.8,6.7068
5979,597.9,6.7064
5980,598.0,6.706
5981,598.1,6.7056000000000004
5982,598.2,6.7052000000000005
5983,598.3,6.7048000000000005
5984,598.4,6.704400000000001
5985,598.5,6.704000000000001
5986,598.6,6.703600000000001
5987,598.7,6.7032
5988,598.8,6.7028
5989,598.9,6.7024
5990,599.0,6.702
5991,599.1,6.7018
5992,599.2,6.7016
5993,599.3,6.7014000000000005
5994,599.4,6.7012
5995,599.5,6.7010000000000005
5996,599.6,6.7008
5997,599.7,6.7006000000000006
5998,599.8,6.7004
5999,599.9,6.7002
6000,600.0,6.7
6001,600.1,6.7
6002,600.2,6.7
6003,600.3,6.7
6004,600.4,6.7
6005,600.5,6.7
6006,600.6,6.7
6007,600.7,6.7
6008,600.8,6.7
6009,600.9,6.7
6010,601.0,6.7
6011,601.1,6.7
6012,601.2,6.7
6013,601.3,6.7
6014,601.4,6.7
6015,601.5,6.7
6016,601.6,6.7
6017,601.7,6.7
6018,601.8,6.7
6019,601.9,6.7
6020,602.0,6.7
6021,602.1,6.7002
6022,602.2,6.7004
6023,602.3,6.7006000000000006
6024,602.4,6.7008
6025,602.5,6.701
6026,602.6,6.7012
6027,602.7,6.7014
6028,602.8,6.7016
6029,602.9,6.7017999999999995
6030,603.0,6.702
6031,603.1,6.7023
6032,603.2,6.7025999999999994
6033,603.3,6.7029
6034,603.4,6.7032
6035,603.5,6.7035
6036,603.6,6.7038
6037,603.7,6.7041
6038,603.8,6.7044
6039,603.9,6.7047
6040,604.0,6.705
6041,604.1,6.7054
6042,604.2,6.7058
6043,604.3,6.7062
6044,604.4,6.7066
6045,604.5,6.707
6046,604.6,6.7074
6047,604.7,6.7078
6048,604.8,6.7082
6049,604.9,6.7086
6050,605.0,6.709
6051,605.1,6.709499999999999
6052,605.2,6.71
6053,605.3,6.7105
6054,605.4,6.711
6055,605.5,6.7115
6056,605.6,6.712
6057,605.7,6.7125
6058,605.8,6.713
6059,605.9,6.713500000000001
6060,606.0,6.714
6061,606.1,6.7146
6062,606.2,6.7152
6063,606.3,6.715800000000001
6064,606.4,6.7164
6065,606.5,6.717
6066,606.6,6.7176
6067,606.7,6.7181999999999995
6068,606.8,6.7188
6069,606.9,6.719399999999999
6070,607.0,6.72
6071,607.1,6.7207
6072,607.2,6.721399999999999
6073,607.3,6.7221
6074,607.4,6.722799999999999
6075,607.5,6.7235
6076,607.6,6.7242
6077,607.7,6.7249
6078,607.8,6.7256
6079,607.9,6.7263
6080,608.0,6.727
6081,608.1,6.7278
6082,608.2,6.7286
6083,608.3,6.7294
6084,608.4,6.7302
6085,608.5,6.731
6086,608.6,6.7318
6087,608.7,6.732600000000001
6088,608.8,6.7334000000000005
6089,608.9,6.7341999999999995
6090,609.0,6.734999999999999
6091,609.1,6.7358
6092,609.2,6.7366
6093,609.3,6.7374
6094,609.4,6.7382
6095,609.5,6.739000000000001
6096,609.6,6.7398
6097,609.7,6.7406
6098,609.8,6.7414000000000005
6099,609.9,6.7422
6100,610.0,6.743
6101,610.1,6.7438
6102,610.2,6.7446
6103,610.3,6.7454
6104,610.4,6.7462
6105,610.5,6.747000000000001
6106,610.6,6.747800000000001
6107,610.7,6.748600000000001
6108,610.8,6.7494000000000005
6109,610.9,6.7502
6110,611.0,6.751
6111,611.1,6.7519
6112,611.2,6.752800000000001
6113,611.3,6.7537
6114,611.4,6.7546
6115,611.5,6.7555
6116,611.6,6.7564
6117,611.7,6.7573
6118,611.8,6.7581999999999995
6119,611.9,6.759099999999999
6120,612.0,6.76
6121,612.1,6.7608
6122,612.2,6.7616
6123,612.3,6.7623999999999995
6124,612.4,6.763199999999999
6125,612.5,6.763999999999999
6126,612.6,6.764799999999999
6127,612.7,6.7656
6128,612.8,6.7664
6129,612.9,6.767199999999999
6130,613.0,6.768
6131,613.1,6.7688
6132,613.2,6.7696
6133,613.3,6.7703999999999995
6134,613.4,6.771199999999999
6135,613.5,6.771999999999999
6136,613.6,6.772799999999999
6137,613.7,6.7736
6138,613.8,6.7744
6139,613.9,6.775199999999999
6140,614.0,6.775999999999999
6141,614.1,6.7768
6142,614.2,6.7776
6143,614.3,6.7783999999999995
6144,614.4,6.7791999999999994
6145,614.5,6.779999999999999
6146,614.6,6.780799999999999
6147,614.7,6.781599999999999
6148,614.8,6.7824
6149,614.9,6.7832
6150,615.0,6.784
6151,615.1,6.784599999999999
6152,615.2,6.7852
6153,615.3,6.7858
6154,615.4,6.7863999999999995
6155,615.5,6.787
6156,615.6,6.7876
6157,615.7,6.7882
6158,615.8,6.7888
6159,615.9,6.7894000000000005
6160,616.0,6.79
6161,616.1,6.7905999999999995
6162,616.2,6.7912
6163,616.3,6.7918
6164,616.4,6.7924
6165,616.5,6.793
6166,616.6,6.7936000000000005
6167,616.7,6.7942
6168,616.8,6.7948
6169,616.9,6.795400000000001
6170,617.0,6.796
6171,617.1,6.7965
6172,617.2,6.797
6173,617.3,6.7975
6174,617.4,6.798
6175,617.5,6.7985
6176,617.6,6.7989999999999995
6177,617.7,6.7995
6178,617.8,6.8
6179,617.9,6.8004999999999995
6180,618.0,6.801
6181,618.1,6.8014
6182,618.2,6.8018
6183,618.3,6.8022
6184,618.4,6.8026
6185,618.5,6.803
6186,618.6,6.8034
6187,618.7,6.8038
6188,618.8,6.8042
6189,618.9,6.8046
6190,619.0,6.805
6191,619.1,6.8052
6192,619.2,6.8054
6193,619.3,6.8056
6194,619.4,6.8058
6195,619.5,6.806
6196,619.6,6.8062000000000005
6197,619.7,6.8064
6198,619.8,6.8066
6199,619.9,6.8068
6200,620.0,6.807
6201,620.1,6.8071
6202,620.2,6.8072
6203,620.3,6.807300000000001
6204,620.4,6.8074
6205,620.5,6.8075
6206,620.6,6.8076
6207,620.7,6.8077
6208,620.8,6.8078
6209,620.9,6.8079
6210,621.0,6.808
6211,621.1,6.808
6212,621.2,6.808
6213,621.3,6.808
6214,621.4,6.808
6215,621.5,6.808
6216,621.6,6.808
6217,621.7,6.808
6218,621.8,6.808
6219,621.9,6.808
6220,622.0,6.808
6221,622.1,6.8078
6222,622.2,6.8076
6223,622.3,6.8073999999999995
6224,622.4,6.8072
6225,622.5,6.807
6226,622.6,6.8068
6227,622.7,6.8066
6228,622.8,6.8064
6229,622.9,6.8062000000000005
6230,623.0,6.806
6231,623.1,6.8057
6232,623.2,6.805400000000001
6233,623.3,6.8051
6234,623.4,6.8048
6235,623.5,6.8045
6236,623.6,6.8042
6237,623.7,6.8039
6238,623.8,6.8036
6239,623.9,6.8033
6240,624.0,6.803
6241,624.1,6.8026
6242,624.2,6.8022
6243,624.3,6.8018
6244,624.4,6.8014
6245,624.5,6.801
6246,624.6,6.8006
6247,624.7,6.8002
6248,624.8,6.7998
6249,624.9,6.7994
6250,625.0,6.799
6251,625.1,6.798500000000001
6252,625.2,6.798
6253,625.3,6.7975
6254,625.4,6.797
6255,625.5,6.7965
6256,625.6,6.796
6257,625.7,6.7955
6258,625.8,6.795
6259,625.9,6.794499999999999
6260,626.0,6.794
6261,626.1,6.7932999999999995
6262,626.2,6.792599999999999
6263,626.3,6.7919
6264,626.4,6.7912
6265,626.5,6.7905
6266,626.6,6.7898
6267,626.7,6.7890999999999995
6268,626.8,6.7884
6269,626.9,6.7877
6270,627.0,6.787
6271,627.1,6.7863
6272,627.2,6.7856000000000005
6273,627.3,6.7849
6274,627.4,6.7842
6275,627.5,6.7835
6276,627.6,6.782800000000001
6277,627.7,6.7821
6278,627.8,6.7814000000000005
6279,627.9,6.7807
6280,628.0,6.78
6281,628.1,6.7792
6282,628.2,6.7784
6283,628.3,6.7776000000000005
6284,628.4,6.776800000000001
6285,628.5,6.776000000000001
6286,628.6,6.775200000000001
6287,628.7,6.7744
6288,628.8,6.7736
6289,628.9,6.772800000000001
6290,629.0,6.772000000000001
6291,629.1,6.7712
6292,629.2,6.7704
6293,629.3,6.7696000000000005
6294,629.4,6.7688
6295,629.5,6.768000000000001
6296,629.6,6.767200000000001
6297,629.7,6.766400000000001
6298,629.8,6.7656
6299,629.9,6.7648
6300,630.0,6.764
6301,630.1,6.7632
6302,630.2,6.7624
6303,630.3,6.7616000000000005
6304,630.4,6.760800000000001
6305,630.5,6.76
6306,630.6,6.7592
6307,630.7,6.7584
6308,630.8,6.7576
6309,630.9,6.7568
6310,631.0,6.756
6311,631.1,6.7552
6312,631.2,6.7544
6313,631.3,6.7536000000000005
6314,631.4,6.752800000000001
6315,631.5,6.752000000000001
6316,631.6,6.7512
6317,631.7,6.7504
6318,631.8,6.7496
6319,631.9,6.7488
6320,632.0,6.748
6321,632.1,6.7472
6322,632.2,6.7464
6323,632.3,6.7456000000000005
6324,632.4,6.744800000000001
6325,632.5,6.744000000000001
6326,632.6,6.743200000000001
6327,632.7,6.7424
6328,632.8,6.7416
6329,632.9,6.740800000000001
6330,633.0,6.74
6331,633.1,6.7393
6332,633.2,6.738600000000001
6333,633.3,6.737900000000001
6334,633.4,6.7372000000000005
6335,633.5,6.7365
6336,633.6,6.7358
6337,633.7,6.7351
6338,633.8,6.7344
6339,633.9,6.7337
6340,634.0,6.7330000000000005
6341,634.1,6.7322999999999995
6342,634.2,6.7316
6343,634.3,6.7309
6344,634.4,6.7302
6345,634.5,6.7295
6346,634.6,6.7288
6347,634.7,6.7281
6348,634.8,6.727399999999999
6349,634.9,6.7267
6350,635.0,6.726
6351,635.1,6.7254000000000005
6352,635.2,6.7248
6353,635.3,6.7242
6354,635.4,6.7236
6355,635.5,6.723
6356,635.6,6.7223999999999995
6357,635.7,6.7218
6358,635.8,6.7212
6359,635.9,6.720599999999999
6360,636.0,6.72
6361,636.1,6.7196
6362,636.2,6.7192
6363,636.3,6.7188
6364,636.4,6.7184
6365,636.5,6.718
6366,636.6,6.7176
6367,636.7,6.7172
6368,636.8,6.7168
6369,636.9,6.7164
6370,637.0,6.716
6371,637.1,6.7156
6372,637.2,6.7152
6373,637.3,6.7148
6374,637.4,6.7144
6375,637.5,6.714
6376,637.6,6.7136000000000005
6377,637.7,6.7132
6378,637.8,6.7128
6379,637.9,6.7124
6380,638.0,6.712
6381,638.1,6.7118
6382,638.2,6.7116
6383,638.3,6.7114
6384,638.4,6.7112
6385,638.5,6.711
6386,638.6,6.7108
6387,638.7,6.7106
6388,638.8,6.7104
6389,638.9,6.7102
6390,639.0,6.71
6391,639.1,6.7099
6392,639.2,6.7097999999999995
6393,639.3,6.7097
6394,639.4,6.7096
6395,639.5,6.7095
6396,639.6,6.7094
6397,639.7,6.7093
6398,639.8,6.7092
6399,639.9,6.709099999999999
6400,640.0,6.709
6401,640.1,6.709
6402,640.2,6.709
6403,640.3,6.709
6404,640.4,6.709
6405,640.5,6.709
6406,640.6,6.709
6407,640.7,6.709
6408,640.8,6.709
6409,640.9,6.709
6410,641.0,6.709
6411,641.1,6.709099999999999
6412,641.2,6.7092
6413,641.3,6.7093
6414,641.4,6.7094
6415,641.5,6.709499999999999
6416,641.6,6.7096
6417,641.7,6.7097
6418,641.8,6.7097999999999995
6419,641.9,6.7099
6420,642.0,6.71
6421,642.1,6.7103
6422,642.2,6.7105999999999995
6423,642.3,6.7109000000000005
6424,642.4,6.7112
6425,642.5,6.7115
6426,642.6,6.7118
6427,642.7,6.7120999999999995
6428,642.8,6.7124
6429,642.9,6.7127
6430,643.0,6.713
6431,643.1,6.7134
6432,643.2,6.7138
6433,643.3,6.7142
6434,643.4,6.7146
6435,643.5,6.715
6436,643.6,6.7154
6437,643.7,6.7158
6438,643.8,6.7162
6439,643.9,6.7166
6440,644.0,6.717
6441,644.1,6.7174
6442,644.2,6.7177999999999995
6443,644.3,6.7181999999999995
6444,644.4,6.7185999999999995
6445,644.5,6.718999999999999
6446,644.6,6.7194
6447,644.7,6.7198
6448,644.8,6.7202
6449,644.9,6.7206
6450,645.0,6.721
6451,645.1,6.7216000000000005
6452,645.2,6.7222
6453,645.3,6.7228
6454,645.4,6.723400000000001
6455,645.5,6.724
6456,645.6,6.7246
6457,645.7,6.7252
6458,645.8,6.7258
6459,645.9,6.7264
6460,646.0,6.726999999999999
6461,646.1,6.7276
6462,646.2,6.7282
6463,646.3,6.7288
6464,646.4,6.7294
6465,646.5,6.73
6466,646.6,6.730599999999999
6467,646.7,6.731199999999999
6468,646.8,6.7318
6469,646.9,6.732399999999999
6470,647.0,6.733
6471,647.1,6.7336
6472,647.2,6.7341999999999995
6473,647.3,6.7348
6474,647.4,6.735399999999999
6475,647.5,6.736
6476,647.6,6.7366
6477,647.7,6.7372
6478,647.8,6.7378
6479,647.9,6.7384
6480,648.0,6.739
6481,648.1,6.7397
6482,648.2,6.7404
6483,648.3,6.7411
6484,648.4,6.7418000000000005
6485,648.5,6.7425
6486,648.6,6.7432
6487,648.7,6.7439
6488,648.8,6.7446
6489,648.9,6.7453
6490,649.0,6.746
6491,649.1,6.7467
6492,649.2,6.7474
6493,649.3,6.748100000000001
6494,649.4,6.7488
6495,649.5,6.7495
6496,649.6,6.7502
6497,649.7,6.7509
6498,649.8,6.751600000000001
6499,649.9,6.7523
6500,650.0,6.753
6501,650.1,6.7537
6502,650.2,6.7543999999999995
6503,650.3,6.7551
6504,650.4,6.7558
6505,650.5,6.756499999999999
6506,650.6,6.7572
6507,650.7,6.7579
6508,650.8,6.7585999999999995
6509,650.9,6.7593
6510,651.0,6.759999999999999
6511,651.1,6.760699999999999
6512,651.2,6.7614
6513,651.3,6.762099999999999
6514,651.4,6.7627999999999995
6515,651.5,6.7635000000000005
6516,651.6,6.7642
6517,651.7,6.7649
6518,651.8,6.7656
6519,651.9,6.7663
6520,652.0,6.767
6521,652.1,6.767600000000001
6522,652.2,6.7682
6523,652.3,6.768800000000001
6524,652.4,6.7694
6525,652.5,6.7700000000000005
6526,652.6,6.7706
6527,652.7,6.771199999999999
6528,652.8,6.7718
6529,652.9,6.7724
6530,653.0,6.773
6531,653.1,6.7736
6532,653.2,6.7742
6533,653.3,6.7748
6534,653.4,6.7754
6535,653.5,6.776
6536,653.6,6.776599999999999
6537,653.7,6.7772
6538,653.8,6.777799999999999
6539,653.9,6.7783999999999995
6540,654.0,6.779
6541,654.1,6.7795
6542,654.2,6.779999999999999
6543,654.3,6.7805
6544,654.4,6.781
6545,654.5,6.781499999999999
6546,654.6,6.782
6547,654.7,6.7825
6548,654.8,6.783
6549,654.9,6.783499999999999
6550,655.0,6.784
6551,655.1,6.7843
6552,655.2,6.784599999999999
6553,655.3,6.7848999999999995
6554,655.4,6.7852
6555,655.5,6.7855
6556,655.6,6.7858
6557,655.7,6.7861
6558,655.8,6.7863999999999995
6559,655.9,6.7867
6560,656.0,6.787
6561,656.1,6.7874
6562,656.2,6.7878
6563,656.3,6.7882
6564,656.4,6.7886
6565,656.5,6.789
6566,656.6,6.7894
6567,656.7,6.7898000000000005
6568,656.8,6.7902000000000005
6569,656.9,6.7906
6570,657.0,6.791
6571,657.1,6.791200000000001
6572,657.2,6.7914
6573,657.3,6.791600000000001
6574,657.4,6.7918
6575,657.5,6.792
6576,657.6,6.7922
6577,657.7,6.7924
6578,657.8,6.7926
6579,657.9,6.792800000000001
6580,658.0,6.793
6581,658.1,6.793
6582,658.2,6.793
6583,658.3,6.793
6584,658.4,6.793
6585,658.5,6.793
6586,658.6,6.793
6587,658.7,6.793
6588,658.8,6.793
6589,658.9,6.793
6590,659.0,6.793
6591,659.1,6.793
6592,659.2,6.793
6593,659.3,6.793
6594,659.4,6.793
6595,659.5,6.793
6596,659.6,6.793
6597,659.7,6.793
6598,659.8,6.793
6599,659.9,6.793
6600,660.0,6.793
6601,660.1,6.7929
6602,660.2,6.7928
6603,660.3,6.7927
6604,660.4,6.7926
6605,660.5,6.7925
6606,660.6,6.7924
6607,660.7,6.7923
6608,660.8,6.7922
6609,660.9,6.7921
6610,661.0,6.792
6611,661.1,6.7918
6612,661.2,6.7916
6613,661.3,6.7914
6614,661.4,6.7912
6615,661.5,6.791
6616,661.6,6.7908
6617,661.7,6.7906
6618,661.8,6.7904
6619,661.9,6.7902000000000005
6620,662.0,6.79
6621,662.1,6.7897
6622,662.2,6.7894
6623,662.3,6.7891
6624,662.4,6.7888
6625,662.5,6.7885
6626,662.6,6.7882
6627,662.7,6.7879
6628,662.8,6.7876
6629,662.9,6.7873
6630,663.0,6.787
6631,663.1,6.7866
6632,663.2,6.7862
6633,663.3,6.7858
6634,663.4,6.7854
6635,663.5,6.785
6636,663.6,6.7846
6637,663.7,6.7842
6638,663.8,6.7838
6639,663.9,6.7834
6640,664.0,6.783
6641,664.1,6.7826
6642,664.2,6.7822000000000005
6643,664.3,6.7818000000000005
6644,664.4,6.7814000000000005
6645,664.5,6.781000000000001
6646,664.6,6.7806
6647,664.7,6.7802
6648,664.8,6.7798
6649,664.9,6.7794
6650,665.0,6.779
6651,665.1,6.778499999999999
6652,665.2,6.7780000000000005
6653,665.3,6.7775
6654,665.4,6.777
6655,665.5,6.7765
6656,665.6,6.776
6657,665.7,6.7755
6658,665.8,6.775
6659,665.9,6.774500000000001
6660,666.0,6.774000000000001
6661,666.1,6.7734000000000005
6662,666.2,6.7728
6663,666.3,6.772200000000001
6664,666.4,6.7716
6665,666.5,6.771
6666,666.6,6.7704
6667,666.7,6.7698
6668,666.8,6.7692
6669,666.9,6.7686
6670,667.0,6.768
6671,667.1,6.767399999999999
6672,667.2,6.7668
6673,667.3,6.7661999999999995
6674,667.4,6.7656
6675,667.5,6.765
6676,667.6,6.764399999999999
6677,667.7,6.7638
6678,667.8,6.763199999999999
6679,667.9,6.762599999999999
6680,668.0,6.762
6681,668.1,6.761499999999999
6682,668.2,6.760999999999999
6683,668.3,6.7604999999999995
6684,668.4,6.76
6685,668.5,6.7595
6686,668.6,6.7589999999999995
6687,668.7,6.7585
6688,668.8,6.758
6689,668.9,6.7575
6690,669.0,6.757
6691,669.1,6.7563
6692,669.2,6.7556
6693,669.3,6.754899999999999
6694,669.4,6.7542
6695,669.5,6.7535
6696,669.6,6.7528
6697,669.7,6.7521
6698,669.8,6.751399999999999
6699,669.9,6.7507
6700,670.0,6.75
6701,670.1,6.7494
6702,670.2,6.7488
6703,670.3,6.7482
6704,670.4,6.747599999999999
6705,670.5,6.747
6706,670.6,6.7464
6707,670.7,6.7458
6708,670.8,6.7452000000000005
6709,670.9,6.7446
6710,671.0,6.744000000000001
6711,671.1,6.7435
6712,671.2,6.743
6713,671.3,6.742500000000001
6714,671.4,6.742
6715,671.5,6.7415
6716,671.6,6.7410000000000005
6717,671.7,6.7405
6718,671.8,6.739999999999999
6719,671.9,6.7395000000000005
6720,672.0,6.739
6721,672.1,6.7383999999999995
6722,672.2,6.7378
6723,672.3,6.7372
6724,672.4,6.7366
6725,672.5,6.736
6726,672.6,6.735399999999999
6727,672.7,6.7348
6728,672.8,6.7341999999999995
6729,672.9,6.733599999999999
6730,673.0,6.733
6731,673.1,6.732499999999999
6732,673.2,6.731999999999999
6733,673.3,6.7315
6734,673.4,6.731
6735,673.5,6.7305
6736,673.6,6.7299999999999995
6737,673.7,6.7295
6738,673.8,6.729
6739,673.9,6.7285
6740,674.0,6.728
6741,674.1,6.7276
6742,674.2,6.7272
6743,674.3,6.7268
6744,674.4,6.7264
6745,674.5,6.726
6746,674.6,6.7256
6747,674.7,6.7252
6748,674.8,6.7248
6749,674.9,6.7244
6750,675.0,6.724
6751,675.1,6.7236
6752,675.2,6.7232
6753,675.3,6.7228
6754,675.4,6.7223999999999995
6755,675.5,6.722
6756,675.6,6.7216000000000005
6757,675.7,6.7212
6758,675.8,6.7208000000000006
6759,675.9,6.7204
6760,676.0,6.720000000000001
6761,676.1,6.7197
6762,676.2,6.719399999999999
6763,676.3,6.7191
6764,676.4,6.7188
6765,676.5,6.7185
6766,676.6,6.7181999999999995
6767,676.7,6.717899999999999
6768,676.8,6.7176
6769,676.9,6.7173
6770,677.0,6.717
6771,677.1,6.716799999999999
6772,677.2,6.7166
6773,677.3,6.716399999999999
6774,677.4,6.7162
6775,677.5,6.715999999999999
6776,677.6,6.7158
6777,677.7,6.7156
6778,677.8,6.7154
6779,677.9,6.715199999999999
6780,678.0,6.715
6781,678.1,6.714799999999999
6782,678.2,6.7146
6783,678.3,6.7144
6784,678.4,6.7142
6785,678.5,6.714
6786,678.6,6.7138
6787,678.7,6.7136
6788,678.8,6.7134
6789,678.9,6.7132000000000005
6790,679.0,6.713
6791,679.1,6.713
6792,679.2,6.713
6793,679.3,6.713
6794,679.4,6.713
6795,679.5,6.713
6796,679.6,6.713
6797,679.7,6.713
6798,679.8,6.713
6799,679.9,6.713
6800,680.0,6.713
6801,680.1,6.713
6802,680.2,6.713
6803,680.3,6.713
6804,680.4,6.713
6805,680.5,6.713
6806,680.6,6.713
6807,680.7,6.713
6808,680.8,6.713
6809,680.9,6.713
6810,681.0,6.713
6811,681.1,6.7131
6812,681.2,6.7132000000000005
6813,681.3,6.7133
6814,681.4,6.7134
6815,681.5,6.7135
6816,681.6,6.7136000000000005
6817,681.7,6.7137
6818,681.8,6.7138
6819,681.9,6.713900000000001
6820,682.0,6.714
6821,682.1,6.714200000000001
6822,682.2,6.7144
6823,682.3,6.714600000000001
6824,682.4,6.7148
6825,682.5,6.715
6826,682.6,6.7152
6827,682.7,6.7154
6828,682.8,6.7156
6829,682.9,6.715800000000001
6830,683.0,6.716
6831,683.1,6.7163
6832,683.2,6.716600000000001
6833,683.3,6.7169
6834,683.4,6.7172
6835,683.5,6.7175
6836,683.6,6.7178
6837,683.7,6.718100000000001
6838,683.8,6.7184
6839,683.9,6.7187
6840,684.0,6.719
6841,684.1,6.7194
6842,684.2,6.7198
6843,684.3,6.7202
6844,684.4,6.7206
6845,684.5,6.721
6846,684.6,6.7214
6847,684.7,6.7218
6848,684.8,6.7222
6849,684.9,6.7226
6850,685.0,6.723
6851,685.1,6.7234
6852,685.2,6.7238
6853,685.3,6.7242
6854,685.4,6.724600000000001
6855,685.5,6.725
6856,685.6,6.7254
6857,685.7,6.7258000000000004
6858,685.8,6.7261999999999995
6859,685.9,6.7266
6860,686.0,6.727
6861,686.1,6.7276
6862,686.2,6.7282
6863,686.3,6.7288
6864,686.4,6.7294
6865,686.5,6.73
6866,686.6,6.730599999999999
6867,686.7,6.731199999999999
6868,686.8,6.7318
6869,686.9,6.732399999999999
6870,687.0,6.733
6871,687.1,6.7336
6872,687.2,6.7341999999999995
6873,687.3,6.7348
6874,687.4,6.735399999999999
6875,687.5,6.736
6876,687.6,6.7366
6877,687.7,6.7372
6878,687.8,6.7378
6879,687.9,6.7384
6880,688.0,6.739
6881,688.1,6.7396
6882,688.2,6.740200000000001
6883,688.3,6.7408
6884,688.4,6.7414000000000005
6885,688.5,6.742
6886,688.6,6.7425999999999995
6887,688.7,6.7432
6888,688.8,6.743799999999999
6889,688.9,6.7444
6890,689.0,6.745
6891,689.1,6.745699999999999
6892,689.2,6.7463999999999995
6893,689.3,6.7471000000000005
6894,689.4,6.7478
6895,689.5,6.7485
6896,689.6,6.7492
6897,689.7,6.749899999999999
6898,689.8,6.7506
6899,689.9,6.7513
6900,690.0,6.752
6901,690.1,6.7527
6902,690.2,6.753399999999999
6903,690.3,6.7541
6904,690.4,6.7548
6905,690.5,6.7555
6906,690.6,6.7562
6907,690.7,6.7569
6908,690.8,6.7576
6909,690.9,6.7583
6910,691.0,6.759
6911,691.1,6.759799999999999
6912,691.2,6.7606
6913,691.3,6.761399999999999
6914,691.4,6.7622
6915,691.5,6.763
6916,691.6,6.7638
6917,691.7,6.7646
6918,691.8,6.7654000000000005
6919,691.9,6.7661999999999995
6920,692.0,6.767
6921,692.1,6.7677000000000005
6922,692.2,6.7684
6923,692.3,6.769100000000001
6924,692.4,6.7698
6925,692.5,6.7705
6926,692.6,6.7712
6927,692.7,6.7719
6928,692.8,6.772600000000001
6929,692.9,6.773300000000001
6930,693.0,6.774
6931,693.1,6.7747
6932,693.2,6.7754
6933,693.3,6.7761
6934,693.4,6.7768
6935,693.5,6.777500000000001
6936,693.6,6.7782
6937,693.7,6.7789
6938,693.8,6.779599999999999
6939,693.9,6.7802999999999995
6940,694.0,6.781
6941,694.1,6.781699999999999
6942,694.2,6.7824
6943,694.3,6.7831
6944,694.4,6.783799999999999
6945,694.5,6.7845
6946,694.6,6.785200000000001
6947,694.7,6.7859
6948,694.8,6.7866
6949,694.9,6.7873
6950,695.0,6.788
6951,695.1,6.7887
6952,695.2,6.7894
6953,695.3,6.7901
6954,695.4,6.7908
6955,695.5,6.791499999999999
6956,695.6,6.7922
6957,695.7,6.7929
6958,695.8,6.7936
6959,695.9,6.7943
6960,696.0,6.795
6961,696.1,6.795599999999999
6962,696.2,6.7962
6963,696.3,6.796799999999999
6964,696.4,6.7974
6965,696.5,6.798
6966,696.6,6.7985999999999995
6967,696.7,6.7992
6968,696.8,6.7998
6969,696.9,6.8004
6970,697.0,6.801
6971,697.1,6.801500000000001
6972,697.2,6.802
6973,697.3,6.8025
6974,697.4,6.803
6975,697.5,6.8035
6976,697.6,6.804
6977,697.7,6.8045
6978,697.8,6.805000000000001
6979,697.9,6.8055
6980,698.0,6.806
6981,698.1,6.8064
6982,698.2,6.8068
6983,698.3,6.8072
6984,698.4,6.8076
6985,698.5,6.808
6986,698.6,6.8084
6987,698.7,6.8088
6988,698.8,6.8092
6989,698.9,6.8096
6990,699.0,6.81
6991,699.1,6.8103
6992,699.2,6.8106
6993,699.3,6.810899999999999
6994,699.4,6.8111999999999995
6995,699.5,6.8115
6996,699.6,6.8118
6997,699.7,6.8121
6998,699.8,6.812399999999999
6999,699.9,6.8126999999999995
7000,700.0,6.813
7001,700.1,6.8132
7002,700.2,6.8134
7003,700.3,6.8136
7004,700.4,6.8138
7005,700.5,6.814
7006,700.6,6.8142000000000005
7007,700.7,6.8144
7008,700.8,6.8146
7009,700.9,6.8148
7010,701.0,6.815
7011,701.1,6.8151
7012,701.2,6.8152
7013,701.3,6.8153
7014,701.4,6.8154
7015,701.5,6.8155
7016,701.6,6.8156
7017,701.7,6.8157
7018,701.8,6.8158
7019,701.9,6.8159
7020,702.0,6.816
7021,702.1,6.8159
7022,702.2,6.8158
7023,702.3,6.8157
7024,702.4,6.8156
7025,702.5,6.8155
7026,702.6,6.8154
7027,702.7,6.815300000000001
7028,702.8,6.8152
7029,702.9,6.8151
7030,703.0,6.815
7031,703.1,6.8148
7032,703.2,6.8146
7033,703.3,6.8144
7034,703.4,6.8142000000000005
7035,703.5,6.814
7036,703.6,6.8138
7037,703.7,6.8136
7038,703.8,6.8134
7039,703.9,6.8132
7040,704.0,6.813
7041,704.1,6.8126
7042,704.2,6.8122
7043,704.3,6.8118
7044,704.4,6.8114
7045,704.5,6.811
7046,704.6,6.8106
7047,704.7,6.8102
7048,704.8,6.8098
7049,704.9,6.8094
7050,705.0,6.809
7051,705.1,6.8086
7052,705.2,6.8082
7053,705.3,6.8078
7054,705.4,6.8073999999999995
7055,705.5,6.807
7056,705.6,6.8066
7057,705.7,6.8062
7058,705.8,6.8058000000000005
7059,705.9,6.8054
7060,706.0,6.805
7061,706.1,6.8044
7062,706.2,6.8038
7063,706.3,6.8032
7064,706.4,6.8026
7065,706.5,6.802
7066,706.6,6.801400000000001
7067,706.7,6.800800000000001
7068,706.8,6.8002
7069,706.9,6.799600000000001
7070,707.0,6.799
7071,707.1,6.7983
7072,707.2,6.7976
7073,707.3,6.7969
7074,707.4,6.796200000000001
7075,707.5,6.7955000000000005
7076,707.6,6.7947999999999995
7077,707.7,6.7941
7078,707.8,6.7934
7079,707.9,6.792699999999999
7080,708.0,6.792
7081,708.1,6.7912
7082,708.2,6.790399999999999
7083,708.3,6.7896
7084,708.4,6.788799999999999
7085,708.5,6.787999999999999
7086,708.6,6.7872
7087,708.7,6.7863999999999995
7088,708.8,6.7856000000000005
7089,708.9,6.7848
7090,709.0,6.784
7091,709.1,6.783200000000001
7092,709.2,6.7824
7093,709.3,6.781599999999999
7094,709.4,6.7808
7095,709.5,6.779999999999999
7096,709.6,6.7791999999999994
7097,709.7,6.7784
7098,709.8,6.7776
7099,709.9,6.776800000000001
7100,710.0,6.776
7101,710.1,6.7749999999999995
7102,710.2,6.774
7103,710.3,6.773
7104,710.4,6.771999999999999
7105,710.5,6.771000000000001
7106,710.6,6.7700000000000005
7107,710.7,6.769
7108,710.8,6.768000000000001
7109,710.9,6.767
7110,711.0,6.766
7111,711.1,6.7651
7112,711.2,6.7642
7113,711.3,6.763300000000001
7114,711.4,6.7624
7115,711.5,6.7615
7116,711.6,6.7606
7117,711.7,6.7597
7118,711.8,6.7588
7119,711.9,6.7579
7120,712.0,6.757
7121,712.1,6.755999999999999
7122,712.2,6.755
7123,712.3,6.754
7124,712.4,6.753
7125,712.5,6.752
7126,712.6,6.7509999999999994
7127,712.7,6.75
7128,712.8,6.749
7129,712.9,6.747999999999999
7130,713.0,6.747
7131,713.1,6.7459999999999996
7132,713.2,6.744999999999999
7133,713.3,6.744
7134,713.4,6.742999999999999
7135,713.5,6.741999999999999
7136,713.6,6.7410000000000005
7137,713.7,6.74
7138,713.8,6.739000000000001
7139,713.9,6.738
7140,714.0,6.737
7141,714.1,6.7361
7142,714.2,6.7352
7143,714.3,6.7343
7144,714.4,6.7334000000000005
7145,714.5,6.7325
7146,714.6,6.731599999999999
7147,714.7,6.7307
7148,714.8,6.7298
7149,714.9,6.7289
7150,715.0,6.728
7151,715.1,6.727099999999999
7152,715.2,6.7262
7153,715.3,6.7253
7154,715.4,6.7244
7155,715.5,6.7235000000000005
7156,715.6,6.7226
7157,715.7,6.7217
7158,715.8,6.7208000000000006
7159,715.9,6.719900000000001
7160,716.0,6.719
7161,716.1,6.718200000000001
7162,716.2,6.7174000000000005
7163,716.3,6.7166000000000015
7164,716.4,6.715800000000001
7165,716.5,6.715
7166,716.6,6.714200000000001
7167,716.7,6.713400000000001
7168,716.8,6.7126
7169,716.9,6.711800000000001
7170,717.0,6.711
7171,717.1,6.7103
7172,717.2,6.7096
7173,717.3,6.7089
7174,717.4,6.708200000000001
7175,717.5,6.7075
7176,717.6,6.706799999999999
7177,717.7,6.7061
7178,717.8,6.7054
7179,717.9,6.704699999999999
7180,718.0,6.704
7181,718.1,6.703399999999999
7182,718.2,6.702799999999999
7183,718.3,6.7022
7184,718.4,6.7016
7185,718.5,6.701
7186,718.6,6.7004
7187,718.7,6.6998
7188,718.8,6.699200000000001
7189,718.9,6.698600000000001
7190,719.0,6.698
7191,719.1,6.697500000000001
7192,719.2,6.697
7193,719.3,6.6965
7194,719.4,6.696000000000001
7195,719.5,6.6955
7196,719.6,6.694999999999999
7197,719.7,6.6945
7198,719.8,6.694
7199,719.9,6.6935
7200,720.0,6.693
7201,720.1,6.6926
7202,720.2,6.6922
7203,720.3,6.6918
7204,720.4,6.6914
7205,720.5,6.691
7206,720.6,6.6906
7207,720.7,6.6902
7208,720.8,6.6898
7209,720.9,6.6894
7210,721.0,6.689
7211,721.1,6.6888000000000005
7212,721.2,6.6886
7213,721.3,6.688400000000001
7214,721.4,6.6882
7215,721.5,6.688000000000001
7216,721.6,6.6878
7217,721.7,6.687600000000001
7218,721.8,6.6874
7219,721.9,6.687200000000001
7220,722.0,6.687
7221,722.1,6.687
7222,722.2,6.687
7223,722.3,6.687
7224,722.4,6.687
7225,722.5,6.687
7226,722.6,6.687
7227,722.7,6.687
7228,722.8,6.687
7229,722.9,6.687
7230,723.0,6.687
7231,723.1,6.6871
7232,723.2,6.687200000000001
7233,723.3,6.6873000000000005
7234,723.4,6.6874
7235,723.5,6.6875
7236,723.6,6.6876
7237,723.7,6.6876999999999995
7238,723.8,6.687799999999999
7239,723.9,6.6879
7240,724.0,6.688
7241,724.1,6.688199999999999
7242,724.2,6.6884
7243,724.3,6.6886
7244,724.4,6.6888
7245,724.5,6.689
7246,724.6,6.6892000000000005
7247,724.7,6.6894
7248,724.8,6.6896
7249,724.9,6.6898
7250,725.0,6.69
7251,725.1,6.6904
7252,725.2,6.6908
7253,725.3,6.6912
7254,725.4,6.6916
7255,725.5,6.692
7256,725.6,6.6924
7257,725.7,6.6928
7258,725.8,6.6932
7259,725.9,6.6936
7260,726.0,6.694
7261,726.1,6.694599999999999
7262,726.2,6.6952
7263,726.3,6.695799999999999
7264,726.4,6.6964
7265,726.5,6.697
7266,726.6,6.6975999999999996
7267,726.7,6.6982
7268,726.8,6.6988
7269,726.9,6.6994
7270,727.0,6.7
7271,727.1,6.7006000000000006
7272,727.2,6.7012
7273,727.3,6.7018
7274,727.4,6.7024
7275,727.5,6.703
7276,727.6,6.703600000000001
7277,727.7,6.7042
7278,727.8,6.7048000000000005
7279,727.9,6.705400000000001
7280,728.0,6.706
7281,728.1,6.7067000000000005
7282,728.2,6.707400000000001
7283,728.3,6.7081
7284,728.4,6.7088
7285,728.5,6.709500000000001
7286,728.6,6.7102
7287,728.7,6.7109000000000005
7288,728.8,6.7116
7289,728.9,6.7123
7290,729.0,6.713
7291,729.1,6.7139
7292,729.2,6.7148
7293,729.3,6.7157
7294,729.4,6.7166
7295,729.5,6.7175
7296,729.6,6.718400000000001
7297,729.7,6.7193000000000005
7298,729.8,6.7202
7299,729.9,6.7211
7300,730.0,6.722
7301,730.1,6.722900000000001
7302,730.2,6.7238
7303,730.3,6.7247
7304,730.4,6.7256
7305,730.5,6.7265
7306,730.6,6.7274
7307,730.7,6.7283
7308,730.8,6.7292
7309,730.9,6.730099999999999
7310,731.0,6.731
7311,731.1,6.7318999999999996
7312,731.2,6.7328
7313,731.3,6.733699999999999
7314,731.4,6.7345999999999995
7315,731.5,6.7355
7316,731.6,6.7364
7317,731.7,6.7373
7318,731.8,6.7382
7319,731.9,6.7391
7320,732.0,6.74
7321,732.1,6.7410000000000005
7322,732.2,6.742
7323,732.3,6.743
7324,732.4,6.744
7325,732.5,6.745
7326,732.6,6.746
7327,732.7,6.747
7328,732.8,6.748
7329,732.9,6.7490000000000006
7330,733.0,6.75
7331,733.1,6.751
7332,733.2,6.752000000000001
7333,733.3,6.753
7334,733.4,6.7540000000000004
7335,733.5,6.755000000000001
7336,733.6,6.755999999999999
7337,733.7,6.757
7338,733.8,6.757999999999999
7339,733.9,6.7589999999999995
7340,734.0,6.76
7341,734.1,6.7608999999999995
7342,734.2,6.7618
7343,734.3,6.7627
7344,734.4,6.763599999999999
7345,734.5,6.7645
7346,734.6,6.7654000000000005
7347,734.7,6.7663
7348,734.8,6.7672
7349,734.9,6.7681
7350,735.0,6.769
7351,735.1,6.769900000000001
7352,735.2,6.7707999999999995
7353,735.3,6.7717
7354,735.4,6.7726
7355,735.5,6.773499999999999
7356,735.6,6.7744
7357,735.7,6.7753
7358,735.8,6.776199999999999
7359,735.9,6.777099999999999
7360,736.0,6.778
7361,736.1,6.778799999999999
7362,736.2,6.779599999999999
7363,736.3,6.780399999999998
7364,736.4,6.781199999999999
7365,736.5,6.781999999999999
7366,736.6,6.782799999999999
7367,736.7,6.783599999999999
7368,736.8,6.7844
7369,736.9,6.785199999999999
7370,737.0,6.786
7371,737.1,6.7868
7372,737.2,6.787599999999999
7373,737.3,6.7884
7374,737.4,6.789199999999999
7375,737.5,6.789999999999999
7376,737.6,6.7908
7377,737.7,6.791599999999999
7378,737.8,6.7924
7379,737.9,6.793200000000001
7380,738.0,6.794
7381,738.1,6.7947
7382,738.2,6.7954
7383,738.3,6.7961
7384,738.4,6.7968
7385,738.5,6.7975
7386,738.6,6.7982
7387,738.7,6.7989
7388,738.8,6.7996
7389,738.9,6.8003
7390,739.0,6.801
7391,739.1,6.8015
7392,739.2,6.802
7393,739.3,6.8025
7394,739.4,6.803
7395,739.5,6.8035
7396,739.6,6.804
7397,739.7,6.8045
7398,739.8,6.805000000000001
7399,739.9,6.805499999999999
7400,740.0,6.806
7401,740.1,6.8064
7402,740.2,6.8068
7403,740.3,6.8072
7404,740.4,6.8076
7405,740.5,6.808
7406,740.6,6.8084
7407,740.7,6.8088
7408,740.8,6.8092
7409,740.9,6.8096
7410,741.0,6.81
7411,741.1,6.8103
7412,741.2,6.8106
7413,741.3,6.810899999999999
7414,741.4,6.8111999999999995
7415,741.5,6.8115
7416,741.6,6.8118
7417,741.7,6.8121
7418,741.8,6.812399999999999
7419,741.9,6.8126999999999995
7420,742.0,6.813
7421,742.1,6.8132
7422,742.2,6.8134
7423,742.3,6.8136
7424,742.4,6.8138
7425,742.5,6.814
7426,742.6,6.8142000000000005
7427,742.7,6.8144
7428,742.8,6.8146
7429,742.9,6.814800000000001
7430,743.0,6.815
7431,743.1,6.815
7432,743.2,6.815
7433,743.3,6.815
7434,743.4,6.815
7435,743.5,6.815
7436,743.6,6.815
7437,743.7,6.815
7438,743.8,6.815
7439,743.9,6.815
7440,744.0,6.815
7441,744.1,6.814900000000001
7442,744.2,6.8148
7443,744.3,6.8147
7444,744.4,6.8146
7445,744.5,6.814500000000001
7446,744.6,6.8144
7447,744.7,6.8143
7448,744.8,6.8142000000000005
7449,744.9,6.8141
7450,745.0,6.814
7451,745.1,6.8138
7452,745.2,6.8136
7453,745.3,6.813400000000001
7454,745.4,6.8132
7455,745.5,6.813000000000001
7456,745.6,6.8128
7457,745.7,6.8126
7458,745.8,6.8124
7459,745.9,6.812200000000001
7460,746.0,6.812
7461,746.1,6.8116
7462,746.2,6.8112
7463,746.3,6.8108
7464,746.4,6.8104000000000005
7465,746.5,6.8100000000000005
7466,746.6,6.8096000000000005
7467,746.7,6.8092
7468,746.8,6.8088
7469,746.9,6.8084
7470,747.0,6.808
7471,747.1,6.8076
7472,747.2,6.8072
7473,747.3,6.8068
7474,747.4,6.8064
7475,747.5,6.806
7476,747.6,6.8056
7477,747.7,6.8052
7478,747.8,6.8048
7479,747.9,6.8044
7480,748.0,6.804
7481,748.1,6.8035
7482,748.2,6.803
7483,748.3,6.8025
7484,748.4,6.8020000000000005
7485,748.5,6.8015
7486,748.6,6.801
7487,748.7,6.8005
7488,748.8,6.800000000000001
7489,748.9,6.799500000000001
7490,749.0,6.799
7491,749.1,6.798400000000001
7492,749.2,6.7978000000000005
7493,749.3,6.7972
7494,749.4,6.796600000000001
7495,749.5,6.796
7496,749.6,6.7954
7497,749.7,6.7948
7498,749.8,6.7942
7499,749.9,6.7936000000000005
7500,750.0,6.793
7501,750.1,6.7923
7502,750.2,6.791600000000001
7503,750.3,6.7909
7504,750.4,6.7902
7505,750.5,6.7895
7506,750.6,6.7888
7507,750.7,6.7881
7508,750.8,6.7874
7509,750.9,6.7867
7510,751.0,6.786
7511,751.1,6.7853
7512,751.2,6.7846
7513,751.3,6.7839
7514,751.4,6.7832
7515,751.5,6.7825
7516,751.6,6.7818000000000005
7517,751.7,6.7811
7518,751.8,6.780399999999999
7519,751.9,6.7797
7520,752.0,6.779
7521,752.1,6.7783
7522,752.2,6.7776000000000005
7523,752.3,6.7768999999999995
7524,752.4,6.7762
7525,752.5,6.7755
7526,752.6,6.7748
7527,752.7,6.774100000000001
7528,752.8,6.7734
7529,752.9,6.7726999999999995
7530,753.0,6.772
7531,753.1,6.7712
7532,753.2,6.7703999999999995
7533,753.3,6.7696000000000005
7534,753.4,6.7688
7535,753.5,6.768
7536,753.6,6.767200000000001
7537,753.7,6.7664
7538,753.8,6.765600000000001
7539,753.9,6.7648
7540,754.0,6.764
7541,754.1,6.763200000000001
7542,754.2,6.7624
7543,754.3,6.7616
7544,754.4,6.760800000000001
7545,754.5,6.76
7546,754.6,6.7592
7547,754.7,6.758400000000001
7548,754.8,6.7576
7549,754.9,6.756800000000001
7550,755.0,6.756
7551,755.1,6.7553
7552,755.2,6.754600000000001
7553,755.3,6.7539
7554,755.4,6.7532
7555,755.5,6.7525
7556,755.6,6.7518
7557,755.7,6.7511
7558,755.8,6.7504
7559,755.9,6.7497
7560,756.0,6.749
7561,756.1,6.7483
7562,756.2,6.7476
7563,756.3,6.7469
7564,756.4,6.7462
7565,756.5,6.7455
7566,756.6,6.744800000000001
7567,756.7,6.7441
7568,756.8,6.743399999999999
7569,756.9,6.7427
7570,757.0,6.742
7571,757.1,6.7413
7572,757.2,6.740600000000001
7573,757.3,6.7399
7574,757.4,6.7392
7575,757.5,6.7385
7576,757.6,6.7378
7577,757.7,6.737100000000001
7578,757.8,6.7364
7579,757.9,6.7357
7580,758.0,6.735
7581,758.1,6.7343
7582,758.2,6.7336
7583,758.3,6.7329
7584,758.4,6.7322
7585,758.5,6.7315
7586,758.6,6.7308
7587,758.7,6.7301
7588,758.8,6.7294
7589,758.9,6.7287
7590,759.0,6.728
7591,759.1,6.7274
7592,759.2,6.7268
7593,759.3,6.7261999999999995
7594,759.4,6.7256
7595,759.5,6.7250000000000005
7596,759.6,6.7244
7597,759.7,6.723800000000001
7598,759.8,6.7232
7599,759.9,6.722600000000001
7600,760.0,6.722
7601,760.1,6.7215
7602,760.2,6.721000000000001
7603,760.3,6.7205
7604,760.4,6.72
7605,760.5,6.7195
7606,760.6,6.719
7607,760.7,6.7185
7608,760.8,6.718
7609,760.9,6.7175
7610,761.0,6.717
7611,761.1,6.7165
7612,761.2,6.716
7613,761.3,6.7155000000000005
7614,761.4,6.715
7615,761.5,6.714499999999999
7616,761.6,6.714
7617,761.7,6.7135
7618,761.8,6.712999999999999
7619,761.9,6.7125
7620,762.0,6.712
7621,762.1,6.7116999999999996
7622,762.2,6.711399999999999
7623,762.3,6.7111
7624,762.4,6.7108
7625,762.5,6.7105
7626,762.6,6.7101999999999995
7627,762.7,6.709899999999999
7628,762.8,6.7096
7629,762.9,6.7093
7630,763.0,6.709
7631,763.1,6.708699999999999
7632,763.2,6.708399999999999
7633,763.3,6.7081
7634,763.4,6.7078
7635,763.5,6.7075
7636,763.6,6.7072
7637,763.7,6.7069
7638,763.8,6.706600000000001
7639,763.9,6.706300000000001
7640,764.0,6.706
7641,764.1,6.705800000000001
7642,764.2,6.7056000000000004
7643,764.3,6.7054
7644,764.4,6.7052000000000005
7645,764.5,6.705
7646,764.6,6.7048
7647,764.7,6.7046
7648,764.8,6.7044
7649,764.9,6.7042
7650,765.0,6.704
7651,765.1,6.703799999999999
7652,765.2,6.7036
7653,765.3,6.7034
7654,765.4,6.7032
7655,765.5,6.703
7656,765.6,6.7028
7657,765.7,6.7025999999999994
7658,765.8,6.7024
7659,765.9,6.7022
7660,766.0,6.702
7661,766.1,6.702
7662,766.2,6.702
7663,766.3,6.702
7664,766.4,6.702
7665,766.5,6.702
7666,766.6,6.702
7667,766.7,6.702
7668,766.8,6.702
7669,766.9,6.702
7670,767.0,6.702
7671,767.1,6.702
7672,767.2,6.702
7673,767.3,6.702
7674,767.4,6.702
7675,767.5,6.702
7676,767.6,6.702
7677,767.7,6.702
7678,767.8,6.702
7679,767.9,6.702
7680,768.0,6.702
7681,768.1,6.7021999999999995
7682,768.2,6.7024
7683,768.3,6.7025999999999994
7684,768.4,6.7028
7685,768.5,6.702999999999999
7686,768.6,6.7032
7687,768.7,6.703399999999999
7688,768.8,6.7036
7689,768.9,6.703799999999999
7690,769.0,6.704
7691,769.1,6.704199999999999
7692,769.2,6.7044
7693,769.3,6.7046
7694,769.4,6.7048
7695,769.5,6.705
7696,769.6,6.7052000000000005
7697,769.7,6.7054
7698,769.8,6.7056000000000004
7699,769.9,6.7058
7700,770.0,6.706
7701,770.1,6.706300000000001
7702,770.2,6.7066
7703,770.3,6.7069
7704,770.4,6.7072
7705,770.5,6.7075
7706,770.6,6.7078
7707,770.7,6.7081
7708,770.8,6.708399999999999
7709,770.9,6.708699999999999
7710,771.0,6.709
7711,771.1,6.7094
7712,771.2,6.7097999999999995
7713,771.3,6.7101999999999995
7714,771.4,6.7105999999999995
7715,771.5,6.711
7716,771.6,6.711399999999999
7717,771.7,6.7118
7718,771.8,6.7122
7719,771.9,6.7126
7720,772.0,6.713
7721,772.1,6.713500000000001
7722,772.2,6.7139999999999995
7723,772.3,6.7145
7724,772.4,6.715
7725,772.5,6.7155
7726,772.6,6.716
7727,772.7,6.716499999999999
7728,772.8,6.717
7729,772.9,6.717499999999999
7730,773.0,6.717999999999999
7731,773.1,6.7185
7732,773.2,6.718999999999999
7733,773.3,6.719499999999999
7734,773.4,6.72
7735,773.5,6.7204999999999995
7736,773.6,6.720999999999999
7737,773.7,6.7215
7738,773.8,6.7219999999999995
7739,773.9,6.722499999999999
7740,774.0,6.723
7741,774.1,6.723599999999999
7742,774.2,6.7242
7743,774.3,6.7248
7744,774.4,6.7254
7745,774.5,6.726
7746,774.6,6.7266
7747,774.7,6.7272
7748,774.8,6.7278
7749,774.9,6.7284
7750,775.0,6.729
7751,775.1,6.7296000000000005
7752,775.2,6.7302
7753,775.3,6.7308
7754,775.4,6.731400000000001
7755,775.5,6.732
7756,775.6,6.7326
7757,775.7,6.7332
7758,775.8,6.7338
7759,775.9,6.7344
7760,776.0,6.735
7761,776.1,6.7357
7762,776.2,6.7364
7763,776.3,6.7371
7764,776.4,6.7378
7765,776.5,6.7385
7766,776.6,6.739199999999999
7767,776.7,6.7399
7768,776.8,6.740600000000001
7769,776.9,6.7413
7770,777.0,6.742
7771,777.1,6.7427
7772,777.2,6.743399999999999
7773,777.3,6.7440999999999995
7774,777.4,6.744799999999999
7775,777.5,6.745499999999999
7776,777.6,6.7462
7777,777.7,6.746899999999999
7778,777.8,6.747599999999999
7779,777.9,6.7482999999999995
7780,778.0,6.748999999999999
7781,778.1,6.749699999999999
7782,778.2,6.7504
7783,778.3,6.751099999999999
7784,778.4,6.751799999999999
7785,778.5,6.7524999999999995
7786,778.6,6.7532
7787,778.7,6.7539
7788,778.8,6.754599999999999
7789,778.9,6.7553
7790,779.0,6.756
7791,779.1,6.756799999999999
7792,779.2,6.7576
7793,779.3,6.758400000000001
7794,779.4,6.7592
7795,779.5,6.760000000000001
7796,779.6,6.760800000000001
7797,779.7,6.7616
7798,779.8,6.7624
7799,779.9,6.763199999999999
7800,780.0,6.764
7801,780.1,6.764600000000001
7802,780.2,6.7652
7803,780.3,6.7658
7804,780.4,6.7664
7805,780.5,6.7669999999999995
7806,780.6,6.7676
7807,780.7,6.7682
7808,780.8,6.768799999999999
7809,780.9,6.769399999999999
7810,781.0,6.77
7811,781.1,6.770699999999999
7812,781.2,6.7714
7813,781.3,6.772099999999999
7814,781.4,6.772799999999999
7815,781.5,6.7735
7816,781.6,6.7741999999999996
7817,781.7,6.7749
7818,781.8,6.7756
7819,781.9,6.7763
7820,782.0,6.777
7821,782.1,6.7776000000000005
7822,782.2,6.7782
7823,782.3,6.7788
7824,782.4,6.7794
7825,782.5,6.78
7826,782.6,6.7806
7827,782.7,6.781199999999999
7828,782.8,6.7818
7829,782.9,6.7824
7830,783.0,6.7829999999999995
7831,783.1,6.7836
7832,783.2,6.7842
7833,783.3,6.7848
7834,783.4,6.7854
7835,783.5,6.786
7836,783.6,6.786599999999999
7837,783.7,6.7871999999999995
7838,783.8,6.787799999999999
7839,783.9,6.788399999999999
7840,784.0,6.789
7841,784.1,6.7894
7842,784.2,6.7898
7843,784.3,6.7902
7844,784.4,6.7905999999999995
7845,784.5,6.791
7846,784.6,6.7914
7847,784.7,6.7918
7848,784.8,6.7922
7849,784.9,6.7926
7850,785.0,6.793
7851,785.1,6.7934
7852,785.2,6.7938
7853,785.3,6.7942
7854,785.4,6.7946
7855,785.5,6.795
7856,785.6,6.7954
7857,785.7,6.7958
7858,785.8,6.7962
7859,785.9,6.7966
7860,786.0,6.797
7861,786.1,6.7973
7862,786.2,6.797599999999999
7863,786.3,6.797899999999999
7864,786.4,6.7982
7865,786.5,6.7985
7866,786.6,6.7988
7867,786.7,6.799099999999999
7868,786.8,6.7993999999999994
7869,786.9,6.7997
7870,787.0,6.8
7871,787.1,6.8002
7872,787.2,6.8004
7873,787.3,6.800599999999999
7874,787.4,6.8008
7875,787.5,6.800999999999999
7876,787.6,6.8012
7877,787.7,6.801399999999999
7878,787.8,6.8016
7879,787.9,6.801799999999999
7880,788.0,6.802
7881,788.1,6.802099999999999
7882,788.2,6.8022
7883,788.3,6.8023
7884,788.4,6.8024
7885,788.5,6.802499999999999
7886,788.6,6.8026
7887,788.7,6.8027
7888,788.8,6.8027999999999995
7889,788.9,6.8029
7890,789.0,6.803
7891,789.1,6.8029
7892,789.2,6.8027999999999995
7893,789.3,6.8027
7894,789.4,6.8026
7895,789.5,6.8025
7896,789.6,6.8024
7897,789.7,6.8023
7898,789.8,6.8022
7899,789.9,6.802099999999999
7900,790.0,6.802
7901,790.1,6.801799999999999
7902,790.2,6.8016
7903,790.3,6.8014
7904,790.4,6.8012
7905,790.5,6.801
7906,790.6,6.8008
7907,790.7,6.800599999999999
7908,790.8,6.8004
7909,790.9,6.8002
7910,791.0,6.8
7911,791.1,6.7998
7912,791.2,6.7996
7913,791.3,6.7994
7914,791.4,6.7992
7915,791.5,6.7989999999999995
7916,791.6,6.7988
7917,791.7,6.7986
7918,791.8,6.7984
7919,791.9,6.7982000000000005
7920,792.0,6.798
7921,792.1,6.7976
7922,792.2,6.7972
7923,792.3,6.7968
7924,792.4,6.7964
7925,792.5,6.796
7926,792.6,6.7956
7927,792.7,6.7952
7928,792.8,6.7948
7929,792.9,6.7943999999999996
7930,793.0,6.7940000000000005
7931,793.1,6.7935
7932,793.2,6.793
7933,793.3,6.7925
7934,793.4,6.792
7935,793.5,6.791499999999999
7936,793.6,6.791
7937,793.7,6.7905
7938,793.8,6.79
7939,793.9,6.7895
7940,794.0,6.789
7941,794.1,6.7884
7942,794.2,6.7878
7943,794.3,6.7871999999999995
7944,794.4,6.7866
7945,794.5,6.786
7946,794.6,6.7854
7947,794.7,6.784800000000001
7948,794.8,6.7842
7949,794.9,6.783600000000001
7950,795.0,6.783
7951,795.1,6.7824
7952,795.2,6.7818000000000005
7953,795.3,6.7812
7954,795.4,6.7806
7955,795.5,6.78
7956,795.6,6.779400000000001
7957,795.7,6.7788
7958,795.8,6.778200000000001
7959,795.9,6.7776000000000005
7960,796.0,6.777
7961,796.1,6.776300000000001
7962,796.2,6.7756
7963,796.3,6.774900000000001
7964,796.4,6.7742
7965,796.5,6.7735
7966,796.6,6.7728
7967,796.7,6.7721
7968,796.8,6.7714
7969,796.9,6.7707
7970,797.0,6.77
7971,797.1,6.7692
7972,797.2,6.7684
7973,797.3,6.7676
7974,797.4,6.766800000000001
7975,797.5,6.766
7976,797.6,6.7652
7977,797.7,6.7644
7978,797.8,6.7636
7979,797.9,6.7627999999999995
7980,798.0,6.7620000000000005
7981,798.1,6.7613
7982,798.2,6.7606
7983,798.3,6.7599
7984,798.4,6.7592
7985,798.5,6.7585
7986,798.6,6.7578000000000005
7987,798.7,6.7571
7988,798.8,6.7564
7989,798.9,6.7557
7990,799.0,6.755
7991,799.1,6.754200000000001
7992,799.2,6.7534
7993,799.3,6.752599999999999
7994,799.4,6.7518
7995,799.5,6.7509999999999994
7996,799.6,6.7501999999999995
7997,799.7,6.7494000000000005
7998,799.8,6.7486
7999,799.9,6.747800000000001
8000,800.0,6.747
8001,800.1,6.7463
8002,800.2,6.7456000000000005
8003,800.3,6.7449
8004,800.4,6.7442
8005,800.5,6.743500000000001
8006,800.6,6.7428
8007,800.7,6.7421
8008,800.8,6.7414000000000005
8009,800.9,6.7407
8010,801.0,6.74
8011,801.1,6.739300000000001
8012,801.2,6.7386
8013,801.3,6.737900000000001
8014,801.4,6.7372000000000005
8015,801.5,6.7364999999999995
8016,801.6,6.7358
8017,801.7,6.7351
8018,801.8,6.7344
8019,801.9,6.7337
8020,802.0,6.733
8021,802.1,6.732399999999999
8022,802.2,6.7318
8023,802.3,6.7312
8024,802.4,6.730600000000001
8025,802.5,6.73
8026,802.6,6.7294
8027,802.7,6.728800000000001
8028,802.8,6.728200000000001
8029,802.9,6.727600000000001
8030,803.0,6.727000000000001
8031,803.1,6.726500000000001
8032,803.2,6.726000000000001
8033,803.3,6.725500000000001
8034,803.4,6.7250000000000005
8035,803.5,6.724500000000001
8036,803.6,6.724000000000001
8037,803.7,6.7235000000000005
8038,803.8,6.723000000000001
8039,803.9,6.722500000000001
8040,804.0,6.722
8041,804.1,6.721500000000001
8042,804.2,6.721
8043,804.3,6.7205
8044,804.4,6.720000000000001
8045,804.5,6.7195
8046,804.6,6.718999999999999
8047,804.7,6.7185
8048,804.8,6.718
8049,804.9,6.7175
8050,805.0,6.717
8051,805.1,6.7166999999999994
8052,805.2,6.7164
8053,805.3,6.7161
8054,805.4,6.7158
8055,805.5,6.7155000000000005
8056,805.6,6.7152
8057,805.7,6.7149
8058,805.8,6.714600000000001
8059,805.9,6.714300000000001
8060,806.0,6.714
8061,806.1,6.7137
8062,806.2,6.7134
8063,806.3,6.713100000000001
8064,806.4,6.7128000000000005
8065,806.5,6.7125
8066,806.6,6.7122
8067,806.7,6.7119
8068,806.8,6.711600000000001
8069,806.9,6.7113000000000005
8070,807.0,6.711
8071,807.1,6.7109000000000005
8072,807.2,6.7108
8073,807.3,6.7107
8074,807.4,6.7106
8075,807.5,6.710500000000001
8076,807.6,6.7104
8077,807.7,6.7103
8078,807.8,6.7102
8079,807.9,6.7101
8080,808.0,6.71
8081,808.1,6.71
8082,808.2,6.71
8083,808.3,6.71
8084,808.4,6.71
8085,808.5,6.71
8086,808.6,6.71
8087,808.7,6.71
8088,808.8,6.71
8089,808.9,6.71
8090,809.0,6.71
8091,809.1,6.7101999999999995
8092,809.2,6.7104
8093,809.3,6.7106
8094,809.4,6.7108
8095,809.5,6.711
8096,809.6,6.7112
8097,809.7,6.711399999999999
8098,809.8,6.7116
8099,809.9,6.711799999999999
8100,810.0,6.712
8101,810.1,6.7122
8102,810.2,6.7124
8103,810.3,6.7126
8104,810.4,6.7128
8105,810.5,6.713
8106,810.6,6.7132000000000005
8107,810.7,6.7134
8108,810.8,6.7136000000000005
8109,810.9,6.7138
8110,811.0,6.714
8111,811.1,6.7143
8112,811.2,6.7146
8113,811.3,6.7149
8114,811.4,6.7152
8115,811.5,6.7155000000000005
8116,811.6,6.7158
8117,811.7,6.7161
8118,811.8,6.7164
8119,811.9,6.7166999999999994
8120,812.0,6.717
8121,812.1,6.7175
8122,812.2,6.717999999999999
8123,812.3,6.7185
8124,812.4,6.718999999999999
8125,812.5,6.7195
8126,812.6,6.72
8127,812.7,6.7204999999999995
8128,812.8,6.721
8129,812.9,6.7215
8130,813.0,6.7219999999999995
8131,813.1,6.7225
8132,813.2,6.723
8133,813.3,6.7235
8134,813.4,6.724
8135,813.5,6.724500000000001
8136,813.6,6.725
8137,813.7,6.7255
8138,813.8,6.726
8139,813.9,6.7265
8140,814.0,6.727
8141,814.1,6.7275
8142,814.2,6.728
8143,814.3,6.7285
8144,814.4,6.729
8145,814.5,6.7295
8146,814.6,6.73
8147,814.7,6.7305
8148,814.8,6.731000000000001
8149,814.9,6.7315
8150,815.0,6.732
8151,815.1,6.732600000000001
8152,815.2,6.7332
8153,815.3,6.7338000000000005
8154,815.4,6.734400000000001
8155,815.5,6.735
8156,815.6,6.7356
8157,815.7,6.7362
8158,815.8,6.7368
8159,815.9,6.7374
8160,816.0,6.738
8161,816.1,6.7387
8162,816.2,6.7394
8163,816.3,6.7401
8164,816.4,6.7408
8165,816.5,6.7415
8166,816.6,6.7421999999999995
8167,816.7,6.7429
8168,816.8,6.743600000000001
8169,816.9,6.7443
8170,817.0,6.745
8171,817.1,6.7456000000000005
8172,817.2,6.7462
8173,817.3,6.7468
8174,817.4,6.7474
8175,817.5,6.748
8176,817.6,6.7486
8177,817.7,6.749199999999999
8178,817.8,6.7498
8179,817.9,6.7504
8180,818.0,6.7509999999999994
8181,818.1,6.7517
8182,818.2,6.7524
8183,818.3,6.7531
8184,818.4,6.7538
8185,818.5,6.7545
8186,818.6,6.755199999999999
8187,818.7,6.7559
8188,818.8,6.7566
8189,818.9,6.7573
8190,819.0,6.758
8191,819.1,6.7585999999999995
8192,819.2,6.7592
8193,819.3,6.7598
8194,819.4,6.7604
8195,819.5,6.761
8196,819.6,6.7616000000000005
8197,819.7,6.7622
8198,819.8,6.7628
8199,819.9,6.7634
8200,820.0,6.764
8201,820.1,6.764500000000001
8202,820.2,6.765
8203,820.3,6.7655
8204,820.4,6.766
8205,820.5,6.7665
8206,820.6,6.767
8207,820.7,6.7675
8208,820.8,6.768
8209,820.9,6.7684999999999995
8210,821.0,6.769
8211,821.1,6.7695
8212,821.2,6.77
8213,821.3,6.770499999999999
8214,821.4,6.771
8215,821.5,6.7715
8216,821.6,6.771999999999999
8217,821.7,6.7725
8218,821.8,6.773000000000001
8219,821.9,6.773499999999999
8220,822.0,6.774
8221,822.1,6.7744
8222,822.2,6.7748
8223,822.3,6.7752
8224,822.4,6.775599999999999
8225,822.5,6.776
8226,822.6,6.7764
8227,822.7,6.776799999999999
8228,822.8,6.7772
8229,822.9,6.7776
8230,823.0,6.777999999999999
8231,823.1,6.7783999999999995
8232,823.2,6.7787999999999995
8233,823.3,6.7791999999999994
8234,823.4,6.779599999999999
8235,823.5,6.779999999999999
8236,823.6,6.780399999999999
8237,823.7,6.7808
8238,823.8,6.781199999999999
8239,823.9,6.7816
8240,824.0,6.782
8241,824.1,6.7822
8242,824.2,6.7824
8243,824.3,6.7826
8244,824.4,6.7828
8245,824.5,6.7829999999999995
8246,824.6,6.7832
8247,824.7,6.783399999999999
8248,824.8,6.7836
8249,824.9,6.783799999999999
8250,825.0,6.784
8251,825.1,6.7841
8252,825.2,6.7842
8253,825.3,6.7843
8254,825.4,6.7844
8255,825.5,6.7844999999999995
8256,825.6,6.7846
8257,825.7,6.7847
8258,825.8,6.7848
8259,825.9,6.7849
8260,826.0,6.785
8261,826.1,6.7851
8262,826.2,6.7852
8263,826.3,6.785299999999999
8264,826.4,6.7854
8265,826.5,6.7855
8266,826.6,6.7856
8267,826.7,6.785699999999999
8268,826.8,6.7858
8269,826.9,6.7859
8270,827.0,6.786
8271,827.1,6.7859
8272,827.2,6.7858
8273,827.3,6.785699999999999
8274,827.4,6.7856
8275,827.5,6.7855
8276,827.6,6.7854
8277,827.7,6.7853
8278,827.8,6.7852
8279,827.9,6.7851
8280,828.0,6.785
8281,828.1,6.7849
8282,828.2,6.7848
8283,828.3,6.7847
8284,828.4,6.7846
8285,828.5,6.7845
8286,828.6,6.7844
8287,828.7,6.7843
8288,828.8,6.7842
8289,828.9,6.7841
8290,829.0,6.784
8291,829.1,6.7837
8292,829.2,6.783399999999999
8293,829.3,6.7831
8294,829.4,6.7828
8295,829.5,6.7825
8296,829.6,6.7822
8297,829.7,6.781899999999999
8298,829.8,6.7816
8299,829.9,6.7813
8300,830.0,6.781
8301,830.1,6.7806999999999995
8302,830.2,6.7804
8303,830.3,6.7801
8304,830.4,6.7798
8305,830.5,6.7795
8306,830.6,6.7791999999999994
8307,830.7,6.778899999999999
8308,830.8,6.7786
8309,830.9,6.7783
8310,831.0,6.778
8311,831.1,6.7776
8312,831.2,6.7772
8313,831.3,6.776800000000001
8314,831.4,6.7764
8315,831.5,6.776
8316,831.6,6.7756
8317,831.7,6.7752
8318,831.8,6.7748
8319,831.9,6.7744
8320,832.0,6.774
8321,832.1,6.7736
8322,832.2,6.7732
8323,832.3,6.7728
8324,832.4,6.7724
8325,832.5,6.772
8326,832.6,6.7716
8327,832.7,6.7712
8328,832.8,6.7708
8329,832.9,6.7703999999999995
8330,833.0,6.7700000000000005
8331,833.1,6.7695
8332,833.2,6.769
8333,833.3,6.7685
8334,833.4,6.768
8335,833.5,6.7675
8336,833.6,6.767
8337,833.7,6.7665
8338,833.8,6.766
8339,833.9,6.7655
8340,834.0,6.765
8341,834.1,6.7645
8342,834.2,6.764
8343,834.3,6.7635
8344,834.4,6.763
8345,834.5,6.762499999999999
8346,834.6,6.762
8347,834.7,6.7615
8348,834.8,6.760999999999999
8349,834.9,6.7605
8350,835.0,6.76
8351,835.1,6.759499999999999
8352,835.2,6.759
8353,835.3,6.7585
8354,835.4,6.758
8355,835.5,6.7575
8356,835.6,6.757
8357,835.7,6.7565
8358,835.8,6.756
8359,835.9,6.7555000000000005
8360,836.0,6.755
8361,836.1,6.7545
8362,836.2,6.7540000000000004
8363,836.3,6.753500000000001
8364,836.4,6.753
8365,836.5,6.7525
8366,836.6,6.752000000000001
8367,836.7,6.7515
8368,836.8,6.7509999999999994
8369,836.9,6.750500000000001
8370,837.0,6.75
8371,837.1,6.749499999999999
8372,837.2,6.7490000000000006
8373,837.3,6.7485
8374,837.4,6.748
8375,837.5,6.7475000000000005
8376,837.6,6.747
8377,837.7,6.746500000000001
8378,837.8,6.746
8379,837.9,6.745500000000001
8380,838.0,6.745000000000001
8381,838.1,6.7446
8382,838.2,6.7442
8383,838.3,6.7438
8384,838.4,6.7434
8385,838.5,6.743
8386,838.6,6.7426
8387,838.7,6.7421999999999995
8388,838.8,6.7418000000000005
8389,838.9,6.7414
8390,839.0,6.741
8391,839.1,6.7406
8392,839.2,6.7402
8393,839.3,6.7398
8394,839.4,6.7394
8395,839.5,6.739
8396,839.6,6.7386
8397,839.7,6.7382
8398,839.8,6.7378
8399,839.9,6.7374
8400,840.0,6.737
8401,840.1,6.7366
8402,840.2,6.7362
8403,840.3,6.7358
8404,840.4,6.735399999999999
8405,840.5,6.735
8406,840.6,6.7346
8407,840.7,6.7341999999999995
8408,840.8,6.7338000000000005
8409,840.9,6.7334
8410,841.0,6.733
8411,841.1,6.7327
8412,841.2,6.7324
8413,841.3,6.7321
8414,841.4,6.7318
8415,841.5,6.7315000000000005
8416,841.6,6.7312
8417,841.7,6.7309
8418,841.8,6.7306
8419,841.9,6.730300000000001
8420,842.0,6.73
8421,842.1,6.7298
8422,842.2,6.7296000000000005
8423,842.3,6.7294
8424,842.4,6.7292000000000005
8425,842.5,6.729
8426,842.6,6.7288
8427,842.7,6.7286
8428,842.8,6.7284
8429,842.9,6.7282
8430,843.0,6.728
8431,843.1,6.7278
8432,843.2,6.7276
8433,843.3,6.7274
8434,843.4,6.7272
8435,843.5,6.727
8436,843.6,6.7268
8437,843.7,6.7266
8438,843.8,6.7264
8439,843.9,6.7262
8440,844.0,6.726
8441,844.1,6.7259
8442,844.2,6.7258
8443,844.3,6.7257
8444,844.4,6.7256
8445,844.5,6.7255
8446,844.6,6.7254
8447,844.7,6.7253
8448,844.8,6.7252
8449,844.9,6.725099999999999
8450,845.0,6.725
8451,845.1,6.7249
8452,845.2,6.7248
8453,845.3,6.7246999999999995
8454,845.4,6.7246
8455,845.5,6.7245
8456,845.6,6.7244
8457,845.7,6.7243
8458,845.8,6.7242
8459,845.9,6.7241
8460,846.0,6.724
8461,846.1,6.7241
8462,846.2,6.7242
8463,846.3,6.7242999999999995
8464,846.4,6.7244
8465,846.5,6.7245
8466,846.6,6.7246
8467,846.7,6.7246999999999995
8468,846.8,6.7248
8469,846.9,6.7249
8470,847.0,6.725
8471,847.1,6.725099999999999
8472,847.2,6.7252
8473,847.3,6.7253
8474,847.4,6.7254
8475,847.5,6.725499999999999
8476,847.6,6.7256
8477,847.7,6.7257
8478,847.8,6.7258
8479,847.9,6.7259
8480,848.0,6.726
8481,848.1,6.7261
8482,848.2,6.7262
8483,848.3,6.7263
8484,848.4,6.7264
8485,848.5,6.7265
8486,848.6,6.7266
8487,848.7,6.7267
8488,848.8,6.7268
8489,848.9,6.7269000000000005
8490,849.0,6.727
8491,849.1,6.7272
8492,849.2,6.7274
8493,849.3,6.727600000000001
8494,849.4,6.7278
8495,849.5,6.728
8496,849.6,6.7282
8497,849.7,6.7284
8498,849.8,6.7286
8499,849.9,6.7288
8500,850.0,6.729
8501,850.1,6.7293
8502,850.2,6.7296
8503,850.3,6.7299
8504,850.4,6.7302
8505,850.5,6.7305
8506,850.6,6.7308
8507,850.7,6.7311000000000005
8508,850.8,6.7314
8509,850.9,6.7317
8510,851.0,6.732
8511,851.1,6.7323
8512,851.2,6.732600000000001
8513,851.3,6.7329
8514,851.4,6.7332
8515,851.5,6.7335
8516,851.6,6.7338000000000005
8517,851.7,6.734100000000001
8518,851.8,6.7344
8519,851.9,6.7347
8520,852.0,6.735
8521,852.1,6.7354
8522,852.2,6.7358
8523,852.3,6.7362
8524,852.4,6.736599999999999
8525,852.5,6.737
8526,852.6,6.7374
8527,852.7,6.737799999999999
8528,852.8,6.7382
8529,852.9,6.7386
8530,853.0,6.738999999999999
8531,853.1,6.7393
8532,853.2,6.7396
8533,853.3,6.7399
8534,853.4,6.7402
8535,853.5,6.7405
8536,853.6,6.7408
8537,853.7,6.7411
8538,853.8,6.7414
8539,853.9,6.7417
8540,854.0,6.742
8541,854.1,6.7425
8542,854.2,6.742999999999999
8543,854.3,6.7435
8544,854.4,6.744
8545,854.5,6.7445
8546,854.6,6.745
8547,854.7,6.7455
8548,854.8,6.746
8549,854.9,6.746499999999999
8550,855.0,6.747
8551,855.1,6.7474
8552,855.2,6.7478
8553,855.3,6.7482
8554,855.4,6.748600000000001
8555,855.5,6.749
8556,855.6,6.7494
8557,855.7,6.7498000000000005
8558,855.8,6.7501999999999995
8559,855.9,6.7506
8560,856.0,6.751
8561,856.1,6.7515
8562,856.2,6.752
8563,856.3,6.7524999999999995
8564,856.4,6.753
8565,856.5,6.753500000000001
8566,856.6,6.754
8567,856.7,6.7545
8568,856.8,6.755000000000001
8569,856.9,6.7555
8570,857.0,6.756
8571,857.1,6.7564
8572,857.2,6.7568
8573,857.3,6.7572
8574,857.4,6.757599999999999
8575,857.5,6.758
8576,857.6,6.7584
8577,857.7,6.758799999999999
8578,857.8,6.7592
8579,857.9,6.7596
8580,858.0,6.759999999999999
8581,858.1,6.7604999999999995
8582,858.2,6.760999999999999
8583,858.3,6.761499999999999
8584,858.4,6.762
8585,858.5,6.762499999999999
8586,858.6,6.762999999999999
8587,858.7,6.7635
8588,858.8,6.763999999999999
8589,858.9,6.764499999999999
8590,859.0,6.765
8591,859.1,6.765499999999999
8592,859.2,6.765999999999999
8593,859.3,6.7665
8594,859.4,6.7669999999999995
8595,859.5,6.7675
8596,859.6,6.768
8597,859.7,6.7684999999999995
8598,859.8,6.769
8599,859.9,6.769499999999999
8600,860.0,6.77
8601,860.1,6.7703999999999995
8602,860.2,6.7707999999999995
8603,860.3,6.771199999999999
8604,860.4,6.7716
8605,860.5,6.771999999999999
8606,860.6,6.772399999999999
8607,860.7,6.7728
8608,860.8,6.773199999999999
8609,860.9,6.7736
8610,861.0,6.774
8611,861.1,6.7745
8612,861.2,6.7749999999999995
8613,861.3,6.775499999999999
8614,861.4,6.776
8615,861.5,6.7765
8616,861.6,6.776999999999999
8617,861.7,6.7775
8618,861.8,6.7780000000000005
8619,861.9,6.778499999999999
8620,862.0,6.779
8621,862.1,6.7794
8622,862.2,6.7798
8623,862.3,6.7802
8624,862.4,6.7806
8625,862.5,6.781
8626,862.6,6.7814
8627,862.7,6.7818
8628,862.8,6.7822
8629,862.9,6.7826
8630,863.0,6.7829999999999995
8631,863.1,6.7833
8632,863.2,6.7836
8633,863.3,6.7839
8634,863.4,6.7842
8635,863.5,6.7845
8636,863.6,6.7848
8637,863.7,6.7851
8638,863.8,6.785399999999999
8639,863.9,6.785699999999999
8640,864.0,6.786
8641,864.1,6.7863
8642,864.2,6.7866
8643,864.3,6.786899999999999
8644,864.4,6.7871999999999995
8645,864.5,6.7875
8646,864.6,6.7878
8647,864.7,6.7881
8648,864.8,6.788399999999999
8649,864.9,6.7886999999999995
8650,865.0,6.789
8651,865.1,6.7893
8652,865.2,6.789599999999999
8653,865.3,6.789899999999999
8654,865.4,6.7902
8655,865.5,6.7905
8656,865.6,6.7908
8657,865.7,6.7911
8658,865.8,6.791399999999999
8659,865.9,6.7917
8660,866.0,6.792
8661,866.1,6.792199999999999
8662,866.2,6.7924
8663,866.3,6.792599999999999
8664,866.4,6.7928
8665,866.5,6.792999999999999
8666,866.6,6.7932
8667,866.7,6.793399999999999
8668,866.8,6.7936
8669,866.9,6.793799999999999
8670,867.0,6.794
8671,867.1,6.7942
8672,867.2,6.7943999999999996
8673,867.3,6.7946
8674,867.4,6.7947999999999995
8675,867.5,6.795
8676,867.6,6.7952
8677,867.7,6.7954
8678,867.8,6.7956
8679,867.9,6.7958
8680,868.0,6.796
8681,868.1,6.7961
8682,868.2,6.7962
8683,868.3,6.7963
8684,868.4,6.7964
8685,868.5,6.7965
8686,868.6,6.7966
8687,868.7,6.7966999999999995
8688,868.8,6.796799999999999
8689,868.9,6.7969
8690,869.0,6.797
8691,869.1,6.7969
8692,869.2,6.7968
8693,869.3,6.7966999999999995
8694,869.4,6.7966
8695,869.5,6.7965
8696,869.6,6.7964
8697,869.7,6.7963000000000005
8698,869.8,6.7962
8699,869.9,6.7961
8700,870.0,6.796
8701,870.1,6.7959000000000005
8702,870.2,6.7958
8703,870.3,6.7957
8704,870.4,6.7956
8705,870.5,6.7955000000000005
8706,870.6,6.7954
8707,870.7,6.7953
8708,870.8,6.7952
8709,870.9,6.7951
8710,871.0,6.795
8711,871.1,6.7949
8712,871.2,6.7947999999999995
8713,871.3,6.7947
8714,871.4,6.7946
8715,871.5,6.794499999999999
8716,871.6,6.7943999999999996
8717,871.7,6.7943
8718,871.8,6.7942
8719,871.9,6.794099999999999
8720,872.0,6.794
8721,872.1,6.793699999999999
8722,872.2,6.7934
8723,872.3,6.7931
8724,872.4,6.792800000000001
8725,872.5,6.7925
8726,872.6,6.7922
8727,872.7,6.791900000000001
8728,872.8,6.791600000000001
8729,872.9,6.791300000000001
8730,873.0,6.791
8731,873.1,6.7906
8732,873.2,6.7902000000000005
8733,873.3,6.7898000000000005
8734,873.4,6.7894000000000005
8735,873.5,6.789000000000001
8736,873.6,6.788600000000001
8737,873.7,6.7882
8738,873.8,6.787800000000001
8739,873.9,6.7874
8740,874.0,6.787
8741,874.1,6.7866
8742,874.2,6.7862
8743,874.3,6.7858
8744,874.4,6.7854
8745,874.5,6.785
8746,874.6,6.7846
8747,874.7,6.7842
8748,874.8,6.7838
8749,874.9,6.7834
8750,875.0,6.783
8751,875.1,6.7824
8752,875.2,6.7818000000000005
8753,875.3,6.7812
8754,875.4,6.7806
8755,875.5,6.78
8756,875.6,6.779400000000001
8757,875.7,6.7788
8758,875.8,6.778200000000001
8759,875.9,6.7776000000000005
8760,876.0,6.777
8761,876.1,6.776400000000001
8762,876.2,6.7758
8763,876.3,6.775200000000001
8764,876.4,6.7746
8765,876.5,6.774
8766,876.6,6.7734000000000005
8767,876.7,6.7728
8768,876.8,6.7722
8769,876.9,6.7716
8770,877.0,6.771
8771,877.1,6.7703999999999995
8772,877.2,6.7698
8773,877.3,6.7692
8774,877.4,6.7686
8775,877.5,6.768
8776,877.6,6.7674
8777,877.7,6.766800000000001
8778,877.8,6.7662
8779,877.9,6.7656
8780,878.0,6.765000000000001
8781,878.1,6.764200000000001
8782,878.2,6.7634
8783,878.3,6.762600000000001
8784,878.4,6.7618
8785,878.5,6.760999999999999
8786,878.6,6.7602
8787,878.7,6.7594
8788,878.8,6.7586
8789,878.9,6.7578000000000005
8790,879.0,6.757
8791,879.1,6.7563
8792,879.2,6.7556
8793,879.3,6.754899999999999
8794,879.4,6.7542
8795,879.5,6.7535
8796,879.6,6.7528
8797,879.7,6.7521
8798,879.8,6.751399999999999
8799,879.9,6.7507
8800,880.0,6.75
8801,880.1,6.7492
8802,880.2,6.7484
8803,880.3,6.7476
8804,880.4,6.7467999999999995
8805,880.5,6.746
8806,880.6,6.7452000000000005
8807,880.7,6.7444
8808,880.8,6.743600000000001
8809,880.9,6.7428
8810,881.0,6.742
8811,881.1,6.741300000000001
8812,881.2,6.740600000000001
8813,881.3,6.7399000000000004
8814,881.4,6.7392
8815,881.5,6.7385
8816,881.6,6.737800000000001
8817,881.7,6.737100000000001
8818,881.8,6.7364
8819,881.9,6.7357000000000005
8820,882.0,6.735
8821,882.1,6.7342
8822,882.2,6.7334000000000005
8823,882.3,6.732600000000001
8824,882.4,6.731800000000002
8825,882.5,6.731000000000001
8826,882.6,6.730200000000001
8827,882.7,6.729400000000001
8828,882.8,6.728600000000001
8829,882.9,6.7278
8830,883.0,6.727000000000001
8831,883.1,6.726300000000001
8832,883.2,6.7256
8833,883.3,6.724900000000001
8834,883.4,6.724200000000001
8835,883.5,6.7235
8836,883.6,6.7228
8837,883.7,6.7221
8838,883.8,6.721400000000001
8839,883.9,6.7207
8840,884.0,6.72
8841,884.1,6.7193000000000005
8842,884.2,6.7186
8843,884.3,6.717899999999999
8844,884.4,6.7172
8845,884.5,6.7165
8846,884.6,6.7158
8847,884.7,6.7151000000000005
8848,884.8,6.7143999999999995
8849,884.9,6.7137
8850,885.0,6.713
8851,885.1,6.7124
8852,885.2,6.7118
8853,885.3,6.7112
8854,885.4,6.7105999999999995
8855,885.5,6.71
8856,885.6,6.7094000000000005
8857,885.7,6.7088
8858,885.8,6.708200000000001
8859,885.9,6.7076
8860,886.0,6.707
8861,886.1,6.7065
8862,886.2,6.706
8863,886.3,6.705500000000001
8864,886.4,6.705
8865,886.5,6.7044999999999995
8866,886.6,6.704000000000001
8867,886.7,6.7035
8868,886.8,6.702999999999999
8869,886.9,6.702500000000001
8870,887.0,6.702
8871,887.1,6.7016
8872,887.2,6.7012
8873,887.3,6.7008
8874,887.4,6.700400000000001
8875,887.5,6.7
8876,887.6,6.6996
8877,887.7,6.699200000000001
8878,887.8,6.6988
8879,887.9,6.6984
8880,888.0,6.698000000000001
8881,888.1,6.697800000000001
8882,888.2,6.6976
8883,888.3,6.6974
8884,888.4,6.6972000000000005
8885,888.5,6.697
8886,888.6,6.6968000000000005
8887,888.7,6.6966
8888,888.8,6.6964
8889,888.9,6.6962
8890,889.0,6.696
8891,889.1,6.6958
8892,889.2,6.6956
8893,889.3,6.695399999999999
8894,889.4,6.6952
8895,889.5,6.695
8896,889.6,6.6948
8897,889.7,6.6946
8898,889.8,6.6944
8899,889.9,6.6942
8900,890.0,6.694
8901,890.1,6.694
8902,890.2,6.694
8903,890.3,6.694
8904,890.4,6.694
8905,890.5,6.694
8906,890.6,6.694
8907,890.7,6.694
8908,890.8,6.694
8909,890.9,6.694
8910,891.0,6.694
8911,891.1,6.6941999999999995
8912,891.2,6.6944
8913,891.3,6.694599999999999
8914,891.4,6.6948
8915,891.5,6.695
8916,891.6,6.6952
8917,891.7,6.695399999999999
8918,891.8,6.6956
8919,891.9,6.695799999999999
8920,892.0,6.696
8921,892.1,6.6962
8922,892.2,6.6964
8923,892.3,6.6966
8924,892.4,6.6968
8925,892.5,6.697
8926,892.6,6.6972000000000005
8927,892.7,6.6974
8928,892.8,6.6976
8929,892.9,6.6978
8930,893.0,6.698
8931,893.1,6.6984
8932,893.2,6.6988
8933,893.3,6.699199999999999
8934,893.4,6.6996
8935,893.5,6.7
8936,893.6,6.7004
8937,893.7,6.7008
8938,893.8,6.701199999999999
8939,893.9,6.7016
8940,894.0,6.702
8941,894.1,6.7025999999999994
8942,894.2,6.7032
8943,894.3,6.7038
8944,894.4,6.7044
8945,894.5,6.705
8946,894.6,6.7056000000000004
8947,894.7,6.7062
8948,894.8,6.7068
8949,894.9,6.7074
8950,895.0,6.708
8951,895.1,6.7087
8952,895.2,6.7094
8953,895.3,6.7101
8954,895.4,6.7108
8955,895.5,6.711499999999999
8956,895.6,6.7122
8957,895.7,6.7129
8958,895.8,6.7136
8959,895.9,6.7143
8960,896.0,6.715
8961,896.1,6.715799999999999
8962,896.2,6.7166
8963,896.3,6.717399999999999
8964,896.4,6.7181999999999995
8965,896.5,6.718999999999999
8966,896.6,6.719799999999999
8967,896.7,6.720599999999999
8968,896.8,6.7214
8969,896.9,6.722199999999999
8970,897.0,6.723
8971,897.1,6.7239
8972,897.2,6.724799999999999
8973,897.3,6.7257
8974,897.4,6.726599999999999
8975,897.5,6.727499999999999
8976,897.6,6.7284
8977,897.7,6.729299999999999
8978,897.8,6.730199999999999
8979,897.9,6.7311
8980,898.0,6.731999999999999
8981,898.1,6.732899999999999
8982,898.2,6.7338
8983,898.3,6.734699999999999
8984,898.4,6.7356
8985,898.5,6.7364999999999995
8986,898.6,6.737399999999999
8987,898.7,6.7383
8988,898.8,6.7391999999999985
8989,898.9,6.740099999999999
8990,899.0,6.741
8991,899.1,6.741999999999999
8992,899.2,6.742999999999999
8993,899.3,6.744
8994,899.4,6.744999999999999
8995,899.5,6.746
8996,899.6,6.747000000000001
8997,899.7,6.748
8998,899.8,6.7490000000000006
8999,899.9,6.75
9000,900.0,6.751
9001,900.1,6.7521
9002,900.2,6.7532
9003,900.3,6.7543
9004,900.4,6.755400000000001
9005,900.5,6.756499999999999
9006,900.6,6.757599999999999
9007,900.7,6.7587
9008,900.8,6.7597999999999985
9009,900.9,6.7608999999999995
9010,901.0,6.762
9011,901.1,6.762999999999999
9012,901.2,6.763999999999999
9013,901.3,6.764999999999999
9014,901.4,6.765999999999999
9015,901.5,6.7669999999999995
9016,901.6,6.767999999999999
9017,901.7,6.769
9018,901.8,6.7700000000000005
9019,901.9,6.771
9020,902.0,6.772
9021,902.1,6.773000000000001
9022,902.2,6.774
9023,902.3,6.775
9024,902.4,6.775999999999999
9025,902.5,6.776999999999999
9026,902.6,6.778
9027,902.7,6.778999999999999
9028,902.8,6.779999999999999
9029,902.9,6.781
9030,903.0,6.781999999999998
9031,903.1,6.7829999999999995
9032,903.2,6.784
9033,903.3,6.784999999999999
9034,903.4,6.786
9035,903.5,6.787
9036,903.6,6.787999999999999
9037,903.7,6.789
9038,903.8,6.789999999999999
9039,903.9,6.7909999999999995
9040,904.0,6.792
9041,904.1,6.792799999999999
9042,904.2,6.7936
9043,904.3,6.7944
9044,904.4,6.7951999999999995
9045,904.5,6.795999999999999
9046,904.6,6.7968
9047,904.7,6.797599999999999
9048,904.8,6.7984
9049,904.9,6.799199999999999
9050,905.0,6.8
9051,905.1,6.8008
9052,905.2,6.8016
9053,905.3,6.8024
9054,905.4,6.8032
9055,905.5,6.803999999999999
9056,905.6,6.804799999999999
9057,905.7,6.8056
9058,905.8,6.806399999999999
9059,905.9,6.8072
9060,906.0,6.808
9061,906.1,6.808699999999999
9062,906.2,6.8094
9063,906.3,6.810099999999999
9064,906.4,6.8107999999999995
9065,906.5,6.8115
9066,906.6,6.8122
9067,906.7,6.8129
9068,906.8,6.8136
9069,906.9,6.8143
9070,907.0,6.815
9071,907.1,6.815500000000001
9072,907.2,6.816
9073,907.3,6.8165000000000004
9074,907.4,6.817
9075,907.5,6.8175
9076,907.6,6.8180000000000005
9077,907.7,6.818499999999999
9078,907.8,6.819
9079,907.9,6.8195
9080,908.0,6.819999999999999
9081,908.1,6.8204
9082,908.2,6.8208
9083,908.3,6.821199999999999
9084,908.4,6.8216
9085,908.5,6.822
9086,908.6,6.8224
9087,908.7,6.8228
9088,908.8,6.823199999999999
9089,908.9,6.8236
9090,909.0,6.824
9091,909.1,6.824199999999999
9092,909.2,6.8244
9093,909.3,6.8246
9094,909.4,6.8248
9095,909.5,6.824999999999999
9096,909.6,6.8252
9097,909.7,6.825399999999999
9098,909.8,6.8256
9099,909.9,6.825799999999999
9100,910.0,6.826
9101,910.1,6.826
9102,910.2,6.826
9103,910.3,6.826
9104,910.4,6.826
9105,910.5,6.826
9106,910.6,6.826
9107,910.7,6.826
9108,910.8,6.826
9109,910.9,6.826
9110,911.0,6.826
9111,911.1,6.8258
9112,911.2,6.8256
9113,911.3,6.8254
9114,911.4,6.8252
9115,911.5,6.824999999999999
9116,911.6,6.8248
9117,911.7,6.8246
9118,911.8,6.8244
9119,911.9,6.8242
9120,912.0,6.824
9121,912.1,6.8237
9122,912.2,6.8234
9123,912.3,6.8231
9124,912.4,6.8228
9125,912.5,6.8225
9126,912.6,6.8222
9127,912.7,6.8219
9128,912.8,6.8216
9129,912.9,6.8213
9130,913.0,6.821
9131,913.1,6.8206
9132,913.2,6.8202
9133,913.3,6.819800000000001
9134,913.4,6.8194
9135,913.5,6.819
9136,913.6,6.8186
9137,913.7,6.8182
9138,913.8,6.817800000000001
9139,913.9,6.8174
9140,914.0,6.817
9141,914.1,6.816400000000001
9142,914.2,6.8158
9143,914.3,6.8152
9144,914.4,6.8146
9145,914.5,6.814
9146,914.6,6.8134
9147,914.7,6.8128
9148,914.8,6.8122
9149,914.9,6.8116
9150,915.0,6.811
9151,915.1,6.8103
9152,915.2,6.8096000000000005
9153,915.3,6.8089
9154,915.4,6.8082
9155,915.5,6.807500000000001
9156,915.6,6.8068
9157,915.7,6.8061
9158,915.8,6.805400000000001
9159,915.9,6.8047
9160,916.0,6.804
9161,916.1,6.803100000000001
9162,916.2,6.8022
9163,916.3,6.801300000000001
9164,916.4,6.800400000000001
9165,916.5,6.7995
9166,916.6,6.7986
9167,916.7,6.7977
9168,916.8,6.7968
9169,916.9,6.7959000000000005
9170,917.0,6.795
9171,917.1,6.794099999999999
9172,917.2,6.793200000000001
9173,917.3,6.7923
9174,917.4,6.791400000000001
9175,917.5,6.790500000000001
9176,917.6,6.7896
9177,917.7,6.7887
9178,917.8,6.787800000000001
9179,917.9,6.7869
9180,918.0,6.7860000000000005
9181,918.1,6.785
9182,918.2,6.784
9183,918.3,6.783
9184,918.4,6.782
9185,918.5,6.781
9186,918.6,6.78
9187,918.7,6.779
9188,918.8,6.7780000000000005
9189,918.9,6.777
9190,919.0,6.776
9191,919.1,6.775
9192,919.2,6.774
9193,919.3,6.773
9194,919.4,6.772
9195,919.5,6.771
9196,919.6,6.77
9197,919.7,6.769
9198,919.8,6.768
9199,919.9,6.767
9200,920.0,6.766
9201,920.1,6.765
9202,920.2,6.764
9203,920.3,6.763
9204,920.4,6.762
9205,920.5,6.761000000000001
9206,920.6,6.760000000000001
9207,920.7,6.759
9208,920.8,6.758000000000001
9209,920.9,6.757000000000001
9210,921.0,6.756
9211,921.1,6.755000000000001
9212,921.2,6.7540000000000004
9213,921.3,6.753000000000001
9214,921.4,6.752000000000001
9215,921.5,6.751
9216,921.6,6.750000000000001
9217,921.7,6.7490000000000006
9218,921.8,6.748
9219,921.9,6.747000000000001
9220,922.0,6.746
9221,922.1,6.745
9222,922.2,6.744000000000001
9223,922.3,6.743
9224,922.4,6.742000000000001
9225,922.5,6.7410000000000005
9226,922.6,6.74
9227,922.7,6.739000000000002
9228,922.8,6.738
9229,922.9,6.737
9230,923.0,6.7360000000000015
9231,923.1,6.735100000000001
9232,923.2,6.7342
9233,923.3,6.733300000000001
9234,923.4,6.7324
9235,923.5,6.7315000000000005
9236,923.6,6.730600000000001
9237,923.7,6.7297
9238,923.8,6.7288000000000014
9239,923.9,6.727900000000001
9240,924.0,6.727
9241,924.1,6.726100000000001
9242,924.2,6.7252
9243,924.3,6.7243
9244,924.4,6.723400000000001
9245,924.5,6.7225
9246,924.6,6.7216
9247,924.7,6.7207
9248,924.8,6.7198
9249,924.9,6.7189000000000005
9250,925.0,6.718
9251,925.1,6.7173
9252,925.2,6.716600000000001
9253,925.3,6.7159
9254,925.4,6.7152
9255,925.5,6.714500000000001
9256,925.6,6.7138
9257,925.7,6.7131
9258,925.8,6.712400000000001
9259,925.9,6.7117
9260,926.0,6.711
9261,926.1,6.710400000000001
9262,926.2,6.7098
9263,926.3,6.709200000000001
9264,926.4,6.708600000000001
9265,926.5,6.708
9266,926.6,6.707400000000001
9267,926.7,6.7068
9268,926.8,6.7062
9269,926.9,6.7056000000000004
9270,927.0,6.705
9271,927.1,6.7044
9272,927.2,6.7038
9273,927.3,6.7032
9274,927.4,6.7026
9275,927.5,6.702
9276,927.6,6.7014000000000005
9277,927.7,6.700800000000001
9278,927.8,6.700200000000001
9279,927.9,6.6996
9280,928.0,6.699000000000001
9281,928.1,6.6986
9282,928.2,6.6982
9283,928.3,6.697800000000001
9284,928.4,6.6974
9285,928.5,6.697
9286,928.6,6.6966
9287,928.7,6.6962
9288,928.8,6.695800000000001
9289,928.9,6.6954
9290,929.0,6.695
9291,929.1,6.694800000000001
9292,929.2,6.6946
9293,929.3,6.6944
9294,929.4,6.6942
9295,929.5,6.694
9296,929.6,6.6937999999999995
9297,929.7,6.6936
9298,929.8,6.6934
9299,929.9,6.6932
9300,930.0,6.693
9301,930.1,6.6929
9302,930.2,6.6928
9303,930.3,6.692699999999999
9304,930.4,6.6926
9305,930.5,6.6925
9306,930.6,6.6924
9307,930.7,6.6923
9308,930.8,6.6922
9309,930.9,6.6921
9310,931.0,6.692
9311,931.1,6.692
9312,931.2,6.692
9313,931.3,6.692
9314,931.4,6.692
9315,931.5,6.692
9316,931.6,6.692
9317,931.7,6.692
9318,931.8,6.692
9319,931.9,6.692
9320,932.0,6.692
9321,932.1,6.6921
9322,932.2,6.6922
9323,932.3,6.6923
9324,932.4,6.6924
9325,932.5,6.6925
9326,932.6,6.6926
9327,932.7,6.692699999999999
9328,932.8,6.6928
9329,932.9,6.6929
9330,933.0,6.693
9331,933.1,6.693299999999999
9332,933.2,6.6936
9333,933.3,6.693899999999999
9334,933.4,6.6941999999999995
9335,933.5,6.6945
9336,933.6,6.6948
9337,933.7,6.6951
9338,933.8,6.695399999999999
9339,933.9,6.6956999999999995
9340,934.0,6.696
9341,934.1,6.6963
9342,934.2,6.6966
9343,934.3,6.696899999999999
9344,934.4,6.6972
9345,934.5,6.6975
9346,934.6,6.6978
9347,934.7,6.6981
9348,934.8,6.6983999999999995
9349,934.9,6.6987
9350,935.0,6.699
9351,935.1,6.6995000000000005
9352,935.2,6.699999999999999
9353,935.3,6.7005
9354,935.4,6.701
9355,935.5,6.701499999999999
9356,935.6,6.702
9357,935.7,6.7025
9358,935.8,6.702999999999999
9359,935.9,6.703499999999999
9360,936.0,6.704
9361,936.1,6.704599999999999
9362,936.2,6.7052
9363,936.3,6.705799999999999
9364,936.4,6.7063999999999995
9365,936.5,6.707
9366,936.6,6.707599999999999
9367,936.7,6.7082
9368,936.8,6.7088
9369,936.9,6.7094
9370,937.0,6.71
9371,937.1,6.7106
9372,937.2,6.7112
9373,937.3,6.7118
9374,937.4,6.7124
9375,937.5,6.713
9376,937.6,6.7136
9377,937.7,6.714199999999999
9378,937.8,6.714799999999999
9379,937.9,6.7154
9380,938.0,6.715999999999999
9381,938.1,6.7166999999999994
9382,938.2,6.7174
9383,938.3,6.7181
9384,938.4,6.7188
9385,938.5,6.7195
9386,938.6,6.720199999999999
9387,938.7,6.720899999999999
9388,938.8,6.7216
9389,938.9,6.7223
9390,939.0,6.723
9391,939.1,6.723799999999999
9392,939.2,6.7246
9393,939.3,6.7254000000000005
9394,939.4,6.7261999999999995
9395,939.5,6.727
9396,939.6,6.7278
9397,939.7,6.728599999999999
9398,939.8,6.7294
9399,939.9,6.730199999999999
9400,940.0,6.731
9401,940.1,6.7318
9402,940.2,6.7326
9403,940.3,6.7334
9404,940.4,6.7342
9405,940.5,6.734999999999999
9406,940.6,6.735799999999999
9407,940.7,6.7366
9408,940.8,6.737399999999999
9409,940.9,6.7382
9410,941.0,6.739
9411,941.1,6.739799999999999
9412,941.2,6.7406
9413,941.3,6.741399999999999
9414,941.4,6.7421999999999995
9415,941.5,6.743
9416,941.6,6.743799999999999
9417,941.7,6.744599999999999
9418,941.8,6.7454
9419,941.9,6.746199999999999
9420,942.0,6.747
9421,942.1,6.7478
9422,942.2,6.7486
9423,942.3,6.7494
9424,942.4,6.750199999999999
9425,942.5,6.7509999999999994
9426,942.6,6.751799999999999
9427,942.7,6.752599999999999
9428,942.8,6.753399999999999
9429,942.9,6.7542
9430,943.0,6.754999999999999
9431,943.1,6.7559
9432,943.2,6.7568
9433,943.3,6.757699999999999
9434,943.4,6.7585999999999995
9435,943.5,6.7595
9436,943.6,6.7604
9437,943.7,6.7613
9438,943.8,6.762199999999999
9439,943.9,6.7631
9440,944.0,6.764
9441,944.1,6.764799999999999
9442,944.2,6.7656
9443,944.3,6.766400000000001
9444,944.4,6.7672
9445,944.5,6.768000000000001
9446,944.6,6.768800000000001
9447,944.7,6.7696
9448,944.8,6.7704
9449,944.9,6.771199999999999
9450,945.0,6.772
9451,945.1,6.7727
9452,945.2,6.7734
9453,945.3,6.7741
9454,945.4,6.7748
9455,945.5,6.775499999999999
9456,945.6,6.7762
9457,945.7,6.7769
9458,945.8,6.7776
9459,945.9,6.7783
9460,946.0,6.779
9461,946.1,6.779799999999999
9462,946.2,6.7806
9463,946.3,6.781399999999999
9464,946.4,6.7822
9465,946.5,6.7829999999999995
9466,946.6,6.783799999999999
9467,946.7,6.784599999999999
9468,946.8,6.7854
9469,946.9,6.786199999999999
9470,947.0,6.787
9471,947.1,6.7876
9472,947.2,6.7882
9473,947.3,6.7888
9474,947.4,6.7894
9475,947.5,6.79
9476,947.6,6.7905999999999995
9477,947.7,6.791199999999999
9478,947.8,6.791799999999999
9479,947.9,6.7924
9480,948.0,6.792999999999999
9481,948.1,6.7936
9482,948.2,6.7942
9483,948.3,6.7947999999999995
9484,948.4,6.7954
9485,948.5,6.796
9486,948.6,6.7966
9487,948.7,6.7972
9488,948.8,6.7978
9489,948.9,6.7984
9490,949.0,6.799
9491,949.1,6.7996
9492,949.2,6.8002
9493,949.3,6.800800000000001
9494,949.4,6.8014
9495,949.5,6.802
9496,949.6,6.8026
9497,949.7,6.8031999999999995
9498,949.8,6.8038
9499,949.9,6.804399999999999
9500,950.0,6.805
9501,950.1,6.8054
9502,950.2,6.8058
9503,950.3,6.8062
9504,950.4,6.8066
9505,950.5,6.8069999999999995
9506,950.6,6.8073999999999995
9507,950.7,6.8078
9508,950.8,6.808199999999999
9509,950.9,6.8086
9510,951.0,6.809
9511,951.1,6.8094
9512,951.2,6.8098
9513,951.3,6.810199999999999
9514,951.4,6.8106
9515,951.5,6.811
9516,951.6,6.8114
9517,951.7,6.8118
9518,951.8,6.8122
9519,951.9,6.8126
9520,952.0,6.813
9521,952.1,6.8133
9522,952.2,6.813599999999999
9523,952.3,6.813899999999999
9524,952.4,6.8142
9525,952.5,6.8145
9526,952.6,6.8148
9527,952.7,6.815099999999999
9528,952.8,6.8153999999999995
9529,952.9,6.8157
9530,953.0,6.816
9531,953.1,6.8161
9532,953.2,6.8162
9533,953.3,6.8163
9534,953.4,6.8164
9535,953.5,6.8165
9536,953.6,6.8166
9537,953.7,6.8167
9538,953.8,6.8168
9539,953.9,6.8169
9540,954.0,6.817
9541,954.1,6.8171
9542,954.2,6.8172
9543,954.3,6.8173
9544,954.4,6.8174
9545,954.5,6.8175
9546,954.6,6.8176
9547,954.7,6.817699999999999
9548,954.8,6.8178
9549,954.9,6.8179
9550,955.0,6.818
9551,955.1,6.818
9552,955.2,6.818
9553,955.3,6.818
9554,955.4,6.818
9555,955.5,6.818
9556,955.6,6.818
9557,955.7,6.818
9558,955.8,6.818
9559,955.9,6.818
9560,956.0,6.818
9561,956.1,6.8178
9562,956.2,6.8176
9563,956.3,6.8174
9564,956.4,6.8172
9565,956.5,6.817
9566,956.6,6.8168
9567,956.7,6.8166
9568,956.8,6.8164
9569,956.9,6.8162
9570,957.0,6.816
9571,957.1,6.815799999999999
9572,957.2,6.8156
9573,957.3,6.8154
9574,957.4,6.8152
9575,957.5,6.815
9576,957.6,6.8148
9577,957.7,6.8146
9578,957.8,6.8144
9579,957.9,6.8142000000000005
9580,958.0,6.814
9581,958.1,6.813700000000001
9582,958.2,6.8134
9583,958.3,6.8131
9584,958.4,6.8128
9585,958.5,6.8125
9586,958.6,6.8122
9587,958.7,6.8119
9588,958.8,6.8116
9589,958.9,6.8113
9590,959.0,6.811
9591,959.1,6.8105
9592,959.2,6.8100000000000005
9593,959.3,6.8095
9594,959.4,6.809
9595,959.5,6.8084999999999996
9596,959.6,6.808
9597,959.7,6.8075
9598,959.8,6.8069999999999995
9599,959.9,6.8065
9600,960.0,6.806
9601,960.1,6.805499999999999
9602,960.2,6.805000000000001
9603,960.3,6.8045
9604,960.4,6.804
9605,960.5,6.8035000000000005
9606,960.6,6.803
9607,960.7,6.8025
9608,960.8,6.8020000000000005
9609,960.9,6.801500000000001
9610,961.0,6.801
9611,961.1,6.800400000000001
9612,961.2,6.7998
9613,961.3,6.799200000000001
9614,961.4,6.7986
9615,961.5,6.798
9616,961.6,6.7974000000000006
9617,961.7,6.7968
9618,961.8,6.7962
9619,961.9,6.7956
9620,962.0,6.795
9621,962.1,6.7943
9622,962.2,6.7936000000000005
9623,962.3,6.7929
9624,962.4,6.7922
9625,962.5,6.791500000000001
9626,962.6,6.7908
9627,962.7,6.790100000000001
9628,962.8,6.7894000000000005
9629,962.9,6.7887
9630,963.0,6.788000000000001
9631,963.1,6.787300000000001
9632,963.2,6.7866
9633,963.3,6.785900000000001
9634,963.4,6.785200000000001
9635,963.5,6.7845
9636,963.6,6.7838
9637,963.7,6.7831
9638,963.8,6.782400000000001
9639,963.9,6.7817
9640,964.0,6.781
9641,964.1,6.780200000000001
9642,964.2,6.7794
9643,964.3,6.778599999999999
9644,964.4,6.7778
9645,964.5,6.776999999999999
9646,964.6,6.776199999999999
9647,964.7,6.7754
9648,964.8,6.7745999999999995
9649,964.9,6.773799999999999
9650,965.0,6.773
9651,965.1,6.7722
9652,965.2,6.7714
9653,965.3,6.7706
9654,965.4,6.769799999999999
9655,965.5,6.769
9656,965.6,6.7682
9657,965.7,6.767399999999999
9658,965.8,6.7666
9659,965.9,6.7658
9660,966.0,6.765
9661,966.1,6.764200000000001
9662,966.2,6.7634
9663,966.3,6.762600000000001
9664,966.4,6.7618
9665,966.5,6.760999999999999
9666,966.6,6.7602
9667,966.7,6.7594
9668,966.8,6.7585999999999995
9669,966.9,6.7578000000000005
9670,967.0,6.757
9671,967.1,6.7562
9672,967.2,6.7554
9673,967.3,6.7546
9674,967.4,6.753799999999999
9675,967.5,6.753
9676,967.6,6.7522
9677,967.7,6.7514
9678,967.8,6.7506
9679,967.9,6.7498
9680,968.0,6.7490000000000006
9681,968.1,6.748200000000001
9682,968.2,6.7474
9683,968.3,6.746600000000001
9684,968.4,6.7458
9685,968.5,6.745
9686,968.6,6.7442
9687,968.7,6.7434
9688,968.8,6.7426
9689,968.9,6.7418000000000005
9690,969.0,6.741
9691,969.1,6.740200000000001
9692,969.2,6.7394
9693,969.3,6.738599999999999
9694,969.4,6.7378
9695,969.5,6.737
9696,969.6,6.736199999999999
9697,969.7,6.7354
9698,969.8,6.7345999999999995
9699,969.9,6.733799999999999
9700,970.0,6.733
9701,970.1,6.7322999999999995
9702,970.2,6.7316
9703,970.3,6.7309
9704,970.4,6.7302
9705,970.5,6.729500000000001
9706,970.6,6.7288
9707,970.7,6.7280999999999995
9708,970.8,6.7274
9709,970.9,6.7267
9710,971.0,6.726
9711,971.1,6.7254000000000005
9712,971.2,6.7248
9713,971.3,6.724200000000001
9714,971.4,6.7236
9715,971.5,6.723
9716,971.6,6.7224
9717,971.7,6.7218
9718,971.8,6.7212
9719,971.9,6.7206
9720,972.0,6.72
9721,972.1,6.719399999999999
9722,972.2,6.7188
9723,972.3,6.7182
9724,972.4,6.7176
9725,972.5,6.7170000000000005
9726,972.6,6.7164
9727,972.7,6.715800000000001
9728,972.8,6.715200000000001
9729,972.9,6.714600000000001
9730,973.0,6.714000000000001
9731,973.1,6.7136000000000005
9732,973.2,6.7132000000000005
9733,973.3,6.7128000000000005
9734,973.4,6.712400000000001
9735,973.5,6.712
9736,973.6,6.711600000000001
9737,973.7,6.7112
9738,973.8,6.710800000000001
9739,973.9,6.7104
9740,974.0,6.71
9741,974.1,6.7097
9742,974.2,6.7094
9743,974.3,6.7091
9744,974.4,6.7088
9745,974.5,6.7085
9746,974.6,6.7082
9747,974.7,6.7078999999999995
9748,974.8,6.7076
9749,974.9,6.7073
9750,975.0,6.707
9751,975.1,6.706799999999999
9752,975.2,6.7066
9753,975.3,6.7064
9754,975.4,6.7062
9755,975.5,6.706
9756,975.6,6.7058
9757,975.7,6.7056
9758,975.8,6.7054
9759,975.9,6.7052000000000005
9760,976.0,6.705
9761,976.1,6.705
9762,976.2,6.705
9763,976.3,6.705
9764,976.4,6.705
9765,976.5,6.705
9766,976.6,6.705
9767,976.7,6.705
9768,976.8,6.705
9769,976.9,6.705
9770,977.0,6.705
9771,977.1,6.705
9772,977.2,6.705
9773,977.3,6.705
9774,977.4,6.705
9775,977.5,6.705
9776,977.6,6.705
9777,977.7,6.705
9778,977.8,6.705
9779,977.9,6.705
9780,978.0,6.705
9781,978.1,6.7053
9782,978.2,6.7056000000000004
9783,978.3,6.7059
9784,978.4,6.7062
9785,978.5,6.7065
9786,978.6,6.7068
9787,978.7,6.7071000000000005
9788,978.8,6.7074
9789,978.9,6.7077
9790,979.0,6.708
9791,979.1,6.7083
9792,979.2,6.708600000000001
9793,979.3,6.7089
9794,979.4,6.7092
9795,979.5,6.7095
9796,979.6,6.7098
9797,979.7,6.710100000000001
9798,979.8,6.7104
9799,979.9,6.7107
9800,980.0,6.711
9801,980.1,6.711500000000001
9802,980.2,6.712
9803,980.3,6.7125
9804,980.4,6.713
9805,980.5,6.7135
9806,980.6,6.714
9807,980.7,6.7145
9808,980.8,6.715
9809,980.9,6.7155
9810,981.0,6.716
9811,981.1,6.7166
9812,981.2,6.7172
9813,981.3,6.7177999999999995
9814,981.4,6.7184
9815,981.5,6.719
9816,981.6,6.7196
9817,981.7,6.7202
9818,981.8,6.7208000000000006
9819,981.9,6.7214
9820,982.0,6.722
9821,982.1,6.7228
9822,982.2,6.7236
9823,982.3,6.7244
9824,982.4,6.725200000000001
9825,982.5,6.726
9826,982.6,6.7268
9827,982.7,6.7276
9828,982.8,6.7284
9829,982.9,6.7292000000000005
9830,983.0,6.7299999999999995
9831,983.1,6.7307
9832,983.2,6.7314
9833,983.3,6.7321
9834,983.4,6.7328
9835,983.5,6.7335
9836,983.6,6.7341999999999995
9837,983.7,6.7349
9838,983.8,6.7356
9839,983.9,6.7363
9840,984.0,6.737
9841,984.1,6.7379
9842,984.2,6.7388
9843,984.3,6.7397
9844,984.4,6.7406
9845,984.5,6.7415
9846,984.6,6.742400000000001
9847,984.7,6.7433000000000005
9848,984.8,6.7442
9849,984.9,6.745100000000001
9850,985.0,6.746
9851,985.1,6.746900000000001
9852,985.2,6.7478
9853,985.3,6.7487
9854,985.4,6.7496
9855,985.5,6.7505
9856,985.6,6.7514
9857,985.7,6.7523
9858,985.8,6.7532
9859,985.9,6.754099999999999
9860,986.0,6.755
9861,986.1,6.7559
9862,986.2,6.7568
9863,986.3,6.757699999999999
9864,986.4,6.7585999999999995
9865,986.5,6.7595
9866,986.6,6.7604
9867,986.7,6.7613
9868,986.8,6.7622
9869,986.9,6.7631
9870,987.0,6.764
9871,987.1,6.764900000000001
9872,987.2,6.7658
9873,987.3,6.7667
9874,987.4,6.7676
9875,987.5,6.7684999999999995
9876,987.6,6.7694
9877,987.7,6.770299999999999
9878,987.8,6.771199999999999
9879,987.9,6.772099999999999
9880,988.0,6.772999999999999
9881,988.1,6.773899999999999
9882,988.2,6.7748
9883,988.3,6.775699999999999
9884,988.4,6.776599999999999
9885,988.5,6.7775
9886,988.6,6.7783999999999995
9887,988.7,6.7793
9888,988.8,6.780199999999999
9889,988.9,6.7810999999999995
9890,989.0,6.782
9891,989.1,6.782799999999999
9892,989.2,6.7836
9893,989.3,6.784400000000001
9894,989.4,6.7852
9895,989.5,6.786
9896,989.6,6.7868
9897,989.7,6.787599999999999
9898,989.8,6.7884
9899,989.9,6.789200000000001
9900,990.0,6.79
9901,990.1,6.7907
9902,990.2,6.791399999999999
9903,990.3,6.7921
9904,990.4,6.7928
9905,990.5,6.793499999999999
9906,990.6,6.7942
9907,990.7,6.7949
9908,990.8,6.795599999999999
9909,990.9,6.7963
9910,991.0,6.797
9911,991.1,6.797599999999999
9912,991.2,6.7982
9913,991.3,6.798799999999999
9914,991.4,6.7993999999999994
9915,991.5,6.8
9916,991.6,6.800599999999999
9917,991.7,6.8012
9918,991.8,6.8018
9919,991.9,6.8024
9920,992.0,6.803
9921,992.1,6.8035000000000005
9922,992.2,6.803999999999999
9923,992.3,6.8045
9924,992.4,6.805
9925,992.5,6.805499999999999
9926,992.6,6.806
9927,992.7,6.806499999999999
9928,992.8,6.8069999999999995
9929,992.9,6.807499999999999
9930,993.0,6.807999999999999
9931,993.1,6.8083
9932,993.2,6.8086
9933,993.3,6.8088999999999995
9934,993.4,6.8092
9935,993.5,6.8095
9936,993.6,6.8098
9937,993.7,6.8101
9938,993.8,6.8104
9939,993.9,6.8107
9940,994.0,6.811
9941,994.1,6.8111999999999995
9942,994.2,6.8114
9943,994.3,6.8116
9944,994.4,6.8118
9945,994.5,6.811999999999999
9946,994.6,6.8122
9947,994.7,6.812399999999999
9948,994.8,6.8126
9949,994.9,6.8128
9950,995.0,6.813
9951,995.1,6.813
9952,995.2,6.813
9953,995.3,6.813
9954,995.4,6.813
9955,995.5,6.813
9956,995.6,6.813
9957,995.7,6.813
9958,995.8,6.813
9959,995.9,6.813
9960,996.0,6.813
9961,996.1,6.8129
9962,996.2,6.8128
9963,996.3,6.8127
9964,996.4,6.8126
9965,996.5,6.8125
9966,996.6,6.8124
9967,996.7,6.8123000000000005
9968,996.8,6.8122
9969,996.9,6.8121
9970,997.0,6.812
9971,997.1,6.8117
9972,997.2,6.811400000000001
9973,997.3,6.811100000000001
9974,997.4,6.8108
9975,997.5,6.8105
9976,997.6,6.8102
9977,997.7,6.809900000000001
9978,997.8,6.8096000000000005
9979,997.9,6.8093
9980,998.0,6.809
9981,998.1,6.8086
9982,998.2,6.8082
9983,998.3,6.8078
9984,998.4,6.8074
9985,998.5,6.807
9986,998.6,6.8066
9987,998.7,6.8062
9988,998.8,6.8058000000000005
9989,998.9,6.8054
9990,999.0,6.805
9991,999.1,6.8044
9992,999.2,6.8038
9993,999.3,6.8031999999999995
9994,999.4,6.8026
9995,999.5,6.802
9996,999.6,6.8014
9997,999.7,6.800800000000001
9998,999.8,6.8002
9999,999.9,6.7996
10000,1000.0,6.799
10001,1000.1,6.7983
10002,1000.2,6.797600000000001
10003,1000.3,6.7969
10004,1000.4,6.7962
10005,1000.5,6.7955000000000005
10006,1000.6,6.7948
10007,1000.7,6.7941
10008,1000.8,6.7934
10009,1000.9,6.7927
10010,1001.0,6.792
10011,1001.1,6.791200000000001
10012,1001.2,6.7904
10013,1001.3,6.789600000000001
10014,1001.4,6.7888
10015,1001.5,6.788
10016,1001.6,6.7872
10017,1001.7,6.7864
10018,1001.8,6.7856
10019,1001.9,6.784800000000001
10020,1002.0,6.784
10021,1002.1,6.783099999999999
10022,1002.2,6.7822000000000005
10023,1002.3,6.7813
10024,1002.4,6.7804
10025,1002.5,6.7795000000000005
10026,1002.6,6.7786
10027,1002.7,6.777700000000001
10028,1002.8,6.776800000000001
10029,1002.9,6.775900000000001
10030,1003.0,6.775000000000001
10031,1003.1,6.774100000000001
10032,1003.2,6.7732
10033,1003.3,6.772300000000001
10034,1003.4,6.771400000000001
10035,1003.5,6.7705
10036,1003.6,6.7696000000000005
10037,1003.7,6.7687
10038,1003.8,6.767800000000001
10039,1003.9,6.766900000000001
10040,1004.0,6.766
10041,1004.1,6.765000000000001
10042,1004.2,6.764
10043,1004.3,6.763
10044,1004.4,6.7620000000000005
10045,1004.5,6.761
10046,1004.6,6.76
10047,1004.7,6.759
10048,1004.8,6.758
10049,1004.9,6.757
10050,1005.0,6.756
10051,1005.1,6.7551
10052,1005.2,6.754200000000001
10053,1005.3,6.7533
10054,1005.4,6.7524
10055,1005.5,6.751500000000001
10056,1005.6,6.7506
10057,1005.7,6.7497
10058,1005.8,6.748800000000001
10059,1005.9,6.7479000000000005
10060,1006.0,6.747
10061,1006.1,6.746100000000001
10062,1006.2,6.7452000000000005
10063,1006.3,6.744300000000001
10064,1006.4,6.7434
10065,1006.5,6.742500000000001
10066,1006.6,6.741600000000001
10067,1006.7,6.7407
10068,1006.8,6.7398
10069,1006.9,6.738900000000001
10070,1007.0,6.738
10071,1007.1,6.7371
10072,1007.2,6.736200000000001
10073,1007.3,6.7353000000000005
10074,1007.4,6.7344
10075,1007.5,6.733500000000001
10076,1007.6,6.732600000000001
10077,1007.7,6.731700000000002
10078,1007.8,6.730800000000001
10079,1007.9,6.729900000000001
10080,1008.0,6.729000000000001
10081,1008.1,6.728300000000001
10082,1008.2,6.727600000000001
10083,1008.3,6.7269000000000005
10084,1008.4,6.7262
10085,1008.5,6.7255
10086,1008.6,6.724800000000001
10087,1008.7,6.724100000000001
10088,1008.8,6.723400000000001
10089,1008.9,6.722700000000001
10090,1009.0,6.722
10091,1009.1,6.721300000000001
10092,1009.2,6.7206
10093,1009.3,6.7199
10094,1009.4,6.719200000000001
10095,1009.5,6.718500000000001
10096,1009.6,6.7177999999999995
10097,1009.7,6.7171
10098,1009.8,6.7164
10099,1009.9,6.715699999999999
10100,1010.0,6.715
10101,1010.1,6.714499999999999
10102,1010.2,6.714
10103,1010.3,6.7135
10104,1010.4,6.713
10105,1010.5,6.7125
10106,1010.6,6.712
10107,1010.7,6.7115
10108,1010.8,6.711
10109,1010.9,6.710500000000001
10110,1011.0,6.71
10111,1011.1,6.7095
10112,1011.2,6.7090000000000005
10113,1011.3,6.708500000000001
10114,1011.4,6.708
10115,1011.5,6.7075
10116,1011.6,6.707000000000001
10117,1011.7,6.7065
10118,1011.8,6.7059999999999995
10119,1011.9,6.705500000000001
10120,1012.0,6.705
10121,1012.1,6.7048
10122,1012.2,6.7046
10123,1012.3,6.704400000000001
10124,1012.4,6.7042
10125,1012.5,6.704000000000001
10126,1012.6,6.7038
10127,1012.7,6.703600000000001
10128,1012.8,6.7034
10129,1012.9,6.703200000000001
10130,1013.0,6.703
10131,1013.1,6.7029000000000005
10132,1013.2,6.7028
10133,1013.3,6.7027
10134,1013.4,6.7026
10135,1013.5,6.702500000000001
10136,1013.6,6.7024
10137,1013.7,6.7023
10138,1013.8,6.7022
10139,1013.9,6.7021
10140,1014.0,6.702
10141,1014.1,6.702
10142,1014.2,6.702
10143,1014.3,6.702
10144,1014.4,6.702
10145,1014.5,6.702
10146,1014.6,6.702
10147,1014.7,6.702
10148,1014.8,6.702
10149,1014.9,6.702
10150,1015.0,6.702
10151,1015.1,6.7022
10152,1015.2,6.7024
10153,1015.3,6.7025999999999994
10154,1015.4,6.7028
10155,1015.5,6.702999999999999
10156,1015.6,6.7032
10157,1015.7,6.7034
10158,1015.8,6.7036
10159,1015.9,6.703799999999999
10160,1016.0,6.704
10161,1016.1,6.7043
10162,1016.2,6.7046
10163,1016.3,6.704899999999999
10164,1016.4,6.7052
10165,1016.5,6.7055
10166,1016.6,6.7058
10167,1016.7,6.7061
10168,1016.8,6.7063999999999995
10169,1016.9,6.7067
10170,1017.0,6.707
10171,1017.1,6.7075000000000005
10172,1017.2,6.707999999999999
10173,1017.3,6.7085
10174,1017.4,6.709
10175,1017.5,6.709499999999999
10176,1017.6,6.71
10177,1017.7,6.710499999999999
10178,1017.8,6.710999999999999
10179,1017.9,6.711499999999999
10180,1018.0,6.711999999999999
10181,1018.1,6.712599999999999
10182,1018.2,6.7132
10183,1018.3,6.713799999999999
10184,1018.4,6.7143999999999995
10185,1018.5,6.715
10186,1018.6,6.715599999999999
10187,1018.7,6.7162
10188,1018.8,6.716799999999999
10189,1018.9,6.7174
10190,1019.0,6.718
10191,1019.1,6.7185999999999995
10192,1019.2,6.7192
10193,1019.3,6.7198
10194,1019.4,6.7204
10195,1019.5,6.721
10196,1019.6,6.7216000000000005
10197,1019.7,6.7222
10198,1019.8,6.7228
10199,1019.9,6.723400000000001
10200,1020.0,6.724
10201,1020.1,6.7248
10202,1020.2,6.7256
10203,1020.3,6.7264
10204,1020.4,6.727200000000001
10205,1020.5,6.728
10206,1020.6,6.7288
10207,1020.7,6.7296000000000005
10208,1020.8,6.7303999999999995
10209,1020.9,6.7312
10210,1021.0,6.732
10211,1021.1,6.732799999999999
10212,1021.2,6.7336
10213,1021.3,6.734399999999999
10214,1021.4,6.7352
10215,1021.5,6.736000000000001
10216,1021.6,6.7368
10217,1021.7,6.7376
10218,1021.8,6.7384
10219,1021.9,6.739199999999999
10220,1022.0,6.74
10221,1022.1,6.7408
10222,1022.2,6.7416
10223,1022.3,6.7424
10224,1022.4,6.743200000000001
10225,1022.5,6.744
10226,1022.6,6.7448
10227,1022.7,6.7456
10228,1022.8,6.7463999999999995
10229,1022.9,6.7472
10230,1023.0,6.747999999999999
10231,1023.1,6.748899999999999
10232,1023.2,6.7498
10233,1023.3,6.750699999999999
10234,1023.4,6.7516
10235,1023.5,6.7524999999999995
10236,1023.6,6.753399999999999
10237,1023.7,6.7543
10238,1023.8,6.7551999999999985
10239,1023.9,6.756099999999999
10240,1024.0,6.757
10241,1024.1,6.757799999999999
10242,1024.2,6.7585999999999995
10243,1024.3,6.7594
10244,1024.4,6.760199999999999
10245,1024.5,6.761
10246,1024.6,6.7618
10247,1024.7,6.762599999999999
10248,1024.8,6.7634
10249,1024.9,6.764200000000001
10250,1025.0,6.765
10251,1025.1,6.7658
10252,1025.2,6.7665999999999995
10253,1025.3,6.767399999999999
10254,1025.4,6.7682
10255,1025.5,6.768999999999999
10256,1025.6,6.769799999999999
10257,1025.7,6.7706
10258,1025.8,6.771399999999999
10259,1025.9,6.7722
10260,1026.0,6.773
10261,1026.1,6.773699999999999
10262,1026.2,6.7744
10263,1026.3,6.775099999999999
10264,1026.4,6.775799999999999
10265,1026.5,6.7765
10266,1026.6,6.7772
10267,1026.7,6.7779
10268,1026.8,6.7786
10269,1026.9,6.7793
10270,1027.0,6.78
10271,1027.1,6.7807
10272,1027.2,6.7814
10273,1027.3,6.7821
10274,1027.4,6.7828
10275,1027.5,6.783499999999999
10276,1027.6,6.7842
10277,1027.7,6.7848999999999995
10278,1027.8,6.7856
10279,1027.9,6.7863
10280,1028.0,6.786999999999999
10281,1028.1,6.787599999999999
10282,1028.2,6.7882
10283,1028.3,6.788799999999999
10284,1028.4,6.7894
10285,1028.5,6.79
10286,1028.6,6.7905999999999995
10287,1028.7,6.7912
10288,1028.8,6.791799999999999
10289,1028.9,6.7924
10290,1029.0,6.793
10291,1029.1,6.7934
10292,1029.2,6.7938
10293,1029.3,6.7942
10294,1029.4,6.7946
10295,1029.5,6.795
10296,1029.6,6.7954
10297,1029.7,6.7958
10298,1029.8,6.7962
10299,1029.9,6.7966
10300,1030.0,6.797
10301,1030.1,6.7974
10302,1030.2,6.7978
10303,1030.3,6.7982
10304,1030.4,6.7986
10305,1030.5,6.7989999999999995
10306,1030.6,6.7993999999999994
10307,1030.7,6.7998
10308,1030.8,6.800199999999999
10309,1030.9,6.8006
10310,1031.0,6.801
10311,1031.1,6.8012
10312,1031.2,6.8014
10313,1031.3,6.8016
10314,1031.4,6.8018
10315,1031.5,6.802
10316,1031.6,6.8022
10317,1031.7,6.8024
10318,1031.8,6.8026
10319,1031.9,6.8027999999999995
10320,1032.0,6.803
10321,1032.1,6.8031
10322,1032.2,6.8032
10323,1032.3,6.8033
10324,1032.4,6.8034
10325,1032.5,6.8035
10326,1032.6,6.8036
10327,1032.7,6.8037
10328,1032.8,6.8038
10329,1032.9,6.8039000000000005
10330,1033.0,6.804
10331,1033.1,6.804
10332,1033.2,6.804
10333,1033.3,6.804
10334,1033.4,6.804
10335,1033.5,6.804
10336,1033.6,6.804
10337,1033.7,6.804
10338,1033.8,6.804
10339,1033.9,6.804
10340,1034.0,6.804
10341,1034.1,6.8039000000000005
10342,1034.2,6.8038
10343,1034.3,6.8037
10344,1034.4,6.8036
10345,1034.5,6.8035
10346,1034.6,6.8034
10347,1034.7,6.8033
10348,1034.8,6.8032
10349,1034.9,6.8031
10350,1035.0,6.803
10351,1035.1,6.8027999999999995
10352,1035.2,6.8026
10353,1035.3,6.8024000000000004
10354,1035.4,6.8022
10355,1035.5,6.8020000000000005
10356,1035.6,6.8018
10357,1035.7,6.8016
10358,1035.8,6.8014
10359,1035.9,6.801200000000001
10360,1036.0,6.801
10361,1036.1,6.8006
10362,1036.2,6.8002
10363,1036.3,6.7998
10364,1036.4,6.7994
10365,1036.5,6.7989999999999995
10366,1036.6,6.7986
10367,1036.7,6.7982
10368,1036.8,6.7978
10369,1036.9,6.7974
10370,1037.0,6.797
10371,1037.1,6.7966
10372,1037.2,6.7962
10373,1037.3,6.7958
10374,1037.4,6.7954
10375,1037.5,6.795
10376,1037.6,6.7946
10377,1037.7,6.794200000000001
10378,1037.8,6.7938
10379,1037.9,6.7934
10380,1038.0,6.793000000000001
10381,1038.1,6.7925
10382,1038.2,6.792000000000001
10383,1038.3,6.791500000000001
10384,1038.4,6.791
10385,1038.5,6.7905
10386,1038.6,6.790000000000001
10387,1038.7,6.7895
10388,1038.8,6.789000000000001
10389,1038.9,6.788500000000001
10390,1039.0,6.788
10391,1039.1,6.787400000000001
10392,1039.2,6.7868
10393,1039.3,6.7862
10394,1039.4,6.7856000000000005
10395,1039.5,6.785
10396,1039.6,6.7844
10397,1039.7,6.7838
10398,1039.8,6.7832
10399,1039.9,6.7825999999999995
10400,1040.0,6.782
10401,1040.1,6.7814
10402,1040.2,6.7808
10403,1040.3,6.7802
10404,1040.4,6.779599999999999
10405,1040.5,6.779
10406,1040.6,6.7784
10407,1040.7,6.7778
10408,1040.8,6.777200000000001
10409,1040.9,6.7766
10410,1041.0,6.776
10411,1041.1,6.7754
10412,1041.2,6.7748
10413,1041.3,6.7742
10414,1041.4,6.7736
10415,1041.5,6.773
10416,1041.6,6.7724
10417,1041.7,6.7718
10418,1041.8,6.771199999999999
10419,1041.9,6.7706
10420,1042.0,6.77
10421,1042.1,6.769299999999999
10422,1042.2,6.7686
10423,1042.3,6.7679
10424,1042.4,6.7672
10425,1042.5,6.766500000000001
10426,1042.6,6.7658
10427,1042.7,6.7651
10428,1042.8,6.7644
10429,1042.9,6.7637
10430,1043.0,6.763000000000001
10431,1043.1,6.762300000000001
10432,1043.2,6.7616000000000005
10433,1043.3,6.7609
10434,1043.4,6.7602
10435,1043.5,6.7595
10436,1043.6,6.758800000000001
10437,1043.7,6.758100000000001
10438,1043.8,6.7574000000000005
10439,1043.9,6.7567
10440,1044.0,6.756
10441,1044.1,6.755300000000001
10442,1044.2,6.7546
10443,1044.3,6.7539
10444,1044.4,6.7532000000000005
10445,1044.5,6.7525
10446,1044.6,6.751799999999999
10447,1044.7,6.7511
10448,1044.8,6.7504
10449,1044.9,6.749699999999999
10450,1045.0,6.749
10451,1045.1,6.7482999999999995
10452,1045.2,6.7476
10453,1045.3,6.7469
10454,1045.4,6.7462
10455,1045.5,6.745500000000001
10456,1045.6,6.7448
10457,1045.7,6.7440999999999995
10458,1045.8,6.7434
10459,1045.9,6.7427
10460,1046.0,6.742
10461,1046.1,6.7414000000000005
10462,1046.2,6.7408
10463,1046.3,6.740200000000001
10464,1046.4,6.7396
10465,1046.5,6.739
10466,1046.6,6.7384
10467,1046.7,6.7378
10468,1046.8,6.7372
10469,1046.9,6.7366
10470,1047.0,6.736
10471,1047.1,6.735399999999999
10472,1047.2,6.7348
10473,1047.3,6.7342
10474,1047.4,6.7336
10475,1047.5,6.7330000000000005
10476,1047.6,6.7324
10477,1047.7,6.731800000000001
10478,1047.8,6.731200000000001
10479,1047.9,6.730600000000001
10480,1048.0,6.730000000000001
10481,1048.1,6.729500000000001
10482,1048.2,6.729
10483,1048.3,6.7285
10484,1048.4,6.728000000000001
10485,1048.5,6.7275
10486,1048.6,6.727
10487,1048.7,6.7265
10488,1048.8,6.726
10489,1048.9,6.7255
10490,1049.0,6.725
10491,1049.1,6.7245
10492,1049.2,6.724
10493,1049.3,6.7235
10494,1049.4,6.723
10495,1049.5,6.7225
10496,1049.6,6.7219999999999995
10497,1049.7,6.7215
10498,1049.8,6.720999999999999
10499,1049.9,6.7204999999999995
10500,1050.0,6.72
10501,1050.1,6.7196
10502,1050.2,6.7192
10503,1050.3,6.7188
10504,1050.4,6.7184
10505,1050.5,6.718
10506,1050.6,6.7176
10507,1050.7,6.7172
10508,1050.8,6.7168
10509,1050.9,6.7164
10510,1051.0,6.716
10511,1051.1,6.7156
10512,1051.2,6.7152
10513,1051.3,6.7148
10514,1051.4,6.7144
10515,1051.5,6.714
10516,1051.6,6.7136000000000005
10517,1051.7,6.7132
10518,1051.8,6.7128
10519,1051.9,6.7124
10520,1052.0,6.712
10521,1052.1,6.711799999999999
10522,1052.2,6.7116
10523,1052.3,6.7114
10524,1052.4,6.7112
10525,1052.5,6.711
10526,1052.6,6.7108
10527,1052.7,6.7106
10528,1052.8,6.7104
10529,1052.9,6.7102
10530,1053.0,6.71
10531,1053.1,6.7098
10532,1053.2,6.7096
10533,1053.3,6.7094000000000005
10534,1053.4,6.7092
10535,1053.5,6.709
10536,1053.6,6.7088
10537,1053.7,6.708600000000001
10538,1053.8,6.7084
10539,1053.9,6.708200000000001
10540,1054.0,6.708
10541,1054.1,6.7079
10542,1054.2,6.7078
10543,1054.3,6.7077
10544,1054.4,6.7076
10545,1054.5,6.7075
10546,1054.6,6.7074
10547,1054.7,6.7073
10548,1054.8,6.7072
10549,1054.9,6.7071
10550,1055.0,6.707
10551,1055.1,6.707
10552,1055.2,6.707
10553,1055.3,6.707
10554,1055.4,6.707
10555,1055.5,6.707
10556,1055.6,6.707
10557,1055.7,6.707
10558,1055.8,6.707
10559,1055.9,6.707
10560,1056.0,6.707
10561,1056.1,6.7071
10562,1056.2,6.7072
10563,1056.3,6.7073
10564,1056.4,6.7074
10565,1056.5,6.7075
10566,1056.6,6.7076
10567,1056.7,6.7077
10568,1056.8,6.7078
10569,1056.9,6.7079
10570,1057.0,6.708
10571,1057.1,6.7083
10572,1057.2,6.7086
10573,1057.3,6.7089
10574,1057.4,6.7092
10575,1057.5,6.7095
10576,1057.6,6.7098
10577,1057.7,6.7101
10578,1057.8,6.7104
10579,1057.9,6.7107
10580,1058.0,6.711
10581,1058.1,6.7113000000000005
10582,1058.2,6.711600000000001
10583,1058.3,6.7119
10584,1058.4,6.7122
10585,1058.5,6.7125
10586,1058.6,6.7128000000000005
10587,1058.7,6.713100000000001
10588,1058.8,6.7134
10589,1058.9,6.7137
10590,1059.0,6.714
10591,1059.1,6.7144
10592,1059.2,6.7148
10593,1059.3,6.7152
10594,1059.4,6.7156
10595,1059.5,6.716
10596,1059.6,6.7164
10597,1059.7,6.7168
10598,1059.8,6.7172
10599,1059.9,6.7176
10600,1060.0,6.718
10601,1060.1,6.718500000000001
10602,1060.2,6.718999999999999
10603,1060.3,6.7195
10604,1060.4,6.72
10605,1060.5,6.7204999999999995
10606,1060.6,6.721
10607,1060.7,6.7215
10608,1060.8,6.7219999999999995
10609,1060.9,6.722499999999999
10610,1061.0,6.723
10611,1061.1,6.723599999999999
10612,1061.2,6.7242
10613,1061.3,6.724799999999999
10614,1061.4,6.7254
10615,1061.5,6.726
10616,1061.6,6.7265999999999995
10617,1061.7,6.7272
10618,1061.8,6.7278
10619,1061.9,6.7284
10620,1062.0,6.729
10621,1062.1,6.7297
10622,1062.2,6.7303999999999995
10623,1062.3,6.7311
10624,1062.4,6.7318
10625,1062.5,6.732499999999999
10626,1062.6,6.7332
10627,1062.7,6.733899999999999
10628,1062.8,6.7345999999999995
10629,1062.9,6.7353
10630,1063.0,6.735999999999999
10631,1063.1,6.736799999999999
10632,1063.2,6.7376
10633,1063.3,6.738399999999999
10634,1063.4,6.739199999999999
10635,1063.5,6.74
10636,1063.6,6.740799999999999
10637,1063.7,6.741599999999999
10638,1063.8,6.742399999999999
10639,1063.9,6.743199999999999
10640,1064.0,6.744
10641,1064.1,6.744799999999999
10642,1064.2,6.7456
10643,1064.3,6.7464
10644,1064.4,6.747199999999999
10645,1064.5,6.747999999999999
10646,1064.6,6.7488
10647,1064.7,6.749599999999999
10648,1064.8,6.7504
10649,1064.9,6.751200000000001
10650,1065.0,6.752
10651,1065.1,6.7529
10652,1065.2,6.753799999999999
10653,1065.3,6.7547
10654,1065.4,6.7556
10655,1065.5,6.756499999999999
10656,1065.6,6.7574
10657,1065.7,6.7583
10658,1065.8,6.759199999999999
10659,1065.9,6.7600999999999996
10660,1066.0,6.761
10661,1066.1,6.761899999999999
10662,1066.2,6.7627999999999995
10663,1066.3,6.763699999999999
10664,1066.4,6.7646
10665,1066.5,6.765499999999999
10666,1066.6,6.766399999999999
10667,1066.7,6.7673
10668,1066.8,6.7682
10669,1066.9,6.769099999999999
10670,1067.0,6.77
10671,1067.1,6.771
10672,1067.2,6.771999999999999
10673,1067.3,6.773
10674,1067.4,6.774
10675,1067.5,6.7749999999999995
10676,1067.6,6.776
10677,1067.7,6.776999999999998
10678,1067.8,6.778
10679,1067.9,6.779
10680,1068.0,6.7799999999999985
10681,1068.1,6.781
10682,1068.2,6.782
10683,1068.3,6.7829999999999995
10684,1068.4,6.784
10685,1068.5,6.785
10686,1068.6,6.786
10687,1068.7,6.787
10688,1068.8,6.787999999999999
10689,1068.9,6.789
10690,1069.0,6.79
10691,1069.1,6.7909
10692,1069.2,6.7918
10693,1069.3,6.7927
10694,1069.4,6.7936
10695,1069.5,6.7945
10696,1069.6,6.795400000000001
10697,1069.7,6.7963000000000005
10698,1069.8,6.7972
10699,1069.9,6.798100000000001
10700,1070.0,6.799
10701,1070.1,6.799900000000001
10702,1070.2,6.8008
10703,1070.3,6.8017
10704,1070.4,6.8026
10705,1070.5,6.8035
10706,1070.6,6.8044
10707,1070.7,6.8053
10708,1070.8,6.8062
10709,1070.9,6.807099999999999
10710,1071.0,6.808
10711,1071.1,6.8088999999999995
10712,1071.2,6.8098
10713,1071.3,6.810699999999999
10714,1071.4,6.811599999999999
10715,1071.5,6.8125
10716,1071.6,6.8134
10717,1071.7,6.8143
10718,1071.8,6.8152
10719,1071.9,6.8161
10720,1072.0,6.817
10721,1072.1,6.8177
10722,1072.2,6.8184
10723,1072.3,6.8191
10724,1072.4,6.8198
10725,1072.5,6.820499999999999
10726,1072.6,6.8212
10727,1072.7,6.821899999999999
10728,1072.8,6.8225999999999996
10729,1072.9,6.8233
10730,1073.0,6.823999999999999
10731,1073.1,6.824699999999999
10732,1073.2,6.8254
10733,1073.3,6.826099999999999
10734,1073.4,6.8267999999999995
10735,1073.5,6.8275
10736,1073.6,6.8282
10737,1073.7,6.8289
10738,1073.8,6.829599999999999
10739,1073.9,6.8303
10740,1074.0,6.831
10741,1074.1,6.8315
10742,1074.2,6.832
10743,1074.3,6.8325000000000005
10744,1074.4,6.833
10745,1074.5,6.833500000000001
10746,1074.6,6.8340000000000005
10747,1074.7,6.8345
10748,1074.8,6.835000000000001
10749,1074.9,6.835500000000001
10750,1075.0,6.836
10751,1075.1,6.8364
10752,1075.2,6.8368
10753,1075.3,6.8372
10754,1075.4,6.8376
10755,1075.5,6.838
10756,1075.6,6.8384
10757,1075.7,6.8388
10758,1075.8,6.8392
10759,1075.9,6.8396
10760,1076.0,6.84
10761,1076.1,6.840199999999999
10762,1076.2,6.8404
10763,1076.3,6.840599999999999
10764,1076.4,6.8408
10765,1076.5,6.840999999999999
10766,1076.6,6.8412
10767,1076.7,6.841399999999999
10768,1076.8,6.8416
10769,1076.9,6.841799999999999
10770,1077.0,6.842
10771,1077.1,6.842099999999999
10772,1077.2,6.8422
10773,1077.3,6.8423
10774,1077.4,6.8424
10775,1077.5,6.842499999999999
10776,1077.6,6.8426
10777,1077.7,6.8427
10778,1077.8,6.8427999999999995
10779,1077.9,6.8429
10780,1078.0,6.843
10781,1078.1,6.8428
10782,1078.2,6.8426
10783,1078.3,6.8424000000000005
10784,1078.4,6.8422
10785,1078.5,6.8420000000000005
10786,1078.6,6.8418
10787,1078.7,6.841600000000001
10788,1078.8,6.8414
10789,1078.9,6.841200000000001
10790,1079.0,6.841
10791,1079.1,6.8407
10792,1079.2,6.8404
10793,1079.3,6.8401
10794,1079.4,6.8398
10795,1079.5,6.8395
10796,1079.6,6.8392
10797,1079.7,6.8389
10798,1079.8,6.8386
10799,1079.9,6.8383
10800,1080.0,6.838
10801,1080.1,6.8374
10802,1080.2,6.8368
10803,1080.3,6.8362
10804,1080.4,6.8355999999999995
10805,1080.5,6.835
10806,1080.6,6.8344000000000005
10807,1080.7,6.8338
10808,1080.8,6.833200000000001
10809,1080.9,6.8326
10810,1081.0,6.832
10811,1081.1,6.831300000000001
10812,1081.2,6.8306000000000004
10813,1081.3,6.8299
10814,1081.4,6.8292
10815,1081.5,6.8285
10816,1081.6,6.827800000000001
10817,1081.7,6.827100000000001
10818,1081.8,6.8264
10819,1081.9,6.8257
10820,1082.0,6.825
10821,1082.1,6.8241
10822,1082.2,6.823200000000001
10823,1082.3,6.8223
10824,1082.4,6.8214
10825,1082.5,6.820500000000001
10826,1082.6,6.8196
10827,1082.7,6.818700000000001
10828,1082.8,6.817800000000001
10829,1082.9,6.8169
10830,1083.0,6.816000000000001
10831,1083.1,6.814900000000001
10832,1083.2,6.8138000000000005
10833,1083.3,6.812700000000001
10834,1083.4,6.8116
10835,1083.5,6.810499999999999
10836,1083.6,6.809400000000001
10837,1083.7,6.8083
10838,1083.8,6.807200000000001
10839,1083.9,6.806100000000001
10840,1084.0,6.805
10841,1084.1,6.8039000000000005
10842,1084.2,6.8028
10843,1084.3,6.801699999999999
10844,1084.4,6.8006
10845,1084.5,6.7995
10846,1084.6,6.798399999999999
10847,1084.7,6.7973
10848,1084.8,6.796199999999999
10849,1084.9,6.795099999999999
10850,1085.0,6.794
10851,1085.1,6.792699999999999
10852,1085.2,6.7914
10853,1085.3,6.7901
10854,1085.4,6.788799999999999
10855,1085.5,6.7875000000000005
10856,1085.6,6.7862
10857,1085.7,6.7848999999999995
10858,1085.8,6.783600000000001
10859,1085.9,6.7823
10860,1086.0,6.781
10861,1086.1,6.779600000000001
10862,1086.2,6.7782
10863,1086.3,6.7768000000000015
10864,1086.4,6.775400000000001
10865,1086.5,6.774
10866,1086.6,6.7726000000000015
10867,1086.7,6.7712
10868,1086.8,6.7698
10869,1086.9,6.768400000000001
10870,1087.0,6.767
10871,1087.1,6.7656
10872,1087.2,6.764200000000001
10873,1087.3,6.7628
10874,1087.4,6.7614
10875,1087.5,6.760000000000002
10876,1087.6,6.7586
10877,1087.7,6.757200000000002
10878,1087.8,6.755800000000002
10879,1087.9,6.7544
10880,1088.0,6.753000000000002
10881,1088.1,6.751600000000002
10882,1088.2,6.7502
10883,1088.3,6.748800000000002
10884,1088.4,6.747400000000001
10885,1088.5,6.746
10886,1088.6,6.744600000000001
10887,1088.7,6.743200000000001
10888,1088.8,6.741800000000001
10889,1088.9,6.740400000000001
10890,1089.0,6.739
10891,1089.1,6.737600000000001
10892,1089.2,6.7362
10893,1089.3,6.734799999999999
10894,1089.4,6.7334000000000005
10895,1089.5,6.731999999999999
10896,1089.6,6.730599999999999
10897,1089.7,6.7292000000000005
10898,1089.8,6.727799999999999
10899,1089.9,6.726399999999998
10900,1090.0,6.725
10901,1090.1,6.723699999999999
10902,1090.2,6.7224
10903,1090.3,6.7211
10904,1090.4,6.719799999999999
10905,1090.5,6.718500000000001
10906,1090.6,6.7172
10907,1090.7,6.7158999999999995
10908,1090.8,6.714600000000001
10909,1090.9,6.7133
10910,1091.0,6.712
10911,1091.1,6.710800000000001
10912,1091.2,6.7096
10913,1091.3,6.708400000000001
10914,1091.4,6.7072
10915,1091.5,6.7059999999999995
10916,1091.6,6.704800000000001
10917,1091.7,6.703600000000001
10918,1091.8,6.7024
10919,1091.9,6.701200000000001
10920,1092.0,6.7
10921,1092.1,6.6989
10922,1092.2,6.697800000000001
10923,1092.3,6.6967
10924,1092.4,6.6956
10925,1092.5,6.694500000000001
10926,1092.6,6.6934000000000005
10927,1092.7,6.692300000000001
10928,1092.8,6.691200000000001
10929,1092.9,6.6901
10930,1093.0,6.689000000000002
10931,1093.1,6.6881
10932,1093.2,6.6872
10933,1093.3,6.686300000000001
10934,1093.4,6.6854000000000005
10935,1093.5,6.6845
10936,1093.6,6.6836
10937,1093.7,6.6827
10938,1093.8,6.681800000000001
10939,1093.9,6.6809
10940,1094.0,6.68
10941,1094.1,6.6793000000000005
10942,1094.2,6.6786
10943,1094.3,6.677899999999999
10944,1094.4,6.6772
10945,1094.5,6.6765
10946,1094.6,6.6758
10947,1094.7,6.6751000000000005
10948,1094.8,6.6743999999999994
10949,1094.9,6.673699999999999
10950,1095.0,6.673
10951,1095.1,6.672499999999999
10952,1095.2,6.672000000000001
10953,1095.3,6.6715
10954,1095.4,6.671
10955,1095.5,6.6705000000000005
10956,1095.6,6.67
10957,1095.7,6.6695
10958,1095.8,6.6690000000000005
10959,1095.9,6.668500000000001
10960,1096.0,6.668
10961,1096.1,6.6676
10962,1096.2,6.6672
10963,1096.3,6.6668
10964,1096.4,6.6664
10965,1096.5,6.666
10966,1096.6,6.6656
10967,1096.7,6.6652
10968,1096.8,6.6648
10969,1096.9,6.6644
10970,1097.0,6.664
10971,1097.1,6.664
10972,1097.2,6.664
10973,1097.3,6.664
10974,1097.4,6.664
10975,1097.5,6.664
10976,1097.6,6.664
10977,1097.7,6.664
10978,1097.8,6.664
10979,1097.9,6.664
10980,1098.0,6.664
10981,1098.1,6.6640999999999995
10982,1098.2,6.6642
10983,1098.3,6.6643
10984,1098.4,6.6644
10985,1098.5,6.6645
10986,1098.6,6.6646
10987,1098.7,6.6647
10988,1098.8,6.6648
10989,1098.9,6.6649
10990,1099.0,6.665
10991,1099.1,6.6654
10992,1099.2,6.6658
10993,1099.3,6.6662
10994,1099.4,6.6666
10995,1099.5,6.667
10996,1099.6,6.6674
10997,1099.7,6.6678
10998,1099.8,6.6682
10999,1099.9,6.6686
11000,1100.0,6.669
11001,1100.1,6.6696
11002,1100.2,6.6701999999999995
11003,1100.3,6.6708
11004,1100.4,6.6714
11005,1100.5,6.672
11006,1100.6,6.672599999999999
11007,1100.7,6.6732
11008,1100.8,6.673799999999999
11009,1100.9,6.6743999999999994
11010,1101.0,6.675
11011,1101.1,6.675799999999999
11012,1101.2,6.6766
11013,1101.3,6.677399999999999
11014,1101.4,6.6781999999999995
11015,1101.5,6.679
11016,1101.6,6.679799999999999
11017,1101.7,6.680599999999999
11018,1101.8,6.6814
11019,1101.9,6.682199999999999
11020,1102.0,6.683
11021,1102.1,6.6839
11022,1102.2,6.684799999999999
11023,1102.3,6.6857
11024,1102.4,6.6866
11025,1102.5,6.687499999999999
11026,1102.6,6.6884
11027,1102.7,6.689299999999999
11028,1102.8,6.690199999999999
11029,1102.9,6.6911
11030,1103.0,6.691999999999999
11031,1103.1,6.693199999999999
11032,1103.2,6.6944
11033,1103.3,6.695599999999999
11034,1103.4,6.6968
11035,1103.5,6.698
11036,1103.6,6.6991999999999985
11037,1103.7,6.700399999999999
11038,1103.8,6.701599999999998
11039,1103.9,6.702799999999999
11040,1104.0,6.704
11041,1104.1,6.705199999999999
11042,1104.2,6.7063999999999995
11043,1104.3,6.7076
11044,1104.4,6.708799999999999
11045,1104.5,6.71
11046,1104.6,6.711200000000001
11047,1104.7,6.7124
11048,1104.8,6.7136000000000005
11049,1104.9,6.714800000000001
11050,1105.0,6.716
11051,1105.1,6.7174000000000005
11052,1105.2,6.7188
11053,1105.3,6.7202
11054,1105.4,6.7216000000000005
11055,1105.5,6.722999999999999
11056,1105.6,6.7244
11057,1105.7,6.7258000000000004
11058,1105.8,6.727199999999999
11059,1105.9,6.7286
11060,1106.0,6.73
11061,1106.1,6.731399999999999
11062,1106.2,6.7328
11063,1106.3,6.734199999999999
11064,1106.4,6.7356
11065,1106.5,6.737
11066,1106.6,6.738399999999999
11067,1106.7,6.7398
11068,1106.8,6.7412
11069,1106.9,6.7425999999999995
11070,1107.0,6.744
11071,1107.1,6.745500000000001
11072,1107.2,6.746999999999999
11073,1107.3,6.7485
11074,1107.4,6.75
11075,1107.5,6.751499999999999
11076,1107.6,6.753
11077,1107.7,6.754499999999998
11078,1107.8,6.755999999999999
11079,1107.9,6.757499999999999
11080,1108.0,6.758999999999999
11081,1108.1,6.760399999999999
11082,1108.2,6.7618
11083,1108.3,6.7631999999999985
11084,1108.4,6.7646
11085,1108.5,6.766
11086,1108.6,6.7673999999999985
11087,1108.7,6.7688
11088,1108.8,6.770199999999998
11089,1108.9,6.771599999999999
11090,1109.0,6.773
11091,1109.1,6.774399999999998
11092,1109.2,6.775799999999999
11093,1109.3,6.777200000000001
11094,1109.4,6.778599999999999
11095,1109.5,6.78
11096,1109.6,6.7814000000000005
11097,1109.7,6.782799999999999
11098,1109.8,6.7842
11099,1109.9,6.785600000000001
11100,1110.0,6.787
11101,1110.1,6.7883000000000004
11102,1110.2,6.789599999999999
11103,1110.3,6.7909
11104,1110.4,6.7922
11105,1110.5,6.793499999999999
11106,1110.6,6.7947999999999995
11107,1110.7,6.7961
11108,1110.8,6.797399999999999
11109,1110.9,6.798699999999999
11110,1111.0,6.8
11111,1111.1,6.801199999999999
11112,1111.2,6.8024
11113,1111.3,6.8035999999999985
11114,1111.4,6.804799999999999
11115,1111.5,6.806
11116,1111.6,6.807199999999999
11117,1111.7,6.8084
11118,1111.8,6.8096000000000005
11119,1111.9,6.8107999999999995
11120,1112.0,6.812
11121,1112.1,6.813000000000001
11122,1112.2,6.814
11123,1112.3,6.815
11124,1112.4,6.816000000000001
11125,1112.5,6.816999999999999
11126,1112.6,6.818
11127,1112.7,6.818999999999999
11128,1112.8,6.819999999999999
11129,1112.9,6.821
11130,1113.0,6.821999999999998
11131,1113.1,6.8229
11132,1113.2,6.8238
11133,1113.3,6.824699999999999
11134,1113.4,6.8256
11135,1113.5,6.8265
11136,1113.6,6.8274
11137,1113.7,6.8283000000000005
11138,1113.8,6.829199999999999
11139,1113.9,6.8301
11140,1114.0,6.831
11141,1114.1,6.8316
11142,1114.2,6.8322
11143,1114.3,6.832800000000001
11144,1114.4,6.8334
11145,1114.5,6.834
11146,1114.6,6.8346
11147,1114.7,6.8351999999999995
11148,1114.8,6.8358
11149,1114.9,6.8364
11150,1115.0,6.837
11151,1115.1,6.8375
11152,1115.2,6.837999999999999
11153,1115.3,6.8385
11154,1115.4,6.8389999999999995
11155,1115.5,6.839499999999999
11156,1115.6,6.84
11157,1115.7,6.8405
11158,1115.8,6.840999999999999
11159,1115.9,6.841499999999999
11160,1116.0,6.842
11161,1116.1,6.842199999999999
11162,1116.2,6.8424
11163,1116.3,6.8426
11164,1116.4,6.8427999999999995
11165,1116.5,6.843
11166,1116.6,6.8431999999999995
11167,1116.7,6.8434
11168,1116.8,6.8436
11169,1116.9,6.8438
11170,1117.0,6.844
11171,1117.1,6.844
11172,1117.2,6.844
11173,1117.3,6.844
11174,1117.4,6.844
11175,1117.5,6.844
11176,1117.6,6.844
11177,1117.7,6.844
11178,1117.8,6.844
11179,1117.9,6.844
11180,1118.0,6.844
11181,1118.1,6.843800000000001
11182,1118.2,6.8436
11183,1118.3,6.8434
11184,1118.4,6.8432
11185,1118.5,6.843
11186,1118.6,6.8428
11187,1118.7,6.8426
11188,1118.8,6.8424
11189,1118.9,6.8422
11190,1119.0,6.842
11191,1119.1,6.8416
11192,1119.2,6.8412
11193,1119.3,6.8408
11194,1119.4,6.8404
11195,1119.5,6.84
11196,1119.6,6.8396
11197,1119.7,6.8392
11198,1119.8,6.8388
11199,1119.9,6.8384
11200,1120.0,6.838
11201,1120.1,6.8374
11202,1120.2,6.8368
11203,1120.3,6.8362
11204,1120.4,6.8355999999999995
11205,1120.5,6.835
11206,1120.6,6.8344000000000005
11207,1120.7,6.8338
11208,1120.8,6.833200000000001
11209,1120.9,6.8326
11210,1121.0,6.832
11211,1121.1,6.831200000000001
11212,1121.2,6.8304
11213,1121.3,6.829600000000001
11214,1121.4,6.8288
11215,1121.5,6.827999999999999
11216,1121.6,6.8272
11217,1121.7,6.8264000000000005
11218,1121.8,6.8256
11219,1121.9,6.824800000000001
11220,1122.0,6.824
11221,1122.1,6.823099999999999
11222,1122.2,6.8222000000000005
11223,1122.3,6.8213
11224,1122.4,6.820399999999999
11225,1122.5,6.819500000000001
11226,1122.6,6.8186
11227,1122.7,6.817700000000001
11228,1122.8,6.816800000000001
11229,1122.9,6.815900000000001
11230,1123.0,6.815000000000001
11231,1123.1,6.814000000000001
11232,1123.2,6.813000000000001
11233,1123.3,6.812000000000001
11234,1123.4,6.811000000000001
11235,1123.5,6.8100000000000005
11236,1123.6,6.809000000000001
11237,1123.7,6.808
11238,1123.8,6.807000000000001
11239,1123.9,6.806
11240,1124.0,6.805
11241,1124.1,6.8039000000000005
11242,1124.2,6.8028
11243,1124.3,6.801699999999999
11244,1124.4,6.8006
11245,1124.5,6.7995
11246,1124.6,6.798399999999999
11247,1124.7,6.7973
11248,1124.8,6.796199999999999
11249,1124.9,6.795099999999999
11250,1125.0,6.794
11251,1125.1,6.7928999999999995
11252,1125.2,6.7918
11253,1125.3,6.7907
11254,1125.4,6.789599999999999
11255,1125.5,6.788500000000001
11256,1125.6,6.787400000000001
11257,1125.7,6.7863
11258,1125.8,6.7852000000000015
11259,1125.9,6.7841000000000005
11260,1126.0,6.783
11261,1126.1,6.781800000000001
11262,1126.2,6.780600000000001
11263,1126.3,6.779400000000002
11264,1126.4,6.778200000000001
11265,1126.5,6.777
11266,1126.6,6.775800000000001
11267,1126.7,6.7746
11268,1126.8,6.7734
11269,1126.9,6.772200000000001
11270,1127.0,6.771
11271,1127.1,6.7699
11272,1127.2,6.768800000000001
11273,1127.3,6.7677
11274,1127.4,6.7665999999999995
11275,1127.5,6.7655
11276,1127.6,6.7644
11277,1127.7,6.763300000000001
11278,1127.8,6.762200000000001
11279,1127.9,6.7611
11280,1128.0,6.760000000000002
11281,1128.1,6.758800000000001
11282,1128.2,6.7576
11283,1128.3,6.756400000000001
11284,1128.4,6.7552
11285,1128.5,6.7540000000000004
11286,1128.6,6.7528000000000015
11287,1128.7,6.751600000000001
11288,1128.8,6.750400000000002
11289,1128.9,6.749200000000001
11290,1129.0,6.748
11291,1129.1,6.746900000000001
11292,1129.2,6.745800000000001
11293,1129.3,6.7447
11294,1129.4,6.743600000000001
11295,1129.5,6.742500000000001
11296,1129.6,6.7414
11297,1129.7,6.7403
11298,1129.8,6.739199999999999
11299,1129.9,6.738099999999999
11300,1130.0,6.737
11301,1130.1,6.736
11302,1130.2,6.735
11303,1130.3,6.734
11304,1130.4,6.733
11305,1130.5,6.732000000000001
11306,1130.6,6.731000000000001
11307,1130.7,6.73
11308,1130.8,6.729000000000001
11309,1130.9,6.728000000000001
11310,1131.0,6.727
11311,1131.1,6.726100000000001
11312,1131.2,6.7252
11313,1131.3,6.724300000000001
11314,1131.4,6.723400000000001
11315,1131.5,6.7225
11316,1131.6,6.7216000000000005
11317,1131.7,6.7207
11318,1131.8,6.7198
11319,1131.9,6.7189000000000005
11320,1132.0,6.718
11321,1132.1,6.7172
11322,1132.2,6.7164
11323,1132.3,6.7156
11324,1132.4,6.714799999999999
11325,1132.5,6.714
11326,1132.6,6.7132000000000005
11327,1132.7,6.712400000000001
11328,1132.8,6.711600000000001
11329,1132.9,6.7108
11330,1133.0,6.710000000000001
11331,1133.1,6.709300000000001
11332,1133.2,6.708600000000001
11333,1133.3,6.7079
11334,1133.4,6.7072
11335,1133.5,6.7065
11336,1133.6,6.705800000000001
11337,1133.7,6.705100000000001
11338,1133.8,6.704400000000001
11339,1133.9,6.7037
11340,1134.0,6.703
11341,1134.1,6.702400000000001
11342,1134.2,6.7018
11343,1134.3,6.7012
11344,1134.4,6.7006000000000006
11345,1134.5,6.7
11346,1134.6,6.6994
11347,1134.7,6.6988
11348,1134.8,6.6982
11349,1134.9,6.6975999999999996
11350,1135.0,6.697
11351,1135.1,6.6966
11352,1135.2,6.6962
11353,1135.3,6.6958
11354,1135.4,6.695399999999999
11355,1135.5,6.695
11356,1135.6,6.6946
11357,1135.7,6.6941999999999995
11358,1135.8,6.6938
11359,1135.9,6.6934
11360,1136.0,6.693
11361,1136.1,6.6927
11362,1136.2,6.6924
11363,1136.3,6.6921
11364,1136.4,6.6918
11365,1136.5,6.6915
11366,1136.6,6.6912
11367,1136.7,6.6909
11368,1136.8,6.6906
11369,1136.9,6.690300000000001
11370,1137.0,6.69
11371,1137.1,6.6898
11372,1137.2,6.6896
11373,1137.3,6.6894
11374,1137.4,6.6892000000000005
11375,1137.5,6.689
11376,1137.6,6.6888
11377,1137.7,6.6886
11378,1137.8,6.6884
11379,1137.9,6.6882
11380,1138.0,6.688
11381,1138.1,6.688
11382,1138.2,6.688
11383,1138.3,6.688
11384,1138.4,6.688
11385,1138.5,6.688
11386,1138.6,6.688
11387,1138.7,6.688
11388,1138.8,6.688
11389,1138.9,6.688
11390,1139.0,6.688
11391,1139.1,6.6880999999999995
11392,1139.2,6.6882
11393,1139.3,6.6883
11394,1139.4,6.6884
11395,1139.5,6.6884999999999994
11396,1139.6,6.6886
11397,1139.7,6.6887
11398,1139.8,6.6888
11399,1139.9,6.6889
11400,1140.0,6.689
11401,1140.1,6.6892000000000005
11402,1140.2,6.6894
11403,1140.3,6.6895999999999995
11404,1140.4,6.6898
11405,1140.5,6.6899999999999995
11406,1140.6,6.6902
11407,1140.7,6.6904
11408,1140.8,6.6906
11409,1140.9,6.690799999999999
11410,1141.0,6.691
11411,1141.1,6.6913
11412,1141.2,6.6916
11413,1141.3,6.6918999999999995
11414,1141.4,6.6922
11415,1141.5,6.6925
11416,1141.6,6.6928
11417,1141.7,6.6931
11418,1141.8,6.6934000000000005
11419,1141.9,6.6937
11420,1142.0,6.694
11421,1142.1,6.6944
11422,1142.2,6.6948
11423,1142.3,6.6952
11424,1142.4,6.695600000000001
11425,1142.5,6.696
11426,1142.6,6.6964
11427,1142.7,6.6968
11428,1142.8,6.6972
11429,1142.9,6.6976
11430,1143.0,6.6979999999999995
11431,1143.1,6.6986
11432,1143.2,6.6992
11433,1143.3,6.6998
11434,1143.4,6.7004
11435,1143.5,6.7010000000000005
11436,1143.6,6.701599999999999
11437,1143.7,6.7021999999999995
11438,1143.8,6.702799999999999
11439,1143.9,6.703399999999999
11440,1144.0,6.704
11441,1144.1,6.704599999999999
11442,1144.2,6.7052
11443,1144.3,6.7058
11444,1144.4,6.7063999999999995
11445,1144.5,6.707
11446,1144.6,6.7076
11447,1144.7,6.7082
11448,1144.8,6.7088
11449,1144.9,6.7094000000000005
11450,1145.0,6.71
11451,1145.1,6.7107
11452,1145.2,6.711399999999999
11453,1145.3,6.7120999999999995
11454,1145.4,6.7128
11455,1145.5,6.713499999999999
11456,1145.6,6.7142
11457,1145.7,6.7149
11458,1145.8,6.715599999999999
11459,1145.9,6.7162999999999995
11460,1146.0,6.717
11461,1146.1,6.717699999999999
11462,1146.2,6.7184
11463,1146.3,6.719099999999999
11464,1146.4,6.719799999999999
11465,1146.5,6.7204999999999995
11466,1146.6,6.7212
11467,1146.7,6.7219
11468,1146.8,6.7226
11469,1146.9,6.7233
11470,1147.0,6.724
11471,1147.1,6.7248
11472,1147.2,6.7256
11473,1147.3,6.7264
11474,1147.4,6.727200000000001
11475,1147.5,6.728
11476,1147.6,6.7288
11477,1147.7,6.7296
11478,1147.8,6.7303999999999995
11479,1147.9,6.7312
11480,1148.0,6.731999999999999
11481,1148.1,6.732799999999999
11482,1148.2,6.7336
11483,1148.3,6.734399999999999
11484,1148.4,6.7352
11485,1148.5,6.736000000000001
11486,1148.6,6.7368
11487,1148.7,6.7376
11488,1148.8,6.7383999999999995
11489,1148.9,6.739199999999999
11490,1149.0,6.74
11491,1149.1,6.740799999999999
11492,1149.2,6.7416
11493,1149.3,6.742400000000001
11494,1149.4,6.7432
11495,1149.5,6.744
11496,1149.6,6.744800000000001
11497,1149.7,6.7456
11498,1149.8,6.7464
11499,1149.9,6.747200000000001
11500,1150.0,6.748
11501,1150.1,6.748900000000001
11502,1150.2,6.7498
11503,1150.3,6.7507
11504,1150.4,6.7516
11505,1150.5,6.7524999999999995
11506,1150.6,6.7534
11507,1150.7,6.7543
11508,1150.8,6.755199999999999
11509,1150.9,6.756099999999999
11510,1151.0,6.757
11511,1151.1,6.757799999999999
11512,1151.2,6.7585999999999995
11513,1151.3,6.7593999999999985
11514,1151.4,6.760199999999999
11515,1151.5,6.761
11516,1151.6,6.761799999999999
11517,1151.7,6.762599999999999
11518,1151.8,6.7634
11519,1151.9,6.764199999999999
11520,1152.0,6.765
11521,1152.1,6.7659
11522,1152.2,6.766799999999999
11523,1152.3,6.7677
11524,1152.4,6.7686
11525,1152.5,6.769499999999999
11526,1152.6,6.7703999999999995
11527,1152.7,6.771299999999999
11528,1152.8,6.772199999999999
11529,1152.9,6.7730999999999995
11530,1153.0,6.773999999999999
11531,1153.1,6.774799999999999
11532,1153.2,6.7756
11533,1153.3,6.776399999999999
11534,1153.4,6.7772
11535,1153.5,6.7780000000000005
11536,1153.6,6.7787999999999995
11537,1153.7,6.779599999999999
11538,1153.8,6.780399999999999
11539,1153.9,6.781199999999999
11540,1154.0,6.782
11541,1154.1,6.782699999999999
11542,1154.2,6.783399999999999
11543,1154.3,6.7841000000000005
11544,1154.4,6.7848
11545,1154.5,6.7855
11546,1154.6,6.7862
11547,1154.7,6.786899999999999
11548,1154.8,6.7876
11549,1154.9,6.7883000000000004
11550,1155.0,6.789
11551,1155.1,6.7897
11552,1155.2,6.790399999999999
11553,1155.3,6.7911
11554,1155.4,6.7918
11555,1155.5,6.7924999999999995
11556,1155.6,6.7932
11557,1155.7,6.7939
11558,1155.8,6.7946
11559,1155.9,6.7953
11560,1156.0,6.796
11561,1156.1,6.7966
11562,1156.2,6.7972
11563,1156.3,6.7978
11564,1156.4,6.7984
11565,1156.5,6.7989999999999995
11566,1156.6,6.799599999999999
11567,1156.7,6.800199999999999
11568,1156.8,6.8008
11569,1156.9,6.801399999999999
11570,1157.0,6.802
11571,1157.1,6.8025
11572,1157.2,6.802999999999999
11573,1157.3,6.8035
11574,1157.4,6.804
11575,1157.5,6.8045
11576,1157.6,6.805
11577,1157.7,6.805499999999999
11578,1157.8,6.806
11579,1157.9,6.8065
11580,1158.0,6.8069999999999995
11581,1158.1,6.8074
11582,1158.2,6.8078
11583,1158.3,6.808199999999999
11584,1158.4,6.8086
11585,1158.5,6.809
11586,1158.6,6.8094
11587,1158.7,6.8098
11588,1158.8,6.810199999999999
11589,1158.9,6.8106
11590,1159.0,6.811
11591,1159.1,6.811299999999999
11592,1159.2,6.8116
11593,1159.3,6.8119
11594,1159.4,6.8122
11595,1159.5,6.8125
11596,1159.6,6.8128
11597,1159.7,6.8131
11598,1159.8,6.8134
11599,1159.9,6.813700000000001
11600,1160.0,6.814
11601,1160.1,6.8142000000000005
11602,1160.2,6.8144
11603,1160.3,6.8145999999999995
11604,1160.4,6.8148
11605,1160.5,6.8149999999999995
11606,1160.6,6.8152
11607,1160.7,6.8154
11608,1160.8,6.8156
11609,1160.9,6.815799999999999
11610,1161.0,6.816
11611,1161.1,6.8161
11612,1161.2,6.8162
11613,1161.3,6.8163
11614,1161.4,6.8164
11615,1161.5,6.8165
11616,1161.6,6.8166
11617,1161.7,6.8167
11618,1161.8,6.8168
11619,1161.9,6.8169
11620,1162.0,6.817
11621,1162.1,6.8169
11622,1162.2,6.8168
11623,1162.3,6.8167
11624,1162.4,6.8166
11625,1162.5,6.8165000000000004
11626,1162.6,6.8164
11627,1162.7,6.8163
11628,1162.8,6.8162
11629,1162.9,6.8161
11630,1163.0,6.816
11631,1163.1,6.8157
11632,1163.2,6.8153999999999995
11633,1163.3,6.8151
11634,1163.4,6.8148
11635,1163.5,6.8145
11636,1163.6,6.8142
11637,1163.7,6.813899999999999
11638,1163.8,6.8136
11639,1163.9,6.8133
11640,1164.0,6.813
11641,1164.1,6.8126999999999995
11642,1164.2,6.812399999999999
11643,1164.3,6.8121
11644,1164.4,6.8118
11645,1164.5,6.8115
11646,1164.6,6.8111999999999995
11647,1164.7,6.810899999999999
11648,1164.8,6.8106
11649,1164.9,6.8103
11650,1165.0,6.81
11651,1165.1,6.809499999999999
11652,1165.2,6.809
11653,1165.3,6.8084999999999996
11654,1165.4,6.808
11655,1165.5,6.8075
11656,1165.6,6.8069999999999995
11657,1165.7,6.8065
11658,1165.8,6.806
11659,1165.9,6.8055
11660,1166.0,6.805
11661,1166.1,6.8044
11662,1166.2,6.8038
11663,1166.3,6.8032
11664,1166.4,6.8026
11665,1166.5,6.802
11666,1166.6,6.801400000000001
11667,1166.7,6.800800000000001
11668,1166.8,6.8002
11669,1166.9,6.799600000000001
11670,1167.0,6.799
11671,1167.1,6.7982000000000005
11672,1167.2,6.7974000000000006
11673,1167.3,6.796600000000001
11674,1167.4,6.7958
11675,1167.5,6.795000000000001
11676,1167.6,6.794200000000001
11677,1167.7,6.793400000000001
11678,1167.8,6.792600000000001
11679,1167.9,6.7918
11680,1168.0,6.791000000000001
11681,1168.1,6.790200000000001
11682,1168.2,6.7894000000000005
11683,1168.3,6.7886000000000015
11684,1168.4,6.787800000000001
11685,1168.5,6.787000000000001
11686,1168.6,6.786200000000001
11687,1168.7,6.785400000000001
11688,1168.8,6.784600000000001
11689,1168.9,6.783800000000001
11690,1169.0,6.783
11691,1169.1,6.782100000000001
11692,1169.2,6.7812
11693,1169.3,6.7803
11694,1169.4,6.779400000000001
11695,1169.5,6.7785
11696,1169.6,6.7776
11697,1169.7,6.7767
11698,1169.8,6.7758
11699,1169.9,6.7749
11700,1170.0,6.774
11701,1170.1,6.773
11702,1170.2,6.772
11703,1170.3,6.771
11704,1170.4,6.77
11705,1170.5,6.769000000000001
11706,1170.6,6.768000000000001
11707,1170.7,6.767
11708,1170.8,6.766000000000001
11709,1170.9,6.765000000000001
11710,1171.0,6.764
11711,1171.1,6.7631000000000006
11712,1171.2,6.7622
11713,1171.3,6.761300000000001
11714,1171.4,6.760400000000001
11715,1171.5,6.7595
11716,1171.6,6.7586
11717,1171.7,6.7577
11718,1171.8,6.7568
11719,1171.9,6.7559000000000005
11720,1172.0,6.755
11721,1172.1,6.7539
11722,1172.2,6.752800000000001
11723,1172.3,6.7517
11724,1172.4,6.7505999999999995
11725,1172.5,6.7495
11726,1172.6,6.7484
11727,1172.7,6.747300000000001
11728,1172.8,6.746200000000001
11729,1172.9,6.7451
11730,1173.0,6.7440000000000015
11731,1173.1,6.743
11732,1173.2,6.742
11733,1173.3,6.7410000000000005
11734,1173.4,6.74
11735,1173.5,6.739
11736,1173.6,6.738
11737,1173.7,6.737
11738,1173.8,6.736000000000001
11739,1173.9,6.735
11740,1174.0,6.734
11741,1174.1,6.7331
11742,1174.2,6.7322
11743,1174.3,6.7313
11744,1174.4,6.7304
11745,1174.5,6.7295
11746,1174.6,6.728599999999999
11747,1174.7,6.7277
11748,1174.8,6.7268
11749,1174.9,6.725899999999999
11750,1175.0,6.725
11751,1175.1,6.724099999999999
11752,1175.2,6.7232
11753,1175.3,6.7223
11754,1175.4,6.7214
11755,1175.5,6.7205
11756,1175.6,6.7196
11757,1175.7,6.7187
11758,1175.8,6.7178
11759,1175.9,6.716900000000001
11760,1176.0,6.716
11761,1176.1,6.715200000000001
11762,1176.2,6.7144
11763,1176.3,6.713600000000001
11764,1176.4,6.7128000000000005
11765,1176.5,6.712
11766,1176.6,6.711200000000001
11767,1176.7,6.710400000000001
11768,1176.8,6.7096
11769,1176.9,6.708800000000001
11770,1177.0,6.708
11771,1177.1,6.7073
11772,1177.2,6.706600000000001
11773,1177.3,6.7059
11774,1177.4,6.7052
11775,1177.5,6.7045
11776,1177.6,6.7038
11777,1177.7,6.703100000000001
11778,1177.8,6.7024
11779,1177.9,6.7017
11780,1178.0,6.7010000000000005
11781,1178.1,6.7005
11782,1178.2,6.7
11783,1178.3,6.6995000000000005
11784,1178.4,6.699
11785,1178.5,6.6985
11786,1178.6,6.698
11787,1178.7,6.6975
11788,1178.8,6.697
11789,1178.9,6.6965
11790,1179.0,6.696
11791,1179.1,6.6956
11792,1179.2,6.6952
11793,1179.3,6.6948
11794,1179.4,6.6944
11795,1179.5,6.694
11796,1179.6,6.6936
11797,1179.7,6.6932
11798,1179.8,6.6928
11799,1179.9,6.6924
11800,1180.0,6.692
11801,1180.1,6.6919
11802,1180.2,6.6918
11803,1180.3,6.6917
11804,1180.4,6.6916
11805,1180.5,6.6915000000000004
11806,1180.6,6.6914
11807,1180.7,6.6913
11808,1180.8,6.6912
11809,1180.9,6.6911
11810,1181.0,6.691
11811,1181.1,6.6909
11812,1181.2,6.6908
11813,1181.3,6.6907000000000005
11814,1181.4,6.6906
11815,1181.5,6.6905
11816,1181.6,6.6904
11817,1181.7,6.690300000000001
11818,1181.8,6.6902
11819,1181.9,6.6901
11820,1182.0,6.69
11821,1182.1,6.690200000000001
11822,1182.2,6.6904
11823,1182.3,6.6906
11824,1182.4,6.6908
11825,1182.5,6.691
11826,1182.6,6.6912
11827,1182.7,6.6914
11828,1182.8,6.6916
11829,1182.9,6.6918
11830,1183.0,6.692
11831,1183.1,6.6924
11832,1183.2,6.6928
11833,1183.3,6.693199999999999
11834,1183.4,6.6936
11835,1183.5,6.694
11836,1183.6,6.6944
11837,1183.7,6.6948
11838,1183.8,6.6952
11839,1183.9,6.6956
11840,1184.0,6.696
11841,1184.1,6.6964999999999995
11842,1184.2,6.696999999999999
11843,1184.3,6.6975
11844,1184.4,6.6979999999999995
11845,1184.5,6.698499999999999
11846,1184.6,6.699
11847,1184.7,6.6995
11848,1184.8,6.7
11849,1184.9,6.7005
11850,1185.0,6.701
11851,1185.1,6.7017
11852,1185.2,6.702399999999999
11853,1185.3,6.7031
11854,1185.4,6.7038
11855,1185.5,6.7044999999999995
11856,1185.6,6.7052
11857,1185.7,6.7059
11858,1185.8,6.7066
11859,1185.9,6.7073
11860,1186.0,6.708
11861,1186.1,6.708899999999999
11862,1186.2,6.7097999999999995
11863,1186.3,6.710699999999999
11864,1186.4,6.7116
11865,1186.5,6.7125
11866,1186.6,6.713399999999999
11867,1186.7,6.7143
11868,1186.8,6.7152
11869,1186.9,6.716099999999999
11870,1187.0,6.717
11871,1187.1,6.718
11872,1187.2,6.718999999999999
11873,1187.3,6.72
11874,1187.4,6.721
11875,1187.5,6.7219999999999995
11876,1187.6,6.723
11877,1187.7,6.723999999999998
11878,1187.8,6.725
11879,1187.9,6.726
11880,1188.0,6.7269999999999985
11881,1188.1,6.7280999999999995
11882,1188.2,6.7292
11883,1188.3,6.730299999999999
11884,1188.4,6.7314
11885,1188.5,6.7325
11886,1188.6,6.733599999999999
11887,1188.7,6.7347
11888,1188.8,6.735799999999999
11889,1188.9,6.7368999999999994
11890,1189.0,6.738
11891,1189.1,6.739199999999999
11892,1189.2,6.7404
11893,1189.3,6.741600000000001
11894,1189.4,6.7428
11895,1189.5,6.744
11896,1189.6,6.7452000000000005
11897,1189.7,6.7463999999999995
11898,1189.8,6.7476
11899,1189.9,6.748800000000001
11900,1190.0,6.75
11901,1190.1,6.751200000000001
11902,1190.2,6.752399999999999
11903,1190.3,6.7536
11904,1190.4,6.7548
11905,1190.5,6.755999999999999
11906,1190.6,6.757199999999999
11907,1190.7,6.7584
11908,1190.8,6.759599999999999
11909,1190.9,6.760799999999999
11910,1191.0,6.762
11911,1191.1,6.7631999999999985
11912,1191.2,6.764399999999999
11913,1191.3,6.765599999999998
11914,1191.4,6.766799999999999
11915,1191.5,6.768
11916,1191.6,6.769199999999999
11917,1191.7,6.7703999999999995
11918,1191.8,6.7716
11919,1191.9,6.772799999999999
11920,1192.0,6.774
11921,1192.1,6.775200000000001
11922,1192.2,6.776399999999999
11923,1192.3,6.7776
11924,1192.4,6.7788
11925,1192.5,6.779999999999999
11926,1192.6,6.781199999999999
11927,1192.7,6.782399999999998
11928,1192.8,6.783599999999999
11929,1192.9,6.784799999999999
11930,1193.0,6.785999999999998
11931,1193.1,6.787099999999999
11932,1193.2,6.788199999999999
11933,1193.3,6.789299999999998
11934,1193.4,6.790399999999999
11935,1193.5,6.791499999999999
11936,1193.6,6.792599999999998
11937,1193.7,6.793699999999999
11938,1193.8,6.794799999999999
11939,1193.9,6.795899999999999
11940,1194.0,6.797
11941,1194.1,6.797999999999999
11942,1194.2,6.7989999999999995
11943,1194.3,6.8
11944,1194.4,6.800999999999999
11945,1194.5,6.802
11946,1194.6,6.803000000000001
11947,1194.7,6.804
11948,1194.8,6.805000000000001
11949,1194.9,6.806000000000001
11950,1195.0,6.807
11951,1195.1,6.8078
11952,1195.2,6.8086
11953,1195.3,6.8094
11954,1195.4,6.810200000000001
11955,1195.5,6.811
11956,1195.6,6.8118
11957,1195.7,6.812600000000001
11958,1195.8,6.8134
11959,1195.9,6.8142000000000005
11960,1196.0,6.815
11961,1196.1,6.8157
11962,1196.2,6.8164
11963,1196.3,6.8171
11964,1196.4,6.8178
11965,1196.5,6.8185
11966,1196.6,6.8191999999999995
11967,1196.7,6.8199
11968,1196.8,6.820600000000001
11969,1196.9,6.8213
11970,1197.0,6.822
11971,1197.1,6.822500000000001
11972,1197.2,6.8229999999999995
11973,1197.3,6.8235
11974,1197.4,6.824
11975,1197.5,6.8245
11976,1197.6,6.825
11977,1197.7,6.825499999999999
11978,1197.8,6.826
11979,1197.9,6.826499999999999
11980,1198.0,6.826999999999999
11981,1198.1,6.8273
11982,1198.2,6.8276
11983,1198.3,6.8279
11984,1198.4,6.8282
11985,1198.5,6.8285
11986,1198.6,6.8288
11987,1198.7,6.8291
11988,1198.8,6.8294
11989,1198.9,6.8297
11990,1199.0,6.83
11991,1199.1,6.8301
11992,1199.2,6.8302000000000005
11993,1199.3,6.8303
11994,1199.4,6.8304
11995,1199.5,6.830500000000001
11996,1199.6,6.8306000000000004
11997,1199.7,6.8307
11998,1199.8,6.8308
11999,1199.9,6.830900000000001
12000,1200.0,6.831
12001,1200.1,6.8308
12002,1200.2,6.8306000000000004
12003,1200.3,6.8304
12004,1200.4,6.8302000000000005
12005,1200.5,6.83
12006,1200.6,6.8298
12007,1200.7,6.8296
12008,1200.8,6.8294
12009,1200.9,6.8292
12010,1201.0,6.829
12011,1201.1,6.8286999999999995
12012,1201.2,6.828399999999999
12013,1201.3,6.8281
12014,1201.4,6.8278
12015,1201.5,6.8275
12016,1201.6,6.8271999999999995
12017,1201.7,6.826899999999999
12018,1201.8,6.826599999999999
12019,1201.9,6.8263
12020,1202.0,6.826
12021,1202.1,6.825399999999999
12022,1202.2,6.8248
12023,1202.3,6.8242
12024,1202.4,6.8236
12025,1202.5,6.823
12026,1202.6,6.8224
12027,1202.7,6.8218000000000005
12028,1202.8,6.821200000000001
12029,1202.9,6.820600000000001
12030,1203.0,6.820000000000001
12031,1203.1,6.819200000000001
12032,1203.2,6.8184000000000005
12033,1203.3,6.817600000000001
12034,1203.4,6.816800000000001
12035,1203.5,6.816000000000001
12036,1203.6,6.815200000000001
12037,1203.7,6.814400000000001
12038,1203.8,6.813600000000001
12039,1203.9,6.812800000000001
12040,1204.0,6.812
12041,1204.1,6.811000000000001
12042,1204.2,6.8100000000000005
12043,1204.3,6.809
12044,1204.4,6.808000000000001
12045,1204.5,6.807
12046,1204.6,6.805999999999999
12047,1204.7,6.805
12048,1204.8,6.803999999999999
12049,1204.9,6.802999999999999
12050,1205.0,6.802
12051,1205.1,6.8008999999999995
12052,1205.2,6.7998
12053,1205.3,6.7987
12054,1205.4,6.797599999999999
12055,1205.5,6.796500000000001
12056,1205.6,6.795400000000001
12057,1205.7,6.7943
12058,1205.8,6.7932000000000015
12059,1205.9,6.7921000000000005
12060,1206.0,6.791
12061,1206.1,6.789800000000001
12062,1206.2,6.788600000000001
12063,1206.3,6.787400000000002
12064,1206.4,6.786200000000001
12065,1206.5,6.785
12066,1206.6,6.783800000000001
12067,1206.7,6.7826
12068,1206.8,6.7814
12069,1206.9,6.780200000000001
12070,1207.0,6.779
12071,1207.1,6.777799999999999
12072,1207.2,6.776600000000001
12073,1207.3,6.7754
12074,1207.4,6.7741999999999996
12075,1207.5,6.773000000000001
12076,1207.6,6.771800000000001
12077,1207.7,6.770600000000002
12078,1207.8,6.769400000000001
12079,1207.9,6.768200000000001
12080,1208.0,6.767000000000002
12081,1208.1,6.765600000000002
12082,1208.2,6.764200000000001
12083,1208.3,6.762800000000002
12084,1208.4,6.761400000000001
12085,1208.5,6.76
12086,1208.6,6.758600000000001
12087,1208.7,6.757200000000001
12088,1208.8,6.755800000000002
12089,1208.9,6.754400000000001
12090,1209.0,6.753
12091,1209.1,6.751700000000001
12092,1209.2,6.750400000000001
12093,1209.3,6.749099999999999
12094,1209.4,6.747800000000001
12095,1209.5,6.7465
12096,1209.6,6.7452
12097,1209.7,6.743900000000001
12098,1209.8,6.7425999999999995
12099,1209.9,6.741299999999999
12100,1210.0,6.74
12101,1210.1,6.7387999999999995
12102,1210.2,6.7376000000000005
12103,1210.3,6.736400000000001
12104,1210.4,6.7352
12105,1210.5,6.734000000000001
12106,1210.6,6.7328
12107,1210.7,6.731599999999999
12108,1210.8,6.730400000000001
12109,1210.9,6.7292000000000005
12110,1211.0,6.728
12111,1211.1,6.726800000000001
12112,1211.2,6.7256
12113,1211.3,6.724400000000001
12114,1211.4,6.7232
12115,1211.5,6.7219999999999995
12116,1211.6,6.720800000000001
12117,1211.7,6.719600000000001
12118,1211.8,6.7184
12119,1211.9,6.717200000000001
12120,1212.0,6.716
12121,1212.1,6.7149
12122,1212.2,6.713800000000001
12123,1212.3,6.7127
12124,1212.4,6.7116
12125,1212.5,6.710500000000001
12126,1212.6,6.7094000000000005
12127,1212.7,6.708300000000001
12128,1212.8,6.707200000000001
12129,1212.9,6.7061
12130,1213.0,6.705000000000002
12131,1213.1,6.704000000000001
12132,1213.2,6.703
12133,1213.3,6.702000000000001
12134,1213.4,6.7010000000000005
12135,1213.5,6.7
12136,1213.6,6.699000000000001
12137,1213.7,6.698
12138,1213.8,6.697000000000001
12139,1213.9,6.696000000000001
12140,1214.0,6.695
12141,1214.1,6.694200000000001
12142,1214.2,6.6934000000000005
12143,1214.3,6.6926
12144,1214.4,6.691800000000001
12145,1214.5,6.691000000000001
12146,1214.6,6.6902
12147,1214.7,6.689400000000001
12148,1214.8,6.6886
12149,1214.9,6.687799999999999
12150,1215.0,6.687
12151,1215.1,6.6864
12152,1215.2,6.6858
12153,1215.3,6.6852
12154,1215.4,6.6846
12155,1215.5,6.684
12156,1215.6,6.683400000000001
12157,1215.7,6.6828
12158,1215.8,6.682200000000001
12159,1215.9,6.6816
12160,1216.0,6.681
12161,1216.1,6.6806
12162,1216.2,6.6802
12163,1216.3,6.6798
12164,1216.4,6.6794
12165,1216.5,6.679
12166,1216.6,6.6786
12167,1216.7,6.6781999999999995
12168,1216.8,6.6777999999999995
12169,1216.9,6.6774
12170,1217.0,6.677
12171,1217.1,6.676799999999999
12172,1217.2,6.6766
12173,1217.3,6.6764
12174,1217.4,6.6762
12175,1217.5,6.676
12176,1217.6,6.6758
12177,1217.7,6.6756
12178,1217.8,6.6754
12179,1217.9,6.6752
12180,1218.0,6.675
12181,1218.1,6.675
12182,1218.2,6.675
12183,1218.3,6.675
12184,1218.4,6.675
12185,1218.5,6.675
12186,1218.6,6.675
12187,1218.7,6.675
12188,1218.8,6.675
12189,1218.9,6.675
12190,1219.0,6.675
12191,1219.1,6.6751
12192,1219.2,6.6752
12193,1219.3,6.6753
12194,1219.4,6.6754
12195,1219.5,6.6754999999999995
12196,1219.6,6.6756
12197,1219.7,6.6757
12198,1219.8,6.6758
12199,1219.9,6.6759
12200,1220.0,6.676
12201,1220.1,6.6764
12202,1220.2,6.6768
12203,1220.3,6.6772
12204,1220.4,6.6776
12205,1220.5,6.678
12206,1220.6,6.6784
12207,1220.7,6.6788
12208,1220.8,6.6792
12209,1220.9,6.6796
12210,1221.0,6.68
12211,1221.1,6.680599999999999
12212,1221.2,6.6812
12213,1221.3,6.681799999999999
12214,1221.4,6.6823999999999995
12215,1221.5,6.683
12216,1221.6,6.683599999999999
12217,1221.7,6.6842
12218,1221.8,6.6848
12219,1221.9,6.6854
12220,1222.0,6.686
12221,1222.1,6.6867
12222,1222.2,6.687399999999999
12223,1222.3,6.6880999999999995
12224,1222.4,6.6888
12225,1222.5,6.689499999999999
12226,1222.6,6.6902
12227,1222.7,6.690899999999999
12228,1222.8,6.691599999999999
12229,1222.9,6.6922999999999995
12230,1223.0,6.692999999999999
12231,1223.1,6.693899999999999
12232,1223.2,6.6948
12233,1223.3,6.695699999999999
12234,1223.4,6.696599999999999
12235,1223.5,6.6975
12236,1223.6,6.6983999999999995
12237,1223.7,6.6993
12238,1223.8,6.700199999999999
12239,1223.9,6.701099999999999
12240,1224.0,6.702
12241,1224.1,6.702999999999999
12242,1224.2,6.704
12243,1224.3,6.705
12244,1224.4,6.7059999999999995
12245,1224.5,6.707
12246,1224.6,6.708
12247,1224.7,6.709
12248,1224.8,6.71
12249,1224.9,6.711
12250,1225.0,6.712
12251,1225.1,6.7131
12252,1225.2,6.714199999999999
12253,1225.3,6.7153
12254,1225.4,6.7164
12255,1225.5,6.717499999999999
12256,1225.6,6.7185999999999995
12257,1225.7,6.7197
12258,1225.8,6.720799999999999
12259,1225.9,6.7219
12260,1226.0,6.723
12261,1226.1,6.724199999999999
12262,1226.2,6.7254
12263,1226.3,6.726599999999999
12264,1226.4,6.727799999999999
12265,1226.5,6.729
12266,1226.6,6.730199999999999
12267,1226.7,6.7314
12268,1226.8,6.732600000000001
12269,1226.9,6.7338
12270,1227.0,6.735
12271,1227.1,6.736200000000001
12272,1227.2,6.737399999999999
12273,1227.3,6.7386
12274,1227.4,6.739800000000001
12275,1227.5,6.741
12276,1227.6,6.7421999999999995
12277,1227.7,6.7433999999999985
12278,1227.8,6.744599999999999
12279,1227.9,6.745799999999999
12280,1228.0,6.746999999999998
12281,1228.1,6.748199999999999
12282,1228.2,6.7494
12283,1228.3,6.750599999999999
12284,1228.4,6.751799999999999
12285,1228.5,6.753
12286,1228.6,6.754199999999999
12287,1228.7,6.7554
12288,1228.8,6.756599999999999
12289,1228.9,6.7578
12290,1229.0,6.759
12291,1229.1,6.760199999999999
12292,1229.2,6.7614
12293,1229.3,6.762600000000001
12294,1229.4,6.7638
12295,1229.5,6.765000000000001
12296,1229.6,6.7662
12297,1229.7,6.767399999999999
12298,1229.8,6.7686
12299,1229.9,6.769800000000001
12300,1230.0,6.771
12301,1230.1,6.772200000000001
12302,1230.2,6.7734
12303,1230.3,6.7745999999999995
12304,1230.4,6.7758
12305,1230.5,6.776999999999999
12306,1230.6,6.7782
12307,1230.7,6.779400000000001
12308,1230.8,6.780599999999999
12309,1230.9,6.7818
12310,1231.0,6.783
12311,1231.1,6.784
12312,1231.2,6.785
12313,1231.3,6.7860000000000005
12314,1231.4,6.787
12315,1231.5,6.788
12316,1231.6,6.789
12317,1231.7,6.79
12318,1231.8,6.791
12319,1231.9,6.792
12320,1232.0,6.793
12321,1232.1,6.7940000000000005
12322,1232.2,6.795
12323,1232.3,6.796
12324,1232.4,6.797000000000001
12325,1232.5,6.797999999999999
12326,1232.6,6.7989999999999995
12327,1232.7,6.799999999999999
12328,1232.8,6.800999999999999
12329,1232.9,6.802
12330,1233.0,6.802999999999998
12331,1233.1,6.8039
12332,1233.2,6.8048
12333,1233.3,6.805699999999999
12334,1233.4,6.8065999999999995
12335,1233.5,6.8075
12336,1233.6,6.8084
12337,1233.7,6.8093
12338,1233.8,6.8102
12339,1233.9,6.8111
12340,1234.0,6.812
12341,1234.1,6.8126999999999995
12342,1234.2,6.8134
12343,1234.3,6.814100000000001
12344,1234.4,6.8148
12345,1234.5,6.8155
12346,1234.6,6.8162
12347,1234.7,6.8168999999999995
12348,1234.8,6.8176000000000005
12349,1234.9,6.818300000000001
12350,1235.0,6.819
12351,1235.1,6.8196
12352,1235.2,6.8202
12353,1235.3,6.8208
12354,1235.4,6.821400000000001
12355,1235.5,6.822
12356,1235.6,6.8225999999999996
12357,1235.7,6.8232
12358,1235.8,6.823799999999999
12359,1235.9,6.8244
12360,1236.0,6.825
12361,1236.1,6.8254
12362,1236.2,6.8258
12363,1236.3,6.8262
12364,1236.4,6.8266
12365,1236.5,6.827
12366,1236.6,6.8274
12367,1236.7,6.8278
12368,1236.8,6.8282
12369,1236.9,6.8286
12370,1237.0,6.829
12371,1237.1,6.8293
12372,1237.2,6.829599999999999
12373,1237.3,6.829899999999999
12374,1237.4,6.8302
12375,1237.5,6.8305
12376,1237.6,6.8308
12377,1237.7,6.831099999999999
12378,1237.8,6.8313999999999995
12379,1237.9,6.8317
12380,1238.0,6.832
12381,1238.1,6.8321
12382,1238.2,6.8322
12383,1238.3,6.8323
12384,1238.4,6.8324
12385,1238.5,6.8325
12386,1238.6,6.8326
12387,1238.7,6.8327
12388,1238.8,6.8328
12389,1238.9,6.8329
12390,1239.0,6.833
12391,1239.1,6.833
12392,1239.2,6.833
12393,1239.3,6.833
12394,1239.4,6.833
12395,1239.5,6.833
12396,1239.6,6.833
12397,1239.7,6.833
12398,1239.8,6.833
12399,1239.9,6.833
12400,1240.0,6.833
12401,1240.1,6.8328
12402,1240.2,6.8326
12403,1240.3,6.832400000000001
12404,1240.4,6.8322
12405,1240.5,6.832000000000001
12406,1240.6,6.8318
12407,1240.7,6.8316
12408,1240.8,6.8314
12409,1240.9,6.831200000000001
12410,1241.0,6.831
12411,1241.1,6.8307
12412,1241.2,6.8304
12413,1241.3,6.8301
12414,1241.4,6.8298000000000005
12415,1241.5,6.8295
12416,1241.6,6.8292
12417,1241.7,6.8289
12418,1241.8,6.8286
12419,1241.9,6.8283000000000005
12420,1242.0,6.828
12421,1242.1,6.8275
12422,1242.2,6.827000000000001
12423,1242.3,6.8265
12424,1242.4,6.8260000000000005
12425,1242.5,6.825500000000001
12426,1242.6,6.825
12427,1242.7,6.824500000000001
12428,1242.8,6.824000000000001
12429,1242.9,6.823500000000001
12430,1243.0,6.823000000000001
12431,1243.1,6.822400000000001
12432,1243.2,6.8218000000000005
12433,1243.3,6.821200000000001
12434,1243.4,6.820600000000001
12435,1243.5,6.82
12436,1243.6,6.819400000000001
12437,1243.7,6.8188
12438,1243.8,6.8182
12439,1243.9,6.8176000000000005
12440,1244.0,6.817
12441,1244.1,6.816300000000001
12442,1244.2,6.8156
12443,1244.3,6.8149
12444,1244.4,6.8142000000000005
12445,1244.5,6.8135
12446,1244.6,6.812799999999999
12447,1244.7,6.8121
12448,1244.8,6.8114
12449,1244.9,6.810699999999999
12450,1245.0,6.81
12451,1245.1,6.8092
12452,1245.2,6.8084
12453,1245.3,6.8076
12454,1245.4,6.806799999999999
12455,1245.5,6.806
12456,1245.6,6.8052
12457,1245.7,6.804399999999999
12458,1245.8,6.8036
12459,1245.9,6.8027999999999995
12460,1246.0,6.802
12461,1246.1,6.801100000000001
12462,1246.2,6.8002
12463,1246.3,6.7993
12464,1246.4,6.7984
12465,1246.5,6.797499999999999
12466,1246.6,6.796600000000001
12467,1246.7,6.7957
12468,1246.8,6.7947999999999995
12469,1246.9,6.793900000000001
12470,1247.0,6.793
12471,1247.1,6.7921
12472,1247.2,6.791200000000001
12473,1247.3,6.7903
12474,1247.4,6.7894
12475,1247.5,6.788500000000001
12476,1247.6,6.7876
12477,1247.7,6.7867000000000015
12478,1247.8,6.785800000000001
12479,1247.9,6.7849
12480,1248.0,6.784000000000001
12481,1248.1,6.783
12482,1248.2,6.782
12483,1248.3,6.781000000000001
12484,1248.4,6.78
12485,1248.5,6.779
12486,1248.6,6.7780000000000005
12487,1248.7,6.777
12488,1248.8,6.776
12489,1248.9,6.775
12490,1249.0,6.774
12491,1249.1,6.772900000000001
12492,1249.2,6.771800000000001
12493,1249.3,6.7707
12494,1249.4,6.7696000000000005
12495,1249.5,6.7684999999999995
12496,1249.6,6.767399999999999
12497,1249.7,6.7663
12498,1249.8,6.765199999999999
12499,1249.9,6.764099999999999
12500,1250.0,6.763
12501,1250.1,6.762
12502,1250.2,6.761
12503,1250.3,6.76
12504,1250.4,6.7589999999999995
12505,1250.5,6.758000000000001
12506,1250.6,6.757000000000001
12507,1250.7,6.756
12508,1250.8,6.755000000000001
12509,1250.9,6.7540000000000004
12510,1251.0,6.753
12511,1251.1,6.751900000000001
12512,1251.2,6.750800000000001
12513,1251.3,6.7497
12514,1251.4,6.748600000000001
12515,1251.5,6.7475000000000005
12516,1251.6,6.746400000000001
12517,1251.7,6.7453
12518,1251.8,6.744199999999999
12519,1251.9,6.743100000000001
12520,1252.0,6.742
12521,1252.1,6.741
12522,1252.2,6.74
12523,1252.3,6.739
12524,1252.4,6.7379999999999995
12525,1252.5,6.737000000000001
12526,1252.6,6.736000000000001
12527,1252.7,6.735000000000001
12528,1252.8,6.734000000000001
12529,1252.9,6.7330000000000005
12530,1253.0,6.732000000000002
12531,1253.1,6.731000000000001
12532,1253.2,6.73
12533,1253.3,6.729000000000001
12534,1253.4,6.728000000000001
12535,1253.5,6.727
12536,1253.6,6.726000000000001
12537,1253.7,6.7250000000000005
12538,1253.8,6.724
12539,1253.9,6.723000000000001
12540,1254.0,6.722
12541,1254.1,6.721000000000001
12542,1254.2,6.720000000000001
12543,1254.3,6.719
12544,1254.4,6.718000000000001
12545,1254.5,6.7170000000000005
12546,1254.6,6.715999999999999
12547,1254.7,6.715
12548,1254.8,6.7139999999999995
12549,1254.9,6.712999999999999
12550,1255.0,6.712
12551,1255.1,6.711099999999999
12552,1255.2,6.7102
12553,1255.3,6.7093
12554,1255.4,6.7084
12555,1255.5,6.7075000000000005
12556,1255.6,6.7066
12557,1255.7,6.7057
12558,1255.8,6.7048000000000005
12559,1255.9,6.703900000000001
12560,1256.0,6.703
12561,1256.1,6.702300000000001
12562,1256.2,6.7016
12563,1256.3,6.7009
12564,1256.4,6.700200000000001
12565,1256.5,6.6995000000000005
12566,1256.6,6.6988
12567,1256.7,6.6981
12568,1256.8,6.6974
12569,1256.9,6.6967
12570,1257.0,6.696
12571,1257.1,6.6953
12572,1257.2,6.6946
12573,1257.3,6.6939
12574,1257.4,6.6932
12575,1257.5,6.692500000000001
12576,1257.6,6.6918
12577,1257.7,6.6911000000000005
12578,1257.8,6.6904
12579,1257.9,6.6897
12580,1258.0,6.689000000000001
12581,1258.1,6.688400000000001
12582,1258.2,6.6878
12583,1258.3,6.687200000000001
12584,1258.4,6.6866
12585,1258.5,6.686
12586,1258.6,6.6854000000000005
12587,1258.7,6.6848
12588,1258.8,6.6842
12589,1258.9,6.6836
12590,1259.0,6.683
12591,1259.1,6.6825
12592,1259.2,6.682
12593,1259.3,6.6815
12594,1259.4,6.681
12595,1259.5,6.6805
12596,1259.6,6.68
12597,1259.7,6.6795
12598,1259.8,6.678999999999999
12599,1259.9,6.6785
12600,1260.0,6.678
12601,1260.1,6.6777
12602,1260.2,6.6774000000000004
12603,1260.3,6.6771
12604,1260.4,6.6768
12605,1260.5,6.6765
12606,1260.6,6.6762
12607,1260.7,6.6758999999999995
12608,1260.8,6.6756
12609,1260.9,6.6753
12610,1261.0,6.675
12611,1261.1,6.6749
12612,1261.2,6.6748
12613,1261.3,6.6747
12614,1261.4,6.6746
12615,1261.5,6.6745
12616,1261.6,6.6744
12617,1261.7,6.674300000000001
12618,1261.8,6.6742
12619,1261.9,6.6741
12620,1262.0,6.674
12621,1262.1,6.674
12622,1262.2,6.674
12623,1262.3,6.674
12624,1262.4,6.674
12625,1262.5,6.674
12626,1262.6,6.674
12627,1262.7,6.674
12628,1262.8,6.674
12629,1262.9,6.674
12630,1263.0,6.674
12631,1263.1,6.6742
12632,1263.2,6.6744
12633,1263.3,6.6746
12634,1263.4,6.6748
12635,1263.5,6.675000000000001
12636,1263.6,6.6752
12637,1263.7,6.6754
12638,1263.8,6.6756
12639,1263.9,6.6758
12640,1264.0,6.676
12641,1264.1,6.6763
12642,1264.2,6.6766000000000005
12643,1264.3,6.6769
12644,1264.4,6.6772
12645,1264.5,6.6775
12646,1264.6,6.6778
12647,1264.7,6.678100000000001
12648,1264.8,6.6784
12649,1264.9,6.678700000000001
12650,1265.0,6.679
12651,1265.1,6.679500000000001
12652,1265.2,6.68
12653,1265.3,6.6805
12654,1265.4,6.681
12655,1265.5,6.6815
12656,1265.6,6.682
12657,1265.7,6.6825
12658,1265.8,6.683
12659,1265.9,6.6834999999999996
12660,1266.0,6.684
12661,1266.1,6.684699999999999
12662,1266.2,6.6854
12663,1266.3,6.686100000000001
12664,1266.4,6.6868
12665,1266.5,6.6875
12666,1266.6,6.688199999999999
12667,1266.7,6.688899999999999
12668,1266.8,6.6896
12669,1266.9,6.6903
12670,1267.0,6.691
12671,1267.1,6.6918
12672,1267.2,6.6926
12673,1267.3,6.6934
12674,1267.4,6.6942
12675,1267.5,6.694999999999999
12676,1267.6,6.695799999999999
12677,1267.7,6.696599999999999
12678,1267.8,6.697399999999999
12679,1267.9,6.6982
12680,1268.0,6.698999999999999
12681,1268.1,6.699999999999999
12682,1268.2,6.701
12683,1268.3,6.701999999999999
12684,1268.4,6.702999999999999
12685,1268.5,6.704
12686,1268.6,6.704999999999999
12687,1268.7,6.7059999999999995
12688,1268.8,6.707
12689,1268.9,6.707999999999999
12690,1269.0,6.709
12691,1269.1,6.710099999999999
12692,1269.2,6.711199999999999
12693,1269.3,6.7123
12694,1269.4,6.713399999999999
12695,1269.5,6.714499999999999
12696,1269.6,6.7156
12697,1269.7,6.7166999999999994
12698,1269.8,6.7178
12699,1269.9,6.7189000000000005
12700,1270.0,6.72
12701,1270.1,6.7212000000000005
12702,1270.2,6.7223999999999995
12703,1270.3,6.723599999999999
12704,1270.4,6.7248
12705,1270.5,6.725999999999999
12706,1270.6,6.7272
12707,1270.7,6.728400000000001
12708,1270.8,6.729599999999999
12709,1270.9,6.7307999999999995
12710,1271.0,6.732
12711,1271.1,6.733399999999999
12712,1271.2,6.7348
12713,1271.3,6.736200000000001
12714,1271.4,6.7376
12715,1271.5,6.739000000000001
12716,1271.6,6.740399999999999
12717,1271.7,6.7418
12718,1271.8,6.743200000000001
12719,1271.9,6.744599999999999
12720,1272.0,6.746
12721,1272.1,6.747300000000001
12722,1272.2,6.7486
12723,1272.3,6.7499
12724,1272.4,6.751200000000001
12725,1272.5,6.7524999999999995
12726,1272.6,6.7538
12727,1272.7,6.755099999999999
12728,1272.8,6.756399999999999
12729,1272.9,6.7577
12730,1273.0,6.758999999999999
12731,1273.1,6.760399999999999
12732,1273.2,6.7618
12733,1273.3,6.7631999999999985
12734,1273.4,6.7646
12735,1273.5,6.766
12736,1273.6,6.7673999999999985
12737,1273.7,6.7688
12738,1273.8,6.7702
12739,1273.9,6.771599999999999
12740,1274.0,6.773
12741,1274.1,6.774399999999998
12742,1274.2,6.775799999999999
12743,1274.3,6.777200000000001
12744,1274.4,6.778599999999999
12745,1274.5,6.78
12746,1274.6,6.7814000000000005
12747,1274.7,6.782799999999999
12748,1274.8,6.7842
12749,1274.9,6.785600000000001
12750,1275.0,6.787
12751,1275.1,6.7884
12752,1275.2,6.7898
12753,1275.3,6.7912
12754,1275.4,6.7926
12755,1275.5,6.793999999999999
12756,1275.6,6.7954
12757,1275.7,6.7968
12758,1275.8,6.798199999999999
12759,1275.9,6.7996
12760,1276.0,6.801
12761,1276.1,6.802299999999999
12762,1276.2,6.803599999999999
12763,1276.3,6.804900000000001
12764,1276.4,6.8062
12765,1276.5,6.8075
12766,1276.6,6.808799999999999
12767,1276.7,6.810099999999999
12768,1276.8,6.811400000000001
12769,1276.9,6.8126999999999995
12770,1277.0,6.814
12771,1277.1,6.815200000000001
12772,1277.2,6.816399999999999
12773,1277.3,6.8176
12774,1277.4,6.8188
12775,1277.5,6.819999999999999
12776,1277.6,6.821199999999999
12777,1277.7,6.822399999999998
12778,1277.8,6.823599999999999
12779,1277.9,6.824799999999999
12780,1278.0,6.825999999999998
12781,1278.1,6.827099999999999
12782,1278.2,6.828199999999999
12783,1278.3,6.829299999999998
12784,1278.4,6.830399999999999
12785,1278.5,6.8315
12786,1278.6,6.8325999999999985
12787,1278.7,6.833699999999999
12788,1278.8,6.8348
12789,1278.9,6.835899999999999
12790,1279.0,6.837
12791,1279.1,6.837899999999999
12792,1279.2,6.8388
12793,1279.3,6.839700000000001
12794,1279.4,6.840599999999999
12795,1279.5,6.8415
12796,1279.6,6.8424000000000005
12797,1279.7,6.843299999999999
12798,1279.8,6.8442
12799,1279.9,6.8451
12800,1280.0,6.846
12801,1280.1,6.846699999999999
12802,1280.2,6.8474
12803,1280.3,6.8481000000000005
12804,1280.4,6.8488
12805,1280.5,6.849500000000001
12806,1280.6,6.8502
12807,1280.7,6.850899999999999
12808,1280.8,6.851600000000001
12809,1280.9,6.8523000000000005
12810,1281.0,6.853
12811,1281.1,6.8535
12812,1281.2,6.854
12813,1281.3,6.8545
12814,1281.4,6.855
12815,1281.5,6.855499999999999
12816,1281.6,6.855999999999999
12817,1281.7,6.8565
12818,1281.8,6.856999999999999
12819,1281.9,6.857499999999999
12820,1282.0,6.857999999999998
12821,1282.1,6.858199999999999
12822,1282.2,6.8584
12823,1282.3,6.858599999999999
12824,1282.4,6.8588
12825,1282.5,6.859
12826,1282.6,6.8591999999999995
12827,1282.7,6.8594
12828,1282.8,6.8596
12829,1282.9,6.8598
12830,1283.0,6.86
12831,1283.1,6.86
12832,1283.2,6.86
12833,1283.3,6.86
12834,1283.4,6.86
12835,1283.5,6.86
12836,1283.6,6.86
12837,1283.7,6.86
12838,1283.8,6.86
12839,1283.9,6.86
12840,1284.0,6.86
12841,1284.1,6.8597
12842,1284.2,6.8594
12843,1284.3,6.8591
12844,1284.4,6.8588000000000005
12845,1284.5,6.8585
12846,1284.6,6.8582
12847,1284.7,6.8579
12848,1284.8,6.857600000000001
12849,1284.9,6.8573
12850,1285.0,6.857
12851,1285.1,6.8565000000000005
12852,1285.2,6.856
12853,1285.3,6.8555
12854,1285.4,6.855
12855,1285.5,6.8545
12856,1285.6,6.854
12857,1285.7,6.8535
12858,1285.8,6.853
12859,1285.9,6.8525
12860,1286.0,6.852
12861,1286.1,6.851199999999999
12862,1286.2,6.8504
12863,1286.3,6.849600000000001
12864,1286.4,6.8488
12865,1286.5,6.848000000000001
12866,1286.6,6.847200000000001
12867,1286.7,6.8464
12868,1286.8,6.845600000000001
12869,1286.9,6.844800000000002
12870,1287.0,6.844000000000003
12871,1287.1,6.843000000000001
12872,1287.2,6.842000000000002
12873,1287.3,6.841000000000003
12874,1287.4,6.840000000000001
12875,1287.5,6.839000000000001
12876,1287.6,6.838000000000002
12877,1287.7,6.837
12878,1287.8,6.836000000000001
12879,1287.9,6.835000000000002
12880,1288.0,6.834
12881,1288.1,6.832800000000001
12882,1288.2,6.831600000000002
12883,1288.3,6.830399999999999
12884,1288.4,6.8292
12885,1288.5,6.828000000000001
12886,1288.6,6.8267999999999995
12887,1288.7,6.8256000000000006
12888,1288.8,6.824400000000002
12889,1288.9,6.823199999999999
12890,1289.0,6.822
12891,1289.1,6.820700000000001
12892,1289.2,6.819399999999999
12893,1289.3,6.818099999999999
12894,1289.4,6.816800000000001
12895,1289.5,6.815500000000002
12896,1289.6,6.8142
12897,1289.7,6.812900000000001
12898,1289.8,6.811600000000001
12899,1289.9,6.810299999999999
12900,1290.0,6.809
12901,1290.1,6.807500000000001
12902,1290.2,6.805999999999998
12903,1290.3,6.8045
12904,1290.4,6.803000000000001
12905,1290.5,6.801499999999998
12906,1290.6,6.799999999999999
12907,1290.7,6.7985
12908,1290.8,6.796999999999997
12909,1290.9,6.795499999999999
12910,1291.0,6.794
12911,1291.1,6.792399999999997
12912,1291.2,6.790799999999999
12913,1291.3,6.7892
12914,1291.4,6.787599999999998
12915,1291.5,6.786
12916,1291.6,6.7844000000000015
12917,1291.7,6.782799999999999
12918,1291.8,6.7812
12919,1291.9,6.779600000000002
12920,1292.0,6.778000000000004
12921,1292.1,6.776400000000001
12922,1292.2,6.774800000000003
12923,1292.3,6.773200000000004
12924,1292.4,6.7716
12925,1292.5,6.770000000000002
12926,1292.6,6.768400000000003
12927,1292.7,6.7668
12928,1292.8,6.765200000000001
12929,1292.9,6.763600000000003
12930,1293.0,6.762
12931,1293.1,6.760300000000001
12932,1293.2,6.758600000000002
12933,1293.3,6.756899999999999
12934,1293.4,6.7552
12935,1293.5,6.7535000000000025
12936,1293.6,6.751799999999999
12937,1293.7,6.750100000000001
12938,1293.8,6.748400000000002
12939,1293.9,6.746699999999999
12940,1294.0,6.745
12941,1294.1,6.743500000000002
12942,1294.2,6.741999999999998
12943,1294.3,6.7405
12944,1294.4,6.739000000000001
12945,1294.5,6.7375000000000025
12946,1294.6,6.736
12947,1294.7,6.734500000000001
12948,1294.8,6.733000000000002
12949,1294.9,6.731499999999999
12950,1295.0,6.73
12951,1295.1,6.7284000000000015
12952,1295.2,6.726799999999999
12953,1295.3,6.7252
12954,1295.4,6.723600000000001
12955,1295.5,6.721999999999998
12956,1295.6,6.7204
12957,1295.7,6.718800000000001
12958,1295.8,6.717199999999997
12959,1295.9,6.715599999999999
12960,1296.0,6.714
12961,1296.1,6.712599999999998
12962,1296.2,6.7112
12963,1296.3,6.709800000000001
12964,1296.4,6.708399999999998
12965,1296.5,6.707
12966,1296.6,6.705600000000002
12967,1296.7,6.704199999999999
12968,1296.8,6.702800000000001
12969,1296.9,6.701400000000002
12970,1297.0,6.700000000000004
12971,1297.1,6.698800000000001
12972,1297.2,6.697600000000002
12973,1297.3,6.696400000000003
12974,1297.4,6.695200000000001
12975,1297.5,6.694000000000002
12976,1297.6,6.692800000000003
12977,1297.7,6.6916
12978,1297.8,6.690400000000001
12979,1297.9,6.689200000000002
12980,1298.0,6.688
12981,1298.1,6.6869000000000005
12982,1298.2,6.685800000000001
12983,1298.3,6.684699999999999
12984,1298.4,6.6836
12985,1298.5,6.682500000000001
12986,1298.6,6.681399999999999
12987,1298.7,6.6803
12988,1298.8,6.679200000000001
12989,1298.9,6.678099999999999
12990,1299.0,6.677
12991,1299.1,6.676100000000001
12992,1299.2,6.6751999999999985
12993,1299.3,6.6743
12994,1299.4,6.6734
12995,1299.5,6.672500000000001
12996,1299.6,6.6716
12997,1299.7,6.6707
12998,1299.8,6.669800000000001
12999,1299.9,6.668899999999999
13000,1300.0,6.668
13001,1300.1,6.667400000000001
13002,1300.2,6.666799999999999
13003,1300.3,6.6662
13004,1300.4,6.6656
13005,1300.5,6.664999999999999
13006,1300.6,6.6644
13007,1300.7,6.6638
13008,1300.8,6.663199999999999
13009,1300.9,6.662599999999999
13010,1301.0,6.662
13011,1301.1,6.661599999999999
13012,1301.2,6.6612
13013,1301.3,6.6608
13014,1301.4,6.660399999999999
13015,1301.5,6.66
13016,1301.6,6.659600000000001
13017,1301.7,6.6592
13018,1301.8,6.6588
13019,1301.9,6.658400000000001
13020,1302.0,6.658000000000001
13021,1302.1,6.657800000000001
13022,1302.2,6.6576
13023,1302.3,6.657400000000001
13024,1302.4,6.6572000000000005
13025,1302.5,6.657
13026,1302.6,6.6568000000000005
13027,1302.7,6.6566
13028,1302.8,6.6564
13029,1302.9,6.6562
13030,1303.0,6.656
13031,1303.1,6.6560999999999995
13032,1303.2,6.656199999999999
13033,1303.3,6.6563
13034,1303.4,6.6564
13035,1303.5,6.656499999999999
13036,1303.6,6.6566
13037,1303.7,6.6567
13038,1303.8,6.6568
13039,1303.9,6.6569
13040,1304.0,6.657
13041,1304.1,6.6573
13042,1304.2,6.6576
13043,1304.3,6.6579
13044,1304.4,6.6582
13045,1304.5,6.6585
13046,1304.6,6.6588
13047,1304.7,6.6591000000000005
13048,1304.8,6.6594
13049,1304.9,6.6597
13050,1305.0,6.66
13051,1305.1,6.6606
13052,1305.2,6.661200000000001
13053,1305.3,6.6618
13054,1305.4,6.6624
13055,1305.5,6.663000000000001
13056,1305.6,6.663600000000001
13057,1305.7,6.6642
13058,1305.8,6.664800000000001
13059,1305.9,6.665400000000001
13060,1306.0,6.666
13061,1306.1,6.666800000000002
13062,1306.2,6.667600000000001
13063,1306.3,6.6684
13064,1306.4,6.669200000000001
13065,1306.5,6.67
13066,1306.6,6.6708
13067,1306.7,6.671600000000001
13068,1306.8,6.6724
13069,1306.9,6.673199999999999
13070,1307.0,6.673999999999998
13071,1307.1,6.674899999999999
13072,1307.2,6.675799999999999
13073,1307.3,6.676699999999998
13074,1307.4,6.6776
13075,1307.5,6.678499999999999
13076,1307.6,6.679399999999998
13077,1307.7,6.6803
13078,1307.8,6.681199999999999
13079,1307.9,6.682099999999998
13080,1308.0,6.683
13081,1308.1,6.684199999999999
13082,1308.2,6.685399999999998
13083,1308.3,6.6866
13084,1308.4,6.687799999999999
13085,1308.5,6.688999999999998
13086,1308.6,6.690200000000001
13087,1308.7,6.6914
13088,1308.8,6.692599999999999
13089,1308.9,6.693800000000001
13090,1309.0,6.695
13091,1309.1,6.696199999999999
13092,1309.2,6.697400000000002
13093,1309.3,6.698600000000001
13094,1309.4,6.6998
13095,1309.5,6.700999999999999
13096,1309.6,6.7022
13097,1309.7,6.703399999999999
13098,1309.8,6.704599999999998
13099,1309.9,6.705800000000001
13100,1310.0,6.707
13101,1310.1,6.708399999999998
13102,1310.2,6.709800000000001
13103,1310.3,6.711200000000001
13104,1310.4,6.712599999999999
13105,1310.5,6.714000000000002
13106,1310.6,6.715400000000001
13107,1310.7,6.716799999999999
13108,1310.8,6.718200000000002
13109,1310.9,6.719600000000002
13110,1311.0,6.721
13111,1311.1,6.722400000000002
13112,1311.2,6.723800000000001
13113,1311.3,6.725199999999999
13114,1311.4,6.726600000000002
13115,1311.5,6.728
13116,1311.6,6.729399999999998
13117,1311.7,6.730800000000001
13118,1311.8,6.7322
13119,1311.9,6.733599999999998
13120,1312.0,6.734999999999997
13121,1312.1,6.736399999999999
13122,1312.2,6.737799999999998
13123,1312.3,6.739199999999997
13124,1312.4,6.7406
13125,1312.5,6.741999999999998
13126,1312.6,6.743399999999997
13127,1312.7,6.7448
13128,1312.8,6.746199999999998
13129,1312.9,6.747599999999997
13130,1313.0,6.749
13131,1313.1,6.750399999999998
13132,1313.2,6.751799999999998
13133,1313.3,6.7532000000000005
13134,1313.4,6.754599999999999
13135,1313.5,6.755999999999998
13136,1313.6,6.7574000000000005
13137,1313.7,6.758799999999999
13138,1313.8,6.760199999999998
13139,1313.9,6.761600000000001
13140,1314.0,6.763
13141,1314.1,6.764399999999998
13142,1314.2,6.765800000000001
13143,1314.3,6.767200000000001
13144,1314.4,6.768599999999999
13145,1314.5,6.769999999999998
13146,1314.6,6.771400000000001
13147,1314.7,6.772799999999999
13148,1314.8,6.774199999999999
13149,1314.9,6.775600000000002
13150,1315.0,6.777
13151,1315.1,6.778199999999999
13152,1315.2,6.779400000000002
13153,1315.3,6.780600000000001
13154,1315.4,6.7818
13155,1315.5,6.783000000000001
13156,1315.6,6.7842
13157,1315.7,6.785399999999999
13158,1315.8,6.786600000000002
13159,1315.9,6.787800000000001
13160,1316.0,6.789
13161,1316.1,6.790200000000002
13162,1316.2,6.7914
13163,1316.3,6.792599999999999
13164,1316.4,6.793800000000001
13165,1316.5,6.795
13166,1316.6,6.796199999999999
13167,1316.7,6.7974000000000006
13168,1316.8,6.7985999999999995
13169,1316.9,6.799799999999998
13170,1317.0,6.800999999999997
13171,1317.1,6.802
13172,1317.2,6.802999999999998
13173,1317.3,6.803999999999998
13174,1317.4,6.805
13175,1317.5,6.805999999999998
13176,1317.6,6.806999999999998
13177,1317.7,6.808
13178,1317.8,6.808999999999999
13179,1317.9,6.809999999999998
13180,1318.0,6.811
13181,1318.1,6.811799999999999
13182,1318.2,6.812599999999999
13183,1318.3,6.813400000000001
13184,1318.4,6.8142
13185,1318.5,6.814999999999999
13186,1318.6,6.8158
13187,1318.7,6.816599999999999
13188,1318.8,6.817399999999999
13189,1318.9,6.818200000000001
13190,1319.0,6.819
13191,1319.1,6.819699999999999
13192,1319.2,6.820400000000001
13193,1319.3,6.8211
13194,1319.4,6.8218
13195,1319.5,6.822499999999999
13196,1319.6,6.8232
13197,1319.7,6.823899999999999
13198,1319.8,6.8245999999999984
13199,1319.9,6.8253
13200,1320.0,6.826
13201,1320.1,6.8264
13202,1320.2,6.8268
13203,1320.3,6.8271999999999995
13204,1320.4,6.8275999999999994
13205,1320.5,6.828
13206,1320.6,6.8284
13207,1320.7,6.8288
13208,1320.8,6.829200000000001
13209,1320.9,6.8296
13210,1321.0,6.83
13211,1321.1,6.8303
13212,1321.2,6.8306000000000004
13213,1321.3,6.8309
13214,1321.4,6.831200000000001
13215,1321.5,6.8315
13216,1321.6,6.831799999999999
13217,1321.7,6.8321000000000005
13218,1321.8,6.8324
13219,1321.9,6.8327
13220,1322.0,6.832999999999999
13221,1322.1,6.833
13222,1322.2,6.833
13223,1322.3,6.833
13224,1322.4,6.833
13225,1322.5,6.833
13226,1322.6,6.833
13227,1322.7,6.833
13228,1322.8,6.833
13229,1322.9,6.833
13230,1323.0,6.833
13231,1323.1,6.8329
13232,1323.2,6.832800000000001
13233,1323.3,6.8327
13234,1323.4,6.8326
13235,1323.5,6.8325000000000005
13236,1323.6,6.8324
13237,1323.7,6.8323
13238,1323.8,6.8322
13239,1323.9,6.8321
13240,1324.0,6.832
13241,1324.1,6.8317
13242,1324.2,6.8313999999999995
13243,1324.3,6.831099999999999
13244,1324.4,6.8308
13245,1324.5,6.8305
13246,1324.6,6.8302
13247,1324.7,6.8299
13248,1324.8,6.8296
13249,1324.9,6.8293
13250,1325.0,6.829
13251,1325.1,6.8285
13252,1325.2,6.827999999999999
13253,1325.3,6.8275
13254,1325.4,6.827
13255,1325.5,6.826499999999999
13256,1325.6,6.826
13257,1325.7,6.8255
13258,1325.8,6.824999999999999
13259,1325.9,6.8245
13260,1326.0,6.824
13261,1326.1,6.823399999999999
13262,1326.2,6.822799999999999
13263,1326.3,6.8222000000000005
13264,1326.4,6.821599999999999
13265,1326.5,6.821
13266,1326.6,6.8204
13267,1326.7,6.819799999999999
13268,1326.8,6.8192
13269,1326.9,6.818600000000001
13270,1327.0,6.818000000000001
13271,1327.1,6.817200000000001
13272,1327.2,6.816400000000001
13273,1327.3,6.815600000000002
13274,1327.4,6.8148
13275,1327.5,6.814000000000001
13276,1327.6,6.813200000000001
13277,1327.7,6.8124
13278,1327.8,6.8116
13279,1327.9,6.810800000000001
13280,1328.0,6.81
13281,1328.1,6.809200000000001
13282,1328.2,6.808400000000001
13283,1328.3,6.807599999999999
13284,1328.4,6.8068
13285,1328.5,6.806000000000001
13286,1328.6,6.805199999999999
13287,1328.7,6.8044
13288,1328.8,6.8036
13289,1328.9,6.802799999999999
13290,1329.0,6.802
13291,1329.1,6.801100000000001
13292,1329.2,6.8001999999999985
13293,1329.3,6.7993
13294,1329.4,6.7984
13295,1329.5,6.797500000000001
13296,1329.6,6.7966
13297,1329.7,6.7957
13298,1329.8,6.794800000000001
13299,1329.9,6.793899999999999
13300,1330.0,6.793
13301,1330.1,6.792000000000001
13302,1330.2,6.7909999999999995
13303,1330.3,6.79
13304,1330.4,6.789000000000001
13305,1330.5,6.7879999999999985
13306,1330.6,6.787
13307,1330.7,6.7860000000000005
13308,1330.8,6.784999999999998
13309,1330.9,6.784
13310,1331.0,6.783
13311,1331.1,6.781999999999998
13312,1331.2,6.781
13313,1331.3,6.780000000000001
13314,1331.4,6.778999999999999
13315,1331.5,6.7780000000000005
13316,1331.6,6.777000000000001
13317,1331.7,6.775999999999999
13318,1331.8,6.775
13319,1331.9,6.774000000000002
13320,1332.0,6.773000000000002
13321,1332.1,6.772100000000001
13322,1332.2,6.771200000000001
13323,1332.3,6.770300000000002
13324,1332.4,6.7694
13325,1332.5,6.768500000000001
13326,1332.6,6.7676000000000025
13327,1332.7,6.7667
13328,1332.8,6.765800000000001
13329,1332.9,6.764900000000002
13330,1333.0,6.764
13331,1333.1,6.763000000000001
13332,1333.2,6.762000000000002
13333,1333.3,6.761
13334,1333.4,6.760000000000001
13335,1333.5,6.759000000000001
13336,1333.6,6.757999999999999
13337,1333.7,6.757
13338,1333.8,6.756000000000001
13339,1333.9,6.754999999999999
13340,1334.0,6.754
13341,1334.1,6.753100000000001
13342,1334.2,6.752199999999998
13343,1334.3,6.7513
13344,1334.4,6.7504
13345,1334.5,6.749500000000001
13346,1334.6,6.7486
13347,1334.7,6.7477
13348,1334.8,6.746800000000001
13349,1334.9,6.745899999999999
13350,1335.0,6.745
13351,1335.1,6.744200000000001
13352,1335.2,6.743399999999999
13353,1335.3,6.7425999999999995
13354,1335.4,6.7418000000000005
13355,1335.5,6.740999999999999
13356,1335.6,6.7402
13357,1335.7,6.739400000000001
13358,1335.8,6.738599999999999
13359,1335.9,6.737799999999999
13360,1336.0,6.737
13361,1336.1,6.736199999999998
13362,1336.2,6.735399999999999
13363,1336.3,6.7346
13364,1336.4,6.7338
13365,1336.5,6.7330000000000005
13366,1336.6,6.732200000000001
13367,1336.7,6.7314
13368,1336.8,6.730600000000001
13369,1336.9,6.729800000000002
13370,1337.0,6.729000000000003
13371,1337.1,6.728400000000001
13372,1337.2,6.727800000000001
13373,1337.3,6.727200000000002
13374,1337.4,6.7266
13375,1337.5,6.726000000000001
13376,1337.6,6.725400000000001
13377,1337.7,6.7248
13378,1337.8,6.724200000000001
13379,1337.9,6.723600000000001
13380,1338.0,6.723
13381,1338.1,6.7224
13382,1338.2,6.721800000000001
13383,1338.3,6.7212
13384,1338.4,6.7206
13385,1338.5,6.720000000000001
13386,1338.6,6.719399999999999
13387,1338.7,6.7188
13388,1338.8,6.7182
13389,1338.9,6.717599999999999
13390,1339.0,6.717
13391,1339.1,6.7166
13392,1339.2,6.716199999999999
13393,1339.3,6.7158
13394,1339.4,6.7154
13395,1339.5,6.715000000000001
13396,1339.6,6.7146
13397,1339.7,6.7142
13398,1339.8,6.713800000000001
13399,1339.9,6.7134
13400,1340.0,6.713
13401,1340.1,6.7126
13402,1340.2,6.712199999999999
13403,1340.3,6.7118
13404,1340.4,6.7114
13405,1340.5,6.710999999999999
13406,1340.6,6.7105999999999995
13407,1340.7,6.7101999999999995
13408,1340.8,6.709799999999999
13409,1340.9,6.7094
13410,1341.0,6.709
13411,1341.1,6.708799999999999
13412,1341.2,6.7086
13413,1341.3,6.7084
13414,1341.4,6.7082
13415,1341.5,6.708
13416,1341.6,6.7078
13417,1341.7,6.707599999999999
13418,1341.8,6.7074
13419,1341.9,6.7072
13420,1342.0,6.707000000000001
13421,1342.1,6.7069
13422,1342.2,6.7068
13423,1342.3,6.7067000000000005
13424,1342.4,6.7066
13425,1342.5,6.7065
13426,1342.6,6.7064
13427,1342.7,6.706300000000001
13428,1342.8,6.706200000000001
13429,1342.9,6.7061
13430,1343.0,6.706
13431,1343.1,6.706
13432,1343.2,6.706
13433,1343.3,6.706
13434,1343.4,6.706
13435,1343.5,6.706
13436,1343.6,6.706
13437,1343.7,6.706
13438,1343.8,6.706
13439,1343.9,6.706
13440,1344.0,6.706
13441,1344.1,6.7061
13442,1344.2,6.706200000000001
13443,1344.3,6.706300000000001
13444,1344.4,6.7064
13445,1344.5,6.7065
13446,1344.6,6.7066
13447,1344.7,6.7067
13448,1344.8,6.706799999999999
13449,1344.9,6.7069
13450,1345.0,6.707
13451,1345.1,6.7073
13452,1345.2,6.7076
13453,1345.3,6.7078999999999995
13454,1345.4,6.7082
13455,1345.5,6.7085
13456,1345.6,6.7088
13457,1345.7,6.7091
13458,1345.8,6.7094000000000005
13459,1345.9,6.7097
13460,1346.0,6.71
13461,1346.1,6.7103
13462,1346.2,6.7106
13463,1346.3,6.7109
13464,1346.4,6.711200000000001
13465,1346.5,6.7115
13466,1346.6,6.711799999999999
13467,1346.7,6.7121
13468,1346.8,6.7124
13469,1346.9,6.7127
13470,1347.0,6.712999999999999
13471,1347.1,6.7134
13472,1347.2,6.713799999999999
13473,1347.3,6.714199999999999
13474,1347.4,6.7146
13475,1347.5,6.714999999999999
13476,1347.6,6.715399999999999
13477,1347.7,6.7158
13478,1347.8,6.716199999999999
13479,1347.9,6.716599999999999
13480,1348.0,6.717
13481,1348.1,6.717499999999999
13482,1348.2,6.717999999999999
13483,1348.3,6.7185
13484,1348.4,6.718999999999999
13485,1348.5,6.719499999999999
13486,1348.6,6.720000000000001
13487,1348.7,6.7205
13488,1348.8,6.721
13489,1348.9,6.721500000000001
13490,1349.0,6.722
13491,1349.1,6.7226
13492,1349.2,6.723200000000001
13493,1349.3,6.723800000000001
13494,1349.4,6.7244
13495,1349.5,6.725
13496,1349.6,6.7256
13497,1349.7,6.7261999999999995
13498,1349.8,6.726799999999999
13499,1349.9,6.7274
13500,1350.0,6.728
13501,1350.1,6.728599999999999
13502,1350.2,6.7292000000000005
13503,1350.3,6.7298
13504,1350.4,6.7303999999999995
13505,1350.5,6.731000000000001
13506,1350.6,6.7316
13507,1350.7,6.7322
13508,1350.8,6.732800000000001
13509,1350.9,6.7334000000000005
13510,1351.0,6.734
13511,1351.1,6.734700000000001
13512,1351.2,6.7354
13513,1351.3,6.7360999999999995
13514,1351.4,6.736800000000001
13515,1351.5,6.7375
13516,1351.6,6.738199999999999
13517,1351.7,6.7389
13518,1351.8,6.739599999999999
13519,1351.9,6.740299999999999
13520,1352.0,6.740999999999998
13521,1352.1,6.741699999999999
13522,1352.2,6.742399999999998
13523,1352.3,6.743099999999998
13524,1352.4,6.743799999999999
13525,1352.5,6.744499999999999
13526,1352.6,6.745199999999999
13527,1352.7,6.7459
13528,1352.8,6.746599999999999
13529,1352.9,6.747299999999999
13530,1353.0,6.748
13531,1353.1,6.748799999999999
13532,1353.2,6.749599999999999
13533,1353.3,6.750400000000001
13534,1353.4,6.7512
13535,1353.5,6.751999999999999
13536,1353.6,6.752800000000001
13537,1353.7,6.7536
13538,1353.8,6.7543999999999995
13539,1353.9,6.755200000000001
13540,1354.0,6.756
13541,1354.1,6.756799999999999
13542,1354.2,6.757600000000001
13543,1354.3,6.758400000000001
13544,1354.4,6.7592
13545,1354.5,6.759999999999999
13546,1354.6,6.760800000000001
13547,1354.7,6.7616
13548,1354.8,6.7623999999999995
13549,1354.9,6.763200000000001
13550,1355.0,6.764
13551,1355.1,6.764799999999999
13552,1355.2,6.765600000000001
13553,1355.3,6.766400000000001
13554,1355.4,6.7672
13555,1355.5,6.768000000000002
13556,1355.6,6.768800000000001
13557,1355.7,6.7696
13558,1355.8,6.770400000000001
13559,1355.9,6.771200000000001
13560,1356.0,6.772
13561,1356.1,6.772700000000001
13562,1356.2,6.7734000000000005
13563,1356.3,6.7741
13564,1356.4,6.774800000000001
13565,1356.5,6.7755
13566,1356.6,6.776199999999999
13567,1356.7,6.7769
13568,1356.8,6.7776
13569,1356.9,6.778299999999999
13570,1357.0,6.778999999999998
13571,1357.1,6.779799999999999
13572,1357.2,6.780599999999999
13573,1357.3,6.781399999999998
13574,1357.4,6.7822
13575,1357.5,6.782999999999999
13576,1357.6,6.7837999999999985
13577,1357.7,6.784599999999999
13578,1357.8,6.785399999999999
13579,1357.9,6.786199999999998
13580,1358.0,6.787
13581,1358.1,6.787699999999999
13582,1358.2,6.788399999999998
13583,1358.3,6.7891
13584,1358.4,6.7898
13585,1358.5,6.790499999999999
13586,1358.6,6.7912
13587,1358.7,6.791899999999999
13588,1358.8,6.792599999999999
13589,1358.9,6.7933
13590,1359.0,6.794
13591,1359.1,6.794599999999999
13592,1359.2,6.7952
13593,1359.3,6.7958
13594,1359.4,6.796399999999999
13595,1359.5,6.796999999999999
13596,1359.6,6.7976
13597,1359.7,6.7982
13598,1359.8,6.798799999999999
13599,1359.9,6.7994
13600,1360.0,6.8
13601,1360.1,6.800599999999999
13602,1360.2,6.801200000000001
13603,1360.3,6.8018
13604,1360.4,6.8024
13605,1360.5,6.803000000000001
13606,1360.6,6.8036
13607,1360.7,6.8042
13608,1360.8,6.804800000000001
13609,1360.9,6.805400000000001
13610,1361.0,6.806
13611,1361.1,6.806500000000001
13612,1361.2,6.807
13613,1361.3,6.8075
13614,1361.4,6.808000000000001
13615,1361.5,6.8084999999999996
13616,1361.6,6.808999999999999
13617,1361.7,6.8095
13618,1361.8,6.81
13619,1361.9,6.810499999999999
13620,1362.0,6.810999999999998
13621,1362.1,6.8114
13622,1362.2,6.811799999999999
13623,1362.3,6.812199999999999
13624,1362.4,6.8126
13625,1362.5,6.813
13626,1362.6,6.8134
13627,1362.7,6.8138000000000005
13628,1362.8,6.8142
13629,1362.9,6.8145999999999995
13630,1363.0,6.815
13631,1363.1,6.8152
13632,1363.2,6.8154
13633,1363.3,6.815600000000001
13634,1363.4,6.8158
13635,1363.5,6.816
13636,1363.6,6.8162
13637,1363.7,6.8164
13638,1363.8,6.8166
13639,1363.9,6.816800000000001
13640,1364.0,6.817
13641,1364.1,6.8171
13642,1364.2,6.817200000000001
13643,1364.3,6.8173
13644,1364.4,6.8174
13645,1364.5,6.8175
13646,1364.6,6.8176
13647,1364.7,6.817699999999999
13648,1364.8,6.817799999999999
13649,1364.9,6.8179
13650,1365.0,6.818
13651,1365.1,6.818
13652,1365.2,6.818
13653,1365.3,6.818
13654,1365.4,6.818
13655,1365.5,6.818
13656,1365.6,6.818
13657,1365.7,6.818
13658,1365.8,6.818
13659,1365.9,6.818
13660,1366.0,6.818
13661,1366.1,6.817799999999999
13662,1366.2,6.8176
13663,1366.3,6.8174
13664,1366.4,6.8172
13665,1366.5,6.817
13666,1366.6,6.8168
13667,1366.7,6.816599999999999
13668,1366.8,6.8164
13669,1366.9,6.8162
13670,1367.0,6.816
13671,1367.1,6.8157
13672,1367.2,6.8154
13673,1367.3,6.8151
13674,1367.4,6.8148
13675,1367.5,6.8145
13676,1367.6,6.8142000000000005
13677,1367.7,6.813899999999999
13678,1367.8,6.8136
13679,1367.9,6.8133
13680,1368.0,6.813
13681,1368.1,6.8125
13682,1368.2,6.812
13683,1368.3,6.8115
13684,1368.4,6.811
13685,1368.5,6.8105
13686,1368.6,6.81
13687,1368.7,6.8095
13688,1368.8,6.809
13689,1368.9,6.8084999999999996
13690,1369.0,6.808
13691,1369.1,6.8074
13692,1369.2,6.806799999999999
13693,1369.3,6.8062
13694,1369.4,6.8056
13695,1369.5,6.804999999999999
13696,1369.6,6.804399999999999
13697,1369.7,6.8038
13698,1369.8,6.8032
13699,1369.9,6.802599999999999
13700,1370.0,6.802
13701,1370.1,6.8013
13702,1370.2,6.800599999999999
13703,1370.3,6.799899999999999
13704,1370.4,6.7992
13705,1370.5,6.798499999999999
13706,1370.6,6.7978
13707,1370.7,6.7971
13708,1370.8,6.796399999999998
13709,1370.9,6.795699999999999
13710,1371.0,6.795
13711,1371.1,6.794199999999998
13712,1371.2,6.793399999999999
13713,1371.3,6.7926
13714,1371.4,6.791799999999999
13715,1371.5,6.791
13716,1371.6,6.7902000000000005
13717,1371.7,6.7894
13718,1371.8,6.788600000000001
13719,1371.9,6.787800000000002
13720,1372.0,6.787
13721,1372.1,6.7860000000000005
13722,1372.2,6.785000000000002
13723,1372.3,6.7840000000000025
13724,1372.4,6.783
13725,1372.5,6.782000000000002
13726,1372.6,6.781000000000002
13727,1372.7,6.78
13728,1372.8,6.779000000000001
13729,1372.9,6.778000000000002
13730,1373.0,6.777
13731,1373.1,6.776000000000001
13732,1373.2,6.775000000000002
13733,1373.3,6.774
13734,1373.4,6.773000000000001
13735,1373.5,6.772000000000002
13736,1373.6,6.771
13737,1373.7,6.7700000000000005
13738,1373.8,6.769000000000001
13739,1373.9,6.768
13740,1374.0,6.767
13741,1374.1,6.765900000000001
13742,1374.2,6.764799999999999
13743,1374.3,6.7637
13744,1374.4,6.762600000000001
13745,1374.5,6.761499999999999
13746,1374.6,6.7604
13747,1374.7,6.7593000000000005
13748,1374.8,6.758200000000001
13749,1374.9,6.757099999999999
13750,1375.0,6.756
13751,1375.1,6.754900000000001
13752,1375.2,6.753799999999999
13753,1375.3,6.7527
13754,1375.4,6.751600000000001
13755,1375.5,6.750499999999999
13756,1375.6,6.7494
13757,1375.7,6.7483
13758,1375.8,6.7471999999999985
13759,1375.9,6.746099999999999
13760,1376.0,6.745
13761,1376.1,6.743999999999998
13762,1376.2,6.742999999999999
13763,1376.3,6.742000000000001
13764,1376.4,6.740999999999999
13765,1376.5,6.74
13766,1376.6,6.739000000000002
13767,1376.7,6.7379999999999995
13768,1376.8,6.737000000000001
13769,1376.9,6.736000000000002
13770,1377.0,6.735
13771,1377.1,6.733900000000001
13772,1377.2,6.732800000000002
13773,1377.3,6.731700000000003
13774,1377.4,6.730600000000001
13775,1377.5,6.729500000000002
13776,1377.6,6.728400000000002
13777,1377.7,6.7273000000000005
13778,1377.8,6.726200000000001
13779,1377.9,6.725100000000002
13780,1378.0,6.724
13781,1378.1,6.723000000000001
13782,1378.2,6.722000000000002
13783,1378.3,6.721
13784,1378.4,6.720000000000001
13785,1378.5,6.719000000000002
13786,1378.6,6.718
13787,1378.7,6.7170000000000005
13788,1378.8,6.716000000000001
13789,1378.9,6.715
13790,1379.0,6.714
13791,1379.1,6.713100000000001
13792,1379.2,6.712199999999999
13793,1379.3,6.7113000000000005
13794,1379.4,6.710400000000001
13795,1379.5,6.709499999999999
13796,1379.6,6.7086
13797,1379.7,6.7077
13798,1379.8,6.706800000000001
13799,1379.9,6.7059
13800,1380.0,6.705
13801,1380.1,6.704300000000001
13802,1380.2,6.7036
13803,1380.3,6.7029
13804,1380.4,6.7022
13805,1380.5,6.701499999999999
13806,1380.6,6.7008
13807,1380.7,6.700100000000001
13808,1380.8,6.699399999999999
13809,1380.9,6.6987
13810,1381.0,6.698
13811,1381.1,6.697299999999999
13812,1381.2,6.6966
13813,1381.3,6.695900000000001
13814,1381.4,6.6952
13815,1381.5,6.6945
13816,1381.6,6.693800000000001
13817,1381.7,6.693099999999999
13818,1381.8,6.6924
13819,1381.9,6.691700000000001
13820,1382.0,6.691
13821,1382.1,6.6905
13822,1382.2,6.69
13823,1382.3,6.689500000000002
13824,1382.4,6.689
13825,1382.5,6.6885
13826,1382.6,6.688000000000001
13827,1382.7,6.6875
13828,1382.8,6.687
13829,1382.9,6.6865000000000006
13830,1383.0,6.686
13831,1383.1,6.685700000000001
13832,1383.2,6.6854000000000005
13833,1383.3,6.6851
13834,1383.4,6.6848
13835,1383.5,6.6845
13836,1383.6,6.6842
13837,1383.7,6.6838999999999995
13838,1383.8,6.6836
13839,1383.9,6.683299999999999
13840,1384.0,6.683
13841,1384.1,6.6829
13842,1384.2,6.682799999999999
13843,1384.3,6.6827
13844,1384.4,6.6826
13845,1384.5,6.6825
13846,1384.6,6.6824
13847,1384.7,6.682300000000001
13848,1384.8,6.682200000000001
13849,1384.9,6.6821
13850,1385.0,6.682
13851,1385.1,6.6821
13852,1385.2,6.682200000000001
13853,1385.3,6.682300000000001
13854,1385.4,6.6824
13855,1385.5,6.6825
13856,1385.6,6.6826
13857,1385.7,6.6827
13858,1385.8,6.6828
13859,1385.9,6.6829
13860,1386.0,6.683
13861,1386.1,6.6833
13862,1386.2,6.6836
13863,1386.3,6.6838999999999995
13864,1386.4,6.684200000000001
13865,1386.5,6.6845
13866,1386.6,6.684799999999999
13867,1386.7,6.6851
13868,1386.8,6.6854
13869,1386.9,6.6857
13870,1387.0,6.686
13871,1387.1,6.6865
13872,1387.2,6.686999999999999
13873,1387.3,6.687499999999998
13874,1387.4,6.688
13875,1387.5,6.6884999999999994
13876,1387.6,6.688999999999999
13877,1387.7,6.6895
13878,1387.8,6.6899999999999995
13879,1387.9,6.690499999999999
13880,1388.0,6.691
13881,1388.1,6.691699999999999
13882,1388.2,6.692399999999998
13883,1388.3,6.6931
13884,1388.4,6.6937999999999995
13885,1388.5,6.694499999999999
13886,1388.6,6.695200000000001
13887,1388.7,6.6959
13888,1388.8,6.696599999999999
13889,1388.9,6.697300000000001
13890,1389.0,6.698
13891,1389.1,6.698899999999999
13892,1389.2,6.6998000000000015
13893,1389.3,6.7007
13894,1389.4,6.7016
13895,1389.5,6.7025000000000015
13896,1389.6,6.7034
13897,1389.7,6.7043
13898,1389.8,6.705199999999999
13899,1389.9,6.706100000000001
13900,1390.0,6.707
13901,1390.1,6.707999999999999
13902,1390.2,6.7090000000000005
13903,1390.3,6.71
13904,1390.4,6.710999999999999
13905,1390.5,6.7120000000000015
13906,1390.6,6.713
13907,1390.7,6.7139999999999995
13908,1390.8,6.715000000000002
13909,1390.9,6.716
13910,1391.0,6.717
13911,1391.1,6.718200000000002
13912,1391.2,6.7194
13913,1391.3,6.720599999999999
13914,1391.4,6.721800000000001
13915,1391.5,6.723
13916,1391.6,6.724199999999999
13917,1391.7,6.7254000000000005
13918,1391.8,6.7265999999999995
13919,1391.9,6.7277999999999984
13920,1392.0,6.729
13921,1392.1,6.730199999999999
13922,1392.2,6.731399999999998
13923,1392.3,6.732599999999997
13924,1392.4,6.7338
13925,1392.5,6.7349999999999985
13926,1392.6,6.7361999999999975
13927,1392.7,6.737399999999999
13928,1392.8,6.738599999999998
13929,1392.9,6.739799999999997
13930,1393.0,6.741
13931,1393.1,6.742399999999998
13932,1393.2,6.743799999999998
13933,1393.3,6.7452000000000005
13934,1393.4,6.746599999999999
13935,1393.5,6.7479999999999976
13936,1393.6,6.7494000000000005
13937,1393.7,6.750799999999999
13938,1393.8,6.752199999999998
13939,1393.9,6.753600000000001
13940,1394.0,6.755
13941,1394.1,6.756299999999999
13942,1394.2,6.757600000000001
13943,1394.3,6.758900000000001
13944,1394.4,6.760199999999999
13945,1394.5,6.761500000000002
13946,1394.6,6.7628
13947,1394.7,6.764099999999999
13948,1394.8,6.765399999999999
13949,1394.9,6.766700000000001
13950,1395.0,6.768
13951,1395.1,6.769399999999998
13952,1395.2,6.770800000000001
13953,1395.3,6.772200000000001
13954,1395.4,6.773599999999999
13955,1395.5,6.775000000000002
13956,1395.6,6.776400000000001
13957,1395.7,6.777799999999999
13958,1395.8,6.779200000000002
13959,1395.9,6.7806000000000015
13960,1396.0,6.782
13961,1396.1,6.783300000000002
13962,1396.2,6.784600000000001
13963,1396.3,6.785899999999999
13964,1396.4,6.787200000000001
13965,1396.5,6.7885
13966,1396.6,6.789799999999999
13967,1396.7,6.791100000000001
13968,1396.8,6.792399999999999
13969,1396.9,6.793699999999998
13970,1397.0,6.795
13971,1397.1,6.796299999999999
13972,1397.2,6.797599999999997
13973,1397.3,6.798899999999996
13974,1397.4,6.800199999999999
13975,1397.5,6.801499999999998
13976,1397.6,6.802799999999997
13977,1397.7,6.804099999999999
13978,1397.8,6.805399999999999
13979,1397.9,6.8066999999999975
13980,1398.0,6.808
13981,1398.1,6.809099999999999
13982,1398.2,6.810199999999998
13983,1398.3,6.8113
13984,1398.4,6.812399999999999
13985,1398.5,6.813499999999999
13986,1398.6,6.8146
13987,1398.7,6.8157
13988,1398.8,6.816799999999999
13989,1398.9,6.817900000000001
13990,1399.0,6.819
13991,1399.1,6.819999999999999
13992,1399.2,6.821000000000001
13993,1399.3,6.822
13994,1399.4,6.8229999999999995
13995,1399.5,6.824000000000002
13996,1399.6,6.825
13997,1399.7,6.826
13998,1399.8,6.826999999999999
13999,1399.9,6.828
14000,1400.0,6.829
14001,1400.1,6.829799999999999
14002,1400.2,6.8306000000000004
14003,1400.3,6.8314
14004,1400.4,6.832199999999999
14005,1400.5,6.833000000000001
14006,1400.6,6.8338
14007,1400.7,6.834599999999999
14008,1400.8,6.835400000000001
14009,1400.9,6.836200000000001
14010,1401.0,6.837
14011,1401.1,6.837600000000001
14012,1401.2,6.8382000000000005
14013,1401.3,6.838799999999999
14014,1401.4,6.8394
14015,1401.5,6.84
14016,1401.6,6.840599999999999
14017,1401.7,6.841200000000001
14018,1401.8,6.841799999999999
14019,1401.9,6.842399999999999
14020,1402.0,6.843
14021,1402.1,6.8434
14022,1402.2,6.843799999999999
14023,1402.3,6.844199999999999
14024,1402.4,6.8446
14025,1402.5,6.845
14026,1402.6,6.8454
14027,1402.7,6.8458000000000006
14028,1402.8,6.8462
14029,1402.9,6.8466
14030,1403.0,6.847
14031,1403.1,6.8471
14032,1403.2,6.8472
14033,1403.3,6.847300000000001
14034,1403.4,6.8474
14035,1403.5,6.8475
14036,1403.6,6.8476
14037,1403.7,6.8477
14038,1403.8,6.847799999999999
14039,1403.9,6.8479
14040,1404.0,6.848
14041,1404.1,6.8479
14042,1404.2,6.847799999999999
14043,1404.3,6.8477
14044,1404.4,6.8476
14045,1404.5,6.8475
14046,1404.6,6.8474
14047,1404.7,6.847300000000001
14048,1404.8,6.847200000000001
14049,1404.9,6.8471
14050,1405.0,6.847
14051,1405.1,6.8466000000000005
14052,1405.2,6.8462
14053,1405.3,6.8458000000000006
14054,1405.4,6.845400000000001
14055,1405.5,6.845
14056,1405.6,6.8446
14057,1405.7,6.8442
14058,1405.8,6.843799999999999
14059,1405.9,6.8434
14060,1406.0,6.843
14061,1406.1,6.842399999999999
14062,1406.2,6.841799999999999
14063,1406.3,6.841200000000001
14064,1406.4,6.840599999999999
14065,1406.5,6.84
14066,1406.6,6.8394
14067,1406.7,6.838799999999999
14068,1406.8,6.8382000000000005
14069,1406.9,6.837600000000001
14070,1407.0,6.837
14071,1407.1,6.836200000000001
14072,1407.2,6.835400000000001
14073,1407.3,6.834600000000002
14074,1407.4,6.8338
14075,1407.5,6.833000000000001
14076,1407.6,6.832200000000001
14077,1407.7,6.8314
14078,1407.8,6.8306000000000004
14079,1407.9,6.829800000000001
14080,1408.0,6.829
14081,1408.1,6.828
14082,1408.2,6.827000000000002
14083,1408.3,6.826
14084,1408.4,6.825
14085,1408.5,6.824000000000002
14086,1408.6,6.8229999999999995
14087,1408.7,6.822
14088,1408.8,6.821000000000001
14089,1408.9,6.819999999999999
14090,1409.0,6.819
14091,1409.1,6.817800000000001
14092,1409.2,6.816599999999998
14093,1409.3,6.8153999999999995
14094,1409.4,6.8142000000000005
14095,1409.5,6.812999999999999
14096,1409.6,6.8118
14097,1409.7,6.810600000000001
14098,1409.8,6.809400000000002
14099,1409.9,6.808199999999999
14100,1410.0,6.807
14101,1410.1,6.805700000000002
14102,1410.2,6.8043999999999984
14103,1410.3,6.8031
14104,1410.4,6.801800000000001
14105,1410.5,6.800499999999998
14106,1410.6,6.799199999999999
14107,1410.7,6.7979
14108,1410.8,6.796599999999998
14109,1410.9,6.795299999999998
14110,1411.0,6.794
14111,1411.1,6.7925999999999975
14112,1411.2,6.791199999999999
14113,1411.3,6.7898000000000005
14114,1411.4,6.788399999999998
14115,1411.5,6.787
14116,1411.6,6.785600000000001
14117,1411.7,6.784199999999999
14118,1411.8,6.782800000000001
14119,1411.9,6.781400000000002
14120,1412.0,6.78
14121,1412.1,6.778600000000002
14122,1412.2,6.777200000000002
14123,1412.3,6.775800000000004
14124,1412.4,6.774400000000001
14125,1412.5,6.773000000000002
14126,1412.6,6.771600000000003
14127,1412.7,6.770200000000001
14128,1412.8,6.7688000000000015
14129,1412.9,6.767400000000003
14130,1413.0,6.766
14131,1413.1,6.764500000000002
14132,1413.2,6.763000000000003
14133,1413.3,6.7615
14134,1413.4,6.760000000000001
14135,1413.5,6.758500000000002
14136,1413.6,6.757
14137,1413.7,6.7555000000000005
14138,1413.8,6.754000000000002
14139,1413.9,6.752499999999999
14140,1414.0,6.751
14141,1414.1,6.749500000000001
14142,1414.2,6.747999999999998
14143,1414.3,6.7465
14144,1414.4,6.745000000000001
14145,1414.5,6.743499999999998
14146,1414.6,6.741999999999999
14147,1414.7,6.7405
14148,1414.8,6.739000000000002
14149,1414.9,6.737499999999999
14150,1415.0,6.736
14151,1415.1,6.734700000000001
14152,1415.2,6.733399999999999
14153,1415.3,6.732099999999999
14154,1415.4,6.7308
14155,1415.5,6.729499999999998
14156,1415.6,6.728199999999999
14157,1415.7,6.7269000000000005
14158,1415.8,6.725599999999997
14159,1415.9,6.724299999999999
14160,1416.0,6.723
14161,1416.1,6.721699999999998
14162,1416.2,6.720399999999999
14163,1416.3,6.719100000000001
14164,1416.4,6.717799999999999
14165,1416.5,6.7165
14166,1416.6,6.715200000000001
14167,1416.7,6.713899999999999
14168,1416.8,6.712600000000001
14169,1416.9,6.711300000000002
14170,1417.0,6.71
14171,1417.1,6.708800000000001
14172,1417.2,6.707600000000002
14173,1417.3,6.706400000000003
14174,1417.4,6.7052000000000005
14175,1417.5,6.7040000000000015
14176,1417.6,6.7028000000000025
14177,1417.7,6.701600000000001
14178,1417.8,6.700400000000002
14179,1417.9,6.699200000000003
14180,1418.0,6.698
14181,1418.1,6.696900000000001
14182,1418.2,6.695800000000002
14183,1418.3,6.6947
14184,1418.4,6.693600000000001
14185,1418.5,6.692500000000002
14186,1418.6,6.6914
14187,1418.7,6.690300000000001
14188,1418.8,6.689200000000001
14189,1418.9,6.6880999999999995
14190,1419.0,6.687
14191,1419.1,6.686200000000001
14192,1419.2,6.6854
14193,1419.3,6.6846
14194,1419.4,6.683800000000001
14195,1419.5,6.682999999999999
14196,1419.6,6.6822
14197,1419.7,6.681400000000001
14198,1419.8,6.680600000000001
14199,1419.9,6.679799999999999
14200,1420.0,6.679
14201,1420.1,6.678300000000001
14202,1420.2,6.677599999999999
14203,1420.3,6.6769
14204,1420.4,6.676200000000001
14205,1420.5,6.675499999999999
14206,1420.6,6.674799999999999
14207,1420.7,6.6741
14208,1420.8,6.673399999999998
14209,1420.9,6.672699999999999
14210,1421.0,6.672
14211,1421.1,6.671599999999999
14212,1421.2,6.6712
14213,1421.3,6.6708
14214,1421.4,6.670399999999999
14215,1421.5,6.67
14216,1421.6,6.669600000000001
14217,1421.7,6.6692
14218,1421.8,6.6688
14219,1421.9,6.668400000000001
14220,1422.0,6.668
14221,1422.1,6.6677
14222,1422.2,6.667400000000001
14223,1422.3,6.6671000000000005
14224,1422.4,6.6668
14225,1422.5,6.6665
14226,1422.6,6.666200000000001
14227,1422.7,6.665900000000001
14228,1422.8,6.6656
14229,1422.9,6.6653
14230,1423.0,6.665
14231,1423.1,6.665
14232,1423.2,6.665
14233,1423.3,6.665
14234,1423.4,6.665
14235,1423.5,6.665
14236,1423.6,6.665
14237,1423.7,6.665
14238,1423.8,6.665
14239,1423.9,6.665
14240,1424.0,6.665
14241,1424.1,6.6651
14242,1424.2,6.6652000000000005
14243,1424.3,6.6653
14244,1424.4,6.6654
14245,1424.5,6.665500000000001
14246,1424.6,6.6656
14247,1424.7,6.6657
14248,1424.8,6.6658
14249,1424.9,6.665900000000001
14250,1425.0,6.666
14251,1425.1,6.6664
14252,1425.2,6.666800000000001
14253,1425.3,6.6672
14254,1425.4,6.6676
14255,1425.5,6.668000000000001
14256,1425.6,6.6684
14257,1425.7,6.6688
14258,1425.8,6.669200000000001
14259,1425.9,6.6696
14260,1426.0,6.67
14261,1426.1,6.6705000000000005
14262,1426.2,6.671
14263,1426.3,6.6715
14264,1426.4,6.672000000000001
14265,1426.5,6.672499999999999
14266,1426.6,6.672999999999999
14267,1426.7,6.6735
14268,1426.8,6.6739999999999995
14269,1426.9,6.674499999999999
14270,1427.0,6.675
14271,1427.1,6.675699999999999
14272,1427.2,6.676399999999998
14273,1427.3,6.6770999999999985
14274,1427.4,6.6777999999999995
14275,1427.5,6.678499999999999
14276,1427.6,6.679199999999999
14277,1427.7,6.6799
14278,1427.8,6.680599999999999
14279,1427.9,6.681299999999999
14280,1428.0,6.682
14281,1428.1,6.682899999999999
14282,1428.2,6.683799999999999
14283,1428.3,6.6847
14284,1428.4,6.6856
14285,1428.5,6.686499999999999
14286,1428.6,6.6874
14287,1428.7,6.6883
14288,1428.8,6.689199999999999
14289,1428.9,6.690100000000001
14290,1429.0,6.691
14291,1429.1,6.691999999999999
14292,1429.2,6.6930000000000005
14293,1429.3,6.694
14294,1429.4,6.694999999999999
14295,1429.5,6.6960000000000015
14296,1429.6,6.697
14297,1429.7,6.6979999999999995
14298,1429.8,6.698999999999999
14299,1429.9,6.7
14300,1430.0,6.701
14301,1430.1,6.702099999999999
14302,1430.2,6.703200000000001
14303,1430.3,6.7043
14304,1430.4,6.705399999999999
14305,1430.5,6.706500000000001
14306,1430.6,6.7076
14307,1430.7,6.708699999999999
14308,1430.8,6.709800000000001
14309,1430.9,6.7109000000000005
14310,1431.0,6.712
14311,1431.1,6.713200000000002
14312,1431.2,6.7144
14313,1431.3,6.715599999999999
14314,1431.4,6.716800000000001
14315,1431.5,6.718
14316,1431.6,6.719199999999999
14317,1431.7,6.720400000000001
14318,1431.8,6.7216
14319,1431.9,6.722799999999998
14320,1432.0,6.724
14321,1432.1,6.725299999999999
14322,1432.2,6.726599999999998
14323,1432.3,6.727899999999996
14324,1432.4,6.7292
14325,1432.5,6.730499999999998
14326,1432.6,6.731799999999997
14327,1432.7,6.733099999999999
14328,1432.8,6.734399999999999
14329,1432.9,6.735699999999998
14330,1433.0,6.737
14331,1433.1,6.738199999999999
14332,1433.2,6.739399999999998
14333,1433.3,6.740600000000001
14334,1433.4,6.7418
14335,1433.5,6.7429999999999986
14336,1433.6,6.7442
14337,1433.7,6.745399999999999
14338,1433.8,6.746599999999998
14339,1433.9,6.747800000000001
14340,1434.0,6.749
14341,1434.1,6.750299999999998
14342,1434.2,6.751600000000001
14343,1434.3,6.7529
14344,1434.4,6.754199999999999
14345,1434.5,6.755500000000001
14346,1434.6,6.7568
14347,1434.7,6.758099999999999
14348,1434.8,6.7593999999999985
14349,1434.9,6.760700000000001
14350,1435.0,6.762
14351,1435.1,6.7631999999999985
14352,1435.2,6.764400000000001
14353,1435.3,6.7656
14354,1435.4,6.766799999999999
14355,1435.5,6.768000000000002
14356,1435.6,6.7692000000000005
14357,1435.7,6.7703999999999995
14358,1435.8,6.771600000000002
14359,1435.9,6.772800000000001
14360,1436.0,6.774
14361,1436.1,6.775200000000002
14362,1436.2,6.776400000000001
14363,1436.3,6.7776
14364,1436.4,6.778800000000001
14365,1436.5,6.779999999999999
14366,1436.6,6.781199999999998
14367,1436.7,6.7824
14368,1436.8,6.783599999999999
14369,1436.9,6.784799999999998
14370,1437.0,6.786
14371,1437.1,6.787099999999999
14372,1437.2,6.788199999999998
14373,1437.3,6.789299999999997
14374,1437.4,6.790399999999999
14375,1437.5,6.791499999999998
14376,1437.6,6.7925999999999975
14377,1437.7,6.793699999999999
14378,1437.8,6.794799999999999
14379,1437.9,6.795899999999998
14380,1438.0,6.797
14381,1438.1,6.797999999999999
14382,1438.2,6.798999999999998
14383,1438.3,6.8
14384,1438.4,6.800999999999999
14385,1438.5,6.801999999999999
14386,1438.6,6.803000000000001
14387,1438.7,6.804
14388,1438.8,6.804999999999999
14389,1438.9,6.806000000000001
14390,1439.0,6.807
14391,1439.1,6.807899999999999
14392,1439.2,6.8088000000000015
14393,1439.3,6.8097
14394,1439.4,6.8106
14395,1439.5,6.811500000000001
14396,1439.6,6.8124
14397,1439.7,6.8133
14398,1439.8,6.814199999999999
14399,1439.9,6.815100000000001
14400,1440.0,6.816
14401,1440.1,6.816799999999999
14402,1440.2,6.8176000000000005
14403,1440.3,6.8184000000000005
14404,1440.4,6.8191999999999995
14405,1440.5,6.820000000000001
14406,1440.6,6.8208
14407,1440.7,6.821599999999999
14408,1440.8,6.822400000000001
14409,1440.9,6.823200000000001
14410,1441.0,6.824
14411,1441.1,6.824700000000001
14412,1441.2,6.8254
14413,1441.3,6.826099999999999
14414,1441.4,6.8268
14415,1441.5,6.827500000000001
14416,1441.6,6.828199999999999
14417,1441.7,6.828900000000001
14418,1441.8,6.8296
14419,1441.9,6.830299999999999
14420,1442.0,6.831
14421,1442.1,6.8315
14422,1442.2,6.832
14423,1442.3,6.832499999999999
14424,1442.4,6.833
14425,1442.5,6.8335
14426,1442.6,6.834
14427,1442.7,6.8345
14428,1442.8,6.835
14429,1442.9,6.8355
14430,1443.0,6.836
14431,1443.1,6.8363
14432,1443.2,6.8366
14433,1443.3,6.8369
14434,1443.4,6.8372
14435,1443.5,6.8375
14436,1443.6,6.8378000000000005
14437,1443.7,6.838100000000001
14438,1443.8,6.8384
14439,1443.9,6.838700000000001
14440,1444.0,6.839
14441,1444.1,6.8392
14442,1444.2,6.8394
14443,1444.3,6.839600000000001
14444,1444.4,6.8398
14445,1444.5,6.840000000000001
14446,1444.6,6.8402
14447,1444.7,6.8404
14448,1444.8,6.8406
14449,1444.9,6.840800000000001
14450,1445.0,6.841
14451,1445.1,6.841
14452,1445.2,6.841
14453,1445.3,6.841
14454,1445.4,6.841
14455,1445.5,6.841
14456,1445.6,6.841
14457,1445.7,6.841
14458,1445.8,6.841
14459,1445.9,6.841
14460,1446.0,6.841
14461,1446.1,6.8408999999999995
14462,1446.2,6.8408
14463,1446.3,6.8407
14464,1446.4,6.8406
14465,1446.5,6.8405000000000005
14466,1446.6,6.8404
14467,1446.7,6.8403
14468,1446.8,6.8402
14469,1446.9,6.8401
14470,1447.0,6.84
14471,1447.1,6.839700000000001
14472,1447.2,6.8394
14473,1447.3,6.8391
14474,1447.4,6.8388
14475,1447.5,6.8385
14476,1447.6,6.8382000000000005
14477,1447.7,6.837899999999999
14478,1447.8,6.8376
14479,1447.9,6.8373
14480,1448.0,6.837
14481,1448.1,6.8366
14482,1448.2,6.836200000000001
14483,1448.3,6.8358
14484,1448.4,6.8354
14485,1448.5,6.835000000000001
14486,1448.6,6.8346
14487,1448.7,6.8342
14488,1448.8,6.8338
14489,1448.9,6.8334
14490,1449.0,6.833
14491,1449.1,6.8325000000000005
14492,1449.2,6.832
14493,1449.3,6.8315
14494,1449.4,6.831
14495,1449.5,6.8305
14496,1449.6,6.83
14497,1449.7,6.8295
14498,1449.8,6.829000000000001
14499,1449.9,6.8285
14500,1450.0,6.828
14501,1450.1,6.827400000000001
14502,1450.2,6.8267999999999995
14503,1450.3,6.8262
14504,1450.4,6.8256000000000006
14505,1450.5,6.824999999999999
14506,1450.6,6.8244
14507,1450.7,6.8238
14508,1450.8,6.823199999999999
14509,1450.9,6.8225999999999996
14510,1451.0,6.822
14511,1451.1,6.821199999999998
14512,1451.2,6.820399999999999
14513,1451.3,6.8196
14514,1451.4,6.8187999999999995
14515,1451.5,6.8180000000000005
14516,1451.6,6.817200000000001
14517,1451.7,6.8164
14518,1451.8,6.815600000000001
14519,1451.9,6.814800000000002
14520,1452.0,6.814
14521,1452.1,6.813200000000001
14522,1452.2,6.812400000000001
14523,1452.3,6.811600000000002
14524,1452.4,6.8108
14525,1452.5,6.810000000000001
14526,1452.6,6.8092000000000015
14527,1452.7,6.808400000000001
14528,1452.8,6.807600000000001
14529,1452.9,6.806800000000002
14530,1453.0,6.806
14531,1453.1,6.805000000000001
14532,1453.2,6.804000000000002
14533,1453.3,6.803
14534,1453.4,6.8020000000000005
14535,1453.5,6.801000000000002
14536,1453.6,6.8
14537,1453.7,6.799
14538,1453.8,6.798000000000001
14539,1453.9,6.797
14540,1454.0,6.796
14541,1454.1,6.795100000000001
14542,1454.2,6.794199999999999
14543,1454.3,6.7933
14544,1454.4,6.792400000000001
14545,1454.5,6.791499999999999
14546,1454.6,6.7905999999999995
14547,1454.7,6.7897
14548,1454.8,6.788800000000001
14549,1454.9,6.7879
14550,1455.0,6.787
14551,1455.1,6.785900000000001
14552,1455.2,6.784799999999999
14553,1455.3,6.7837
14554,1455.4,6.7826
14555,1455.5,6.7814999999999985
14556,1455.6,6.780399999999999
14557,1455.7,6.7793
14558,1455.8,6.778199999999998
14559,1455.9,6.777099999999999
14560,1456.0,6.776
14561,1456.1,6.774999999999998
14562,1456.2,6.773999999999999
14563,1456.3,6.773000000000001
14564,1456.4,6.7719999999999985
14565,1456.5,6.771
14566,1456.6,6.770000000000001
14567,1456.7,6.768999999999999
14568,1456.8,6.768000000000001
14569,1456.9,6.767000000000002
14570,1457.0,6.766
14571,1457.1,6.764900000000001
14572,1457.2,6.763800000000002
14573,1457.3,6.762700000000002
14574,1457.4,6.7616000000000005
14575,1457.5,6.760500000000001
14576,1457.6,6.759400000000002
14577,1457.7,6.7583
14578,1457.8,6.757200000000001
14579,1457.9,6.756100000000002
14580,1458.0,6.755
14581,1458.1,6.753900000000001
14582,1458.2,6.7528000000000015
14583,1458.3,6.7517
14584,1458.4,6.7506
14585,1458.5,6.749500000000001
14586,1458.6,6.748399999999999
14587,1458.7,6.7473
14588,1458.8,6.746200000000001
14589,1458.9,6.745099999999999
14590,1459.0,6.744
14591,1459.1,6.743
14592,1459.2,6.741999999999999
14593,1459.3,6.741
14594,1459.4,6.74
14595,1459.5,6.738999999999998
14596,1459.6,6.7379999999999995
14597,1459.7,6.737
14598,1459.8,6.736000000000001
14599,1459.9,6.734999999999999
14600,1460.0,6.734
14601,1460.1,6.7330000000000005
14602,1460.2,6.731999999999999
14603,1460.3,6.731
14604,1460.4,6.73
14605,1460.5,6.728999999999998
14606,1460.6,6.728
14607,1460.7,6.727
14608,1460.8,6.725999999999998
14609,1460.9,6.725
14610,1461.0,6.724
14611,1461.1,6.723099999999999
14612,1461.2,6.7222
14613,1461.3,6.7213
14614,1461.4,6.720399999999999
14615,1461.5,6.7195
14616,1461.6,6.718600000000001
14617,1461.7,6.7177
14618,1461.8,6.7168
14619,1461.9,6.715900000000001
14620,1462.0,6.715
14621,1462.1,6.714100000000001
14622,1462.2,6.713200000000001
14623,1462.3,6.712300000000003
14624,1462.4,6.7114
14625,1462.5,6.7105000000000015
14626,1462.6,6.709600000000003
14627,1462.7,6.7087
14628,1462.8,6.7078000000000015
14629,1462.9,6.706900000000002
14630,1463.0,6.706
14631,1463.1,6.705300000000001
14632,1463.2,6.704600000000002
14633,1463.3,6.7039
14634,1463.4,6.703200000000001
14635,1463.5,6.7025000000000015
14636,1463.6,6.7017999999999995
14637,1463.7,6.7011
14638,1463.8,6.700400000000001
14639,1463.9,6.699699999999999
14640,1464.0,6.699
14641,1464.1,6.6984
14642,1464.2,6.697799999999999
14643,1464.3,6.6972
14644,1464.4,6.6966
14645,1464.5,6.695999999999999
14646,1464.6,6.695399999999999
14647,1464.7,6.6948
14648,1464.8,6.6942
14649,1464.9,6.693599999999999
14650,1465.0,6.693
14651,1465.1,6.6925
14652,1465.2,6.691999999999999
14653,1465.3,6.6915
14654,1465.4,6.691
14655,1465.5,6.690499999999999
14656,1465.6,6.6899999999999995
14657,1465.7,6.6895
14658,1465.8,6.688999999999999
14659,1465.9,6.6884999999999994
14660,1466.0,6.688
14661,1466.1,6.687599999999999
14662,1466.2,6.6872
14663,1466.3,6.6868
14664,1466.4,6.686399999999999
14665,1466.5,6.686
14666,1466.6,6.685600000000001
14667,1466.7,6.6852
14668,1466.8,6.6848
14669,1466.9,6.684400000000001
14670,1467.0,6.684
14671,1467.1,6.683800000000001
14672,1467.2,6.6836
14673,1467.3,6.683400000000001
14674,1467.4,6.6832
14675,1467.5,6.683000000000001
14676,1467.6,6.6828
14677,1467.7,6.682600000000001
14678,1467.8,6.6824
14679,1467.9,6.682200000000001
14680,1468.0,6.682
14681,1468.1,6.682
14682,1468.2,6.682
14683,1468.3,6.682
14684,1468.4,6.682
14685,1468.5,6.682
14686,1468.6,6.682
14687,1468.7,6.682
14688,1468.8,6.682
14689,1468.9,6.682
14690,1469.0,6.682
14691,1469.1,6.6821
14692,1469.2,6.682200000000001
14693,1469.3,6.682300000000001
14694,1469.4,6.6824
14695,1469.5,6.6825
14696,1469.6,6.6826
14697,1469.7,6.6827
14698,1469.8,6.682799999999999
14699,1469.9,6.6829
14700,1470.0,6.683
14701,1470.1,6.683299999999999
14702,1470.2,6.6836
14703,1470.3,6.6838999999999995
14704,1470.4,6.6842
14705,1470.5,6.6845
14706,1470.6,6.6848
14707,1470.7,6.6851
14708,1470.8,6.6854000000000005
14709,1470.9,6.685700000000001
14710,1471.0,6.686
14711,1471.1,6.6865000000000006
14712,1471.2,6.687
14713,1471.3,6.6875
14714,1471.4,6.688000000000001
14715,1471.5,6.6884999999999994
14716,1471.6,6.688999999999999
14717,1471.7,6.6895
14718,1471.8,6.6899999999999995
14719,1471.9,6.690499999999999
14720,1472.0,6.691
14721,1472.1,6.691599999999999
14722,1472.2,6.692199999999999
14723,1472.3,6.692799999999998
14724,1472.4,6.6934
14725,1472.5,6.693999999999999
14726,1472.6,6.6945999999999986
14727,1472.7,6.6952
14728,1472.8,6.695799999999999
14729,1472.9,6.696399999999999
14730,1473.0,6.697
14731,1473.1,6.697799999999999
14732,1473.2,6.698599999999999
14733,1473.3,6.699400000000001
14734,1473.4,6.7002
14735,1473.5,6.700999999999999
14736,1473.6,6.7018
14737,1473.7,6.7025999999999994
14738,1473.8,6.703399999999999
14739,1473.9,6.704200000000001
14740,1474.0,6.705
14741,1474.1,6.7059
14742,1474.2,6.706800000000001
14743,1474.3,6.7077
14744,1474.4,6.7086
14745,1474.5,6.709500000000001
14746,1474.6,6.710400000000001
14747,1474.7,6.7113000000000005
14748,1474.8,6.712199999999999
14749,1474.9,6.713100000000001
14750,1475.0,6.714
14751,1475.1,6.715
14752,1475.2,6.716000000000001
14753,1475.3,6.7170000000000005
14754,1475.4,6.718
14755,1475.5,6.719000000000002
14756,1475.6,6.720000000000001
14757,1475.7,6.721
14758,1475.8,6.722000000000002
14759,1475.9,6.723000000000001
14760,1476.0,6.724
14761,1476.1,6.725100000000002
14762,1476.2,6.726200000000001
14763,1476.3,6.7273
14764,1476.4,6.7284000000000015
14765,1476.5,6.7295
14766,1476.6,6.730599999999999
14767,1476.7,6.731700000000001
14768,1476.8,6.732799999999999
14769,1476.9,6.733899999999998
14770,1477.0,6.735
14771,1477.1,6.736199999999999
14772,1477.2,6.737399999999998
14773,1477.3,6.738599999999997
14774,1477.4,6.7398
14775,1477.5,6.740999999999999
14776,1477.6,6.742199999999998
14777,1477.7,6.743399999999999
14778,1477.8,6.744599999999998
14779,1477.9,6.745799999999997
14780,1478.0,6.747
14781,1478.1,6.748199999999999
14782,1478.2,6.749399999999998
14783,1478.3,6.7506
14784,1478.4,6.751799999999999
14785,1478.5,6.752999999999998
14786,1478.6,6.754200000000001
14787,1478.7,6.7554
14788,1478.8,6.756599999999999
14789,1478.9,6.757800000000001
14790,1479.0,6.759
14791,1479.1,6.760299999999999
14792,1479.2,6.761600000000001
14793,1479.3,6.762900000000001
14794,1479.4,6.7642
14795,1479.5,6.765500000000002
14796,1479.6,6.766800000000001
14797,1479.7,6.7681
14798,1479.8,6.769399999999999
14799,1479.9,6.7707000000000015
14800,1480.0,6.772
14801,1480.1,6.773199999999999
14802,1480.2,6.774400000000002
14803,1480.3,6.775600000000001
14804,1480.4,6.7768
14805,1480.5,6.778000000000001
14806,1480.6,6.7792
14807,1480.7,6.780399999999999
14808,1480.8,6.781600000000002
14809,1480.9,6.782800000000001
14810,1481.0,6.784
14811,1481.1,6.785200000000002
14812,1481.2,6.7864
14813,1481.3,6.787599999999999
14814,1481.4,6.788800000000001
14815,1481.5,6.79
14816,1481.6,6.791199999999999
14817,1481.7,6.792400000000001
14818,1481.8,6.7936
14819,1481.9,6.794799999999999
14820,1482.0,6.796
14821,1482.1,6.7970999999999995
14822,1482.2,6.798199999999999
14823,1482.3,6.799299999999998
14824,1482.4,6.8004
14825,1482.5,6.801499999999999
14826,1482.6,6.802599999999998
14827,1482.7,6.8037
14828,1482.8,6.804799999999999
14829,1482.9,6.8058999999999985
14830,1483.0,6.807
14831,1483.1,6.807899999999999
14832,1483.2,6.808799999999999
14833,1483.3,6.8097
14834,1483.4,6.8106
14835,1483.5,6.811499999999999
14836,1483.6,6.8124
14837,1483.7,6.8133
14838,1483.8,6.814199999999999
14839,1483.9,6.815100000000001
14840,1484.0,6.816
14841,1484.1,6.8168999999999995
14842,1484.2,6.817800000000001
14843,1484.3,6.8187
14844,1484.4,6.819599999999999
14845,1484.5,6.820500000000001
14846,1484.6,6.821400000000001
14847,1484.7,6.8223
14848,1484.8,6.823199999999999
14849,1484.9,6.8241000000000005
14850,1485.0,6.825
14851,1485.1,6.825699999999999
14852,1485.2,6.826400000000001
14853,1485.3,6.827100000000001
14854,1485.4,6.8278
14855,1485.5,6.828500000000001
14856,1485.6,6.8292
14857,1485.7,6.829899999999999
14858,1485.8,6.830600000000001
14859,1485.9,6.831300000000001
14860,1486.0,6.832
14861,1486.1,6.8325000000000005
14862,1486.2,6.833
14863,1486.3,6.8335
14864,1486.4,6.8340000000000005
14865,1486.5,6.8345
14866,1486.6,6.834999999999999
14867,1486.7,6.8355
14868,1486.8,6.835999999999999
14869,1486.9,6.836499999999999
14870,1487.0,6.837
14871,1487.1,6.8373
14872,1487.2,6.837599999999999
14873,1487.3,6.837899999999999
14874,1487.4,6.8382
14875,1487.5,6.8385
14876,1487.6,6.838799999999999
14877,1487.7,6.8391
14878,1487.8,6.8393999999999995
14879,1487.9,6.8397
14880,1488.0,6.84
14881,1488.1,6.8401
14882,1488.2,6.840199999999999
14883,1488.3,6.8403
14884,1488.4,6.8404
14885,1488.5,6.8405
14886,1488.6,6.8406
14887,1488.7,6.8407
14888,1488.8,6.8408
14889,1488.9,6.8409
14890,1489.0,6.841
14891,1489.1,6.840800000000001
14892,1489.2,6.8406
14893,1489.3,6.8404
14894,1489.4,6.8402
14895,1489.5,6.84
14896,1489.6,6.8398
14897,1489.7,6.839600000000001
14898,1489.8,6.8394
14899,1489.9,6.8392
14900,1490.0,6.839
14901,1490.1,6.838700000000001
14902,1490.2,6.8384
14903,1490.3,6.838100000000001
14904,1490.4,6.8378000000000005
14905,1490.5,6.8375
14906,1490.6,6.8372
14907,1490.7,6.8369
14908,1490.8,6.8366
14909,1490.9,6.8363
14910,1491.0,6.836
14911,1491.1,6.8355
14912,1491.2,6.835
14913,1491.3,6.8345
14914,1491.4,6.834
14915,1491.5,6.833500000000001
14916,1491.6,6.833000000000001
14917,1491.7,6.8325000000000005
14918,1491.8,6.832000000000001
14919,1491.9,6.831500000000001
14920,1492.0,6.831
14921,1492.1,6.830200000000001
14922,1492.2,6.8294000000000015
14923,1492.3,6.8286000000000024
14924,1492.4,6.827800000000001
14925,1492.5,6.827000000000002
14926,1492.6,6.826200000000002
14927,1492.7,6.825400000000001
14928,1492.8,6.824600000000001
14929,1492.9,6.823800000000002
14930,1493.0,6.823
14931,1493.1,6.822100000000001
14932,1493.2,6.821200000000002
14933,1493.3,6.8203
14934,1493.4,6.819400000000001
14935,1493.5,6.818500000000001
14936,1493.6,6.8176
14937,1493.7,6.8167
14938,1493.8,6.815800000000001
14939,1493.9,6.8149
14940,1494.0,6.814
14941,1494.1,6.813000000000001
14942,1494.2,6.811999999999999
14943,1494.3,6.811
14944,1494.4,6.8100000000000005
14945,1494.5,6.808999999999998
14946,1494.6,6.808
14947,1494.7,6.807
14948,1494.8,6.806000000000001
14949,1494.9,6.805
14950,1495.0,6.804
14951,1495.1,6.802900000000001
14952,1495.2,6.801799999999999
14953,1495.3,6.8007
14954,1495.4,6.799600000000001
14955,1495.5,6.798499999999999
14956,1495.6,6.7974
14957,1495.7,6.7963000000000005
14958,1495.8,6.795199999999999
14959,1495.9,6.794099999999999
14960,1496.0,6.793
14961,1496.1,6.791699999999998
14962,1496.2,6.790399999999999
14963,1496.3,6.789100000000001
14964,1496.4,6.787799999999999
14965,1496.5,6.7865
14966,1496.6,6.7852000000000015
14967,1496.7,6.783899999999999
14968,1496.8,6.782600000000001
14969,1496.9,6.7813000000000025
14970,1497.0,6.78
14971,1497.1,6.778800000000001
14972,1497.2,6.777600000000002
14973,1497.3,6.776400000000003
14974,1497.4,6.775200000000001
14975,1497.5,6.774000000000002
14976,1497.6,6.772800000000003
14977,1497.7,6.7716
14978,1497.8,6.770400000000001
14979,1497.9,6.769200000000002
14980,1498.0,6.768
14981,1498.1,6.766700000000001
14982,1498.2,6.765400000000002
14983,1498.3,6.764099999999999
14984,1498.4,6.7628
14985,1498.5,6.761500000000002
14986,1498.6,6.760199999999999
14987,1498.7,6.758900000000001
14988,1498.8,6.757600000000001
14989,1498.9,6.756299999999999
14990,1499.0,6.755
14991,1499.1,6.753700000000001
14992,1499.2,6.752399999999999
14993,1499.3,6.751099999999999
14994,1499.4,6.7498000000000005
14995,1499.5,6.748499999999998
14996,1499.6,6.747199999999999
14997,1499.7,6.745900000000001
14998,1499.8,6.744600000000001
14999,1499.9,6.743299999999999
15000,1500.0,6.742
15001,1500.1,6.740800000000001
15002,1500.2,6.7395999999999985
15003,1500.3,6.7383999999999995
15004,1500.4,6.7372000000000005
15005,1500.5,6.735999999999999
15006,1500.6,6.7348
15007,1500.7,6.733600000000001
15008,1500.8,6.732399999999998
15009,1500.9,6.731199999999999
15010,1501.0,6.73
15011,1501.1,6.7288999999999985
15012,1501.2,6.7278
15013,1501.3,6.726700000000001
15014,1501.4,6.725599999999999
15015,1501.5,6.724500000000001
15016,1501.6,6.723400000000002
15017,1501.7,6.7223
15018,1501.8,6.721200000000001
15019,1501.9,6.720100000000002
15020,1502.0,6.719
15021,1502.1,6.718000000000001
15022,1502.2,6.717000000000002
15023,1502.3,6.716000000000003
15024,1502.4,6.715000000000001
15025,1502.5,6.714000000000001
15026,1502.6,6.713000000000002
15027,1502.7,6.712
15028,1502.8,6.711000000000001
15029,1502.9,6.710000000000002
15030,1503.0,6.709
15031,1503.1,6.708100000000001
15032,1503.2,6.707200000000001
15033,1503.3,6.7063
15034,1503.4,6.7054
15035,1503.5,6.704500000000001
15036,1503.6,6.7036
15037,1503.7,6.7027
15038,1503.8,6.701800000000001
15039,1503.9,6.700899999999999
15040,1504.0,6.7
15041,1504.1,6.699400000000001
15042,1504.2,6.698799999999999
15043,1504.3,6.6982
15044,1504.4,6.6976
15045,1504.5,6.696999999999999
15046,1504.6,6.6964
15047,1504.7,6.6958
15048,1504.8,6.695200000000001
15049,1504.9,6.694599999999999
15050,1505.0,6.694
15051,1505.1,6.6934000000000005
15052,1505.2,6.692799999999999
15053,1505.3,6.6922
15054,1505.4,6.6916
15055,1505.5,6.690999999999999
15056,1505.6,6.6903999999999995
15057,1505.7,6.6898
15058,1505.8,6.689199999999999
15059,1505.9,6.688599999999999
15060,1506.0,6.688
15061,1506.1,6.6876999999999995
15062,1506.2,6.687399999999999
15063,1506.3,6.6871
15064,1506.4,6.686799999999999
15065,1506.5,6.6865
15066,1506.6,6.6862
15067,1506.7,6.685899999999999
15068,1506.8,6.6856
15069,1506.9,6.6853
15070,1507.0,6.685
15071,1507.1,6.6849
15072,1507.2,6.6848
15073,1507.3,6.6847
15074,1507.4,6.6846
15075,1507.5,6.6845
15076,1507.6,6.6844
15077,1507.7,6.6843
15078,1507.8,6.684200000000001
15079,1507.9,6.6841
15080,1508.0,6.684
15081,1508.1,6.6841
15082,1508.2,6.6842
15083,1508.3,6.6843
15084,1508.4,6.6844
15085,1508.5,6.6845
15086,1508.6,6.6846
15087,1508.7,6.684699999999999
15088,1508.8,6.684799999999999
15089,1508.9,6.6849
15090,1509.0,6.685
15091,1509.1,6.685199999999999
15092,1509.2,6.6854
15093,1509.3,6.6856
15094,1509.4,6.6857999999999995
15095,1509.5,6.686
15096,1509.6,6.6862
15097,1509.7,6.6864
15098,1509.8,6.6866
15099,1509.9,6.686800000000001
15100,1510.0,6.687
15101,1510.1,6.6875
15102,1510.2,6.688000000000001
15103,1510.3,6.6885
15104,1510.4,6.689
15105,1510.5,6.689500000000001
15106,1510.6,6.69
15107,1510.7,6.6905
15108,1510.8,6.691000000000001
15109,1510.9,6.6915000000000004
15110,1511.0,6.692
15111,1511.1,6.692600000000001
15112,1511.2,6.693200000000001
15113,1511.3,6.6937999999999995
15114,1511.4,6.694400000000001
15115,1511.5,6.695
15116,1511.6,6.6956
15117,1511.7,6.696200000000001
15118,1511.8,6.6968
15119,1511.9,6.697399999999999
15120,1512.0,6.698
15121,1512.1,6.6987
15122,1512.2,6.699399999999999
15123,1512.3,6.700099999999998
15124,1512.4,6.7008
15125,1512.5,6.701499999999999
15126,1512.6,6.702199999999999
15127,1512.7,6.7029
15128,1512.8,6.7036
15129,1512.9,6.704299999999999
15130,1513.0,6.705
15131,1513.1,6.7059
15132,1513.2,6.7067999999999985
15133,1513.3,6.7077
15134,1513.4,6.7086
15135,1513.5,6.709499999999999
15136,1513.6,6.710400000000001
15137,1513.7,6.7113000000000005
15138,1513.8,6.712199999999999
15139,1513.9,6.713100000000001
15140,1514.0,6.714
15141,1514.1,6.714899999999999
15142,1514.2,6.7158000000000015
15143,1514.3,6.7167
15144,1514.4,6.7176
15145,1514.5,6.7185000000000015
15146,1514.6,6.7194
15147,1514.7,6.7203
15148,1514.8,6.721199999999999
15149,1514.9,6.722100000000001
15150,1515.0,6.723
15151,1515.1,6.723999999999999
15152,1515.2,6.7250000000000005
15153,1515.3,6.726
15154,1515.4,6.726999999999999
15155,1515.5,6.7280000000000015
15156,1515.6,6.729
15157,1515.7,6.7299999999999995
15158,1515.8,6.731000000000002
15159,1515.9,6.732
15160,1516.0,6.733
15161,1516.1,6.7341000000000015
15162,1516.2,6.735200000000001
15163,1516.3,6.736299999999999
15164,1516.4,6.737400000000001
15165,1516.5,6.7385
15166,1516.6,6.7395999999999985
15167,1516.7,6.7407
15168,1516.8,6.741799999999999
15169,1516.9,6.742899999999998
15170,1517.0,6.744
15171,1517.1,6.744999999999999
15172,1517.2,6.745999999999998
15173,1517.3,6.746999999999997
15174,1517.4,6.747999999999999
15175,1517.5,6.748999999999998
15176,1517.6,6.749999999999997
15177,1517.7,6.7509999999999994
15178,1517.8,6.751999999999999
15179,1517.9,6.7529999999999974
15180,1518.0,6.754
15181,1518.1,6.754999999999999
15182,1518.2,6.755999999999998
15183,1518.3,6.757
15184,1518.4,6.757999999999999
15185,1518.5,6.758999999999999
15186,1518.6,6.760000000000001
15187,1518.7,6.761
15188,1518.8,6.761999999999999
15189,1518.9,6.763000000000001
15190,1519.0,6.764
15191,1519.1,6.764899999999999
15192,1519.2,6.765800000000001
15193,1519.3,6.7667
15194,1519.4,6.7676
15195,1519.5,6.768500000000001
15196,1519.6,6.7694
15197,1519.7,6.7703
15198,1519.8,6.7711999999999986
15199,1519.9,6.772100000000001
15200,1520.0,6.773
15201,1520.1,6.773899999999999
15202,1520.2,6.774800000000001
15203,1520.3,6.7757
15204,1520.4,6.776599999999999
15205,1520.5,6.777500000000001
15206,1520.6,6.7784
15207,1520.7,6.7793
15208,1520.8,6.780200000000002
15209,1520.9,6.7811
15210,1521.0,6.782
15211,1521.1,6.782800000000002
15212,1521.2,6.783600000000001
15213,1521.3,6.7844
15214,1521.4,6.785200000000001
15215,1521.5,6.786
15216,1521.6,6.7867999999999995
15217,1521.7,6.7876
15218,1521.8,6.788399999999999
15219,1521.9,6.789199999999998
15220,1522.0,6.79
15221,1522.1,6.7905999999999995
15222,1522.2,6.791199999999999
15223,1522.3,6.7917999999999985
15224,1522.4,6.7924
15225,1522.5,6.792999999999999
15226,1522.6,6.793599999999999
15227,1522.7,6.7942
15228,1522.8,6.7947999999999995
15229,1522.9,6.795399999999999
15230,1523.0,6.796
15231,1523.1,6.7965
15232,1523.2,6.797
15233,1523.3,6.7975
15234,1523.4,6.798
15235,1523.5,6.7985
15236,1523.6,6.799
15237,1523.7,6.7995
15238,1523.8,6.8
15239,1523.9,6.8005
15240,1524.0,6.801
15241,1524.1,6.8013
15242,1524.2,6.8016000000000005
15243,1524.3,6.8019
15244,1524.4,6.8022
15245,1524.5,6.8025
15246,1524.6,6.8028
15247,1524.7,6.803100000000001
15248,1524.8,6.8034
15249,1524.9,6.8037
15250,1525.0,6.804
15251,1525.1,6.8042
15252,1525.2,6.8044
15253,1525.3,6.804600000000001
15254,1525.4,6.8048
15255,1525.5,6.805000000000001
15256,1525.6,6.8052
15257,1525.7,6.8054
15258,1525.8,6.8056
15259,1525.9,6.8058000000000005
15260,1526.0,6.806
15261,1526.1,6.8061
15262,1526.2,6.8062000000000005
15263,1526.3,6.8063
15264,1526.4,6.8064
15265,1526.5,6.806500000000001
15266,1526.6,6.8066
15267,1526.7,6.8067
15268,1526.8,6.8068
15269,1526.9,6.806900000000001
15270,1527.0,6.807
15271,1527.1,6.806800000000001
15272,1527.2,6.8066
15273,1527.3,6.806400000000001
15274,1527.4,6.8062000000000005
15275,1527.5,6.806
15276,1527.6,6.8058000000000005
15277,1527.7,6.8056
15278,1527.8,6.8054
15279,1527.9,6.8052
15280,1528.0,6.805
15281,1528.1,6.8048
15282,1528.2,6.8046
15283,1528.3,6.804399999999999
15284,1528.4,6.8042
15285,1528.5,6.804
15286,1528.6,6.8038
15287,1528.7,6.8036
15288,1528.8,6.8034
15289,1528.9,6.8031999999999995
15290,1529.0,6.803
15291,1529.1,6.8026
15292,1529.2,6.802199999999999
15293,1529.3,6.8018
15294,1529.4,6.8014
15295,1529.5,6.800999999999999
15296,1529.6,6.8006
15297,1529.7,6.8002
15298,1529.8,6.799800000000001
15299,1529.9,6.7994
15300,1530.0,6.799
15301,1530.1,6.798500000000001
15302,1530.2,6.798
15303,1530.3,6.7975
15304,1530.4,6.797000000000001
15305,1530.5,6.796499999999999
15306,1530.6,6.795999999999999
15307,1530.7,6.7955
15308,1530.8,6.794999999999999
15309,1530.9,6.794499999999999
15310,1531.0,6.794
15311,1531.1,6.793399999999998
15312,1531.2,6.7928
15313,1531.3,6.7922
15314,1531.4,6.791599999999999
15315,1531.5,6.791
15316,1531.6,6.790400000000001
15317,1531.7,6.7898
15318,1531.8,6.7892
15319,1531.9,6.7886000000000015
15320,1532.0,6.788
15321,1532.1,6.787400000000001
15322,1532.2,6.786800000000001
15323,1532.3,6.786200000000002
15324,1532.4,6.7856000000000005
15325,1532.5,6.785000000000001
15326,1532.6,6.7844000000000015
15327,1532.7,6.7838
15328,1532.8,6.783200000000001
15329,1532.9,6.782600000000001
15330,1533.0,6.782
15331,1533.1,6.781200000000001
15332,1533.2,6.780400000000001
15333,1533.3,6.779599999999999
15334,1533.4,6.7788
15335,1533.5,6.778000000000001
15336,1533.6,6.7772
15337,1533.7,6.776400000000001
15338,1533.8,6.775600000000001
15339,1533.9,6.774799999999999
15340,1534.0,6.774
15341,1534.1,6.773300000000001
15342,1534.2,6.7726
15343,1534.3,6.7719
15344,1534.4,6.7712
15345,1534.5,6.770499999999999
15346,1534.6,6.7698
15347,1534.7,6.769100000000001
15348,1534.8,6.768400000000001
15349,1534.9,6.7677
15350,1535.0,6.767
15351,1535.1,6.766200000000001
15352,1535.2,6.7654
15353,1535.3,6.764600000000001
15354,1535.4,6.763800000000002
15355,1535.5,6.763
15356,1535.6,6.762200000000001
15357,1535.7,6.761400000000002
15358,1535.8,6.760600000000001
15359,1535.9,6.759800000000002
15360,1536.0,6.759000000000003
15361,1536.1,6.758300000000001
15362,1536.2,6.757600000000002
15363,1536.3,6.756900000000002
15364,1536.4,6.756200000000001
15365,1536.5,6.755500000000001
15366,1536.6,6.754800000000001
15367,1536.7,6.7541
15368,1536.8,6.753400000000001
15369,1536.9,6.752700000000001
15370,1537.0,6.752
15371,1537.1,6.751200000000001
15372,1537.2,6.750400000000001
15373,1537.3,6.749600000000002
15374,1537.4,6.7488
15375,1537.5,6.748000000000001
15376,1537.6,6.747200000000001
15377,1537.7,6.7464
15378,1537.8,6.7456000000000005
15379,1537.9,6.7448000000000015
15380,1538.0,6.744
15381,1538.1,6.7434
15382,1538.2,6.742800000000001
15383,1538.3,6.7421999999999995
15384,1538.4,6.7416
15385,1538.5,6.7410000000000005
15386,1538.6,6.7404
15387,1538.7,6.739800000000001
15388,1538.8,6.739200000000001
15389,1538.9,6.7386
15390,1539.0,6.738
15391,1539.1,6.737300000000001
15392,1539.2,6.736599999999999
15393,1539.3,6.7359
15394,1539.4,6.735200000000001
15395,1539.5,6.734499999999999
15396,1539.6,6.7338
15397,1539.7,6.7331
15398,1539.8,6.732400000000001
15399,1539.9,6.731699999999999
15400,1540.0,6.731
15401,1540.1,6.7305
15402,1540.2,6.7299999999999995
15403,1540.3,6.7295
15404,1540.4,6.729000000000001
15405,1540.5,6.7285
15406,1540.6,6.728000000000001
15407,1540.7,6.727500000000001
15408,1540.8,6.727
15409,1540.9,6.726500000000001
15410,1541.0,6.726000000000002
15411,1541.1,6.7255
15412,1541.2,6.7250000000000005
15413,1541.3,6.724500000000002
15414,1541.4,6.724
15415,1541.5,6.7235000000000005
15416,1541.6,6.723000000000001
15417,1541.7,6.7225
15418,1541.8,6.722
15419,1541.9,6.721500000000001
15420,1542.0,6.721
15421,1542.1,6.7206
15422,1542.2,6.720200000000001
15423,1542.3,6.719800000000001
15424,1542.4,6.7194
15425,1542.5,6.719
15426,1542.6,6.7186
15427,1542.7,6.7181999999999995
15428,1542.8,6.7178
15429,1542.9,6.7174000000000005
15430,1543.0,6.717
15431,1543.1,6.7167
15432,1543.2,6.7164
15433,1543.3,6.7161
15434,1543.4,6.7158
15435,1543.5,6.7155000000000005
15436,1543.6,6.7152
15437,1543.7,6.7149
15438,1543.8,6.714600000000001
15439,1543.9,6.7143
15440,1544.0,6.714
15441,1544.1,6.7137
15442,1544.2,6.7134
15443,1544.3,6.713100000000001
15444,1544.4,6.7128000000000005
15445,1544.5,6.7125
15446,1544.6,6.7122
15447,1544.7,6.7119
15448,1544.8,6.711600000000001
15449,1544.9,6.7113000000000005
15450,1545.0,6.711
15451,1545.1,6.7109000000000005
15452,1545.2,6.7108
15453,1545.3,6.7107
15454,1545.4,6.7106
15455,1545.5,6.7105
15456,1545.6,6.7104
15457,1545.7,6.7103
15458,1545.8,6.7102
15459,1545.9,6.7101
15460,1546.0,6.71
15461,1546.1,6.71
15462,1546.2,6.71
15463,1546.3,6.71
15464,1546.4,6.71
15465,1546.5,6.71
15466,1546.6,6.71
15467,1546.7,6.71
15468,1546.8,6.71
15469,1546.9,6.71
15470,1547.0,6.71
15471,1547.1,6.7101
15472,1547.2,6.7101999999999995
15473,1547.3,6.7103
15474,1547.4,6.7104
15475,1547.5,6.7105
15476,1547.6,6.7106
15477,1547.7,6.7107
15478,1547.8,6.7108
15479,1547.9,6.7109
15480,1548.0,6.711
15481,1548.1,6.7111
15482,1548.2,6.7112
15483,1548.3,6.7113000000000005
15484,1548.4,6.7114
15485,1548.5,6.7115
15486,1548.6,6.7116
15487,1548.7,6.7116999999999996
15488,1548.8,6.711799999999999
15489,1548.9,6.7119
15490,1549.0,6.712
15491,1549.1,6.7123
15492,1549.2,6.7126
15493,1549.3,6.712899999999999
15494,1549.4,6.7132
15495,1549.5,6.7135
15496,1549.6,6.7138
15497,1549.7,6.7141
15498,1549.8,6.7143999999999995
15499,1549.9,6.7147
15500,1550.0,6.715
15501,1550.1,6.715299999999999
15502,1550.2,6.7156
15503,1550.3,6.7158999999999995
15504,1550.4,6.7162
15505,1550.5,6.7165
15506,1550.6,6.716799999999999
15507,1550.7,6.717099999999999
15508,1550.8,6.7174
15509,1550.9,6.7177
15510,1551.0,6.717999999999999
15511,1551.1,6.7184
15512,1551.2,6.718799999999999
15513,1551.3,6.719199999999999
15514,1551.4,6.7196
15515,1551.5,6.72
15516,1551.6,6.7204
15517,1551.7,6.7208000000000006
15518,1551.8,6.7212
15519,1551.9,6.7216
15520,1552.0,6.722
15521,1552.1,6.7224
15522,1552.2,6.722799999999999
15523,1552.3,6.723199999999999
15524,1552.4,6.7236
15525,1552.5,6.723999999999999
15526,1552.6,6.724399999999999
15527,1552.7,6.7248
15528,1552.8,6.725199999999999
15529,1552.9,6.725599999999999
15530,1553.0,6.726
15531,1553.1,6.7265
15532,1553.2,6.726999999999999
15533,1553.3,6.7275
15534,1553.4,6.728
15535,1553.5,6.7284999999999995
15536,1553.6,6.729
15537,1553.7,6.7295
15538,1553.8,6.7299999999999995
15539,1553.9,6.7305
15540,1554.0,6.731
15541,1554.1,6.731599999999999
15542,1554.2,6.732200000000001
15543,1554.3,6.7328
15544,1554.4,6.7334
15545,1554.5,6.734000000000001
15546,1554.6,6.7346
15547,1554.7,6.7352
15548,1554.8,6.735799999999999
15549,1554.9,6.736400000000001
15550,1555.0,6.737
15551,1555.1,6.7376
15552,1555.2,6.738200000000001
15553,1555.3,6.7387999999999995
15554,1555.4,6.739399999999999
15555,1555.5,6.74
15556,1555.6,6.7406
15557,1555.7,6.741199999999999
15558,1555.8,6.7418
15559,1555.9,6.742399999999999
15560,1556.0,6.7429999999999986
15561,1556.1,6.7436
15562,1556.2,6.744199999999999
15563,1556.3,6.744799999999999
15564,1556.4,6.7454
15565,1556.5,6.7459999999999996
15566,1556.6,6.746599999999998
15567,1556.7,6.747199999999999
15568,1556.8,6.747799999999999
15569,1556.9,6.748399999999998
15570,1557.0,6.749
15571,1557.1,6.749699999999999
15572,1557.2,6.750399999999998
15573,1557.3,6.751099999999998
15574,1557.4,6.751799999999999
15575,1557.5,6.752499999999999
15576,1557.6,6.753199999999999
15577,1557.7,6.7539
15578,1557.8,6.754599999999999
15579,1557.9,6.755299999999999
15580,1558.0,6.756
15581,1558.1,6.7566999999999995
15582,1558.2,6.757399999999999
15583,1558.3,6.758100000000001
15584,1558.4,6.7588
15585,1558.5,6.759499999999999
15586,1558.6,6.7602
15587,1558.7,6.7608999999999995
15588,1558.8,6.7616
15589,1558.9,6.762300000000001
15590,1559.0,6.763
15591,1559.1,6.763699999999999
15592,1559.2,6.7644
15593,1559.3,6.7651
15594,1559.4,6.7658
15595,1559.5,6.766500000000001
15596,1559.6,6.7672
15597,1559.7,6.767899999999999
15598,1559.8,6.768599999999999
15599,1559.9,6.7693
15600,1560.0,6.77
15601,1560.1,6.770599999999999
15602,1560.2,6.7712
15603,1560.3,6.771799999999999
15604,1560.4,6.772399999999998
15605,1560.5,6.773
15606,1560.6,6.773599999999999
15607,1560.7,6.774199999999999
15608,1560.8,6.774799999999999
15609,1560.9,6.7753999999999985
15610,1561.0,6.775999999999998
15611,1561.1,6.776699999999999
15612,1561.2,6.777399999999998
15613,1561.3,6.7780999999999985
15614,1561.4,6.7787999999999995
15615,1561.5,6.779499999999999
15616,1561.6,6.780199999999999
15617,1561.7,6.7809
15618,1561.8,6.781599999999999
15619,1561.9,6.782299999999999
15620,1562.0,6.783
15621,1562.1,6.7836
15622,1562.2,6.784199999999999
15623,1562.3,6.784799999999999
15624,1562.4,6.7854
15625,1562.5,6.786
15626,1562.6,6.786599999999998
15627,1562.7,6.7871999999999995
15628,1562.8,6.787799999999999
15629,1562.9,6.788399999999998
15630,1563.0,6.789
15631,1563.1,6.789499999999999
15632,1563.2,6.789999999999999
15633,1563.3,6.7905
15634,1563.4,6.7909999999999995
15635,1563.5,6.791499999999999
15636,1563.6,6.792
15637,1563.7,6.7924999999999995
15638,1563.8,6.792999999999999
15639,1563.9,6.7935
15640,1564.0,6.794
15641,1564.1,6.794499999999999
15642,1564.2,6.795
15643,1564.3,6.7955
15644,1564.4,6.795999999999999
15645,1564.5,6.796500000000001
15646,1564.6,6.797000000000001
15647,1564.7,6.7975
15648,1564.8,6.798
15649,1564.9,6.798500000000001
15650,1565.0,6.799
15651,1565.1,6.7995
15652,1565.2,6.800000000000001
15653,1565.3,6.8005
15654,1565.4,6.800999999999999
15655,1565.5,6.801500000000001
15656,1565.6,6.802
15657,1565.7,6.802499999999999
15658,1565.8,6.803
15659,1565.9,6.8035
15660,1566.0,6.8039999999999985
15661,1566.1,6.8043000000000005
15662,1566.2,6.8046
15663,1566.3,6.8049
15664,1566.4,6.8052
15665,1566.5,6.8055
15666,1566.6,6.8058
15667,1566.7,6.806100000000001
15668,1566.8,6.8064
15669,1566.9,6.8067
15670,1567.0,6.807
15671,1567.1,6.8073
15672,1567.2,6.8076
15673,1567.3,6.807899999999999
15674,1567.4,6.8082
15675,1567.5,6.8084999999999996
15676,1567.6,6.808799999999999
15677,1567.7,6.8091
15678,1567.8,6.809399999999999
15679,1567.9,6.809699999999999
15680,1568.0,6.81
15681,1568.1,6.810099999999999
15682,1568.2,6.810199999999999
15683,1568.3,6.8103
15684,1568.4,6.8104
15685,1568.5,6.810499999999999
15686,1568.6,6.8106
15687,1568.7,6.8107
15688,1568.8,6.8107999999999995
15689,1568.9,6.8109
15690,1569.0,6.811
15691,1569.1,6.811
15692,1569.2,6.811
15693,1569.3,6.811
15694,1569.4,6.811
15695,1569.5,6.811
15696,1569.6,6.811
15697,1569.7,6.811
15698,1569.8,6.811
15699,1569.9,6.811
15700,1570.0,6.811
15701,1570.1,6.8109
15702,1570.2,6.8107999999999995
15703,1570.3,6.8107
15704,1570.4,6.8106
15705,1570.5,6.810499999999999
15706,1570.6,6.8104
15707,1570.7,6.8103
15708,1570.8,6.8102
15709,1570.9,6.810099999999999
15710,1571.0,6.81
15711,1571.1,6.8098
15712,1571.2,6.8096
15713,1571.3,6.8094
15714,1571.4,6.8092
15715,1571.5,6.809
15716,1571.6,6.808800000000001
15717,1571.7,6.8086
15718,1571.8,6.8084
15719,1571.9,6.8082
15720,1572.0,6.808
15721,1572.1,6.8076
15722,1572.2,6.807200000000001
15723,1572.3,6.806800000000001
15724,1572.4,6.8064
15725,1572.5,6.806000000000001
15726,1572.6,6.805600000000001
15727,1572.7,6.8052
15728,1572.8,6.804800000000001
15729,1572.9,6.804400000000001
15730,1573.0,6.804
15731,1573.1,6.8035000000000005
15732,1573.2,6.803000000000001
15733,1573.3,6.8025
15734,1573.4,6.8020000000000005
15735,1573.5,6.801500000000001
15736,1573.6,6.801
15737,1573.7,6.8005
15738,1573.8,6.800000000000001
15739,1573.9,6.7995
15740,1574.0,6.799
15741,1574.1,6.798400000000001
15742,1574.2,6.7978
15743,1574.3,6.7972
15744,1574.4,6.796600000000001
15745,1574.5,6.795999999999999
15746,1574.6,6.7954
15747,1574.7,6.7948
15748,1574.8,6.794200000000001
15749,1574.9,6.7936
15750,1575.0,6.793
15751,1575.1,6.792300000000001
15752,1575.2,6.7916
15753,1575.3,6.790900000000001
15754,1575.4,6.790200000000001
15755,1575.5,6.7895
15756,1575.6,6.7888
15757,1575.7,6.788100000000001
15758,1575.8,6.7874
15759,1575.9,6.786700000000001
15760,1576.0,6.786000000000001
15761,1576.1,6.785200000000001
15762,1576.2,6.784400000000001
15763,1576.3,6.783600000000002
15764,1576.4,6.7828
15765,1576.5,6.782000000000001
15766,1576.6,6.781200000000001
15767,1576.7,6.7804
15768,1576.8,6.7796
15769,1576.9,6.778800000000001
15770,1577.0,6.778
15771,1577.1,6.777
15772,1577.2,6.776000000000002
15773,1577.3,6.775000000000002
15774,1577.4,6.774
15775,1577.5,6.7730000000000015
15776,1577.6,6.772000000000002
15777,1577.7,6.771
15778,1577.8,6.7700000000000005
15779,1577.9,6.769000000000002
15780,1578.0,6.768
15781,1578.1,6.767100000000001
15782,1578.2,6.766200000000001
15783,1578.3,6.7653
15784,1578.4,6.7644
15785,1578.5,6.763500000000001
15786,1578.6,6.7626
15787,1578.7,6.7617
15788,1578.8,6.7608000000000015
15789,1578.9,6.759899999999999
15790,1579.0,6.759
15791,1579.1,6.758000000000001
15792,1579.2,6.756999999999999
15793,1579.3,6.756
15794,1579.4,6.755000000000001
15795,1579.5,6.753999999999999
15796,1579.6,6.752999999999999
15797,1579.7,6.752
15798,1579.8,6.751000000000001
15799,1579.9,6.749999999999999
15800,1580.0,6.749
15801,1580.1,6.747900000000001
15802,1580.2,6.7467999999999995
15803,1580.3,6.7457
15804,1580.4,6.744600000000002
15805,1580.5,6.7435
15806,1580.6,6.742400000000002
15807,1580.7,6.7413000000000025
15808,1580.8,6.740200000000001
15809,1580.9,6.739100000000002
15810,1581.0,6.738000000000004
15811,1581.1,6.737000000000001
15812,1581.2,6.736000000000002
15813,1581.3,6.735000000000003
15814,1581.4,6.734000000000001
15815,1581.5,6.733000000000001
15816,1581.6,6.732000000000002
15817,1581.7,6.731
15818,1581.8,6.730000000000001
15819,1581.9,6.729000000000002
15820,1582.0,6.728
15821,1582.1,6.727
15822,1582.2,6.726000000000002
15823,1582.3,6.725000000000002
15824,1582.4,6.724
15825,1582.5,6.723000000000002
15826,1582.6,6.722000000000002
15827,1582.7,6.721
15828,1582.8,6.720000000000001
15829,1582.9,6.719000000000002
15830,1583.0,6.718
15831,1583.1,6.7171
15832,1583.2,6.7162000000000015
15833,1583.3,6.7153
15834,1583.4,6.7144
15835,1583.5,6.713500000000001
15836,1583.6,6.712599999999999
15837,1583.7,6.7116999999999996
15838,1583.8,6.710800000000001
15839,1583.9,6.709899999999999
15840,1584.0,6.709
15841,1584.1,6.708100000000001
15842,1584.2,6.7071999999999985
15843,1584.3,6.7063
15844,1584.4,6.7054
15845,1584.5,6.704499999999999
15846,1584.6,6.7036
15847,1584.7,6.7027
15848,1584.8,6.701800000000001
15849,1584.9,6.700899999999999
15850,1585.0,6.7
15851,1585.1,6.699300000000001
15852,1585.2,6.6986
15853,1585.3,6.697900000000001
15854,1585.4,6.697200000000001
15855,1585.5,6.6964999999999995
15856,1585.6,6.6958
15857,1585.7,6.695100000000001
15858,1585.8,6.6944
15859,1585.9,6.693700000000001
15860,1586.0,6.693000000000001
15861,1586.1,6.6924
15862,1586.2,6.691800000000001
15863,1586.3,6.691200000000001
15864,1586.4,6.6906
15865,1586.5,6.69
15866,1586.6,6.689400000000002
15867,1586.7,6.6888000000000005
15868,1586.8,6.688200000000001
15869,1586.9,6.6876000000000015
15870,1587.0,6.687
15871,1587.1,6.6865000000000006
15872,1587.2,6.686000000000001
15873,1587.3,6.685500000000002
15874,1587.4,6.6850000000000005
15875,1587.5,6.684500000000001
15876,1587.6,6.684000000000001
15877,1587.7,6.6835
15878,1587.8,6.683000000000001
15879,1587.9,6.682500000000001
15880,1588.0,6.682
15881,1588.1,6.6817
15882,1588.2,6.681400000000001
15883,1588.3,6.681100000000001
15884,1588.4,6.6808000000000005
15885,1588.5,6.6805
15886,1588.6,6.6802
15887,1588.7,6.6799
15888,1588.8,6.679600000000001
15889,1588.9,6.6793
15890,1589.0,6.679
15891,1589.1,6.6789000000000005
15892,1589.2,6.6788
15893,1589.3,6.6787
15894,1589.4,6.6786
15895,1589.5,6.6785
15896,1589.6,6.6784
15897,1589.7,6.6783
15898,1589.8,6.6782
15899,1589.9,6.6781
15900,1590.0,6.678
15901,1590.1,6.6781
15902,1590.2,6.6782
15903,1590.3,6.6783
15904,1590.4,6.6784
15905,1590.5,6.6785
15906,1590.6,6.6786
15907,1590.7,6.6787
15908,1590.8,6.6788
15909,1590.9,6.6789000000000005
15910,1591.0,6.679
15911,1591.1,6.6792
15912,1591.2,6.6794
15913,1591.3,6.6796
15914,1591.4,6.6798
15915,1591.5,6.68
15916,1591.6,6.680199999999999
15917,1591.7,6.6804
15918,1591.8,6.6806
15919,1591.9,6.6808
15920,1592.0,6.681
15921,1592.1,6.6815
15922,1592.2,6.6819999999999995
15923,1592.3,6.682499999999998
15924,1592.4,6.683
15925,1592.5,6.6834999999999996
15926,1592.6,6.683999999999999
15927,1592.7,6.6845
15928,1592.8,6.685
15929,1592.9,6.685499999999999
15930,1593.0,6.686
15931,1593.1,6.686599999999999
15932,1593.2,6.687199999999999
15933,1593.3,6.6878
15934,1593.4,6.6884
15935,1593.5,6.688999999999999
15936,1593.6,6.6896
15937,1593.7,6.6902
15938,1593.8,6.690799999999999
15939,1593.9,6.691400000000001
15940,1594.0,6.692
15941,1594.1,6.692799999999999
15942,1594.2,6.693600000000001
15943,1594.3,6.694400000000001
15944,1594.4,6.6952
15945,1594.5,6.6960000000000015
15946,1594.6,6.6968000000000005
15947,1594.7,6.6975999999999996
15948,1594.8,6.6983999999999995
15949,1594.9,6.699200000000001
15950,1595.0,6.7
15951,1595.1,6.700899999999999
15952,1595.2,6.7018
15953,1595.3,6.702699999999999
15954,1595.4,6.703599999999998
15955,1595.5,6.7044999999999995
15956,1595.6,6.705399999999999
15957,1595.7,6.706299999999998
15958,1595.8,6.707199999999999
15959,1595.9,6.708099999999998
15960,1596.0,6.708999999999997
15961,1596.1,6.709999999999999
15962,1596.2,6.710999999999998
15963,1596.3,6.711999999999997
15964,1596.4,6.712999999999999
15965,1596.5,6.713999999999999
15966,1596.6,6.714999999999998
15967,1596.7,6.716
15968,1596.8,6.716999999999999
15969,1596.9,6.717999999999998
15970,1597.0,6.719
15971,1597.1,6.720199999999999
15972,1597.2,6.721399999999998
15973,1597.3,6.722599999999997
15974,1597.4,6.7238
15975,1597.5,6.724999999999999
15976,1597.6,6.726199999999998
15977,1597.7,6.727399999999999
15978,1597.8,6.728599999999998
15979,1597.9,6.729799999999997
15980,1598.0,6.731
15981,1598.1,6.732199999999999
15982,1598.2,6.733399999999998
15983,1598.3,6.7346
15984,1598.4,6.735799999999999
15985,1598.5,6.736999999999998
15986,1598.6,6.738200000000001
15987,1598.7,6.7394
15988,1598.8,6.740599999999999
15989,1598.9,6.741800000000001
15990,1599.0,6.743
15991,1599.1,6.744299999999999
15992,1599.2,6.745600000000001
15993,1599.3,6.746900000000001
15994,1599.4,6.7482
15995,1599.5,6.749500000000002
15996,1599.6,6.750800000000001
15997,1599.7,6.7520999999999995
15998,1599.8,6.753399999999999
15999,1599.9,6.7547000000000015
16000,1600.0,6.756
16001,1600.1,6.757299999999999
16002,1600.2,6.758600000000001
16003,1600.3,6.759899999999999
16004,1600.4,6.761199999999998
16005,1600.5,6.7625
16006,1600.6,6.763799999999999
16007,1600.7,6.765099999999997
16008,1600.8,6.766399999999999
16009,1600.9,6.767699999999998
16010,1601.0,6.768999999999997
16011,1601.1,6.770299999999999
16012,1601.2,6.771599999999998
16013,1601.3,6.772899999999996
16014,1601.4,6.7741999999999996
16015,1601.5,6.775499999999998
16016,1601.6,6.776799999999997
16017,1601.7,6.778099999999999
16018,1601.8,6.779399999999999
16019,1601.9,6.780699999999998
16020,1602.0,6.782
16021,1602.1,6.783199999999999
16022,1602.2,6.784399999999998
16023,1602.3,6.785599999999997
16024,1602.4,6.7867999999999995
16025,1602.5,6.7879999999999985
16026,1602.6,6.7891999999999975
16027,1602.7,6.790399999999999
16028,1602.8,6.791599999999998
16029,1602.9,6.792799999999997
16030,1603.0,6.794
16031,1603.1,6.795099999999999
16032,1603.2,6.796199999999998
16033,1603.3,6.7973
16034,1603.4,6.798399999999999
16035,1603.5,6.799499999999998
16036,1603.6,6.8006
16037,1603.7,6.801699999999999
16038,1603.8,6.802799999999999
16039,1603.9,6.8039000000000005
16040,1604.0,6.805
16041,1604.1,6.806099999999999
16042,1604.2,6.807200000000001
16043,1604.3,6.8083
16044,1604.4,6.809399999999999
16045,1604.5,6.810500000000001
16046,1604.6,6.8116
16047,1604.7,6.8126999999999995
16048,1604.8,6.813799999999999
16049,1604.9,6.814900000000001
16050,1605.0,6.816
16051,1605.1,6.816799999999999
16052,1605.2,6.8176000000000005
16053,1605.3,6.8184
16054,1605.4,6.819199999999999
16055,1605.5,6.82
16056,1605.6,6.820799999999999
16057,1605.7,6.821599999999998
16058,1605.8,6.822399999999999
16059,1605.9,6.823199999999998
16060,1606.0,6.823999999999997
16061,1606.1,6.824699999999999
16062,1606.2,6.825399999999998
16063,1606.3,6.8260999999999985
16064,1606.4,6.8267999999999995
16065,1606.5,6.827499999999999
16066,1606.6,6.828199999999999
16067,1606.7,6.8289
16068,1606.8,6.829599999999999
16069,1606.9,6.830299999999999
16070,1607.0,6.831
16071,1607.1,6.8315
16072,1607.2,6.832
16073,1607.3,6.832499999999999
16074,1607.4,6.833
16075,1607.5,6.8335
16076,1607.6,6.834
16077,1607.7,6.8345
16078,1607.8,6.835
16079,1607.9,6.8355
16080,1608.0,6.836
16081,1608.1,6.8364
16082,1608.2,6.836799999999999
16083,1608.3,6.8372
16084,1608.4,6.8376
16085,1608.5,6.837999999999999
16086,1608.6,6.8384
16087,1608.7,6.8388
16088,1608.8,6.8392
16089,1608.9,6.8396
16090,1609.0,6.84
16091,1609.1,6.8401
16092,1609.2,6.8402
16093,1609.3,6.8403
16094,1609.4,6.8404
16095,1609.5,6.8405000000000005
16096,1609.6,6.8406
16097,1609.7,6.8407
16098,1609.8,6.8408
16099,1609.9,6.8409
16100,1610.0,6.841
16101,1610.1,6.8409
16102,1610.2,6.8408
16103,1610.3,6.8407
16104,1610.4,6.8406
16105,1610.5,6.8405000000000005
16106,1610.6,6.8404
16107,1610.7,6.8403
16108,1610.8,6.8402
16109,1610.9,6.8401
16110,1611.0,6.84
16111,1611.1,6.839700000000001
16112,1611.2,6.8394
16113,1611.3,6.8391
16114,1611.4,6.8388
16115,1611.5,6.8385
16116,1611.6,6.8382000000000005
16117,1611.7,6.837899999999999
16118,1611.8,6.8376
16119,1611.9,6.8373
16120,1612.0,6.837
16121,1612.1,6.8365
16122,1612.2,6.836
16123,1612.3,6.8355000000000015
16124,1612.4,6.835
16125,1612.5,6.8345
16126,1612.6,6.8340000000000005
16127,1612.7,6.8335
16128,1612.8,6.833
16129,1612.9,6.8325000000000005
16130,1613.0,6.832
16131,1613.1,6.831300000000001
16132,1613.2,6.830600000000001
16133,1613.3,6.829899999999999
16134,1613.4,6.8292
16135,1613.5,6.828500000000001
16136,1613.6,6.8278
16137,1613.7,6.827100000000001
16138,1613.8,6.826400000000001
16139,1613.9,6.825699999999999
16140,1614.0,6.825
16141,1614.1,6.824200000000001
16142,1614.2,6.8233999999999995
16143,1614.3,6.8225999999999996
16144,1614.4,6.8218000000000005
16145,1614.5,6.820999999999999
16146,1614.6,6.8202
16147,1614.7,6.819400000000001
16148,1614.8,6.818600000000001
16149,1614.9,6.817799999999999
16150,1615.0,6.817
16151,1615.1,6.816000000000002
16152,1615.2,6.8149999999999995
16153,1615.3,6.814000000000001
16154,1615.4,6.813000000000002
16155,1615.5,6.812
16156,1615.6,6.811000000000002
16157,1615.7,6.810000000000002
16158,1615.8,6.809000000000001
16159,1615.9,6.8080000000000025
16160,1616.0,6.807000000000003
16161,1616.1,6.806000000000001
16162,1616.2,6.805000000000002
16163,1616.3,6.804000000000003
16164,1616.4,6.803000000000001
16165,1616.5,6.802000000000001
16166,1616.6,6.801000000000002
16167,1616.7,6.8
16168,1616.8,6.799000000000001
16169,1616.9,6.798000000000002
16170,1617.0,6.797
16171,1617.1,6.795800000000001
16172,1617.2,6.794600000000002
16173,1617.3,6.793400000000003
16174,1617.4,6.7922
16175,1617.5,6.791000000000001
16176,1617.6,6.789800000000002
16177,1617.7,6.788600000000001
16178,1617.8,6.787400000000002
16179,1617.9,6.786200000000003
16180,1618.0,6.785
16181,1618.1,6.783900000000001
16182,1618.2,6.782800000000002
16183,1618.3,6.7817
16184,1618.4,6.780600000000001
16185,1618.5,6.779500000000001
16186,1618.6,6.7783999999999995
16187,1618.7,6.7773
16188,1618.8,6.776200000000001
16189,1618.9,6.775099999999999
16190,1619.0,6.774
16191,1619.1,6.772800000000001
16192,1619.2,6.7715999999999985
16193,1619.3,6.7703999999999995
16194,1619.4,6.7692000000000005
16195,1619.5,6.767999999999998
16196,1619.6,6.766799999999999
16197,1619.7,6.7656
16198,1619.8,6.764400000000001
16199,1619.9,6.7631999999999985
16200,1620.0,6.762
16201,1620.1,6.760800000000001
16202,1620.2,6.759599999999999
16203,1620.3,6.7584
16204,1620.4,6.757200000000002
16205,1620.5,6.756
16206,1620.6,6.754800000000001
16207,1620.7,6.753600000000002
16208,1620.8,6.752400000000001
16209,1620.9,6.751200000000002
16210,1621.0,6.7500000000000036
16211,1621.1,6.748900000000001
16212,1621.2,6.747800000000002
16213,1621.3,6.746700000000002
16214,1621.4,6.7456000000000005
16215,1621.5,6.744500000000001
16216,1621.6,6.743400000000002
16217,1621.7,6.7423
16218,1621.8,6.741200000000001
16219,1621.9,6.740100000000002
16220,1622.0,6.739
16221,1622.1,6.737900000000001
16222,1622.2,6.7368000000000015
16223,1622.3,6.735700000000002
16224,1622.4,6.7346
16225,1622.5,6.733500000000001
16226,1622.6,6.732400000000002
16227,1622.7,6.7313
16228,1622.8,6.730200000000001
16229,1622.9,6.729100000000002
16230,1623.0,6.728
16231,1623.1,6.727
16232,1623.2,6.726000000000002
16233,1623.3,6.725
16234,1623.4,6.724
16235,1623.5,6.723000000000002
16236,1623.6,6.7219999999999995
16237,1623.7,6.721
16238,1623.8,6.720000000000001
16239,1623.9,6.718999999999999
16240,1624.0,6.718
16241,1624.1,6.717200000000001
16242,1624.2,6.716399999999999
16243,1624.3,6.715599999999999
16244,1624.4,6.7148
16245,1624.5,6.713999999999999
16246,1624.6,6.7132
16247,1624.7,6.712400000000001
16248,1624.8,6.711600000000001
16249,1624.9,6.710799999999999
16250,1625.0,6.71
16251,1625.1,6.709200000000001
16252,1625.2,6.708399999999999
16253,1625.3,6.7076
16254,1625.4,6.706800000000001
16255,1625.5,6.7059999999999995
16256,1625.6,6.7052000000000005
16257,1625.7,6.7044000000000015
16258,1625.8,6.703600000000001
16259,1625.9,6.702800000000002
16260,1626.0,6.702000000000003
16261,1626.1,6.7014000000000005
16262,1626.2,6.700800000000001
16263,1626.3,6.7002000000000015
16264,1626.4,6.6996
16265,1626.5,6.699000000000001
16266,1626.6,6.698400000000001
16267,1626.7,6.6978
16268,1626.8,6.6972000000000005
16269,1626.9,6.696600000000001
16270,1627.0,6.696
16271,1627.1,6.6956
16272,1627.2,6.695200000000001
16273,1627.3,6.694800000000001
16274,1627.4,6.6944
16275,1627.5,6.694000000000001
16276,1627.6,6.693600000000001
16277,1627.7,6.6932
16278,1627.8,6.6928
16279,1627.9,6.692400000000001
16280,1628.0,6.692
16281,1628.1,6.6916
16282,1628.2,6.691200000000001
16283,1628.3,6.6908
16284,1628.4,6.6904
16285,1628.5,6.69
16286,1628.6,6.6895999999999995
16287,1628.7,6.6892
16288,1628.8,6.6888000000000005
16289,1628.9,6.6884
16290,1629.0,6.688
16291,1629.1,6.6879
16292,1629.2,6.687799999999999
16293,1629.3,6.6876999999999995
16294,1629.4,6.6876
16295,1629.5,6.6875
16296,1629.6,6.6874
16297,1629.7,6.6873000000000005
16298,1629.8,6.687200000000001
16299,1629.9,6.6871
16300,1630.0,6.687
16301,1630.1,6.6869000000000005
16302,1630.2,6.6868
16303,1630.3,6.6867
16304,1630.4,6.6866
16305,1630.5,6.6865000000000006
16306,1630.6,6.6864
16307,1630.7,6.6863
16308,1630.8,6.6862
16309,1630.9,6.6861
16310,1631.0,6.686
16311,1631.1,6.6861999999999995
16312,1631.2,6.6864
16313,1631.3,6.686599999999999
16314,1631.4,6.6868
16315,1631.5,6.686999999999999
16316,1631.6,6.687199999999999
16317,1631.7,6.687399999999999
16318,1631.8,6.6876
16319,1631.9,6.687799999999999
16320,1632.0,6.688
16321,1632.1,6.688199999999999
16322,1632.2,6.6884
16323,1632.3,6.688599999999999
16324,1632.4,6.6888
16325,1632.5,6.689
16326,1632.6,6.6892
16327,1632.7,6.6894
16328,1632.8,6.6896
16329,1632.9,6.6898
16330,1633.0,6.69
16331,1633.1,6.6904
16332,1633.2,6.690799999999999
16333,1633.3,6.6912
16334,1633.4,6.6916
16335,1633.5,6.691999999999999
16336,1633.6,6.6924
16337,1633.7,6.6928
16338,1633.8,6.693199999999999
16339,1633.9,6.6936
16340,1634.0,6.694
16341,1634.1,6.6944
16342,1634.2,6.694800000000001
16343,1634.3,6.6952
16344,1634.4,6.6956
16345,1634.5,6.696000000000001
16346,1634.6,6.696400000000001
16347,1634.7,6.6968000000000005
16348,1634.8,6.6972
16349,1634.9,6.6976
16350,1635.0,6.698
16351,1635.1,6.6986
16352,1635.2,6.6992
16353,1635.3,6.6998
16354,1635.4,6.700399999999999
16355,1635.5,6.7010000000000005
16356,1635.6,6.701599999999999
16357,1635.7,6.702199999999999
16358,1635.8,6.7028
16359,1635.9,6.7033999999999985
16360,1636.0,6.703999999999998
16361,1636.1,6.704599999999999
16362,1636.2,6.705199999999999
16363,1636.3,6.705799999999998
16364,1636.4,6.7063999999999995
16365,1636.5,6.706999999999999
16366,1636.6,6.7075999999999985
16367,1636.7,6.7082
16368,1636.8,6.708799999999999
16369,1636.9,6.709399999999999
16370,1637.0,6.71
16371,1637.1,6.710799999999999
16372,1637.2,6.711599999999999
16373,1637.3,6.712399999999998
16374,1637.4,6.7132
16375,1637.5,6.713999999999999
16376,1637.6,6.7147999999999985
16377,1637.7,6.715599999999999
16378,1637.8,6.716399999999999
16379,1637.9,6.717199999999998
16380,1638.0,6.718
16381,1638.1,6.718699999999999
16382,1638.2,6.7193999999999985
16383,1638.3,6.7201
16384,1638.4,6.7208
16385,1638.5,6.721499999999999
16386,1638.6,6.7222
16387,1638.7,6.722899999999999
16388,1638.8,6.723599999999999
16389,1638.9,6.7243
16390,1639.0,6.725
16391,1639.1,6.725799999999999
16392,1639.2,6.7266
16393,1639.3,6.7274
16394,1639.4,6.728199999999999
16395,1639.5,6.729000000000001
16396,1639.6,6.7298
16397,1639.7,6.730599999999999
16398,1639.8,6.731399999999999
16399,1639.9,6.732200000000001
16400,1640.0,6.733
16401,1640.1,6.733799999999999
16402,1640.2,6.7346
16403,1640.3,6.735399999999999
16404,1640.4,6.736199999999998
16405,1640.5,6.737
16406,1640.6,6.737799999999999
16407,1640.7,6.738599999999998
16408,1640.8,6.739399999999999
16409,1640.9,6.740199999999998
16410,1641.0,6.740999999999997
16411,1641.1,6.741899999999999
16412,1641.2,6.742799999999998
16413,1641.3,6.743699999999998
16414,1641.4,6.744599999999999
16415,1641.5,6.745499999999999
16416,1641.6,6.746399999999998
16417,1641.7,6.7473
16418,1641.8,6.748199999999999
16419,1641.9,6.7490999999999985
16420,1642.0,6.75
16421,1642.1,6.750799999999999
16422,1642.2,6.751599999999999
16423,1642.3,6.752399999999998
16424,1642.4,6.7532
16425,1642.5,6.753999999999999
16426,1642.6,6.754799999999999
16427,1642.7,6.755599999999999
16428,1642.8,6.756399999999999
16429,1642.9,6.757199999999998
16430,1643.0,6.758
16431,1643.1,6.758799999999999
16432,1643.2,6.759599999999999
16433,1643.3,6.760400000000001
16434,1643.4,6.7612
16435,1643.5,6.761999999999999
16436,1643.6,6.7628
16437,1643.7,6.763599999999999
16438,1643.8,6.764399999999999
16439,1643.9,6.765200000000001
16440,1644.0,6.766
16441,1644.1,6.766699999999999
16442,1644.2,6.7674
16443,1644.3,6.7681000000000004
16444,1644.4,6.7688
16445,1644.5,6.769500000000001
16446,1644.6,6.7702
16447,1644.7,6.770899999999999
16448,1644.8,6.771599999999999
16449,1644.9,6.7723
16450,1645.0,6.773
16451,1645.1,6.773699999999999
16452,1645.2,6.7744
16453,1645.3,6.775099999999999
16454,1645.4,6.7757999999999985
16455,1645.5,6.7765
16456,1645.6,6.7772
16457,1645.7,6.777899999999999
16458,1645.8,6.7786
16459,1645.9,6.779299999999999
16460,1646.0,6.7799999999999985
16461,1646.1,6.7806999999999995
16462,1646.2,6.781399999999999
16463,1646.3,6.782099999999998
16464,1646.4,6.7828
16465,1646.5,6.783499999999999
16466,1646.6,6.7841999999999985
16467,1646.7,6.7848999999999995
16468,1646.8,6.7856
16469,1646.9,6.786299999999999
16470,1647.0,6.787
16471,1647.1,6.787599999999999
16472,1647.2,6.788199999999999
16473,1647.3,6.788799999999998
16474,1647.4,6.7894
16475,1647.5,6.789999999999999
16476,1647.6,6.790599999999999
16477,1647.7,6.7912
16478,1647.8,6.791799999999999
16479,1647.9,6.792399999999999
16480,1648.0,6.793
16481,1648.1,6.7935
16482,1648.2,6.794
16483,1648.3,6.7945
16484,1648.4,6.795
16485,1648.5,6.7955
16486,1648.6,6.796
16487,1648.7,6.7965
16488,1648.8,6.797
16489,1648.9,6.7975
16490,1649.0,6.798
16491,1649.1,6.7984
16492,1649.2,6.798800000000001
16493,1649.3,6.7992
16494,1649.4,6.7996
16495,1649.5,6.800000000000001
16496,1649.6,6.8004
16497,1649.7,6.8008
16498,1649.8,6.801199999999999
16499,1649.9,6.8016
16500,1650.0,6.802
16501,1650.1,6.8024
16502,1650.2,6.8027999999999995
16503,1650.3,6.8031999999999995
16504,1650.4,6.803599999999999
16505,1650.5,6.804
16506,1650.6,6.804399999999999
16507,1650.7,6.804799999999999
16508,1650.8,6.8052
16509,1650.9,6.805599999999999
16510,1651.0,6.805999999999999
16511,1651.1,6.8062
16512,1651.2,6.8064
16513,1651.3,6.8065999999999995
16514,1651.4,6.8068
16515,1651.5,6.8069999999999995
16516,1651.6,6.807199999999999
16517,1651.7,6.8073999999999995
16518,1651.8,6.8076
16519,1651.9,6.807799999999999
16520,1652.0,6.808
16521,1652.1,6.808199999999999
16522,1652.2,6.8084
16523,1652.3,6.808599999999999
16524,1652.4,6.8088
16525,1652.5,6.808999999999999
16526,1652.6,6.809199999999999
16527,1652.7,6.809399999999999
16528,1652.8,6.8096
16529,1652.9,6.809799999999999
16530,1653.0,6.81
16531,1653.1,6.81
16532,1653.2,6.81
16533,1653.3,6.81
16534,1653.4,6.81
16535,1653.5,6.81
16536,1653.6,6.81
16537,1653.7,6.81
16538,1653.8,6.81
16539,1653.9,6.81
16540,1654.0,6.81
16541,1654.1,6.81
16542,1654.2,6.81
16543,1654.3,6.81
16544,1654.4,6.81
16545,1654.5,6.81
16546,1654.6,6.81
16547,1654.7,6.81
16548,1654.8,6.81
16549,1654.9,6.81
16550,1655.0,6.81
16551,1655.1,6.8098
16552,1655.2,6.8096
16553,1655.3,6.8094
16554,1655.4,6.8092
16555,1655.5,6.808999999999999
16556,1655.6,6.8088
16557,1655.7,6.8086
16558,1655.8,6.8084
16559,1655.9,6.8082
16560,1656.0,6.808000000000001
16561,1656.1,6.8078
16562,1656.2,6.8076
16563,1656.3,6.8074
16564,1656.4,6.8072
16565,1656.5,6.807
16566,1656.6,6.806800000000001
16567,1656.7,6.8066
16568,1656.8,6.8064
16569,1656.9,6.8062000000000005
16570,1657.0,6.806
16571,1657.1,6.8056
16572,1657.2,6.805200000000001
16573,1657.3,6.804800000000001
16574,1657.4,6.8044
16575,1657.5,6.804
16576,1657.6,6.8036
16577,1657.7,6.8031999999999995
16578,1657.8,6.8028
16579,1657.9,6.8024000000000004
16580,1658.0,6.802
16581,1658.1,6.8016
16582,1658.2,6.801200000000001
16583,1658.3,6.8008
16584,1658.4,6.8004
16585,1658.5,6.800000000000001
16586,1658.6,6.7996
16587,1658.7,6.7992
16588,1658.8,6.798800000000001
16589,1658.9,6.7984
16590,1659.0,6.798
16591,1659.1,6.7975
16592,1659.2,6.797
16593,1659.3,6.7965
16594,1659.4,6.796
16595,1659.5,6.7955
16596,1659.6,6.795
16597,1659.7,6.7945
16598,1659.8,6.7940000000000005
16599,1659.9,6.7935
16600,1660.0,6.793
16601,1660.1,6.792400000000001
16602,1660.2,6.791799999999999
16603,1660.3,6.791200000000001
16604,1660.4,6.790600000000001
16605,1660.5,6.79
16606,1660.6,6.7894000000000005
16607,1660.7,6.788800000000001
16608,1660.8,6.788200000000001
16609,1660.9,6.787600000000001
16610,1661.0,6.787000000000002
16611,1661.1,6.786300000000001
16612,1661.2,6.785600000000001
16613,1661.3,6.784900000000002
16614,1661.4,6.7842
16615,1661.5,6.783500000000001
16616,1661.6,6.782800000000002
16617,1661.7,6.782100000000001
16618,1661.8,6.7814000000000005
16619,1661.9,6.780700000000001
16620,1662.0,6.78
16621,1662.1,6.779300000000001
16622,1662.2,6.778600000000002
16623,1662.3,6.777900000000002
16624,1662.4,6.777200000000001
16625,1662.5,6.776500000000001
16626,1662.6,6.775800000000001
16627,1662.7,6.7751
16628,1662.8,6.774400000000001
16629,1662.9,6.773700000000001
16630,1663.0,6.773
16631,1663.1,6.772200000000001
16632,1663.2,6.771400000000001
16633,1663.3,6.770599999999999
16634,1663.4,6.7698
16635,1663.5,6.769000000000001
16636,1663.6,6.768199999999999
16637,1663.7,6.7674
16638,1663.8,6.7666
16639,1663.9,6.765799999999999
16640,1664.0,6.765
16641,1664.1,6.764200000000001
16642,1664.2,6.763399999999999
16643,1664.3,6.762599999999999
16644,1664.4,6.7618
16645,1664.5,6.760999999999998
16646,1664.6,6.760199999999999
16647,1664.7,6.7594
16648,1664.8,6.7586
16649,1664.9,6.757799999999999
16650,1665.0,6.757
16651,1665.1,6.756200000000001
16652,1665.2,6.755399999999999
16653,1665.3,6.7546
16654,1665.4,6.753800000000001
16655,1665.5,6.753
16656,1665.6,6.7522
16657,1665.7,6.751400000000001
16658,1665.8,6.7506
16659,1665.9,6.749800000000001
16660,1666.0,6.749000000000002
16661,1666.1,6.748200000000001
16662,1666.2,6.747400000000001
16663,1666.3,6.746600000000002
16664,1666.4,6.7458
16665,1666.5,6.745000000000001
16666,1666.6,6.744200000000001
16667,1666.7,6.7434
16668,1666.8,6.7426
16669,1666.9,6.741800000000001
16670,1667.0,6.741
16671,1667.1,6.740200000000001
16672,1667.2,6.739400000000001
16673,1667.3,6.738600000000002
16674,1667.4,6.7378
16675,1667.5,6.737000000000001
16676,1667.6,6.736200000000001
16677,1667.7,6.7354
16678,1667.8,6.7346
16679,1667.9,6.733800000000001
16680,1668.0,6.733
16681,1668.1,6.7323
16682,1668.2,6.731600000000001
16683,1668.3,6.730899999999999
16684,1668.4,6.7302
16685,1668.5,6.729500000000001
16686,1668.6,6.7288
16687,1668.7,6.7281
16688,1668.8,6.7274
16689,1668.9,6.726699999999999
16690,1669.0,6.726
16691,1669.1,6.725300000000001
16692,1669.2,6.7246
16693,1669.3,6.7238999999999995
16694,1669.4,6.7232
16695,1669.5,6.722499999999999
16696,1669.6,6.7218
16697,1669.7,6.721100000000001
16698,1669.8,6.720400000000001
16699,1669.9,6.7197
16700,1670.0,6.719
16701,1670.1,6.718400000000001
16702,1670.2,6.7177999999999995
16703,1670.3,6.717200000000001
16704,1670.4,6.7166000000000015
16705,1670.5,6.716
16706,1670.6,6.715400000000001
16707,1670.7,6.714800000000001
16708,1670.8,6.714200000000001
16709,1670.9,6.713600000000001
16710,1671.0,6.713000000000002
16711,1671.1,6.7125
16712,1671.2,6.712000000000001
16713,1671.3,6.711500000000002
16714,1671.4,6.711
16715,1671.5,6.710500000000001
16716,1671.6,6.710000000000001
16717,1671.7,6.7095
16718,1671.8,6.7090000000000005
16719,1671.9,6.708500000000001
16720,1672.0,6.708
16721,1672.1,6.7076
16722,1672.2,6.707200000000001
16723,1672.3,6.706800000000001
16724,1672.4,6.7064
16725,1672.5,6.706
16726,1672.6,6.7056000000000004
16727,1672.7,6.7052
16728,1672.8,6.7048000000000005
16729,1672.9,6.704400000000001
16730,1673.0,6.704
16731,1673.1,6.7036999999999995
16732,1673.2,6.7034
16733,1673.3,6.703099999999999
16734,1673.4,6.7028
16735,1673.5,6.7025
16736,1673.6,6.7021999999999995
16737,1673.7,6.7019
16738,1673.8,6.7016
16739,1673.9,6.7013
16740,1674.0,6.701
16741,1674.1,6.7009
16742,1674.2,6.700799999999999
16743,1674.3,6.700699999999999
16744,1674.4,6.7006
16745,1674.5,6.7005
16746,1674.6,6.7004
16747,1674.7,6.7003
16748,1674.8,6.700200000000001
16749,1674.9,6.7001
16750,1675.0,6.7
16751,1675.1,6.6999
16752,1675.2,6.6998
16753,1675.3,6.6997
16754,1675.4,6.6996
16755,1675.5,6.6995000000000005
16756,1675.6,6.6994
16757,1675.7,6.6993
16758,1675.8,6.6992
16759,1675.9,6.6991
16760,1676.0,6.699
16761,1676.1,6.6991
16762,1676.2,6.699199999999999
16763,1676.3,6.6993
16764,1676.4,6.6994
16765,1676.5,6.6995
16766,1676.6,6.6996
16767,1676.7,6.6997
16768,1676.8,6.6998
16769,1676.9,6.6998999999999995
16770,1677.0,6.7
16771,1677.1,6.7002
16772,1677.2,6.7004
16773,1677.3,6.7006
16774,1677.4,6.7008
16775,1677.5,6.701
16776,1677.6,6.701199999999999
16777,1677.7,6.7014
16778,1677.8,6.7016
16779,1677.9,6.7017999999999995
16780,1678.0,6.702
16781,1678.1,6.7023
16782,1678.2,6.7025999999999994
16783,1678.3,6.7029
16784,1678.4,6.7032
16785,1678.5,6.7035
16786,1678.6,6.7038
16787,1678.7,6.7041
16788,1678.8,6.7044
16789,1678.9,6.7047
16790,1679.0,6.705
16791,1679.1,6.7055
16792,1679.2,6.706
16793,1679.3,6.7065
16794,1679.4,6.707
16795,1679.5,6.7075000000000005
16796,1679.6,6.708
16797,1679.7,6.7085
16798,1679.8,6.709
16799,1679.9,6.7095
16800,1680.0,6.71
16801,1680.1,6.7105999999999995
16802,1680.2,6.711200000000001
16803,1680.3,6.711799999999999
16804,1680.4,6.712399999999999
16805,1680.5,6.713
16806,1680.6,6.7136
16807,1680.7,6.714199999999999
16808,1680.8,6.714799999999999
16809,1680.9,6.715399999999999
16810,1681.0,6.715999999999998
16811,1681.1,6.7166
16812,1681.2,6.717199999999999
16813,1681.3,6.717799999999999
16814,1681.4,6.7184
16815,1681.5,6.718999999999999
16816,1681.6,6.719599999999999
16817,1681.7,6.7202
16818,1681.8,6.7208
16819,1681.9,6.721399999999999
16820,1682.0,6.722
16821,1682.1,6.7227
16822,1682.2,6.723399999999999
16823,1682.3,6.724099999999998
16824,1682.4,6.7248
16825,1682.5,6.725499999999999
16826,1682.6,6.726199999999999
16827,1682.7,6.7269
16828,1682.8,6.7276
16829,1682.9,6.728299999999999
16830,1683.0,6.729
16831,1683.1,6.729799999999999
16832,1683.2,6.730599999999999
16833,1683.3,6.731400000000001
16834,1683.4,6.7322
16835,1683.5,6.732999999999999
16836,1683.6,6.7338000000000005
16837,1683.7,6.7345999999999995
16838,1683.8,6.735399999999999
16839,1683.9,6.736200000000001
16840,1684.0,6.737
16841,1684.1,6.737799999999999
16842,1684.2,6.738600000000001
16843,1684.3,6.739400000000001
16844,1684.4,6.7402
16845,1684.5,6.741000000000001
16846,1684.6,6.7418000000000005
16847,1684.7,6.7425999999999995
16848,1684.8,6.743399999999999
16849,1684.9,6.744200000000001
16850,1685.0,6.745
16851,1685.1,6.745899999999999
16852,1685.2,6.7468
16853,1685.3,6.747699999999999
16854,1685.4,6.748599999999998
16855,1685.5,6.749499999999999
16856,1685.6,6.750399999999999
16857,1685.7,6.751299999999998
16858,1685.8,6.752199999999999
16859,1685.9,6.753099999999998
16860,1686.0,6.753999999999997
16861,1686.1,6.754799999999999
16862,1686.2,6.7555999999999985
16863,1686.3,6.7563999999999975
16864,1686.4,6.757199999999999
16865,1686.5,6.757999999999998
16866,1686.6,6.758799999999998
16867,1686.7,6.759599999999999
16868,1686.8,6.760399999999999
16869,1686.9,6.761199999999998
16870,1687.0,6.762
16871,1687.1,6.762799999999999
16872,1687.2,6.7635999999999985
16873,1687.3,6.7643999999999975
16874,1687.4,6.765199999999999
16875,1687.5,6.765999999999998
16876,1687.6,6.766799999999998
16877,1687.7,6.767599999999999
16878,1687.8,6.768399999999999
16879,1687.9,6.769199999999998
16880,1688.0,6.77
16881,1688.1,6.770699999999999
16882,1688.2,6.771399999999998
16883,1688.3,6.7721
16884,1688.4,6.772799999999999
16885,1688.5,6.7734999999999985
16886,1688.6,6.7742
16887,1688.7,6.7749
16888,1688.8,6.775599999999999
16889,1688.9,6.776300000000001
16890,1689.0,6.777
16891,1689.1,6.777699999999999
16892,1689.2,6.7784
16893,1689.3,6.779100000000001
16894,1689.4,6.7798
16895,1689.5,6.780500000000001
16896,1689.6,6.7812
16897,1689.7,6.781899999999999
16898,1689.8,6.7825999999999995
16899,1689.9,6.7833000000000006
16900,1690.0,6.784
16901,1690.1,6.7844999999999995
16902,1690.2,6.785
16903,1690.3,6.7855
16904,1690.4,6.785999999999999
16905,1690.5,6.7865
16906,1690.6,6.786999999999999
16907,1690.7,6.787499999999999
16908,1690.8,6.787999999999999
16909,1690.9,6.788499999999999
16910,1691.0,6.788999999999998
16911,1691.1,6.789499999999999
16912,1691.2,6.789999999999999
16913,1691.3,6.790499999999998
16914,1691.4,6.7909999999999995
16915,1691.5,6.791499999999999
16916,1691.6,6.791999999999999
16917,1691.7,6.7924999999999995
16918,1691.8,6.792999999999999
16919,1691.9,6.793499999999999
16920,1692.0,6.794
16921,1692.1,6.7943
16922,1692.2,6.794599999999999
16923,1692.3,6.794899999999999
16924,1692.4,6.7951999999999995
16925,1692.5,6.7955
16926,1692.6,6.795799999999999
16927,1692.7,6.7961
16928,1692.8,6.796399999999999
16929,1692.9,6.7966999999999995
16930,1693.0,6.797
16931,1693.1,6.797199999999999
16932,1693.2,6.7974
16933,1693.3,6.7976
16934,1693.4,6.7978
16935,1693.5,6.798
16936,1693.6,6.7982000000000005
16937,1693.7,6.7984
16938,1693.8,6.7986
16939,1693.9,6.798800000000001
16940,1694.0,6.799
16941,1694.1,6.7991
16942,1694.2,6.799200000000001
16943,1694.3,6.799300000000001
16944,1694.4,6.7994
16945,1694.5,6.7995
16946,1694.6,6.7996
16947,1694.7,6.7997
16948,1694.8,6.799799999999999
16949,1694.9,6.7999
16950,1695.0,6.8
16951,1695.1,6.7999
16952,1695.2,6.7998
16953,1695.3,6.7997
16954,1695.4,6.7996
16955,1695.5,6.7995
16956,1695.6,6.7994
16957,1695.7,6.799300000000001
16958,1695.8,6.7992
16959,1695.9,6.7991
16960,1696.0,6.799
16961,1696.1,6.798800000000001
16962,1696.2,6.7986
16963,1696.3,6.798400000000001
16964,1696.4,6.7982000000000005
16965,1696.5,6.798
16966,1696.6,6.7978000000000005
16967,1696.7,6.7976
16968,1696.8,6.7974
16969,1696.9,6.7972
16970,1697.0,6.797
16971,1697.1,6.7966999999999995
16972,1697.2,6.7964
16973,1697.3,6.7961
16974,1697.4,6.7958
16975,1697.5,6.7955
16976,1697.6,6.7952
16977,1697.7,6.794899999999999
16978,1697.8,6.7946
16979,1697.9,6.7943
16980,1698.0,6.794
16981,1698.1,6.7935
16982,1698.2,6.793
16983,1698.3,6.7924999999999995
16984,1698.4,6.792
16985,1698.5,6.7915
16986,1698.6,6.7909999999999995
16987,1698.7,6.7905
16988,1698.8,6.79
16989,1698.9,6.789499999999999
16990,1699.0,6.789
16991,1699.1,6.7885
16992,1699.2,6.787999999999999
16993,1699.3,6.7875
16994,1699.4,6.787
16995,1699.5,6.786499999999999
16996,1699.6,6.786
16997,1699.7,6.7855
16998,1699.8,6.785
16999,1699.9,6.7844999999999995
17000,1700.0,6.784
17001,1700.1,6.7834
17002,1700.2,6.782799999999999
17003,1700.3,6.7822000000000005
17004,1700.4,6.781600000000001
17005,1700.5,6.781
17006,1700.6,6.7804
17007,1700.7,6.779800000000001
17008,1700.8,6.7792
17009,1700.9,6.778600000000001
17010,1701.0,6.778000000000001
17011,1701.1,6.7773
17012,1701.2,6.776600000000001
17013,1701.3,6.775900000000002
17014,1701.4,6.7752
17015,1701.5,6.774500000000001
17016,1701.6,6.773800000000001
17017,1701.7,6.7731
17018,1701.8,6.7724
17019,1701.9,6.771700000000001
17020,1702.0,6.771
17021,1702.1,6.770300000000001
17022,1702.2,6.769600000000001
17023,1702.3,6.768900000000002
17024,1702.4,6.7682
17025,1702.5,6.767500000000001
17026,1702.6,6.766800000000002
17027,1702.7,6.766100000000001
17028,1702.8,6.7654000000000005
17029,1702.9,6.764700000000001
17030,1703.0,6.764
17031,1703.1,6.763300000000001
17032,1703.2,6.762600000000002
17033,1703.3,6.7619
17034,1703.4,6.7612000000000005
17035,1703.5,6.760500000000001
17036,1703.6,6.759799999999999
17037,1703.7,6.7591
17038,1703.8,6.758400000000001
17039,1703.9,6.757699999999999
17040,1704.0,6.757
17041,1704.1,6.7563
17042,1704.2,6.755599999999999
17043,1704.3,6.754899999999999
17044,1704.4,6.7542
17045,1704.5,6.753499999999999
17046,1704.6,6.7528
17047,1704.7,6.7521
17048,1704.8,6.7514
17049,1704.9,6.750699999999999
17050,1705.0,6.75
17051,1705.1,6.749300000000001
17052,1705.2,6.7486
17053,1705.3,6.7479000000000005
17054,1705.4,6.747200000000001
17055,1705.5,6.7465
17056,1705.6,6.745800000000001
17057,1705.7,6.745100000000002
17058,1705.8,6.744400000000001
17059,1705.9,6.743700000000001
17060,1706.0,6.743000000000002
17061,1706.1,6.742400000000001
17062,1706.2,6.741800000000001
17063,1706.3,6.741200000000002
17064,1706.4,6.740600000000001
17065,1706.5,6.740000000000001
17066,1706.6,6.739400000000002
17067,1706.7,6.7388
17068,1706.8,6.738200000000001
17069,1706.9,6.737600000000001
17070,1707.0,6.737
17071,1707.1,6.736400000000001
17072,1707.2,6.735800000000001
17073,1707.3,6.735200000000002
17074,1707.4,6.7346
17075,1707.5,6.734000000000001
17076,1707.6,6.733400000000001
17077,1707.7,6.7328
17078,1707.8,6.732200000000001
17079,1707.9,6.731600000000001
17080,1708.0,6.731
17081,1708.1,6.7305
17082,1708.2,6.73
17083,1708.3,6.7295
17084,1708.4,6.729
17085,1708.5,6.7285
17086,1708.6,6.728
17087,1708.7,6.7275
17088,1708.8,6.727
17089,1708.9,6.7265
17090,1709.0,6.726
17091,1709.1,6.7256
17092,1709.2,6.725199999999999
17093,1709.3,6.7248
17094,1709.4,6.7244
17095,1709.5,6.723999999999999
17096,1709.6,6.7236
17097,1709.7,6.7232
17098,1709.8,6.722800000000001
17099,1709.9,6.7224
17100,1710.0,6.722
17101,1710.1,6.721700000000001
17102,1710.2,6.7214
17103,1710.3,6.721100000000001
17104,1710.4,6.7208000000000006
17105,1710.5,6.7205
17106,1710.6,6.720200000000001
17107,1710.7,6.719900000000001
17108,1710.8,6.719600000000001
17109,1710.9,6.7193000000000005
17110,1711.0,6.719000000000001
17111,1711.1,6.718800000000001
17112,1711.2,6.7186
17113,1711.3,6.718400000000001
17114,1711.4,6.7182
17115,1711.5,6.718
17116,1711.6,6.7178
17117,1711.7,6.7176
17118,1711.8,6.7174
17119,1711.9,6.7172
17120,1712.0,6.717
17121,1712.1,6.717
17122,1712.2,6.717
17123,1712.3,6.717
17124,1712.4,6.717
17125,1712.5,6.717
17126,1712.6,6.717
17127,1712.7,6.717
17128,1712.8,6.717
17129,1712.9,6.717
17130,1713.0,6.717
17131,1713.1,6.717
17132,1713.2,6.717
17133,1713.3,6.717
17134,1713.4,6.717
17135,1713.5,6.717
17136,1713.6,6.717
17137,1713.7,6.717
17138,1713.8,6.717
17139,1713.9,6.717
17140,1714.0,6.717
17141,1714.1,6.717199999999999
17142,1714.2,6.7174
17143,1714.3,6.7176
17144,1714.4,6.7177999999999995
17145,1714.5,6.718
17146,1714.6,6.7182
17147,1714.7,6.7184
17148,1714.8,6.7186
17149,1714.9,6.718800000000001
17150,1715.0,6.719
17151,1715.1,6.7192
17152,1715.2,6.7194
17153,1715.3,6.7196
17154,1715.4,6.7198
17155,1715.5,6.720000000000001
17156,1715.6,6.7202
17157,1715.7,6.7204
17158,1715.8,6.7206
17159,1715.9,6.7208
17160,1716.0,6.720999999999999
17161,1716.1,6.7214
17162,1716.2,6.721799999999999
17163,1716.3,6.722199999999999
17164,1716.4,6.7226
17165,1716.5,6.722999999999999
17166,1716.6,6.723399999999999
17167,1716.7,6.7238
17168,1716.8,6.724199999999999
17169,1716.9,6.724599999999999
17170,1717.0,6.725
17171,1717.1,6.7254
17172,1717.2,6.725799999999999
17173,1717.3,6.726199999999999
17174,1717.4,6.7265999999999995
17175,1717.5,6.726999999999999
17176,1717.6,6.727399999999999
17177,1717.7,6.7278
17178,1717.8,6.728199999999999
17179,1717.9,6.728599999999999
17180,1718.0,6.729
17181,1718.1,6.7295
17182,1718.2,6.7299999999999995
17183,1718.3,6.7305
17184,1718.4,6.731
17185,1718.5,6.7315
17186,1718.6,6.732
17187,1718.7,6.7325
17188,1718.8,6.733
17189,1718.9,6.7335
17190,1719.0,6.734
17191,1719.1,6.7345999999999995
17192,1719.2,6.735200000000001
17193,1719.3,6.7358
17194,1719.4,6.7364
17195,1719.5,6.737000000000001
17196,1719.6,6.7376000000000005
17197,1719.7,6.7382
17198,1719.8,6.7387999999999995
17199,1719.9,6.739400000000001
17200,1720.0,6.74
17201,1720.1,6.7406
17202,1720.2,6.741200000000001
17203,1720.3,6.7418
17204,1720.4,6.742399999999999
17205,1720.5,6.743
17206,1720.6,6.7436
17207,1720.7,6.744199999999999
17208,1720.8,6.7448
17209,1720.9,6.745399999999999
17210,1721.0,6.745999999999999
17211,1721.1,6.7466
17212,1721.2,6.747199999999999
17213,1721.3,6.747799999999999
17214,1721.4,6.7484
17215,1721.5,6.749
17216,1721.6,6.749599999999998
17217,1721.7,6.7501999999999995
17218,1721.8,6.750799999999999
17219,1721.9,6.7513999999999985
17220,1722.0,6.752
17221,1722.1,6.752699999999999
17222,1722.2,6.753399999999998
17223,1722.3,6.754099999999998
17224,1722.4,6.7547999999999995
17225,1722.5,6.755499999999999
17226,1722.6,6.756199999999999
17227,1722.7,6.7569
17228,1722.8,6.757599999999999
17229,1722.9,6.758299999999999
17230,1723.0,6.759
17231,1723.1,6.7596
17232,1723.2,6.760199999999999
17233,1723.3,6.760800000000001
17234,1723.4,6.7614
17235,1723.5,6.762
17236,1723.6,6.7626
17237,1723.7,6.763199999999999
17238,1723.8,6.763799999999999
17239,1723.9,6.7644
17240,1724.0,6.765
17241,1724.1,6.765599999999999
17242,1724.2,6.7662
17243,1724.3,6.7668
17244,1724.4,6.767399999999999
17245,1724.5,6.768000000000001
17246,1724.6,6.7686
17247,1724.7,6.7692
17248,1724.8,6.769799999999999
17249,1724.9,6.7704
17250,1725.0,6.771
17251,1725.1,6.771599999999999
17252,1725.2,6.772200000000001
17253,1725.3,6.772799999999999
17254,1725.4,6.773399999999999
17255,1725.5,6.774
17256,1725.6,6.7745999999999995
17257,1725.7,6.775199999999999
17258,1725.8,6.775799999999999
17259,1725.9,6.776399999999999
17260,1726.0,6.776999999999998
17261,1726.1,6.7776
17262,1726.2,6.778199999999999
17263,1726.3,6.778799999999999
17264,1726.4,6.7794
17265,1726.5,6.779999999999999
17266,1726.6,6.780599999999999
17267,1726.7,6.7812
17268,1726.8,6.7818
17269,1726.9,6.782399999999999
17270,1727.0,6.783
17271,1727.1,6.7834
17272,1727.2,6.783799999999999
17273,1727.3,6.784199999999999
17274,1727.4,6.7846
17275,1727.5,6.784999999999999
17276,1727.6,6.785399999999999
17277,1727.7,6.7858
17278,1727.8,6.786199999999999
17279,1727.9,6.786599999999999
17280,1728.0,6.787
17281,1728.1,6.7874
17282,1728.2,6.787799999999999
17283,1728.3,6.7882
17284,1728.4,6.7886
17285,1728.5,6.789
17286,1728.6,6.7894000000000005
17287,1728.7,6.7898000000000005
17288,1728.8,6.7902
17289,1728.9,6.7906
17290,1729.0,6.791
17291,1729.1,6.7913
17292,1729.2,6.791600000000001
17293,1729.3,6.7919
17294,1729.4,6.7922
17295,1729.5,6.7925
17296,1729.6,6.7928
17297,1729.7,6.7931
17298,1729.8,6.793399999999999
17299,1729.9,6.7937
17300,1730.0,6.794
17301,1730.1,6.794299999999999
17302,1730.2,6.7946
17303,1730.3,6.794899999999999
17304,1730.4,6.7951999999999995
17305,1730.5,6.7955
17306,1730.6,6.795799999999999
17307,1730.7,6.796099999999999
17308,1730.8,6.796399999999999
17309,1730.9,6.7966999999999995
17310,1731.0,6.796999999999999
17311,1731.1,6.7970999999999995
17312,1731.2,6.797199999999999
17313,1731.3,6.7973
17314,1731.4,6.7974
17315,1731.5,6.797499999999999
17316,1731.6,6.7976
17317,1731.7,6.7977
17318,1731.8,6.7978
17319,1731.9,6.797899999999999
17320,1732.0,6.798
17321,1732.1,6.7981
17322,1732.2,6.7982
17323,1732.3,6.7983
17324,1732.4,6.7984
17325,1732.5,6.7985
17326,1732.6,6.7986
17327,1732.7,6.7987
17328,1732.8,6.7988
17329,1732.9,6.7989
17330,1733.0,6.799
17331,1733.1,6.798900000000001
17332,1733.2,6.798800000000001
17333,1733.3,6.7987
17334,1733.4,6.7986
17335,1733.5,6.798500000000001
17336,1733.6,6.7984
17337,1733.7,6.7983
17338,1733.8,6.7982000000000005
17339,1733.9,6.7981
17340,1734.0,6.798
17341,1734.1,6.7979
17342,1734.2,6.7978
17343,1734.3,6.7977
17344,1734.4,6.7976
17345,1734.5,6.797499999999999
17346,1734.6,6.7974
17347,1734.7,6.7973
17348,1734.8,6.7972
17349,1734.9,6.7970999999999995
17350,1735.0,6.797
17351,1735.1,6.7968
17352,1735.2,6.7966
17353,1735.3,6.7964
17354,1735.4,6.7962
17355,1735.5,6.795999999999999
17356,1735.6,6.7958
17357,1735.7,6.7956
17358,1735.8,6.7954
17359,1735.9,6.7952
17360,1736.0,6.795000000000001
17361,1736.1,6.7947
17362,1736.2,6.7944
17363,1736.3,6.7941
17364,1736.4,6.7938
17365,1736.5,6.7935
17366,1736.6,6.793200000000001
17367,1736.7,6.7928999999999995
17368,1736.8,6.7926
17369,1736.9,6.7923
17370,1737.0,6.792
17371,1737.1,6.7917
17372,1737.2,6.7914
17373,1737.3,6.7911
17374,1737.4,6.7908
17375,1737.5,6.7905
17376,1737.6,6.7902000000000005
17377,1737.7,6.789899999999999
17378,1737.8,6.7896
17379,1737.9,6.7893
17380,1738.0,6.789
17381,1738.1,6.7886
17382,1738.2,6.788200000000001
17383,1738.3,6.7878
17384,1738.4,6.7874
17385,1738.5,6.787000000000001
17386,1738.6,6.7866
17387,1738.7,6.7862
17388,1738.8,6.785800000000001
17389,1738.9,6.7854
17390,1739.0,6.785
17391,1739.1,6.7845
17392,1739.2,6.784
17393,1739.3,6.7835
17394,1739.4,6.783
17395,1739.5,6.7825
17396,1739.6,6.782
17397,1739.7,6.7815
17398,1739.8,6.781000000000001
17399,1739.9,6.7805
17400,1740.0,6.78
17401,1740.1,6.7795000000000005
17402,1740.2,6.779
17403,1740.3,6.7785
17404,1740.4,6.778000000000001
17405,1740.5,6.7775
17406,1740.6,6.777000000000001
17407,1740.7,6.776500000000001
17408,1740.8,6.776000000000001
17409,1740.9,6.775500000000001
17410,1741.0,6.775000000000002
17411,1741.1,6.774400000000001
17412,1741.2,6.773800000000001
17413,1741.3,6.773200000000002
17414,1741.4,6.772600000000001
17415,1741.5,6.772000000000001
17416,1741.6,6.771400000000002
17417,1741.7,6.7708
17418,1741.8,6.770200000000001
17419,1741.9,6.769600000000001
17420,1742.0,6.769
17421,1742.1,6.768400000000001
17422,1742.2,6.767800000000001
17423,1742.3,6.767200000000002
17424,1742.4,6.7666
17425,1742.5,6.766000000000001
17426,1742.6,6.765400000000001
17427,1742.7,6.7648
17428,1742.8,6.764200000000001
17429,1742.9,6.763600000000001
17430,1743.0,6.763
17431,1743.1,6.7625
17432,1743.2,6.7620000000000005
17433,1743.3,6.7615
17434,1743.4,6.761
17435,1743.5,6.7605
17436,1743.6,6.76
17437,1743.7,6.7595
17438,1743.8,6.759
17439,1743.9,6.7585
17440,1744.0,6.758
17441,1744.1,6.7574000000000005
17442,1744.2,6.756799999999999
17443,1744.3,6.7562
17444,1744.4,6.7556
17445,1744.5,6.754999999999999
17446,1744.6,6.7543999999999995
17447,1744.7,6.7538
17448,1744.8,6.7532000000000005
17449,1744.9,6.752599999999999
17450,1745.0,6.752
17451,1745.1,6.7514
17452,1745.2,6.7508
17453,1745.3,6.7502
17454,1745.4,6.749600000000001
17455,1745.5,6.7490000000000006
17456,1745.6,6.748400000000001
17457,1745.7,6.747800000000002
17458,1745.8,6.7472
17459,1745.9,6.746600000000002
17460,1746.0,6.746000000000002
17461,1746.1,6.745400000000001
17462,1746.2,6.7448000000000015
17463,1746.3,6.744200000000002
17464,1746.4,6.743600000000001
17465,1746.5,6.743000000000001
17466,1746.6,6.742400000000002
17467,1746.7,6.7418000000000005
17468,1746.8,6.741200000000001
17469,1746.9,6.7406000000000015
17470,1747.0,6.74
17471,1747.1,6.7395000000000005
17472,1747.2,6.739000000000001
17473,1747.3,6.738500000000002
17474,1747.4,6.738
17475,1747.5,6.737500000000001
17476,1747.6,6.737000000000001
17477,1747.7,6.7365
17478,1747.8,6.736000000000001
17479,1747.9,6.735500000000001
17480,1748.0,6.735
17481,1748.1,6.734500000000001
17482,1748.2,6.734000000000001
17483,1748.3,6.7335
17484,1748.4,6.7330000000000005
17485,1748.5,6.732500000000001
17486,1748.6,6.732
17487,1748.7,6.7315000000000005
17488,1748.8,6.731000000000001
17489,1748.9,6.7305
17490,1749.0,6.73
17491,1749.1,6.729500000000001
17492,1749.2,6.729
17493,1749.3,6.7285
17494,1749.4,6.728000000000001
17495,1749.5,6.727499999999999
17496,1749.6,6.726999999999999
17497,1749.7,6.7265
17498,1749.8,6.726
17499,1749.9,6.725499999999999
17500,1750.0,6.725
17501,1750.1,6.724600000000001
17502,1750.2,6.7242
17503,1750.3,6.7238
17504,1750.4,6.723400000000001
17505,1750.5,6.723
17506,1750.6,6.722600000000001
17507,1750.7,6.722200000000001
17508,1750.8,6.7218
17509,1750.9,6.721400000000001
17510,1751.0,6.721000000000001
17511,1751.1,6.7207
17512,1751.2,6.720400000000001
17513,1751.3,6.7201
17514,1751.4,6.7198
17515,1751.5,6.7195
17516,1751.6,6.719200000000001
17517,1751.7,6.7189
17518,1751.8,6.7186
17519,1751.9,6.7183
17520,1752.0,6.718
17521,1752.1,6.7177
17522,1752.2,6.7174000000000005
17523,1752.3,6.7171
17524,1752.4,6.7168
17525,1752.5,6.7165
17526,1752.6,6.716200000000001
17527,1752.7,6.7158999999999995
17528,1752.8,6.7156
17529,1752.9,6.7153
17530,1753.0,6.715
17531,1753.1,6.7148
17532,1753.2,6.7146
17533,1753.3,6.7143999999999995
17534,1753.4,6.7142
17535,1753.5,6.714
17536,1753.6,6.7138
17537,1753.7,6.7136000000000005
17538,1753.8,6.7134
17539,1753.9,6.7132
17540,1754.0,6.713
17541,1754.1,6.7129
17542,1754.2,6.7128
17543,1754.3,6.7127
17544,1754.4,6.7126
17545,1754.5,6.7124999999999995
17546,1754.6,6.7124
17547,1754.7,6.7123
17548,1754.8,6.7122
17549,1754.9,6.7120999999999995
17550,1755.0,6.712
17551,1755.1,6.712
17552,1755.2,6.712
17553,1755.3,6.712
17554,1755.4,6.712
17555,1755.5,6.712
17556,1755.6,6.712
17557,1755.7,6.712
17558,1755.8,6.712
17559,1755.9,6.712
17560,1756.0,6.712
17561,1756.1,6.7120999999999995
17562,1756.2,6.712199999999999
17563,1756.3,6.7123
17564,1756.4,6.7124
17565,1756.5,6.7124999999999995
17566,1756.6,6.7126
17567,1756.7,6.7127
17568,1756.8,6.7128
17569,1756.9,6.712899999999999
17570,1757.0,6.713
17571,1757.1,6.7132
17572,1757.2,6.7134
17573,1757.3,6.7136
17574,1757.4,6.7138
17575,1757.5,6.7139999999999995
17576,1757.6,6.714199999999999
17577,1757.7,6.7143999999999995
17578,1757.8,6.7146
17579,1757.9,6.714799999999999
17580,1758.0,6.715
17581,1758.1,6.7153
17582,1758.2,6.715599999999999
17583,1758.3,6.7158999999999995
17584,1758.4,6.7162
17585,1758.5,6.7165
17586,1758.6,6.7168
17587,1758.7,6.7171
17588,1758.8,6.7174
17589,1758.9,6.7177
17590,1759.0,6.718
17591,1759.1,6.7184
17592,1759.2,6.718800000000001
17593,1759.3,6.7192
17594,1759.4,6.7196
17595,1759.5,6.720000000000001
17596,1759.6,6.720400000000001
17597,1759.7,6.7208000000000006
17598,1759.8,6.7212
17599,1759.9,6.7216000000000005
17600,1760.0,6.722
17601,1760.1,6.7225
17602,1760.2,6.723000000000001
17603,1760.3,6.7235000000000005
17604,1760.4,6.723999999999999
17605,1760.5,6.724500000000001
17606,1760.6,6.725
17607,1760.7,6.725499999999999
17608,1760.8,6.726
17609,1760.9,6.7265
17610,1761.0,6.7269999999999985
17611,1761.1,6.7275
17612,1761.2,6.728
17613,1761.3,6.728499999999999
17614,1761.4,6.729
17615,1761.5,6.7295
17616,1761.6,6.7299999999999995
17617,1761.7,6.7305
17618,1761.8,6.731
17619,1761.9,6.7315
17620,1762.0,6.732
17621,1762.1,6.7326
17622,1762.2,6.733199999999999
17623,1762.3,6.733799999999999
17624,1762.4,6.7344
17625,1762.5,6.734999999999999
17626,1762.6,6.735599999999999
17627,1762.7,6.7362
17628,1762.8,6.7368
17629,1762.9,6.737399999999999
17630,1763.0,6.738
17631,1763.1,6.7387
17632,1763.2,6.739399999999999
17633,1763.3,6.740100000000001
17634,1763.4,6.7408
17635,1763.5,6.741499999999999
17636,1763.6,6.7422
17637,1763.7,6.7429
17638,1763.8,6.7436
17639,1763.9,6.744300000000001
17640,1764.0,6.745
17641,1764.1,6.745699999999999
17642,1764.2,6.7464
17643,1764.3,6.7471000000000005
17644,1764.4,6.7478
17645,1764.5,6.748500000000001
17646,1764.6,6.7492
17647,1764.7,6.749899999999999
17648,1764.8,6.7505999999999995
17649,1764.9,6.7513000000000005
17650,1765.0,6.752
17651,1765.1,6.752799999999999
17652,1765.2,6.7536000000000005
17653,1765.3,6.7543999999999995
17654,1765.4,6.7551999999999985
17655,1765.5,6.756
17656,1765.6,6.756799999999999
17657,1765.7,6.757599999999998
17658,1765.8,6.758399999999999
17659,1765.9,6.759199999999998
17660,1766.0,6.759999999999997
17661,1766.1,6.760799999999999
17662,1766.2,6.761599999999999
17663,1766.3,6.762399999999998
17664,1766.4,6.763199999999999
17665,1766.5,6.7639999999999985
17666,1766.6,6.764799999999998
17667,1766.7,6.765599999999999
17668,1766.8,6.766399999999999
17669,1766.9,6.767199999999998
17670,1767.0,6.768
17671,1767.1,6.768799999999999
17672,1767.2,6.769599999999999
17673,1767.3,6.770399999999998
17674,1767.4,6.771199999999999
17675,1767.5,6.7719999999999985
17676,1767.6,6.772799999999998
17677,1767.7,6.773599999999999
17678,1767.8,6.774399999999999
17679,1767.9,6.775199999999998
17680,1768.0,6.776
17681,1768.1,6.776699999999999
17682,1768.2,6.777399999999998
17683,1768.3,6.7781
17684,1768.4,6.7787999999999995
17685,1768.5,6.779499999999999
17686,1768.6,6.780200000000001
17687,1768.7,6.7809
17688,1768.8,6.781599999999999
17689,1768.9,6.782300000000001
17690,1769.0,6.783
17691,1769.1,6.7837
17692,1769.2,6.784400000000001
17693,1769.3,6.785100000000001
17694,1769.4,6.7858
17695,1769.5,6.786500000000001
17696,1769.6,6.7872
17697,1769.7,6.7879
17698,1769.8,6.7886
17699,1769.9,6.789300000000001
17700,1770.0,6.79
17701,1770.1,6.790699999999999
17702,1770.2,6.7914
17703,1770.3,6.7921
17704,1770.4,6.792799999999999
17705,1770.5,6.7935
17706,1770.6,6.794199999999999
17707,1770.7,6.794899999999998
17708,1770.8,6.795599999999999
17709,1770.9,6.796299999999999
17710,1771.0,6.796999999999998
17711,1771.1,6.797599999999999
17712,1771.2,6.798199999999999
17713,1771.3,6.798799999999998
17714,1771.4,6.7993999999999994
17715,1771.5,6.799999999999999
17716,1771.6,6.800599999999998
17717,1771.7,6.8012
17718,1771.8,6.801799999999999
17719,1771.9,6.802399999999999
17720,1772.0,6.803
17721,1772.1,6.8035
17722,1772.2,6.803999999999999
17723,1772.3,6.804499999999998
17724,1772.4,6.805
17725,1772.5,6.805499999999999
17726,1772.6,6.805999999999999
17727,1772.7,6.8065
17728,1772.8,6.8069999999999995
17729,1772.9,6.807499999999999
17730,1773.0,6.808
17731,1773.1,6.8084
17732,1773.2,6.808799999999999
17733,1773.3,6.8092
17734,1773.4,6.8096
17735,1773.5,6.81
17736,1773.6,6.8104000000000005
17737,1773.7,6.8108
17738,1773.8,6.8111999999999995
17739,1773.9,6.8116
17740,1774.0,6.812
17741,1774.1,6.8123000000000005
17742,1774.2,6.812600000000001
17743,1774.3,6.8129
17744,1774.4,6.8132
17745,1774.5,6.8135
17746,1774.6,6.8138000000000005
17747,1774.7,6.814100000000001
17748,1774.8,6.8144
17749,1774.9,6.8147
17750,1775.0,6.815
17751,1775.1,6.8151
17752,1775.2,6.8152
17753,1775.3,6.815300000000001
17754,1775.4,6.8154
17755,1775.5,6.8155
17756,1775.6,6.8156
17757,1775.7,6.8157
17758,1775.8,6.8158
17759,1775.9,6.8159
17760,1776.0,6.816
17761,1776.1,6.8161
17762,1776.2,6.816199999999999
17763,1776.3,6.8163
17764,1776.4,6.8164
17765,1776.5,6.8165
17766,1776.6,6.8166
17767,1776.7,6.8167
17768,1776.8,6.8168
17769,1776.9,6.8168999999999995
17770,1777.0,6.817
17771,1777.1,6.816800000000001
17772,1777.2,6.8166
17773,1777.3,6.816400000000001
17774,1777.4,6.8162
17775,1777.5,6.816000000000001
17776,1777.6,6.815800000000001
17777,1777.7,6.815600000000001
17778,1777.8,6.8154
17779,1777.9,6.815200000000001
17780,1778.0,6.815
17781,1778.1,6.814800000000001
17782,1778.2,6.8146
17783,1778.3,6.8144
17784,1778.4,6.8142000000000005
17785,1778.5,6.814
17786,1778.6,6.8138
17787,1778.7,6.8136
17788,1778.8,6.8134
17789,1778.9,6.813199999999999
17790,1779.0,6.813
17791,1779.1,6.8126
17792,1779.2,6.812199999999999
17793,1779.3,6.8118
17794,1779.4,6.8114
17795,1779.5,6.810999999999999
17796,1779.6,6.8106
17797,1779.7,6.8102
17798,1779.8,6.809800000000001
17799,1779.9,6.8094
17800,1780.0,6.809
17801,1780.1,6.8085
17802,1780.2,6.808
17803,1780.3,6.8075
17804,1780.4,6.807000000000001
17805,1780.5,6.806500000000001
17806,1780.6,6.806000000000001
17807,1780.7,6.805500000000001
17808,1780.8,6.805000000000001
17809,1780.9,6.804500000000001
17810,1781.0,6.804000000000002
17811,1781.1,6.803400000000001
17812,1781.2,6.802800000000001
17813,1781.3,6.802200000000002
17814,1781.4,6.8016000000000005
17815,1781.5,6.801000000000001
17816,1781.6,6.8004000000000016
17817,1781.7,6.7998
17818,1781.8,6.799200000000001
17819,1781.9,6.798600000000001
17820,1782.0,6.798
17821,1782.1,6.797200000000001
17822,1782.2,6.796400000000001
17823,1782.3,6.795600000000002
17824,1782.4,6.7948
17825,1782.5,6.794000000000001
17826,1782.6,6.7932000000000015
17827,1782.7,6.792400000000001
17828,1782.8,6.791600000000001
17829,1782.9,6.790800000000002
17830,1783.0,6.79
17831,1783.1,6.789200000000001
17832,1783.2,6.788400000000001
17833,1783.3,6.787599999999999
17834,1783.4,6.7868
17835,1783.5,6.786000000000001
17836,1783.6,6.7852
17837,1783.7,6.784400000000001
17838,1783.8,6.783600000000001
17839,1783.9,6.782799999999999
17840,1784.0,6.782
17841,1784.1,6.7811
17842,1784.2,6.780199999999999
17843,1784.3,6.7793
17844,1784.4,6.7784
17845,1784.5,6.777499999999999
17846,1784.6,6.776599999999999
17847,1784.7,6.7757
17848,1784.8,6.774800000000001
17849,1784.9,6.773899999999999
17850,1785.0,6.773
17851,1785.1,6.772100000000001
17852,1785.2,6.771199999999999
17853,1785.3,6.770300000000001
17854,1785.4,6.769400000000002
17855,1785.5,6.7684999999999995
17856,1785.6,6.767600000000001
17857,1785.7,6.766700000000002
17858,1785.8,6.7658000000000005
17859,1785.9,6.764900000000002
17860,1786.0,6.764000000000003
17861,1786.1,6.763000000000001
17862,1786.2,6.762000000000002
17863,1786.3,6.761000000000003
17864,1786.4,6.760000000000001
17865,1786.5,6.759000000000001
17866,1786.6,6.758000000000002
17867,1786.7,6.757
17868,1786.8,6.756000000000001
17869,1786.9,6.755000000000002
17870,1787.0,6.754
17871,1787.1,6.753
17872,1787.2,6.752000000000002
17873,1787.3,6.751000000000002
17874,1787.4,6.75
17875,1787.5,6.749000000000001
17876,1787.6,6.748000000000002
17877,1787.7,6.747
17878,1787.8,6.746
17879,1787.9,6.745000000000002
17880,1788.0,6.744
17881,1788.1,6.743100000000001
17882,1788.2,6.742200000000001
17883,1788.3,6.7413
17884,1788.4,6.7404
17885,1788.5,6.739500000000001
17886,1788.6,6.7386
17887,1788.7,6.7377
17888,1788.8,6.7368000000000015
17889,1788.9,6.735899999999999
17890,1789.0,6.735
17891,1789.1,6.734100000000001
17892,1789.2,6.733199999999999
17893,1789.3,6.7323
17894,1789.4,6.731400000000001
17895,1789.5,6.730499999999999
17896,1789.6,6.7296
17897,1789.7,6.7287
17898,1789.8,6.727800000000001
17899,1789.9,6.7269
17900,1790.0,6.726
17901,1790.1,6.725100000000001
17902,1790.2,6.7242
17903,1790.3,6.7233
17904,1790.4,6.722400000000001
17905,1790.5,6.7215
17906,1790.6,6.720600000000001
17907,1790.7,6.719700000000002
17908,1790.8,6.7188
17909,1790.9,6.717900000000001
17910,1791.0,6.717000000000002
17911,1791.1,6.716200000000001
17912,1791.2,6.715400000000001
17913,1791.3,6.714600000000002
17914,1791.4,6.7138
17915,1791.5,6.713000000000001
17916,1791.6,6.712200000000001
17917,1791.7,6.7114
17918,1791.8,6.7106
17919,1791.9,6.709800000000001
17920,1792.0,6.709
17921,1792.1,6.7084
17922,1792.2,6.707800000000001
17923,1792.3,6.707200000000001
17924,1792.4,6.7066
17925,1792.5,6.706
17926,1792.6,6.705400000000002
17927,1792.7,6.7048000000000005
17928,1792.8,6.704200000000001
17929,1792.9,6.703600000000002
17930,1793.0,6.703
17931,1793.1,6.702400000000001
17932,1793.2,6.701800000000001
17933,1793.3,6.7012
17934,1793.4,6.7006000000000006
17935,1793.5,6.700000000000001
17936,1793.6,6.6994
17937,1793.7,6.6988
17938,1793.8,6.698200000000001
17939,1793.9,6.6975999999999996
17940,1794.0,6.697
17941,1794.1,6.6965
17942,1794.2,6.696
17943,1794.3,6.6955
17944,1794.4,6.695
17945,1794.5,6.6945
17946,1794.6,6.694
17947,1794.7,6.6935
17948,1794.8,6.6930000000000005
17949,1794.9,6.6925
17950,1795.0,6.692
17951,1795.1,6.691700000000001
17952,1795.2,6.6914
17953,1795.3,6.6911000000000005
17954,1795.4,6.6908
17955,1795.5,6.6905
17956,1795.6,6.690200000000001
17957,1795.7,6.689900000000001
17958,1795.8,6.6896
17959,1795.9,6.6893
17960,1796.0,6.689000000000001
17961,1796.1,6.6889
17962,1796.2,6.6888000000000005
17963,1796.3,6.6887
17964,1796.4,6.6886
17965,1796.5,6.6885
17966,1796.6,6.6884
17967,1796.7,6.6883
17968,1796.8,6.6882
17969,1796.9,6.6881
17970,1797.0,6.688
17971,1797.1,6.6879
17972,1797.2,6.6878
17973,1797.3,6.6877
17974,1797.4,6.6876
17975,1797.5,6.6875
17976,1797.6,6.6874
17977,1797.7,6.6873000000000005
17978,1797.8,6.687200000000001
17979,1797.9,6.6871
17980,1798.0,6.687
17981,1798.1,6.6872
17982,1798.2,6.6874
17983,1798.3,6.687600000000001
17984,1798.4,6.6878
17985,1798.5,6.688
17986,1798.6,6.6882
17987,1798.7,6.6884
17988,1798.8,6.6886
17989,1798.9,6.6888000000000005
17990,1799.0,6.689
17991,1799.1,6.6892
17992,1799.2,6.6894
17993,1799.3,6.6896
17994,1799.4,6.6898
17995,1799.5,6.69
17996,1799.6,6.6902
17997,1799.7,6.6903999999999995
17998,1799.8,6.6906
17999,1799.9,6.6908
18000,1800.0,6.691
18001,1800.1,6.6914
18002,1800.2,6.6918
18003,1800.3,6.6922
18004,1800.4,6.6926
18005,1800.5,6.693
18006,1800.6,6.6934
18007,1800.7,6.6937999999999995
18008,1800.8,6.6942
18009,1800.9,6.694599999999999
18010,1801.0,6.694999999999999
18011,1801.1,6.6955
18012,1801.2,6.696
18013,1801.3,6.696499999999999
18014,1801.4,6.697
18015,1801.5,6.6975
18016,1801.6,6.6979999999999995
18017,1801.7,6.6985
18018,1801.8,6.699
18019,1801.9,6.6995
18020,1802.0,6.7
18021,1802.1,6.7006
18022,1802.2,6.701199999999999
18023,1802.3,6.701799999999999
18024,1802.4,6.7024
18025,1802.5,6.702999999999999
18026,1802.6,6.703599999999999
18027,1802.7,6.7042
18028,1802.8,6.7048
18029,1802.9,6.705399999999999
18030,1803.0,6.706
18031,1803.1,6.706799999999999
18032,1803.2,6.707599999999999
18033,1803.3,6.708400000000001
18034,1803.4,6.7092
18035,1803.5,6.709999999999999
18036,1803.6,6.710800000000001
18037,1803.7,6.7116
18038,1803.8,6.7124
18039,1803.9,6.713200000000001
18040,1804.0,6.714
18041,1804.1,6.714799999999999
18042,1804.2,6.715600000000001
18043,1804.3,6.716400000000001
18044,1804.4,6.7172
18045,1804.5,6.718000000000002
18046,1804.6,6.718800000000001
18047,1804.7,6.7196
18048,1804.8,6.7204
18049,1804.9,6.721200000000001
18050,1805.0,6.722
18051,1805.1,6.722799999999999
18052,1805.2,6.723600000000001
18053,1805.3,6.7244
18054,1805.4,6.725199999999999
18055,1805.5,6.726000000000001
18056,1805.6,6.7268
18057,1805.7,6.727599999999999
18058,1805.8,6.7284
18059,1805.9,6.729199999999999
18060,1806.0,6.729999999999998
18061,1806.1,6.731
18062,1806.2,6.731999999999998
18063,1806.3,6.732999999999998
18064,1806.4,6.734
18065,1806.5,6.7349999999999985
18066,1806.6,6.735999999999998
18067,1806.7,6.737
18068,1806.8,6.7379999999999995
18069,1806.9,6.738999999999998
18070,1807.0,6.74
18071,1807.1,6.740899999999999
18072,1807.2,6.741799999999999
18073,1807.3,6.7426999999999975
18074,1807.4,6.7436
18075,1807.5,6.744499999999999
18076,1807.6,6.745399999999997
18077,1807.7,6.7463
18078,1807.8,6.7471999999999985
18079,1807.9,6.748099999999998
18080,1808.0,6.749
18081,1808.1,6.749999999999999
18082,1808.2,6.750999999999998
18083,1808.3,6.752
18084,1808.4,6.752999999999999
18085,1808.5,6.753999999999999
18086,1808.6,6.755000000000001
18087,1808.7,6.756
18088,1808.8,6.756999999999999
18089,1808.9,6.758000000000001
18090,1809.0,6.759
18091,1809.1,6.759899999999999
18092,1809.2,6.7608000000000015
18093,1809.3,6.7617
18094,1809.4,6.7626
18095,1809.5,6.763500000000001
18096,1809.6,6.7644
18097,1809.7,6.7653
18098,1809.8,6.766199999999999
18099,1809.9,6.767100000000001
18100,1810.0,6.768
18101,1810.1,6.768899999999999
18102,1810.2,6.7698
18103,1810.3,6.7707
18104,1810.4,6.7715999999999985
18105,1810.5,6.7725
18106,1810.6,6.773399999999999
18107,1810.7,6.7742999999999975
18108,1810.8,6.7752
18109,1810.9,6.776099999999999
18110,1811.0,6.7769999999999975
18111,1811.1,6.777899999999999
18112,1811.2,6.778799999999999
18113,1811.3,6.779699999999997
18114,1811.4,6.7806
18115,1811.5,6.7814999999999985
18116,1811.6,6.782399999999997
18117,1811.7,6.7833
18118,1811.8,6.7841999999999985
18119,1811.9,6.785099999999998
18120,1812.0,6.786
18121,1812.1,6.786799999999999
18122,1812.2,6.7875999999999985
18123,1812.3,6.7883999999999975
18124,1812.4,6.789199999999999
18125,1812.5,6.789999999999998
18126,1812.6,6.790799999999998
18127,1812.7,6.791599999999999
18128,1812.8,6.792399999999999
18129,1812.9,6.793199999999998
18130,1813.0,6.794
18131,1813.1,6.794699999999999
18132,1813.2,6.795399999999998
18133,1813.3,6.7961
18134,1813.4,6.796799999999999
18135,1813.5,6.7974999999999985
18136,1813.6,6.7982000000000005
18137,1813.7,6.7989
18138,1813.8,6.799599999999999
18139,1813.9,6.800300000000001
18140,1814.0,6.801
18141,1814.1,6.801699999999999
18142,1814.2,6.8024000000000004
18143,1814.3,6.803100000000001
18144,1814.4,6.8038
18145,1814.5,6.804500000000001
18146,1814.6,6.8052
18147,1814.7,6.805899999999999
18148,1814.8,6.8065999999999995
18149,1814.9,6.807300000000001
18150,1815.0,6.808
18151,1815.1,6.8084999999999996
18152,1815.2,6.809
18153,1815.3,6.8095
18154,1815.4,6.809999999999999
18155,1815.5,6.810499999999999
18156,1815.6,6.810999999999999
18157,1815.7,6.811499999999999
18158,1815.8,6.811999999999999
18159,1815.9,6.812499999999999
18160,1816.0,6.812999999999998
18161,1816.1,6.8134
18162,1816.2,6.813799999999999
18163,1816.3,6.814199999999999
18164,1816.4,6.8145999999999995
18165,1816.5,6.8149999999999995
18166,1816.6,6.8153999999999995
18167,1816.7,6.8158
18168,1816.8,6.816199999999999
18169,1816.9,6.816599999999999
18170,1817.0,6.817
18171,1817.1,6.8173
18172,1817.2,6.8176
18173,1817.3,6.8179
18174,1817.4,6.8182
18175,1817.5,6.8185
18176,1817.6,6.8187999999999995
18177,1817.7,6.819100000000001
18178,1817.8,6.8194
18179,1817.9,6.8197
18180,1818.0,6.82
18181,1818.1,6.8202
18182,1818.2,6.8204
18183,1818.3,6.820600000000001
18184,1818.4,6.8208
18185,1818.5,6.821
18186,1818.6,6.8212
18187,1818.7,6.8214
18188,1818.8,6.8216
18189,1818.9,6.8218000000000005
18190,1819.0,6.822
18191,1819.1,6.822
18192,1819.2,6.822
18193,1819.3,6.822
18194,1819.4,6.822
18195,1819.5,6.822
18196,1819.6,6.822
18197,1819.7,6.822
18198,1819.8,6.822
18199,1819.9,6.822
18200,1820.0,6.822
18201,1820.1,6.8219
18202,1820.2,6.8218
18203,1820.3,6.8217
18204,1820.4,6.8216
18205,1820.5,6.8215
18206,1820.6,6.8214
18207,1820.7,6.8213
18208,1820.8,6.8212
18209,1820.9,6.8210999999999995
18210,1821.0,6.821
18211,1821.1,6.8208
18212,1821.2,6.8206
18213,1821.3,6.8204
18214,1821.4,6.8202
18215,1821.5,6.82
18216,1821.6,6.819800000000001
18217,1821.7,6.8196
18218,1821.8,6.8194
18219,1821.9,6.8192
18220,1822.0,6.819
18221,1822.1,6.8187
18222,1822.2,6.8184000000000005
18223,1822.3,6.8181
18224,1822.4,6.8178
18225,1822.5,6.8175
18226,1822.6,6.817200000000001
18227,1822.7,6.8169
18228,1822.8,6.8166
18229,1822.9,6.8163
18230,1823.0,6.816
18231,1823.1,6.8156
18232,1823.2,6.815200000000001
18233,1823.3,6.8148
18234,1823.4,6.8144
18235,1823.5,6.814000000000001
18236,1823.6,6.8136
18237,1823.7,6.8132
18238,1823.8,6.812800000000001
18239,1823.9,6.8124
18240,1824.0,6.812
18241,1824.1,6.8115000000000006
18242,1824.2,6.811
18243,1824.3,6.8105
18244,1824.4,6.8100000000000005
18245,1824.5,6.8095
18246,1824.6,6.809
18247,1824.7,6.8085
18248,1824.8,6.808000000000001
18249,1824.9,6.8075
18250,1825.0,6.807
18251,1825.1,6.806300000000001
18252,1825.2,6.8056
18253,1825.3,6.804900000000001
18254,1825.4,6.804200000000002
18255,1825.5,6.8035
18256,1825.6,6.802800000000001
18257,1825.7,6.802100000000001
18258,1825.8,6.8014
18259,1825.9,6.800700000000001
18260,1826.0,6.800000000000002
18261,1826.1,6.7994
18262,1826.2,6.798800000000001
18263,1826.3,6.798200000000001
18264,1826.4,6.7976
18265,1826.5,6.797000000000001
18266,1826.6,6.796400000000001
18267,1826.7,6.7958
18268,1826.8,6.7952
18269,1826.9,6.794600000000001
18270,1827.0,6.794
18271,1827.1,6.793200000000001
18272,1827.2,6.792400000000001
18273,1827.3,6.791600000000002
18274,1827.4,6.7908
18275,1827.5,6.790000000000001
18276,1827.6,6.789200000000001
18277,1827.7,6.7884
18278,1827.8,6.7876
18279,1827.9,6.786800000000001
18280,1828.0,6.786
18281,1828.1,6.7853
18282,1828.2,6.784600000000001
18283,1828.3,6.783899999999999
18284,1828.4,6.7832
18285,1828.5,6.782500000000001
18286,1828.6,6.7818
18287,1828.7,6.7811
18288,1828.8,6.7804
18289,1828.9,6.779699999999999
18290,1829.0,6.779
18291,1829.1,6.778200000000001
18292,1829.2,6.777399999999999
18293,1829.3,6.776599999999999
18294,1829.4,6.7758
18295,1829.5,6.774999999999999
18296,1829.6,6.7741999999999996
18297,1829.7,6.7734000000000005
18298,1829.8,6.772600000000001
18299,1829.9,6.771799999999999
18300,1830.0,6.771
18301,1830.1,6.770100000000001
18302,1830.2,6.7692
18303,1830.3,6.7683
18304,1830.4,6.767400000000001
18305,1830.5,6.7665
18306,1830.6,6.765600000000001
18307,1830.7,6.764700000000002
18308,1830.8,6.7638
18309,1830.9,6.762900000000001
18310,1831.0,6.762000000000002
18311,1831.1,6.7612000000000005
18312,1831.2,6.760400000000001
18313,1831.3,6.759600000000002
18314,1831.4,6.7588
18315,1831.5,6.758000000000001
18316,1831.6,6.757200000000001
18317,1831.7,6.7564
18318,1831.8,6.7556
18319,1831.9,6.754800000000001
18320,1832.0,6.754
18321,1832.1,6.7533
18322,1832.2,6.752600000000001
18323,1832.3,6.751900000000002
18324,1832.4,6.7512
18325,1832.5,6.750500000000001
18326,1832.6,6.749800000000001
18327,1832.7,6.7491
18328,1832.8,6.7484
18329,1832.9,6.747700000000001
18330,1833.0,6.747
18331,1833.1,6.746200000000001
18332,1833.2,6.745400000000001
18333,1833.3,6.744599999999999
18334,1833.4,6.7438
18335,1833.5,6.743000000000001
18336,1833.6,6.7421999999999995
18337,1833.7,6.7414000000000005
18338,1833.8,6.740600000000001
18339,1833.9,6.739799999999999
18340,1834.0,6.739
18341,1834.1,6.738300000000001
18342,1834.2,6.7376
18343,1834.3,6.7368999999999994
18344,1834.4,6.7362
18345,1834.5,6.735499999999999
18346,1834.6,6.7348
18347,1834.7,6.734100000000001
18348,1834.8,6.7334000000000005
18349,1834.9,6.7326999999999995
18350,1835.0,6.732
18351,1835.1,6.731400000000001
18352,1835.2,6.7307999999999995
18353,1835.3,6.730200000000001
18354,1835.4,6.729600000000001
18355,1835.5,6.729
18356,1835.6,6.728400000000001
18357,1835.7,6.727800000000001
18358,1835.8,6.727200000000001
18359,1835.9,6.726600000000001
18360,1836.0,6.726000000000002
18361,1836.1,6.7254000000000005
18362,1836.2,6.724800000000001
18363,1836.3,6.7242000000000015
18364,1836.4,6.7236
18365,1836.5,6.723000000000001
18366,1836.6,6.722400000000001
18367,1836.7,6.7218
18368,1836.8,6.7212000000000005
18369,1836.9,6.720600000000001
18370,1837.0,6.72
18371,1837.1,6.7195
18372,1837.2,6.719
18373,1837.3,6.7185000000000015
18374,1837.4,6.718
18375,1837.5,6.7175
18376,1837.6,6.7170000000000005
18377,1837.7,6.7165
18378,1837.8,6.716
18379,1837.9,6.7155000000000005
18380,1838.0,6.715
18381,1838.1,6.7147
18382,1838.2,6.7144
18383,1838.3,6.7141
18384,1838.4,6.7138
18385,1838.5,6.7135
18386,1838.6,6.7132
18387,1838.7,6.712899999999999
18388,1838.8,6.7126
18389,1838.9,6.7123
18390,1839.0,6.712
18391,1839.1,6.7116999999999996
18392,1839.2,6.711399999999999
18393,1839.3,6.7111
18394,1839.4,6.7108
18395,1839.5,6.7105
18396,1839.6,6.7101999999999995
18397,1839.7,6.709899999999999
18398,1839.8,6.7096
18399,1839.9,6.7093
18400,1840.0,6.709
18401,1840.1,6.7088
18402,1840.2,6.7086
18403,1840.3,6.7084
18404,1840.4,6.7082
18405,1840.5,6.708
18406,1840.6,6.7078
18407,1840.7,6.7076
18408,1840.8,6.7074
18409,1840.9,6.7072
18410,1841.0,6.707000000000001
18411,1841.1,6.707
18412,1841.2,6.707
18413,1841.3,6.707
18414,1841.4,6.707
18415,1841.5,6.707
18416,1841.6,6.707
18417,1841.7,6.707
18418,1841.8,6.707
18419,1841.9,6.707
18420,1842.0,6.707
18421,1842.1,6.707
18422,1842.2,6.707
18423,1842.3,6.707
18424,1842.4,6.707
18425,1842.5,6.707
18426,1842.6,6.707
18427,1842.7,6.707
18428,1842.8,6.707
18429,1842.9,6.707
18430,1843.0,6.707
18431,1843.1,6.707199999999999
18432,1843.2,6.7074
18433,1843.3,6.7076
18434,1843.4,6.7078
18435,1843.5,6.707999999999999
18436,1843.6,6.7082
18437,1843.7,6.708399999999999
18438,1843.8,6.7086
18439,1843.9,6.7088
18440,1844.0,6.709
18441,1844.1,6.7093
18442,1844.2,6.7096
18443,1844.3,6.709899999999999
18444,1844.4,6.7101999999999995
18445,1844.5,6.7105
18446,1844.6,6.7108
18447,1844.7,6.7111
18448,1844.8,6.711399999999999
18449,1844.9,6.7116999999999996
18450,1845.0,6.712
18451,1845.1,6.712299999999999
18452,1845.2,6.7126
18453,1845.3,6.712899999999999
18454,1845.4,6.7132
18455,1845.5,6.7135
18456,1845.6,6.713799999999999
18457,1845.7,6.714099999999999
18458,1845.8,6.7143999999999995
18459,1845.9,6.7147
18460,1846.0,6.714999999999999
18461,1846.1,6.7155
18462,1846.2,6.715999999999999
18463,1846.3,6.716499999999998
18464,1846.4,6.717
18465,1846.5,6.717499999999999
18466,1846.6,6.717999999999999
18467,1846.7,6.7185
18468,1846.8,6.718999999999999
18469,1846.9,6.719499999999999
18470,1847.0,6.72
18471,1847.1,6.720599999999999
18472,1847.2,6.721199999999999
18473,1847.3,6.721799999999998
18474,1847.4,6.7223999999999995
18475,1847.5,6.722999999999999
18476,1847.6,6.7235999999999985
18477,1847.7,6.7242
18478,1847.8,6.724799999999999
18479,1847.9,6.725399999999999
18480,1848.0,6.726
18481,1848.1,6.7265999999999995
18482,1848.2,6.727199999999999
18483,1848.3,6.7278
18484,1848.4,6.7284
18485,1848.5,6.728999999999999
18486,1848.6,6.7296000000000005
18487,1848.7,6.7302
18488,1848.8,6.7307999999999995
18489,1848.9,6.731400000000001
18490,1849.0,6.732
18491,1849.1,6.7326999999999995
18492,1849.2,6.7334000000000005
18493,1849.3,6.734100000000001
18494,1849.4,6.7348
18495,1849.5,6.735500000000001
18496,1849.6,6.7362
18497,1849.7,6.7368999999999994
18498,1849.8,6.7376
18499,1849.9,6.738300000000001
18500,1850.0,6.739
18501,1850.1,6.739699999999999
18502,1850.2,6.7404
18503,1850.3,6.741099999999999
18504,1850.4,6.741799999999999
18505,1850.5,6.742500000000001
18506,1850.6,6.7432
18507,1850.7,6.743899999999999
18508,1850.8,6.7446
18509,1850.9,6.745299999999999
18510,1851.0,6.745999999999999
18511,1851.1,6.7467999999999995
18512,1851.2,6.7475999999999985
18513,1851.3,6.748399999999998
18514,1851.4,6.749199999999999
18515,1851.5,6.749999999999999
18516,1851.6,6.750799999999998
18517,1851.7,6.7516
18518,1851.8,6.752399999999999
18519,1851.9,6.753199999999998
18520,1852.0,6.754
18521,1852.1,6.754799999999999
18522,1852.2,6.7555999999999985
18523,1852.3,6.7563999999999975
18524,1852.4,6.757199999999999
18525,1852.5,6.757999999999998
18526,1852.6,6.758799999999998
18527,1852.7,6.759599999999999
18528,1852.8,6.760399999999999
18529,1852.9,6.761199999999998
18530,1853.0,6.762
18531,1853.1,6.762699999999999
18532,1853.2,6.763399999999998
18533,1853.3,6.7641
18534,1853.4,6.764799999999999
18535,1853.5,6.7654999999999985
18536,1853.6,6.7662
18537,1853.7,6.7669
18538,1853.8,6.767599999999999
18539,1853.9,6.768300000000001
18540,1854.0,6.769
18541,1854.1,6.769799999999999
18542,1854.2,6.770600000000001
18543,1854.3,6.771400000000001
18544,1854.4,6.7722
18545,1854.5,6.7730000000000015
18546,1854.6,6.7738000000000005
18547,1854.7,6.7745999999999995
18548,1854.8,6.775399999999999
18549,1854.9,6.776200000000001
18550,1855.0,6.777
18551,1855.1,6.777699999999999
18552,1855.2,6.7784
18553,1855.3,6.7791
18554,1855.4,6.779799999999999
18555,1855.5,6.7805
18556,1855.6,6.781199999999999
18557,1855.7,6.7818999999999985
18558,1855.8,6.7825999999999995
18559,1855.9,6.783299999999999
18560,1856.0,6.783999999999998
18561,1856.1,6.784599999999999
18562,1856.2,6.785199999999999
18563,1856.3,6.785799999999998
18564,1856.4,6.7863999999999995
18565,1856.5,6.786999999999999
18566,1856.6,6.7875999999999985
18567,1856.7,6.7882
18568,1856.8,6.788799999999999
18569,1856.9,6.789399999999999
18570,1857.0,6.79
18571,1857.1,6.7905
18572,1857.2,6.7909999999999995
18573,1857.3,6.791499999999998
18574,1857.4,6.792
18575,1857.5,6.7924999999999995
18576,1857.6,6.792999999999999
18577,1857.7,6.7935
18578,1857.8,6.794
18579,1857.9,6.794499999999999
18580,1858.0,6.795
18581,1858.1,6.7955
18582,1858.2,6.795999999999999
18583,1858.3,6.7965
18584,1858.4,6.797
18585,1858.5,6.797499999999999
18586,1858.6,6.798
18587,1858.7,6.7985
18588,1858.8,6.7989999999999995
18589,1858.9,6.7995
18590,1859.0,6.8
18591,1859.1,6.8003
18592,1859.2,6.8006
18593,1859.3,6.8008999999999995
18594,1859.4,6.8012
18595,1859.5,6.8015
18596,1859.6,6.8018
18597,1859.7,6.8021
18598,1859.8,6.8024
18599,1859.9,6.8027
18600,1860.0,6.803
18601,1860.1,6.803299999999999
18602,1860.2,6.8036
18603,1860.3,6.8039
18604,1860.4,6.8042
18605,1860.5,6.8045
18606,1860.6,6.804799999999999
18607,1860.7,6.8050999999999995
18608,1860.8,6.8054
18609,1860.9,6.8057
18610,1861.0,6.805999999999999
18611,1861.1,6.8061
18612,1861.2,6.8062
18613,1861.3,6.8063
18614,1861.4,6.8064
18615,1861.5,6.8065
18616,1861.6,6.8066
18617,1861.7,6.8067
18618,1861.8,6.8068
18619,1861.9,6.8069
18620,1862.0,6.807
18621,1862.1,6.807
18622,1862.2,6.807
18623,1862.3,6.807
18624,1862.4,6.807
18625,1862.5,6.807
18626,1862.6,6.807
18627,1862.7,6.807
18628,1862.8,6.807
18629,1862.9,6.807
18630,1863.0,6.807
18631,1863.1,6.806800000000001
18632,1863.2,6.8066
18633,1863.3,6.8064
18634,1863.4,6.8062000000000005
18635,1863.5,6.806
18636,1863.6,6.8058
18637,1863.7,6.8056
18638,1863.8,6.8054
18639,1863.9,6.805199999999999
18640,1864.0,6.805
18641,1864.1,6.8048
18642,1864.2,6.8046
18643,1864.3,6.804399999999999
18644,1864.4,6.8042
18645,1864.5,6.803999999999999
18646,1864.6,6.8038
18647,1864.7,6.8036
18648,1864.8,6.8034
18649,1864.9,6.8031999999999995
18650,1865.0,6.803
18651,1865.1,6.802600000000001
18652,1865.2,6.8022
18653,1865.3,6.8018
18654,1865.4,6.801400000000001
18655,1865.5,6.801
18656,1865.6,6.800600000000001
18657,1865.7,6.800200000000001
18658,1865.8,6.7998
18659,1865.9,6.799400000000001
18660,1866.0,6.799000000000001
18661,1866.1,6.7986
18662,1866.2,6.798200000000001
18663,1866.3,6.797800000000001
18664,1866.4,6.7974000000000006
18665,1866.5,6.797000000000001
18666,1866.6,6.796600000000001
18667,1866.7,6.7962
18668,1866.8,6.795800000000001
18669,1866.9,6.795400000000001
18670,1867.0,6.795
18671,1867.1,6.7944
18672,1867.2,6.793800000000001
18673,1867.3,6.7932000000000015
18674,1867.4,6.7926
18675,1867.5,6.792000000000001
18676,1867.6,6.791400000000001
18677,1867.7,6.7908
18678,1867.8,6.7902000000000005
18679,1867.9,6.789600000000001
18680,1868.0,6.789
18681,1868.1,6.7884
18682,1868.2,6.787800000000001
18683,1868.3,6.7871999999999995
18684,1868.4,6.7866
18685,1868.5,6.7860000000000005
18686,1868.6,6.7854
18687,1868.7,6.784800000000001
18688,1868.8,6.784200000000001
18689,1868.9,6.7836
18690,1869.0,6.783
18691,1869.1,6.782300000000001
18692,1869.2,6.781599999999999
18693,1869.3,6.7809
18694,1869.4,6.780200000000001
18695,1869.5,6.779499999999999
18696,1869.6,6.7787999999999995
18697,1869.7,6.7781
18698,1869.8,6.777400000000001
18699,1869.9,6.776699999999999
18700,1870.0,6.776
18701,1870.1,6.7753000000000005
18702,1870.2,6.7745999999999995
18703,1870.3,6.7739
18704,1870.4,6.773200000000001
18705,1870.5,6.7725
18706,1870.6,6.771800000000001
18707,1870.7,6.7711000000000015
18708,1870.8,6.7704
18709,1870.9,6.769700000000001
18710,1871.0,6.769000000000002
18711,1871.1,6.768300000000001
18712,1871.2,6.767600000000002
18713,1871.3,6.7669000000000015
18714,1871.4,6.7662
18715,1871.5,6.765500000000001
18716,1871.6,6.764800000000001
18717,1871.7,6.7641
18718,1871.8,6.763400000000001
18719,1871.9,6.762700000000001
18720,1872.0,6.762
18721,1872.1,6.7613
18722,1872.2,6.760600000000001
18723,1872.3,6.759900000000002
18724,1872.4,6.7592
18725,1872.5,6.758500000000001
18726,1872.6,6.757800000000001
18727,1872.7,6.7571
18728,1872.8,6.7564
18729,1872.9,6.755700000000001
18730,1873.0,6.755
18731,1873.1,6.754300000000001
18732,1873.2,6.753600000000001
18733,1873.3,6.7528999999999995
18734,1873.4,6.7522
18735,1873.5,6.751500000000001
18736,1873.6,6.7508
18737,1873.7,6.750100000000001
18738,1873.8,6.7494000000000005
18739,1873.9,6.7486999999999995
18740,1874.0,6.748
18741,1874.1,6.747300000000001
18742,1874.2,6.746599999999999
18743,1874.3,6.7459
18744,1874.4,6.7452000000000005
18745,1874.5,6.744499999999999
18746,1874.6,6.743799999999999
18747,1874.7,6.7431
18748,1874.8,6.742400000000001
18749,1874.9,6.741699999999999
18750,1875.0,6.741
18751,1875.1,6.7404
18752,1875.2,6.7398
18753,1875.3,6.7392
18754,1875.4,6.738600000000001
18755,1875.5,6.738
18756,1875.6,6.737400000000001
18757,1875.7,6.7368000000000015
18758,1875.8,6.7362
18759,1875.9,6.735600000000002
18760,1876.0,6.735000000000002
18761,1876.1,6.734400000000001
18762,1876.2,6.733800000000001
18763,1876.3,6.733200000000002
18764,1876.4,6.732600000000001
18765,1876.5,6.732000000000001
18766,1876.6,6.731400000000002
18767,1876.7,6.7308
18768,1876.8,6.730200000000001
18769,1876.9,6.729600000000001
18770,1877.0,6.729
18771,1877.1,6.7285
18772,1877.2,6.728000000000001
18773,1877.3,6.727500000000002
18774,1877.4,6.727
18775,1877.5,6.726500000000001
18776,1877.6,6.726000000000001
18777,1877.7,6.7255
18778,1877.8,6.7250000000000005
18779,1877.9,6.724500000000001
18780,1878.0,6.724
18781,1878.1,6.7236
18782,1878.2,6.723200000000001
18783,1878.3,6.7228
18784,1878.4,6.7224
18785,1878.5,6.722
18786,1878.6,6.7216
18787,1878.7,6.7212
18788,1878.8,6.7208000000000006
18789,1878.9,6.7204
18790,1879.0,6.72
18791,1879.1,6.7197
18792,1879.2,6.719399999999999
18793,1879.3,6.7191
18794,1879.4,6.7188
18795,1879.5,6.7185
18796,1879.6,6.7181999999999995
18797,1879.7,6.717899999999999
18798,1879.8,6.7176
18799,1879.9,6.7173
18800,1880.0,6.717
18801,1880.1,6.7168
18802,1880.2,6.7166
18803,1880.3,6.7164
18804,1880.4,6.7162
18805,1880.5,6.715999999999999
18806,1880.6,6.7158
18807,1880.7,6.7156
18808,1880.8,6.7154
18809,1880.9,6.7152
18810,1881.0,6.715000000000001
18811,1881.1,6.7149
18812,1881.2,6.7148
18813,1881.3,6.714700000000001
18814,1881.4,6.7146
18815,1881.5,6.7145
18816,1881.6,6.7144
18817,1881.7,6.714300000000001
18818,1881.8,6.714200000000001
18819,1881.9,6.7141
18820,1882.0,6.714
18821,1882.1,6.7141
18822,1882.2,6.7142
18823,1882.3,6.7143
18824,1882.4,6.7144
18825,1882.5,6.7145
18826,1882.6,6.7146
18827,1882.7,6.7147
18828,1882.8,6.714799999999999
18829,1882.9,6.7149
18830,1883.0,6.715
18831,1883.1,6.7151
18832,1883.2,6.715199999999999
18833,1883.3,6.7153
18834,1883.4,6.7154
18835,1883.5,6.7155
18836,1883.6,6.7156
18837,1883.7,6.7157
18838,1883.8,6.7158
18839,1883.9,6.7159
18840,1884.0,6.716
18841,1884.1,6.7162
18842,1884.2,6.7164
18843,1884.3,6.716600000000001
18844,1884.4,6.7168
18845,1884.5,6.7170000000000005
18846,1884.6,6.7172
18847,1884.7,6.7174
18848,1884.8,6.7176
18849,1884.9,6.7178
18850,1885.0,6.718
18851,1885.1,6.718299999999999
18852,1885.2,6.7186
18853,1885.3,6.7189
18854,1885.4,6.7192
18855,1885.5,6.7195
18856,1885.6,6.719799999999999
18857,1885.7,6.7200999999999995
18858,1885.8,6.7204
18859,1885.9,6.7207
18860,1886.0,6.720999999999999
18861,1886.1,6.7214
18862,1886.2,6.721799999999999
18863,1886.3,6.722199999999999
18864,1886.4,6.7226
18865,1886.5,6.722999999999999
18866,1886.6,6.723399999999999
18867,1886.7,6.7238
18868,1886.8,6.724199999999999
18869,1886.9,6.724599999999999
18870,1887.0,6.725
18871,1887.1,6.7254
18872,1887.2,6.725799999999999
18873,1887.3,6.726199999999999
18874,1887.4,6.7265999999999995
18875,1887.5,6.726999999999999
18876,1887.6,6.727399999999999
18877,1887.7,6.7278
18878,1887.8,6.728199999999999
18879,1887.9,6.728599999999999
18880,1888.0,6.729
18881,1888.1,6.7295
18882,1888.2,6.7299999999999995
18883,1888.3,6.7305
18884,1888.4,6.731
18885,1888.5,6.7315
18886,1888.6,6.732
18887,1888.7,6.7325
18888,1888.8,6.733
18889,1888.9,6.7335
18890,1889.0,6.734
18891,1889.1,6.7345999999999995
18892,1889.2,6.735200000000001
18893,1889.3,6.7358
18894,1889.4,6.7364
18895,1889.5,6.737000000000001
18896,1889.6,6.7376000000000005
18897,1889.7,6.7382
18898,1889.8,6.7387999999999995
18899,1889.9,6.739400000000001
18900,1890.0,6.74
18901,1890.1,6.7405
18902,1890.2,6.7410000000000005
18903,1890.3,6.7415
18904,1890.4,6.741999999999999
18905,1890.5,6.742500000000001
18906,1890.6,6.742999999999999
18907,1890.7,6.743499999999999
18908,1890.8,6.744
18909,1890.9,6.7444999999999995
18910,1891.0,6.744999999999998
18911,1891.1,6.7456
18912,1891.2,6.746199999999999
18913,1891.3,6.746799999999999
18914,1891.4,6.7474
18915,1891.5,6.747999999999999
18916,1891.6,6.748599999999999
18917,1891.7,6.7492
18918,1891.8,6.7498
18919,1891.9,6.750399999999999
18920,1892.0,6.751
18921,1892.1,6.7516
18922,1892.2,6.752199999999999
18923,1892.3,6.752799999999999
18924,1892.4,6.7534
18925,1892.5,6.754
18926,1892.6,6.754599999999998
18927,1892.7,6.755199999999999
18928,1892.8,6.755799999999999
18929,1892.9,6.756399999999998
18930,1893.0,6.757
18931,1893.1,6.757599999999999
18932,1893.2,6.758199999999999
18933,1893.3,6.7588
18934,1893.4,6.759399999999999
18935,1893.5,6.759999999999999
18936,1893.6,6.7606
18937,1893.7,6.7612
18938,1893.8,6.761799999999999
18939,1893.9,6.7624
18940,1894.0,6.763
18941,1894.1,6.7635
18942,1894.2,6.764
18943,1894.3,6.7645
18944,1894.4,6.765
18945,1894.5,6.7655
18946,1894.6,6.766
18947,1894.7,6.7665
18948,1894.8,6.7669999999999995
18949,1894.9,6.7675
18950,1895.0,6.768
18951,1895.1,6.7684999999999995
18952,1895.2,6.769
18953,1895.3,6.7695
18954,1895.4,6.769999999999999
18955,1895.5,6.7705
18956,1895.6,6.770999999999999
18957,1895.7,6.771499999999999
18958,1895.8,6.771999999999999
18959,1895.9,6.772499999999999
18960,1896.0,6.772999999999998
18961,1896.1,6.7734
18962,1896.2,6.773799999999999
18963,1896.3,6.774199999999999
18964,1896.4,6.7745999999999995
18965,1896.5,6.7749999999999995
18966,1896.6,6.775399999999999
18967,1896.7,6.7758
18968,1896.8,6.776199999999999
18969,1896.9,6.776599999999999
18970,1897.0,6.777
18971,1897.1,6.7774
18972,1897.2,6.777799999999999
18973,1897.3,6.778199999999999
18974,1897.4,6.7786
18975,1897.5,6.778999999999999
18976,1897.6,6.779399999999999
18977,1897.7,6.7798
18978,1897.8,6.780199999999999
18979,1897.9,6.780599999999999
18980,1898.0,6.781
18981,1898.1,6.7813
18982,1898.2,6.781599999999999
18983,1898.3,6.781899999999999
18984,1898.4,6.7822
18985,1898.5,6.7825
18986,1898.6,6.7828
18987,1898.7,6.7831
18988,1898.8,6.783399999999999
18989,1898.9,6.7837
18990,1899.0,6.784
18991,1899.1,6.784199999999999
18992,1899.2,6.7844
18993,1899.3,6.7846
18994,1899.4,6.7848
18995,1899.5,6.785
18996,1899.6,6.7852
18997,1899.7,6.785399999999999
18998,1899.8,6.7856
18999,1899.9,6.7858
19000,1900.0,6.786
19001,1900.1,6.786099999999999
19002,1900.2,6.7862
19003,1900.3,6.7863
19004,1900.4,6.7863999999999995
19005,1900.5,6.7865
19006,1900.6,6.7866
19007,1900.7,6.7867
19008,1900.8,6.7867999999999995
19009,1900.9,6.7869
19010,1901.0,6.787
19011,1901.1,6.7871
19012,1901.2,6.7871999999999995
19013,1901.3,6.7873
19014,1901.4,6.7874
19015,1901.5,6.7875
19016,1901.6,6.7876
19017,1901.7,6.7877
19018,1901.8,6.7878
19019,1901.9,6.7879
19020,1902.0,6.788
19021,1902.1,6.7879000000000005
19022,1902.2,6.787800000000001
19023,1902.3,6.7877
19024,1902.4,6.7876
19025,1902.5,6.7875000000000005
19026,1902.6,6.7874
19027,1902.7,6.7873
19028,1902.8,6.7872
19029,1902.9,6.787100000000001
19030,1903.0,6.787
19031,1903.1,6.7869
19032,1903.2,6.7868
19033,1903.3,6.7867
19034,1903.4,6.7866
19035,1903.5,6.7865
19036,1903.6,6.7863999999999995
19037,1903.7,6.7863
19038,1903.8,6.7862
19039,1903.9,6.786099999999999
19040,1904.0,6.786
19041,1904.1,6.7858
19042,1904.2,6.7856
19043,1904.3,6.785399999999999
19044,1904.4,6.7852
19045,1904.5,6.784999999999999
19046,1904.6,6.7848
19047,1904.7,6.7846
19048,1904.8,6.7844
19049,1904.9,6.784199999999999
19050,1905.0,6.784
19051,1905.1,6.7837000000000005
19052,1905.2,6.783399999999999
19053,1905.3,6.7831
19054,1905.4,6.7828
19055,1905.5,6.7825
19056,1905.6,6.7822000000000005
19057,1905.7,6.7819
19058,1905.8,6.7816
19059,1905.9,6.7813
19060,1906.0,6.781000000000001
19061,1906.1,6.7806
19062,1906.2,6.780200000000001
19063,1906.3,6.779800000000001
19064,1906.4,6.7794
19065,1906.5,6.779000000000001
19066,1906.6,6.778600000000001
19067,1906.7,6.7782
19068,1906.8,6.777800000000001
19069,1906.9,6.777400000000001
19070,1907.0,6.777
19071,1907.1,6.7766
19072,1907.2,6.776200000000001
19073,1907.3,6.775800000000001
19074,1907.4,6.7754
19075,1907.5,6.775
19076,1907.6,6.7746
19077,1907.7,6.7741999999999996
19078,1907.8,6.7738000000000005
19079,1907.9,6.7734000000000005
19080,1908.0,6.773
19081,1908.1,6.7725
19082,1908.2,6.772
19083,1908.3,6.7715
19084,1908.4,6.771
19085,1908.5,6.7705
19086,1908.6,6.77
19087,1908.7,6.7695
19088,1908.8,6.769
19089,1908.9,6.7684999999999995
19090,1909.0,6.768
19091,1909.1,6.7675
19092,1909.2,6.7669999999999995
19093,1909.3,6.7665
19094,1909.4,6.766
19095,1909.5,6.765499999999999
19096,1909.6,6.765
19097,1909.7,6.7645
19098,1909.8,6.764
19099,1909.9,6.7635
19100,1910.0,6.763
19101,1910.1,6.7624
19102,1910.2,6.761799999999999
19103,1910.3,6.7612000000000005
19104,1910.4,6.760600000000001
19105,1910.5,6.76
19106,1910.6,6.7594
19107,1910.7,6.758800000000001
19108,1910.8,6.7582
19109,1910.9,6.757600000000001
19110,1911.0,6.7570000000000014
19111,1911.1,6.7564
19112,1911.2,6.755800000000001
19113,1911.3,6.755200000000001
19114,1911.4,6.7546
19115,1911.5,6.7540000000000004
19116,1911.6,6.753400000000002
19117,1911.7,6.752800000000001
19118,1911.8,6.752200000000001
19119,1911.9,6.751600000000002
19120,1912.0,6.751
19121,1912.1,6.750400000000001
19122,1912.2,6.749800000000001
19123,1912.3,6.7492
19124,1912.4,6.748600000000001
19125,1912.5,6.748000000000001
19126,1912.6,6.747400000000002
19127,1912.7,6.7468
19128,1912.8,6.746200000000001
19129,1912.9,6.745600000000001
19130,1913.0,6.745
19131,1913.1,6.7445
19132,1913.2,6.744000000000001
19133,1913.3,6.7435
19134,1913.4,6.743
19135,1913.5,6.742500000000001
19136,1913.6,6.742
19137,1913.7,6.7415
19138,1913.8,6.7410000000000005
19139,1913.9,6.7405
19140,1914.0,6.74
19141,1914.1,6.739400000000001
19142,1914.2,6.7387999999999995
19143,1914.3,6.7382
19144,1914.4,6.7376000000000005
19145,1914.5,6.736999999999999
19146,1914.6,6.7364
19147,1914.7,6.7358
19148,1914.8,6.735199999999999
19149,1914.9,6.7345999999999995
19150,1915.0,6.734
19151,1915.1,6.7335
19152,1915.2,6.733
19153,1915.3,6.7325
19154,1915.4,6.732000000000001
19155,1915.5,6.7315000000000005
19156,1915.6,6.731000000000001
19157,1915.7,6.730500000000001
19158,1915.8,6.73
19159,1915.9,6.729500000000001
19160,1916.0,6.729000000000002
19161,1916.1,6.7285
19162,1916.2,6.728000000000001
19163,1916.3,6.727500000000002
19164,1916.4,6.727
19165,1916.5,6.726500000000001
19166,1916.6,6.726000000000001
19167,1916.7,6.7255
19168,1916.8,6.7250000000000005
19169,1916.9,6.724500000000001
19170,1917.0,6.724
19171,1917.1,6.7236
19172,1917.2,6.723200000000001
19173,1917.3,6.7228
19174,1917.4,6.7224
19175,1917.5,6.722
19176,1917.6,6.7216000000000005
19177,1917.7,6.7212
19178,1917.8,6.7208000000000006
19179,1917.9,6.720400000000001
19180,1918.0,6.72
19181,1918.1,6.7197
19182,1918.2,6.7194
19183,1918.3,6.7191
19184,1918.4,6.7188
19185,1918.5,6.7185
19186,1918.6,6.7181999999999995
19187,1918.7,6.717899999999999
19188,1918.8,6.7176
19189,1918.9,6.7173
19190,1919.0,6.717
19191,1919.1,6.7167
19192,1919.2,6.716399999999999
19193,1919.3,6.7161
19194,1919.4,6.7158
19195,1919.5,6.7155
19196,1919.6,6.7152
19197,1919.7,6.7149
19198,1919.8,6.7146
19199,1919.9,6.7143
19200,1920.0,6.714
19201,1920.1,6.713800000000001
19202,1920.2,6.7136000000000005
19203,1920.3,6.7134
19204,1920.4,6.7132000000000005
19205,1920.5,6.713
19206,1920.6,6.7128000000000005
19207,1920.7,6.7126
19208,1920.8,6.7124
19209,1920.9,6.7122
19210,1921.0,6.712000000000001
19211,1921.1,6.7119
19212,1921.2,6.7118
19213,1921.3,6.7117
19214,1921.4,6.7116
19215,1921.5,6.7115
19216,1921.6,6.7114
19217,1921.7,6.7113000000000005
19218,1921.8,6.711200000000001
19219,1921.9,6.7111
19220,1922.0,6.711
19221,1922.1,6.711
19222,1922.2,6.711
19223,1922.3,6.711
19224,1922.4,6.711
19225,1922.5,6.711
19226,1922.6,6.711
19227,1922.7,6.711
19228,1922.8,6.711
19229,1922.9,6.711
19230,1923.0,6.711
19231,1923.1,6.7111
19232,1923.2,6.7112
19233,1923.3,6.7113000000000005
19234,1923.4,6.7114
19235,1923.5,6.7115
19236,1923.6,6.7116
19237,1923.7,6.7116999999999996
19238,1923.8,6.711799999999999
19239,1923.9,6.7119
19240,1924.0,6.712
19241,1924.1,6.712199999999999
19242,1924.2,6.7124
19243,1924.3,6.7126
19244,1924.4,6.7128
19245,1924.5,6.713
19246,1924.6,6.7132000000000005
19247,1924.7,6.7134
19248,1924.8,6.7136000000000005
19249,1924.9,6.713800000000001
19250,1925.0,6.714
19251,1925.1,6.7143999999999995
19252,1925.2,6.7148
19253,1925.3,6.7152
19254,1925.4,6.715599999999999
19255,1925.5,6.716
19256,1925.6,6.716399999999999
19257,1925.7,6.716799999999999
19258,1925.8,6.7172
19259,1925.9,6.717599999999999
19260,1926.0,6.717999999999999
19261,1926.1,6.7184
19262,1926.2,6.718799999999999
19263,1926.3,6.719199999999999
19264,1926.4,6.7196
19265,1926.5,6.72
19266,1926.6,6.7204
19267,1926.7,6.7208000000000006
19268,1926.8,6.7212
19269,1926.9,6.7216
19270,1927.0,6.722
19271,1927.1,6.7225
19272,1927.2,6.723
19273,1927.3,6.7235000000000005
19274,1927.4,6.724
19275,1927.5,6.7245
19276,1927.6,6.725
19277,1927.7,6.7255
19278,1927.8,6.726
19279,1927.9,6.7265
19280,1928.0,6.727
19281,1928.1,6.7276
19282,1928.2,6.728199999999999
19283,1928.3,6.728800000000001
19284,1928.4,6.7294
19285,1928.5,6.7299999999999995
19286,1928.6,6.7306
19287,1928.7,6.731199999999999
19288,1928.8,6.731799999999999
19289,1928.9,6.7324
19290,1929.0,6.733
19291,1929.1,6.733599999999999
19292,1929.2,6.7342
19293,1929.3,6.7348
19294,1929.4,6.735399999999999
19295,1929.5,6.736000000000001
19296,1929.6,6.7366
19297,1929.7,6.7372
19298,1929.8,6.737800000000001
19299,1929.9,6.7384
19300,1930.0,6.739
19301,1930.1,6.739799999999999
19302,1930.2,6.740600000000001
19303,1930.3,6.7414
19304,1930.4,6.742199999999999
19305,1930.5,6.743
19306,1930.6,6.743799999999999
19307,1930.7,6.744599999999998
19308,1930.8,6.745399999999999
19309,1930.9,6.746199999999998
19310,1931.0,6.746999999999997
19311,1931.1,6.747699999999999
19312,1931.2,6.748399999999998
19313,1931.3,6.749099999999998
19314,1931.4,6.7498
19315,1931.5,6.750499999999999
19316,1931.6,6.751199999999998
19317,1931.7,6.751899999999999
19318,1931.8,6.752599999999999
19319,1931.9,6.7532999999999985
19320,1932.0,6.754
19321,1932.1,6.754799999999999
19322,1932.2,6.7555999999999985
19323,1932.3,6.7564
19324,1932.4,6.757199999999999
19325,1932.5,6.757999999999998
19326,1932.6,6.758799999999998
19327,1932.7,6.759599999999999
19328,1932.8,6.760399999999999
19329,1932.9,6.761199999999998
19330,1933.0,6.762
19331,1933.1,6.762899999999999
19332,1933.2,6.763799999999998
19333,1933.3,6.7646999999999995
19334,1933.4,6.765599999999999
19335,1933.5,6.766499999999999
19336,1933.6,6.7674
19337,1933.7,6.7683
19338,1933.8,6.769199999999999
19339,1933.9,6.7701
19340,1934.0,6.771
19341,1934.1,6.771799999999999
19342,1934.2,6.772600000000001
19343,1934.3,6.7734000000000005
19344,1934.4,6.7741999999999996
19345,1934.5,6.775000000000001
19346,1934.6,6.7758
19347,1934.7,6.776599999999999
19348,1934.8,6.777400000000001
19349,1934.9,6.778200000000001
19350,1935.0,6.779
19351,1935.1,6.779799999999999
19352,1935.2,6.780600000000001
19353,1935.3,6.7814
19354,1935.4,6.782199999999999
19355,1935.5,6.783
19356,1935.6,6.783799999999999
19357,1935.7,6.784599999999998
19358,1935.8,6.785399999999999
19359,1935.9,6.786199999999998
19360,1936.0,6.786999999999997
19361,1936.1,6.787699999999999
19362,1936.2,6.788399999999998
19363,1936.3,6.789099999999998
19364,1936.4,6.7898
19365,1936.5,6.790499999999999
19366,1936.6,6.791199999999998
19367,1936.7,6.791899999999999
19368,1936.8,6.792599999999999
19369,1936.9,6.793299999999999
19370,1937.0,6.794
19371,1937.1,6.794699999999999
19372,1937.2,6.795399999999998
19373,1937.3,6.7961
19374,1937.4,6.796799999999999
19375,1937.5,6.7974999999999985
19376,1937.6,6.798199999999999
19377,1937.7,6.7989
19378,1937.8,6.799599999999999
19379,1937.9,6.800299999999999
19380,1938.0,6.801
19381,1938.1,6.8016
19382,1938.2,6.802199999999999
19383,1938.3,6.8028
19384,1938.4,6.8034
19385,1938.5,6.803999999999999
19386,1938.6,6.804600000000001
19387,1938.7,6.8052
19388,1938.8,6.8058
19389,1938.9,6.806400000000001
19390,1939.0,6.807
19391,1939.1,6.8075
19392,1939.2,6.808000000000001
19393,1939.3,6.8085
19394,1939.4,6.809
19395,1939.5,6.809500000000001
19396,1939.6,6.8100000000000005
19397,1939.7,6.8105
19398,1939.8,6.811000000000001
19399,1939.9,6.8115000000000006
19400,1940.0,6.812
19401,1940.1,6.812399999999999
19402,1940.2,6.8128
19403,1940.3,6.8132
19404,1940.4,6.813599999999999
19405,1940.5,6.814
19406,1940.6,6.814399999999999
19407,1940.7,6.814799999999999
19408,1940.8,6.8152
19409,1940.9,6.815599999999999
19410,1941.0,6.815999999999999
19411,1941.1,6.8163
19412,1941.2,6.816599999999999
19413,1941.3,6.8168999999999995
19414,1941.4,6.8172
19415,1941.5,6.8175
19416,1941.6,6.817799999999999
19417,1941.7,6.818099999999999
19418,1941.8,6.8184
19419,1941.9,6.8187
19420,1942.0,6.819
19421,1942.1,6.8191
19422,1942.2,6.8191999999999995
19423,1942.3,6.8193
19424,1942.4,6.8194
19425,1942.5,6.8195
19426,1942.6,6.8196
19427,1942.7,6.8197
19428,1942.8,6.8198
19429,1942.9,6.8199
19430,1943.0,6.82
19431,1943.1,6.82
19432,1943.2,6.82
19433,1943.3,6.82
19434,1943.4,6.82
19435,1943.5,6.82
19436,1943.6,6.82
19437,1943.7,6.82
19438,1943.8,6.82
19439,1943.9,6.82
19440,1944.0,6.82
19441,1944.1,6.819800000000001
19442,1944.2,6.8196
19443,1944.3,6.8194
19444,1944.4,6.8192
19445,1944.5,6.819
19446,1944.6,6.8187999999999995
19447,1944.7,6.8186
19448,1944.8,6.8184
19449,1944.9,6.818199999999999
19450,1945.0,6.818
19451,1945.1,6.8177
19452,1945.2,6.817399999999999
19453,1945.3,6.8171
19454,1945.4,6.816800000000001
19455,1945.5,6.8165
19456,1945.6,6.8162
19457,1945.7,6.815900000000001
19458,1945.8,6.815600000000001
19459,1945.9,6.815300000000001
19460,1946.0,6.815000000000001
19461,1946.1,6.814500000000001
19462,1946.2,6.814000000000001
19463,1946.3,6.813500000000001
19464,1946.4,6.813000000000001
19465,1946.5,6.812500000000001
19466,1946.6,6.812000000000001
19467,1946.7,6.8115
19468,1946.8,6.811
19469,1946.9,6.810500000000001
19470,1947.0,6.81
19471,1947.1,6.8094
19472,1947.2,6.808800000000001
19473,1947.3,6.808199999999999
19474,1947.4,6.8076
19475,1947.5,6.807
19476,1947.6,6.806400000000002
19477,1947.7,6.8058000000000005
19478,1947.8,6.805200000000001
19479,1947.9,6.8046000000000015
19480,1948.0,6.804
19481,1948.1,6.803200000000001
19482,1948.2,6.802400000000001
19483,1948.3,6.8016
19484,1948.4,6.800800000000001
19485,1948.5,6.800000000000002
19486,1948.6,6.7992
19487,1948.7,6.798400000000001
19488,1948.8,6.797600000000001
19489,1948.9,6.796799999999999
19490,1949.0,6.796
19491,1949.1,6.795200000000001
19492,1949.2,6.7943999999999996
19493,1949.3,6.7936
19494,1949.4,6.792800000000001
19495,1949.5,6.791999999999999
19496,1949.6,6.7912
19497,1949.7,6.790400000000001
19498,1949.8,6.789599999999999
19499,1949.9,6.788799999999999
19500,1950.0,6.788
19501,1950.1,6.787000000000002
19502,1950.2,6.786
19503,1950.3,6.785000000000001
19504,1950.4,6.784000000000002
19505,1950.5,6.783
19506,1950.6,6.782000000000001
19507,1950.7,6.781000000000002
19508,1950.8,6.78
19509,1950.9,6.779000000000002
19510,1951.0,6.778000000000002
19511,1951.1,6.777
19512,1951.2,6.776000000000002
19513,1951.3,6.775000000000002
19514,1951.4,6.774
19515,1951.5,6.7730000000000015
19516,1951.6,6.772000000000002
19517,1951.7,6.771
19518,1951.8,6.7700000000000005
19519,1951.9,6.769000000000002
19520,1952.0,6.768
19521,1952.1,6.767
19522,1952.2,6.766000000000002
19523,1952.3,6.765
19524,1952.4,6.764
19525,1952.5,6.763000000000002
19526,1952.6,6.762000000000002
19527,1952.7,6.761
19528,1952.8,6.760000000000001
19529,1952.9,6.759000000000002
19530,1953.0,6.758
19531,1953.1,6.756900000000001
19532,1953.2,6.755800000000002
19533,1953.3,6.7547
19534,1953.4,6.7536000000000005
19535,1953.5,6.752500000000001
19536,1953.6,6.751399999999999
19537,1953.7,6.7503
19538,1953.8,6.749200000000001
19539,1953.9,6.748099999999999
19540,1954.0,6.747
19541,1954.1,6.745900000000001
19542,1954.2,6.744799999999999
19543,1954.3,6.7437
19544,1954.4,6.7426
19545,1954.5,6.7414999999999985
19546,1954.6,6.740399999999999
19547,1954.7,6.7393
19548,1954.8,6.738199999999998
19549,1954.9,6.737099999999999
19550,1955.0,6.736
19551,1955.1,6.735000000000001
19552,1955.2,6.733999999999999
19553,1955.3,6.7330000000000005
19554,1955.4,6.732000000000002
19555,1955.5,6.731
19556,1955.6,6.730000000000001
19557,1955.7,6.729000000000002
19558,1955.8,6.728000000000001
19559,1955.9,6.727000000000002
19560,1956.0,6.726000000000003
19561,1956.1,6.7250000000000005
19562,1956.2,6.724000000000002
19563,1956.3,6.7230000000000025
19564,1956.4,6.722
19565,1956.5,6.721000000000002
19566,1956.6,6.720000000000002
19567,1956.7,6.719
19568,1956.8,6.718000000000001
19569,1956.9,6.717000000000002
19570,1957.0,6.716
19571,1957.1,6.7151000000000005
19572,1957.2,6.714200000000002
19573,1957.3,6.7133
19574,1957.4,6.712400000000001
19575,1957.5,6.711500000000001
19576,1957.6,6.710600000000002
19577,1957.7,6.7097
19578,1957.8,6.708800000000001
19579,1957.9,6.707900000000001
19580,1958.0,6.707
19581,1958.1,6.706200000000001
19582,1958.2,6.705400000000001
19583,1958.3,6.704599999999999
19584,1958.4,6.7038
19585,1958.5,6.703000000000001
19586,1958.6,6.7021999999999995
19587,1958.7,6.7014000000000005
19588,1958.8,6.7006000000000006
19589,1958.9,6.699799999999999
19590,1959.0,6.699
19591,1959.1,6.698300000000001
19592,1959.2,6.6975999999999996
19593,1959.3,6.696899999999999
19594,1959.4,6.6962
19595,1959.5,6.695499999999999
19596,1959.6,6.6948
19597,1959.7,6.694100000000001
19598,1959.8,6.693399999999999
19599,1959.9,6.692699999999999
19600,1960.0,6.692
19601,1960.1,6.691400000000001
19602,1960.2,6.690799999999999
19603,1960.3,6.690200000000001
19604,1960.4,6.689600000000001
19605,1960.5,6.689
19606,1960.6,6.688400000000001
19607,1960.7,6.687800000000001
19608,1960.8,6.687200000000001
19609,1960.9,6.686600000000001
19610,1961.0,6.686000000000002
19611,1961.1,6.6856
19612,1961.2,6.685200000000001
19613,1961.3,6.684800000000001
19614,1961.4,6.6844
19615,1961.5,6.684000000000001
19616,1961.6,6.683600000000001
19617,1961.7,6.6832
19618,1961.8,6.6828
19619,1961.9,6.682400000000001
19620,1962.0,6.682
19621,1962.1,6.681800000000001
19622,1962.2,6.6816
19623,1962.3,6.6814
19624,1962.4,6.6812000000000005
19625,1962.5,6.681
19626,1962.6,6.6808000000000005
19627,1962.7,6.6806
19628,1962.8,6.6804
19629,1962.9,6.6802
19630,1963.0,6.68
19631,1963.1,6.6799
19632,1963.2,6.6798
19633,1963.3,6.6796999999999995
19634,1963.4,6.6796
19635,1963.5,6.6795
19636,1963.6,6.6794
19637,1963.7,6.6793000000000005
19638,1963.8,6.679200000000001
19639,1963.9,6.6791
19640,1964.0,6.679
19641,1964.1,6.6792
19642,1964.2,6.6794
19643,1964.3,6.679600000000001
19644,1964.4,6.6798
19645,1964.5,6.680000000000001
19646,1964.6,6.6802
19647,1964.7,6.6804
19648,1964.8,6.6806
19649,1964.9,6.6808000000000005
19650,1965.0,6.681
19651,1965.1,6.6812
19652,1965.2,6.6814
19653,1965.3,6.6815999999999995
19654,1965.4,6.6818
19655,1965.5,6.682
19656,1965.6,6.6822
19657,1965.7,6.6823999999999995
19658,1965.8,6.6826
19659,1965.9,6.682799999999999
19660,1966.0,6.682999999999999
19661,1966.1,6.6834999999999996
19662,1966.2,6.683999999999999
19663,1966.3,6.684499999999998
19664,1966.4,6.685
19665,1966.5,6.685499999999999
19666,1966.6,6.685999999999999
19667,1966.7,6.6865
19668,1966.8,6.686999999999999
19669,1966.9,6.687499999999999
19670,1967.0,6.688
19671,1967.1,6.688599999999999
19672,1967.2,6.689199999999999
19673,1967.3,6.6898
19674,1967.4,6.6903999999999995
19675,1967.5,6.690999999999999
19676,1967.6,6.691599999999998
19677,1967.7,6.6922
19678,1967.8,6.692799999999999
19679,1967.9,6.693399999999999
19680,1968.0,6.694
19681,1968.1,6.694699999999999
19682,1968.2,6.6953999999999985
19683,1968.3,6.6961
19684,1968.4,6.6968
19685,1968.5,6.697499999999999
19686,1968.6,6.6982
19687,1968.7,6.698899999999999
19688,1968.8,6.6995999999999984
19689,1968.9,6.7003
19690,1969.0,6.701
19691,1969.1,6.701899999999999
19692,1969.2,6.702800000000001
19693,1969.3,6.7036999999999995
19694,1969.4,6.704599999999999
19695,1969.5,6.705500000000001
19696,1969.6,6.7064
19697,1969.7,6.7073
19698,1969.8,6.7082000000000015
19699,1969.9,6.7091
19700,1970.0,6.71
19701,1970.1,6.7109999999999985
19702,1970.2,6.712000000000001
19703,1970.3,6.712999999999999
19704,1970.4,6.713999999999998
19705,1970.5,6.715
19706,1970.6,6.715999999999998
19707,1970.7,6.716999999999998
19708,1970.8,6.717999999999999
19709,1970.9,6.718999999999998
19710,1971.0,6.719999999999997
19711,1971.1,6.720999999999999
19712,1971.2,6.721999999999998
19713,1971.3,6.722999999999997
19714,1971.4,6.723999999999999
19715,1971.5,6.724999999999999
19716,1971.6,6.725999999999998
19717,1971.7,6.727
19718,1971.8,6.727999999999999
19719,1971.9,6.728999999999998
19720,1972.0,6.73
19721,1972.1,6.7311
19722,1972.2,6.732199999999998
19723,1972.3,6.733300000000001
19724,1972.4,6.734399999999999
19725,1972.5,6.735499999999998
19726,1972.6,6.7365999999999975
19727,1972.7,6.737699999999999
19728,1972.8,6.738799999999999
19729,1972.9,6.739899999999998
19730,1973.0,6.741
19731,1973.1,6.742099999999999
19732,1973.2,6.743199999999998
19733,1973.3,6.7443
19734,1973.4,6.745399999999999
19735,1973.5,6.746499999999998
19736,1973.6,6.7476
19737,1973.7,6.7486999999999995
19738,1973.8,6.749799999999999
19739,1973.9,6.750900000000001
19740,1974.0,6.752
19741,1974.1,6.753199999999999
19742,1974.2,6.754400000000001
19743,1974.3,6.7556
19744,1974.4,6.756799999999999
19745,1974.5,6.758000000000002
19746,1974.6,6.759200000000001
19747,1974.7,6.7604
19748,1974.8,6.761600000000002
19749,1974.9,6.762800000000001
19750,1975.0,6.764
19751,1975.1,6.765099999999999
19752,1975.2,6.766200000000001
19753,1975.3,6.7673
19754,1975.4,6.768399999999998
19755,1975.5,6.769500000000001
19756,1975.6,6.770599999999999
19757,1975.7,6.771699999999997
19758,1975.8,6.772799999999999
19759,1975.9,6.7738999999999985
19760,1976.0,6.774999999999997
19761,1976.1,6.7761
19762,1976.2,6.777199999999998
19763,1976.3,6.778299999999997
19764,1976.4,6.779399999999999
19765,1976.5,6.780499999999998
19766,1976.6,6.781599999999997
19767,1976.7,6.782699999999999
19768,1976.8,6.7837999999999985
19769,1976.9,6.784899999999998
19770,1977.0,6.786
19771,1977.1,6.786999999999999
19772,1977.2,6.787999999999998
19773,1977.3,6.789
19774,1977.4,6.789999999999999
19775,1977.5,6.790999999999999
19776,1977.6,6.791999999999998
19777,1977.7,6.793
19778,1977.8,6.793999999999999
19779,1977.9,6.794999999999998
19780,1978.0,6.796
19781,1978.1,6.796799999999999
19782,1978.2,6.797599999999999
19783,1978.3,6.798400000000001
19784,1978.4,6.7992
19785,1978.5,6.799999999999999
19786,1978.6,6.800800000000001
19787,1978.7,6.8016
19788,1978.8,6.8024
19789,1978.9,6.803200000000001
19790,1979.0,6.804
19791,1979.1,6.804799999999999
19792,1979.2,6.805600000000001
19793,1979.3,6.806400000000001
19794,1979.4,6.8072
19795,1979.5,6.808000000000002
19796,1979.6,6.808800000000001
19797,1979.7,6.8096
19798,1979.8,6.810400000000001
19799,1979.9,6.811200000000001
19800,1980.0,6.812
19801,1980.1,6.8126999999999995
19802,1980.2,6.813400000000001
19803,1980.3,6.8141
19804,1980.4,6.814799999999999
19805,1980.5,6.8155
19806,1980.6,6.816199999999999
19807,1980.7,6.816899999999999
19808,1980.8,6.8176
19809,1980.9,6.818299999999999
19810,1981.0,6.818999999999998
19811,1981.1,6.8195
19812,1981.2,6.819999999999999
19813,1981.3,6.820499999999998
19814,1981.4,6.821
19815,1981.5,6.8214999999999995
19816,1981.6,6.821999999999999
19817,1981.7,6.8225
19818,1981.8,6.8229999999999995
19819,1981.9,6.823499999999999
19820,1982.0,6.824
19821,1982.1,6.824299999999999
19822,1982.2,6.824599999999999
19823,1982.3,6.8248999999999995
19824,1982.4,6.8252
19825,1982.5,6.8255
19826,1982.6,6.825799999999999
19827,1982.7,6.8261
19828,1982.8,6.8264
19829,1982.9,6.8267
19830,1983.0,6.827
19831,1983.1,6.8271999999999995
19832,1983.2,6.8274
19833,1983.3,6.8276
19834,1983.4,6.8278
19835,1983.5,6.827999999999999
19836,1983.6,6.8282
19837,1983.7,6.828399999999999
19838,1983.8,6.8286
19839,1983.9,6.8288
19840,1984.0,6.829
19841,1984.1,6.829
19842,1984.2,6.829
19843,1984.3,6.829
19844,1984.4,6.829
19845,1984.5,6.829
19846,1984.6,6.829
19847,1984.7,6.829
19848,1984.8,6.829
19849,1984.9,6.829
19850,1985.0,6.829
19851,1985.1,6.8289
19852,1985.2,6.8288
19853,1985.3,6.8286999999999995
19854,1985.4,6.8286
19855,1985.5,6.8285
19856,1985.6,6.8284
19857,1985.7,6.8283000000000005
19858,1985.8,6.8282
19859,1985.9,6.8281
19860,1986.0,6.828
19861,1986.1,6.8277
19862,1986.2,6.827400000000001
19863,1986.3,6.827100000000001
19864,1986.4,6.8268
19865,1986.5,6.8265
19866,1986.6,6.826200000000001
19867,1986.7,6.825900000000001
19868,1986.8,6.8256000000000006
19869,1986.9,6.8253
19870,1987.0,6.825
19871,1987.1,6.8246
19872,1987.2,6.824200000000001
19873,1987.3,6.8238
19874,1987.4,6.8234
19875,1987.5,6.823
19876,1987.6,6.8226
19877,1987.7,6.8222
19878,1987.8,6.8218000000000005
19879,1987.9,6.821400000000001
19880,1988.0,6.821
19881,1988.1,6.8204
19882,1988.2,6.819800000000001
19883,1988.3,6.8191999999999995
19884,1988.4,6.8186
19885,1988.5,6.8180000000000005
19886,1988.6,6.8174
19887,1988.7,6.816800000000001
19888,1988.8,6.816200000000001
19889,1988.9,6.8156
19890,1989.0,6.815
19891,1989.1,6.814300000000001
19892,1989.2,6.813599999999999
19893,1989.3,6.8129
19894,1989.4,6.812200000000001
19895,1989.5,6.811499999999999
19896,1989.6,6.8107999999999995
19897,1989.7,6.8101
19898,1989.8,6.809399999999998
19899,1989.9,6.808699999999999
19900,1990.0,6.808
19901,1990.1,6.807200000000001
19902,1990.2,6.806399999999999
19903,1990.3,6.8056
19904,1990.4,6.804800000000001
19905,1990.5,6.804
19906,1990.6,6.8032
19907,1990.7,6.802400000000001
19908,1990.8,6.8016000000000005
19909,1990.9,6.8008000000000015
19910,1991.0,6.8000000000000025
19911,1991.1,6.799100000000001
19912,1991.2,6.798200000000001
19913,1991.3,6.797300000000003
19914,1991.4,6.7964
19915,1991.5,6.795500000000001
19916,1991.6,6.794600000000003
19917,1991.7,6.7937
19918,1991.8,6.7928000000000015
19919,1991.9,6.791900000000002
19920,1992.0,6.791
19921,1992.1,6.790100000000001
19922,1992.2,6.789200000000002
19923,1992.3,6.7883000000000004
19924,1992.4,6.787400000000001
19925,1992.5,6.786500000000001
19926,1992.6,6.785600000000002
19927,1992.7,6.7847
19928,1992.8,6.783800000000001
19929,1992.9,6.7829000000000015
19930,1993.0,6.782
19931,1993.1,6.781000000000001
19932,1993.2,6.780000000000002
19933,1993.3,6.779
19934,1993.4,6.7780000000000005
19935,1993.5,6.777000000000002
19936,1993.6,6.776
19937,1993.7,6.775
19938,1993.8,6.774000000000001
19939,1993.9,6.773
19940,1994.0,6.772
19941,1994.1,6.771000000000001
19942,1994.2,6.769999999999999
19943,1994.3,6.769
19944,1994.4,6.768000000000001
19945,1994.5,6.766999999999999
19946,1994.6,6.765999999999999
19947,1994.7,6.765
19948,1994.8,6.763999999999998
19949,1994.9,6.762999999999999
19950,1995.0,6.762
19951,1995.1,6.761000000000001
19952,1995.2,6.759999999999999
19953,1995.3,6.759
19954,1995.4,6.758000000000002
19955,1995.5,6.757
19956,1995.6,6.756000000000001
19957,1995.7,6.755000000000002
19958,1995.8,6.7540000000000004
19959,1995.9,6.753000000000002
19960,1996.0,6.7520000000000024
19961,1996.1,6.751
19962,1996.2,6.750000000000002
19963,1996.3,6.749000000000002
19964,1996.4,6.748
19965,1996.5,6.747000000000002
19966,1996.6,6.746000000000002
19967,1996.7,6.745
19968,1996.8,6.744000000000001
19969,1996.9,6.743000000000002
19970,1997.0,6.742
19971,1997.1,6.7410000000000005
19972,1997.2,6.740000000000002
19973,1997.3,6.739
19974,1997.4,6.738
19975,1997.5,6.737000000000002
19976,1997.6,6.736000000000002
19977,1997.7,6.735
19978,1997.8,6.734000000000001
19979,1997.9,6.733000000000002
19980,1998.0,6.732
19981,1998.1,6.7311000000000005
19982,1998.2,6.730200000000002
19983,1998.3,6.7293
19984,1998.4,6.728400000000001
19985,1998.5,6.727500000000001
19986,1998.6,6.7265999999999995
19987,1998.7,6.7257
19988,1998.8,6.724800000000001
19989,1998.9,6.7238999999999995
19990,1999.0,6.723
19991,1999.1,6.722200000000001
19992,1999.2,6.721399999999999
19993,1999.3,6.720599999999999
19994,1999.4,6.7198
19995,1999.5,6.7189999999999985
19996,1999.6,6.7181999999999995
19997,1999.7,6.7174000000000005
19998,1999.8,6.716599999999999
19999,1999.9,6.715799999999999
20000,2000.0,6.715
20001,2000.1,6.714200000000001
20002,2000.2,6.713399999999999
20003,2000.3,6.7126
20004,2000.4,6.711800000000001
20005,2000.5,6.711
20006,2000.6,6.7102
20007,2000.7,6.709400000000001
20008,2000.8,6.708600000000001
20009,2000.9,6.7078000000000015
20010,2001.0,6.7070000000000025
20011,2001.1,6.7064
20012,2001.2,6.705800000000001
20013,2001.3,6.705200000000001
20014,2001.4,6.7046
20015,2001.5,6.704000000000001
20016,2001.6,6.703400000000001
20017,2001.7,6.7028
20018,2001.8,6.7022
20019,2001.9,6.701600000000001
20020,2002.0,6.701
20021,2002.1,6.7004
20022,2002.2,6.699800000000001
20023,2002.3,6.699199999999999
20024,2002.4,6.6986
20025,2002.5,6.698
20026,2002.6,6.697400000000002
20027,2002.7,6.6968000000000005
20028,2002.8,6.696200000000001
20029,2002.9,6.6956000000000016
20030,2003.0,6.695
20031,2003.1,6.6946
20032,2003.2,6.694200000000001
20033,2003.3,6.6938
20034,2003.4,6.6934000000000005
20035,2003.5,6.6930000000000005
20036,2003.6,6.6926
20037,2003.7,6.6922
20038,2003.8,6.691800000000001
20039,2003.9,6.6914
20040,2004.0,6.691
20041,2004.1,6.6907
20042,2004.2,6.6903999999999995
20043,2004.3,6.690099999999999
20044,2004.4,6.6898
20045,2004.5,6.6895
20046,2004.6,6.6892
20047,2004.7,6.6889
20048,2004.8,6.688599999999999
20049,2004.9,6.6883
20050,2005.0,6.688
20051,2005.1,6.6878
20052,2005.2,6.6876
20053,2005.3,6.6874
20054,2005.4,6.6872
20055,2005.5,6.686999999999999
20056,2005.6,6.6868
20057,2005.7,6.6866
20058,2005.8,6.6864
20059,2005.9,6.6862
20060,2006.0,6.686000000000001
20061,2006.1,6.6859
20062,2006.2,6.6858
20063,2006.3,6.6857
20064,2006.4,6.6856
20065,2006.5,6.6855
20066,2006.6,6.6854
20067,2006.7,6.6853
20068,2006.8,6.6852
20069,2006.9,6.6851
20070,2007.0,6.685
20071,2007.1,6.685099999999999
20072,2007.2,6.685199999999999
20073,2007.3,6.6853
20074,2007.4,6.6854
20075,2007.5,6.685499999999999
20076,2007.6,6.6856
20077,2007.7,6.6857
20078,2007.8,6.6857999999999995
20079,2007.9,6.685899999999999
20080,2008.0,6.686
20081,2008.1,6.6861999999999995
20082,2008.2,6.6864
20083,2008.3,6.6866
20084,2008.4,6.6868
20085,2008.5,6.686999999999999
20086,2008.6,6.6872
20087,2008.7,6.687399999999999
20088,2008.8,6.6876
20089,2008.9,6.6878
20090,2009.0,6.688
20091,2009.1,6.6883
20092,2009.2,6.6886
20093,2009.3,6.6889
20094,2009.4,6.6892
20095,2009.5,6.6895
20096,2009.6,6.6898
20097,2009.7,6.690099999999999
20098,2009.8,6.6904
20099,2009.9,6.6907
20100,2010.0,6.691
20101,2010.1,6.6915
20102,2010.2,6.692
20103,2010.3,6.6925
20104,2010.4,6.692999999999999
20105,2010.5,6.6935
20106,2010.6,6.693999999999999
20107,2010.7,6.694499999999999
20108,2010.8,6.694999999999999
20109,2010.9,6.695499999999999
20110,2011.0,6.695999999999998
20111,2011.1,6.6964999999999995
20112,2011.2,6.696999999999999
20113,2011.3,6.697499999999998
20114,2011.4,6.6979999999999995
20115,2011.5,6.698499999999999
20116,2011.6,6.698999999999999
20117,2011.7,6.6995
20118,2011.8,6.699999999999999
20119,2011.9,6.700499999999999
20120,2012.0,6.701
20121,2012.1,6.701699999999999
20122,2012.2,6.702399999999998
20123,2012.3,6.7031
20124,2012.4,6.703799999999999
20125,2012.5,6.704499999999999
20126,2012.6,6.705199999999999
20127,2012.7,6.7059
20128,2012.8,6.706599999999999
20129,2012.9,6.707299999999999
20130,2013.0,6.708
20131,2013.1,6.708699999999999
20132,2013.2,6.709399999999999
20133,2013.3,6.710100000000001
20134,2013.4,6.7108
20135,2013.5,6.711499999999999
20136,2013.6,6.7122
20137,2013.7,6.712899999999999
20138,2013.8,6.7136
20139,2013.9,6.714300000000001
20140,2014.0,6.715
20141,2014.1,6.7158999999999995
20142,2014.2,6.716800000000001
20143,2014.3,6.7177
20144,2014.4,6.7185999999999995
20145,2014.5,6.719500000000001
20146,2014.6,6.720400000000001
20147,2014.7,6.7213
20148,2014.8,6.722200000000002
20149,2014.9,6.7231000000000005
20150,2015.0,6.724
20151,2015.1,6.724899999999999
20152,2015.2,6.7258000000000004
20153,2015.3,6.726699999999999
20154,2015.4,6.727599999999998
20155,2015.5,6.7285
20156,2015.6,6.729399999999999
20157,2015.7,6.730299999999998
20158,2015.8,6.731199999999999
20159,2015.9,6.732099999999998
20160,2016.0,6.732999999999997
20161,2016.1,6.733899999999999
20162,2016.2,6.734799999999998
20163,2016.3,6.735699999999998
20164,2016.4,6.736599999999999
20165,2016.5,6.737499999999999
20166,2016.6,6.738399999999998
20167,2016.7,6.7393
20168,2016.8,6.740199999999999
20169,2016.9,6.7410999999999985
20170,2017.0,6.742
20171,2017.1,6.742999999999999
20172,2017.2,6.743999999999998
20173,2017.3,6.745
20174,2017.4,6.7459999999999996
20175,2017.5,6.746999999999998
20176,2017.6,6.7479999999999976
20177,2017.7,6.749
20178,2017.8,6.749999999999999
20179,2017.9,6.750999999999998
20180,2018.0,6.752
20181,2018.1,6.752999999999999
20182,2018.2,6.753999999999998
20183,2018.3,6.755
20184,2018.4,6.755999999999999
20185,2018.5,6.756999999999998
20186,2018.6,6.758
20187,2018.7,6.7589999999999995
20188,2018.8,6.759999999999999
20189,2018.9,6.761
20190,2019.0,6.762
20191,2019.1,6.762899999999999
20192,2019.2,6.763800000000001
20193,2019.3,6.7646999999999995
20194,2019.4,6.765599999999999
20195,2019.5,6.766500000000001
20196,2019.6,6.7674
20197,2019.7,6.7683
20198,2019.8,6.769200000000001
20199,2019.9,6.7701
20200,2020.0,6.771
20201,2020.1,6.7719999999999985
20202,2020.2,6.773000000000001
20203,2020.3,6.773999999999999
20204,2020.4,6.774999999999998
20205,2020.5,6.776
20206,2020.6,6.776999999999998
20207,2020.7,6.777999999999998
20208,2020.8,6.778999999999999
20209,2020.9,6.779999999999998
20210,2021.0,6.780999999999997
20211,2021.1,6.781899999999999
20212,2021.2,6.782799999999998
20213,2021.3,6.783699999999998
20214,2021.4,6.784599999999999
20215,2021.5,6.785499999999999
20216,2021.6,6.786399999999998
20217,2021.7,6.7873
20218,2021.8,6.788199999999999
20219,2021.9,6.789099999999999
20220,2022.0,6.79
20221,2022.1,6.790799999999999
20222,2022.2,6.791599999999999
20223,2022.3,6.792400000000001
20224,2022.4,6.7932
20225,2022.5,6.793999999999999
20226,2022.6,6.794799999999999
20227,2022.7,6.795599999999999
20228,2022.8,6.796399999999999
20229,2022.9,6.797199999999998
20230,2023.0,6.798
20231,2023.1,6.798799999999999
20232,2023.2,6.799599999999999
20233,2023.3,6.800400000000001
20234,2023.4,6.8012
20235,2023.5,6.801999999999999
20236,2023.6,6.8028
20237,2023.7,6.803599999999999
20238,2023.8,6.804399999999999
20239,2023.9,6.805200000000001
20240,2024.0,6.806
20241,2024.1,6.8065999999999995
20242,2024.2,6.807200000000001
20243,2024.3,6.8078
20244,2024.4,6.8084
20245,2024.5,6.809000000000001
20246,2024.6,6.8096000000000005
20247,2024.7,6.8102
20248,2024.8,6.810800000000001
20249,2024.9,6.811400000000001
20250,2025.0,6.812
20251,2025.1,6.8125
20252,2025.2,6.813000000000001
20253,2025.3,6.8135
20254,2025.4,6.813999999999999
20255,2025.5,6.814500000000001
20256,2025.6,6.8149999999999995
20257,2025.7,6.815499999999999
20258,2025.8,6.816
20259,2025.9,6.8165
20260,2026.0,6.816999999999998
20261,2026.1,6.8174
20262,2026.2,6.817799999999999
20263,2026.3,6.818199999999999
20264,2026.4,6.8186
20265,2026.5,6.818999999999999
20266,2026.6,6.819399999999999
20267,2026.7,6.8198
20268,2026.8,6.820199999999999
20269,2026.9,6.820599999999999
20270,2027.0,6.821
20271,2027.1,6.821199999999999
20272,2027.2,6.8214
20273,2027.3,6.8216
20274,2027.4,6.8218
20275,2027.5,6.822
20276,2027.6,6.8222
20277,2027.7,6.8224
20278,2027.8,6.8226
20279,2027.9,6.8228
20280,2028.0,6.823
20281,2028.1,6.8231
20282,2028.2,6.8232
20283,2028.3,6.823300000000001
20284,2028.4,6.8234
20285,2028.5,6.8235
20286,2028.6,6.8236
20287,2028.7,6.8237
20288,2028.8,6.823799999999999
20289,2028.9,6.8239
20290,2029.0,6.824
20291,2029.1,6.8239
20292,2029.2,6.823799999999999
20293,2029.3,6.8237
20294,2029.4,6.8236
20295,2029.5,6.8235
20296,2029.6,6.8234
20297,2029.7,6.823300000000001
20298,2029.8,6.8232
20299,2029.9,6.8231
20300,2030.0,6.823
20301,2030.1,6.822800000000001
20302,2030.2,6.8226
20303,2030.3,6.8224
20304,2030.4,6.8222000000000005
20305,2030.5,6.822
20306,2030.6,6.8218000000000005
20307,2030.7,6.8216
20308,2030.8,6.8214
20309,2030.9,6.8212
20310,2031.0,6.821000000000001
20311,2031.1,6.8205
20312,2031.2,6.82
20313,2031.3,6.8195000000000014
20314,2031.4,6.819
20315,2031.5,6.8185
20316,2031.6,6.8180000000000005
20317,2031.7,6.8175
20318,2031.8,6.817
20319,2031.9,6.8165000000000004
20320,2032.0,6.816
20321,2032.1,6.8155
20322,2032.2,6.815
20323,2032.3,6.8145
20324,2032.4,6.814
20325,2032.5,6.8135
20326,2032.6,6.813000000000001
20327,2032.7,6.8125
20328,2032.8,6.812
20329,2032.9,6.8115000000000006
20330,2033.0,6.811
20331,2033.1,6.810300000000001
20332,2033.2,6.809600000000001
20333,2033.3,6.8088999999999995
20334,2033.4,6.8082
20335,2033.5,6.807500000000001
20336,2033.6,6.8068
20337,2033.7,6.806100000000001
20338,2033.8,6.805400000000001
20339,2033.9,6.8046999999999995
20340,2034.0,6.804
20341,2034.1,6.803200000000001
20342,2034.2,6.8024
20343,2034.3,6.8016
20344,2034.4,6.800800000000001
20345,2034.5,6.799999999999999
20346,2034.6,6.7992
20347,2034.7,6.798400000000001
20348,2034.8,6.797599999999999
20349,2034.9,6.796799999999999
20350,2035.0,6.796
20351,2035.1,6.795000000000002
20352,2035.2,6.794
20353,2035.3,6.793000000000001
20354,2035.4,6.792000000000002
20355,2035.5,6.791
20356,2035.6,6.790000000000001
20357,2035.7,6.789000000000002
20358,2035.8,6.788
20359,2035.9,6.787000000000002
20360,2036.0,6.786000000000002
20361,2036.1,6.785
20362,2036.2,6.784000000000002
20363,2036.3,6.783000000000002
20364,2036.4,6.782
20365,2036.5,6.7810000000000015
20366,2036.6,6.780000000000002
20367,2036.7,6.779
20368,2036.8,6.7780000000000005
20369,2036.9,6.777000000000002
20370,2037.0,6.776
20371,2037.1,6.775
20372,2037.2,6.774000000000002
20373,2037.3,6.773
20374,2037.4,6.772
20375,2037.5,6.771000000000002
20376,2037.6,6.770000000000002
20377,2037.7,6.769
20378,2037.8,6.768000000000001
20379,2037.9,6.767000000000002
20380,2038.0,6.766
20381,2038.1,6.764900000000001
20382,2038.2,6.763800000000002
20383,2038.3,6.7627
20384,2038.4,6.7616000000000005
20385,2038.5,6.760500000000001
20386,2038.6,6.759399999999999
20387,2038.7,6.7583
20388,2038.8,6.757200000000001
20389,2038.9,6.756099999999999
20390,2039.0,6.755
20391,2039.1,6.753900000000001
20392,2039.2,6.752799999999999
20393,2039.3,6.7517
20394,2039.4,6.7506
20395,2039.5,6.7494999999999985
20396,2039.6,6.748399999999999
20397,2039.7,6.7473
20398,2039.8,6.746199999999998
20399,2039.9,6.745099999999999
20400,2040.0,6.744
20401,2040.1,6.7429000000000014
20402,2040.2,6.741799999999999
20403,2040.3,6.7407
20404,2040.4,6.739600000000002
20405,2040.5,6.7385
20406,2040.6,6.737400000000001
20407,2040.7,6.736300000000003
20408,2040.8,6.735200000000001
20409,2040.9,6.7341000000000015
20410,2041.0,6.733000000000003
20411,2041.1,6.732
20412,2041.2,6.731000000000002
20413,2041.3,6.730000000000002
20414,2041.4,6.729
20415,2041.5,6.7280000000000015
20416,2041.6,6.727000000000002
20417,2041.7,6.726
20418,2041.8,6.7250000000000005
20419,2041.9,6.724000000000002
20420,2042.0,6.723
20421,2042.1,6.722100000000001
20422,2042.2,6.721200000000001
20423,2042.3,6.7203
20424,2042.4,6.7194
20425,2042.5,6.7185000000000015
20426,2042.6,6.717600000000003
20427,2042.7,6.7167
20428,2042.8,6.7158000000000015
20429,2042.9,6.714900000000002
20430,2043.0,6.714
20431,2043.1,6.713100000000001
20432,2043.2,6.712200000000002
20433,2043.3,6.7113000000000005
20434,2043.4,6.710400000000001
20435,2043.5,6.709500000000001
20436,2043.6,6.7086
20437,2043.7,6.7077
20438,2043.8,6.706800000000001
20439,2043.9,6.7059
20440,2044.0,6.705
20441,2044.1,6.704300000000001
20442,2044.2,6.7036
20443,2044.3,6.7029
20444,2044.4,6.7022
20445,2044.5,6.701499999999999
20446,2044.6,6.7008
20447,2044.7,6.700100000000001
20448,2044.8,6.699399999999999
20449,2044.9,6.6987
20450,2045.0,6.698
20451,2045.1,6.697500000000001
20452,2045.2,6.697
20453,2045.3,6.6965
20454,2045.4,6.696000000000001
20455,2045.5,6.6955
20456,2045.6,6.695
20457,2045.7,6.694500000000001
20458,2045.8,6.694
20459,2045.9,6.6935
20460,2046.0,6.693000000000001
20461,2046.1,6.6926
20462,2046.2,6.692200000000001
20463,2046.3,6.691800000000001
20464,2046.4,6.6914
20465,2046.5,6.691000000000001
20466,2046.6,6.690600000000001
20467,2046.7,6.6902
20468,2046.8,6.689800000000001
20469,2046.9,6.689400000000001
20470,2047.0,6.689
20471,2047.1,6.6888000000000005
20472,2047.2,6.6886
20473,2047.3,6.6884
20474,2047.4,6.6882
20475,2047.5,6.688000000000001
20476,2047.6,6.687800000000001
20477,2047.7,6.687600000000001
20478,2047.8,6.6874
20479,2047.9,6.687200000000001
20480,2048.0,6.687
20481,2048.1,6.687
20482,2048.2,6.687
20483,2048.3,6.687
20484,2048.4,6.687
20485,2048.5,6.687
20486,2048.6,6.687
20487,2048.7,6.687
20488,2048.8,6.687
20489,2048.9,6.687
20490,2049.0,6.687
20491,2049.1,6.6871
20492,2049.2,6.687200000000001
20493,2049.3,6.6873000000000005
20494,2049.4,6.6874
20495,2049.5,6.6875
20496,2049.6,6.6876
20497,2049.7,6.6876999999999995
20498,2049.8,6.6878
20499,2049.9,6.6879
20500,2050.0,6.688
20501,2050.1,6.688299999999999
20502,2050.2,6.6886
20503,2050.3,6.688899999999999
20504,2050.4,6.6892
20505,2050.5,6.6895
20506,2050.6,6.689799999999999
20507,2050.7,6.690099999999999
20508,2050.8,6.6903999999999995
20509,2050.9,6.6907
20510,2051.0,6.690999999999999
20511,2051.1,6.6915
20512,2051.2,6.691999999999999
20513,2051.3,6.692499999999998
20514,2051.4,6.693
20515,2051.5,6.693499999999999
20516,2051.6,6.693999999999999
20517,2051.7,6.6945
20518,2051.8,6.694999999999999
20519,2051.9,6.695499999999999
20520,2052.0,6.696
20521,2052.1,6.696599999999999
20522,2052.2,6.697199999999999
20523,2052.3,6.6978
20524,2052.4,6.6983999999999995
20525,2052.5,6.698999999999999
20526,2052.6,6.6995999999999984
20527,2052.7,6.7002
20528,2052.8,6.700799999999999
20529,2052.9,6.701399999999999
20530,2053.0,6.702
20531,2053.1,6.702799999999999
20532,2053.2,6.703599999999999
20533,2053.3,6.704400000000001
20534,2053.4,6.7052
20535,2053.5,6.705999999999999
20536,2053.6,6.7068
20537,2053.7,6.707599999999999
20538,2053.8,6.708399999999999
20539,2053.9,6.709200000000001
20540,2054.0,6.71
20541,2054.1,6.7109
20542,2054.2,6.711800000000001
20543,2054.3,6.7127
20544,2054.4,6.7136
20545,2054.5,6.714500000000001
20546,2054.6,6.715400000000001
20547,2054.7,6.7163
20548,2054.8,6.717200000000002
20549,2054.9,6.718100000000001
20550,2055.0,6.719
20551,2055.1,6.719999999999999
20552,2055.2,6.721000000000001
20553,2055.3,6.7219999999999995
20554,2055.4,6.722999999999998
20555,2055.5,6.724
20556,2055.6,6.724999999999999
20557,2055.7,6.725999999999998
20558,2055.8,6.726999999999999
20559,2055.9,6.727999999999998
20560,2056.0,6.728999999999997
20561,2056.1,6.730099999999999
20562,2056.2,6.7311999999999985
20563,2056.3,6.732299999999998
20564,2056.4,6.7334
20565,2056.5,6.734499999999999
20566,2056.6,6.735599999999998
20567,2056.7,6.7367
20568,2056.8,6.737799999999999
20569,2056.9,6.738899999999998
20570,2057.0,6.74
20571,2057.1,6.741099999999999
20572,2057.2,6.742199999999999
20573,2057.3,6.7433000000000005
20574,2057.4,6.7444
20575,2057.5,6.745499999999999
20576,2057.6,6.746599999999998
20577,2057.7,6.7477
20578,2057.8,6.748799999999999
20579,2057.9,6.7498999999999985
20580,2058.0,6.751
20581,2058.1,6.752
20582,2058.2,6.752999999999998
20583,2058.3,6.7540000000000004
20584,2058.4,6.755
20585,2058.5,6.7559999999999985
20586,2058.6,6.757000000000001
20587,2058.7,6.758
20588,2058.8,6.7589999999999995
20589,2058.9,6.760000000000001
20590,2059.0,6.761
20591,2059.1,6.762099999999999
20592,2059.2,6.763200000000001
20593,2059.3,6.7643
20594,2059.4,6.7654
20595,2059.5,6.7665000000000015
20596,2059.6,6.767600000000001
20597,2059.7,6.7687
20598,2059.8,6.769800000000002
20599,2059.9,6.770900000000001
20600,2060.0,6.772
20601,2060.1,6.772999999999999
20602,2060.2,6.774000000000001
20603,2060.3,6.7749999999999995
20604,2060.4,6.775999999999998
20605,2060.5,6.777
20606,2060.6,6.777999999999999
20607,2060.7,6.778999999999998
20608,2060.8,6.779999999999999
20609,2060.9,6.780999999999998
20610,2061.0,6.781999999999997
20611,2061.1,6.7829
20612,2061.2,6.7837999999999985
20613,2061.3,6.784699999999998
20614,2061.4,6.7856
20615,2061.5,6.786499999999999
20616,2061.6,6.787399999999998
20617,2061.7,6.7883000000000004
20618,2061.8,6.789199999999999
20619,2061.9,6.790099999999999
20620,2062.0,6.791
20621,2062.1,6.791799999999999
20622,2062.2,6.792599999999999
20623,2062.3,6.793400000000001
20624,2062.4,6.7942
20625,2062.5,6.794999999999999
20626,2062.6,6.795799999999999
20627,2062.7,6.7966
20628,2062.8,6.7974
20629,2062.9,6.798199999999999
20630,2063.0,6.799
20631,2063.1,6.7997
20632,2063.2,6.800399999999999
20633,2063.3,6.801100000000001
20634,2063.4,6.8018
20635,2063.5,6.802499999999999
20636,2063.6,6.8032
20637,2063.7,6.8039
20638,2063.8,6.804599999999999
20639,2063.9,6.805300000000001
20640,2064.0,6.806
20641,2064.1,6.8065
20642,2064.2,6.807
20643,2064.3,6.8075
20644,2064.4,6.808
20645,2064.5,6.8085
20646,2064.6,6.809
20647,2064.7,6.8095
20648,2064.8,6.8100000000000005
20649,2064.9,6.8105
20650,2065.0,6.811
20651,2065.1,6.811299999999999
20652,2065.2,6.8116
20653,2065.3,6.8119
20654,2065.4,6.8122
20655,2065.5,6.8125
20656,2065.6,6.812799999999999
20657,2065.7,6.8130999999999995
20658,2065.8,6.8134
20659,2065.9,6.8137
20660,2066.0,6.813999999999999
20661,2066.1,6.8141
20662,2066.2,6.8142
20663,2066.3,6.8143
20664,2066.4,6.8144
20665,2066.5,6.8145
20666,2066.6,6.8146
20667,2066.7,6.8147
20668,2066.8,6.8148
20669,2066.9,6.8149
20670,2067.0,6.815
20671,2067.1,6.815
20672,2067.2,6.815
20673,2067.3,6.815
20674,2067.4,6.815
20675,2067.5,6.815
20676,2067.6,6.815
20677,2067.7,6.815
20678,2067.8,6.815
20679,2067.9,6.815
20680,2068.0,6.815
20681,2068.1,6.814800000000001
20682,2068.2,6.8146
20683,2068.3,6.8144
20684,2068.4,6.8142000000000005
20685,2068.5,6.814
20686,2068.6,6.8138
20687,2068.7,6.8136
20688,2068.8,6.8134
20689,2068.9,6.813199999999999
20690,2069.0,6.813
20691,2069.1,6.8126
20692,2069.2,6.812199999999999
20693,2069.3,6.8118
20694,2069.4,6.8114
20695,2069.5,6.810999999999999
20696,2069.6,6.8106
20697,2069.7,6.8102
20698,2069.8,6.809799999999999
20699,2069.9,6.8094
20700,2070.0,6.809
20701,2070.1,6.808400000000001
20702,2070.2,6.807799999999999
20703,2070.3,6.807200000000001
20704,2070.4,6.806600000000001
20705,2070.5,6.806
20706,2070.6,6.805400000000001
20707,2070.7,6.804800000000001
20708,2070.8,6.804200000000001
20709,2070.9,6.803600000000001
20710,2071.0,6.803000000000002
20711,2071.1,6.802300000000001
20712,2071.2,6.801600000000001
20713,2071.3,6.800900000000002
20714,2071.4,6.8002
20715,2071.5,6.799500000000001
20716,2071.6,6.798800000000002
20717,2071.7,6.798100000000001
20718,2071.8,6.7974000000000006
20719,2071.9,6.796700000000001
20720,2072.0,6.796
20721,2072.1,6.795200000000001
20722,2072.2,6.794400000000001
20723,2072.3,6.7936
20724,2072.4,6.792800000000001
20725,2072.5,6.792000000000002
20726,2072.6,6.791200000000002
20727,2072.7,6.790400000000001
20728,2072.8,6.789600000000001
20729,2072.9,6.788800000000002
20730,2073.0,6.788
20731,2073.1,6.787100000000001
20732,2073.2,6.786200000000002
20733,2073.3,6.7853
20734,2073.4,6.784400000000001
20735,2073.5,6.783500000000001
20736,2073.6,6.7825999999999995
20737,2073.7,6.7817
20738,2073.8,6.780800000000001
20739,2073.9,6.7799
20740,2074.0,6.779
20741,2074.1,6.7780000000000005
20742,2074.2,6.776999999999999
20743,2074.3,6.776
20744,2074.4,6.775
20745,2074.5,6.773999999999998
20746,2074.6,6.773
20747,2074.7,6.772
20748,2074.8,6.770999999999998
20749,2074.9,6.77
20750,2075.0,6.769
20751,2075.1,6.768000000000002
20752,2075.2,6.7669999999999995
20753,2075.3,6.766000000000001
20754,2075.4,6.765000000000002
20755,2075.5,6.764
20756,2075.6,6.763000000000002
20757,2075.7,6.762000000000002
20758,2075.8,6.761000000000001
20759,2075.9,6.7600000000000025
20760,2076.0,6.759000000000003
20761,2076.1,6.758000000000001
20762,2076.2,6.757000000000002
20763,2076.3,6.756000000000003
20764,2076.4,6.755000000000001
20765,2076.5,6.754000000000001
20766,2076.6,6.753000000000002
20767,2076.7,6.752
20768,2076.8,6.751000000000001
20769,2076.9,6.750000000000002
20770,2077.0,6.749
20771,2077.1,6.748
20772,2077.2,6.747000000000002
20773,2077.3,6.7459999999999996
20774,2077.4,6.745
20775,2077.5,6.7440000000000015
20776,2077.6,6.743000000000002
20777,2077.7,6.742
20778,2077.8,6.7410000000000005
20779,2077.9,6.740000000000002
20780,2078.0,6.739
20781,2078.1,6.738100000000001
20782,2078.2,6.737200000000001
20783,2078.3,6.7363
20784,2078.4,6.7354
20785,2078.5,6.7345000000000015
20786,2078.6,6.7336
20787,2078.7,6.7327
20788,2078.8,6.731800000000002
20789,2078.9,6.730899999999999
20790,2079.0,6.73
20791,2079.1,6.729100000000001
20792,2079.2,6.728199999999999
20793,2079.3,6.7273000000000005
20794,2079.4,6.726400000000001
20795,2079.5,6.725499999999999
20796,2079.6,6.7246
20797,2079.7,6.7237
20798,2079.8,6.7227999999999986
20799,2079.9,6.7219
20800,2080.0,6.721
20801,2080.1,6.720200000000001
20802,2080.2,6.719399999999999
20803,2080.3,6.7186
20804,2080.4,6.717800000000001
20805,2080.5,6.7170000000000005
20806,2080.6,6.716200000000001
20807,2080.7,6.715400000000002
20808,2080.8,6.714600000000001
20809,2080.9,6.713800000000002
20810,2081.0,6.713000000000003
20811,2081.1,6.712400000000001
20812,2081.2,6.711800000000001
20813,2081.3,6.711200000000002
20814,2081.4,6.7106
20815,2081.5,6.710000000000001
20816,2081.6,6.709400000000001
20817,2081.7,6.7088
20818,2081.8,6.708200000000001
20819,2081.9,6.707600000000001
20820,2082.0,6.707
20821,2082.1,6.7065
20822,2082.2,6.706
20823,2082.3,6.7055
20824,2082.4,6.705
20825,2082.5,6.7045
20826,2082.6,6.704000000000001
20827,2082.7,6.7035
20828,2082.8,6.703
20829,2082.9,6.702500000000001
20830,2083.0,6.702
20831,2083.1,6.7016
20832,2083.2,6.701200000000001
20833,2083.3,6.7008
20834,2083.4,6.7004
20835,2083.5,6.700000000000001
20836,2083.6,6.6996
20837,2083.7,6.6992
20838,2083.8,6.698800000000001
20839,2083.9,6.6984
20840,2084.0,6.698
20841,2084.1,6.697800000000001
20842,2084.2,6.6976
20843,2084.3,6.6974
20844,2084.4,6.6972000000000005
20845,2084.5,6.697
20846,2084.6,6.6968
20847,2084.7,6.6966
20848,2084.8,6.6964
20849,2084.9,6.696199999999999
20850,2085.0,6.696
20851,2085.1,6.6959
20852,2085.2,6.6958
20853,2085.3,6.6956999999999995
20854,2085.4,6.6956
20855,2085.5,6.6955
20856,2085.6,6.6954
20857,2085.7,6.6953000000000005
20858,2085.8,6.6952
20859,2085.9,6.6951
20860,2086.0,6.695
20861,2086.1,6.6951
20862,2086.2,6.6952
20863,2086.3,6.6953
20864,2086.4,6.6954
20865,2086.5,6.6955
20866,2086.6,6.6956
20867,2086.7,6.6956999999999995
20868,2086.8,6.695799999999999
20869,2086.9,6.6959
20870,2087.0,6.696
20871,2087.1,6.6963
20872,2087.2,6.696599999999999
20873,2087.3,6.696899999999999
20874,2087.4,6.6972
20875,2087.5,6.6975
20876,2087.6,6.697799999999999
20877,2087.7,6.6981
20878,2087.8,6.6983999999999995
20879,2087.9,6.6987
20880,2088.0,6.699
20881,2088.1,6.6994
20882,2088.2,6.699799999999999
20883,2088.3,6.7002
20884,2088.4,6.7006
20885,2088.5,6.701
20886,2088.6,6.7014000000000005
20887,2088.7,6.7018
20888,2088.8,6.7021999999999995
20889,2088.9,6.7026
20890,2089.0,6.703
20891,2089.1,6.7035
20892,2089.2,6.704000000000001
20893,2089.3,6.7045
20894,2089.4,6.705
20895,2089.5,6.705500000000001
20896,2089.6,6.706
20897,2089.7,6.7065
20898,2089.8,6.707000000000001
20899,2089.9,6.7075000000000005
20900,2090.0,6.708
20901,2090.1,6.7086
20902,2090.2,6.709200000000001
20903,2090.3,6.7097999999999995
20904,2090.4,6.710399999999999
20905,2090.5,6.711
20906,2090.6,6.7116
20907,2090.7,6.712199999999999
20908,2090.8,6.7128
20909,2090.9,6.713399999999999
20910,2091.0,6.713999999999999
20911,2091.1,6.7147
20912,2091.2,6.715399999999999
20913,2091.3,6.716099999999998
20914,2091.4,6.7168
20915,2091.5,6.717499999999999
20916,2091.6,6.718199999999999
20917,2091.7,6.7189
20918,2091.8,6.7196
20919,2091.9,6.720299999999999
20920,2092.0,6.721
20921,2092.1,6.721799999999999
20922,2092.2,6.722599999999999
20923,2092.3,6.723400000000001
20924,2092.4,6.7242
20925,2092.5,6.724999999999999
20926,2092.6,6.725799999999999
20927,2092.7,6.7265999999999995
20928,2092.8,6.727399999999999
20929,2092.9,6.728199999999998
20930,2093.0,6.729
20931,2093.1,6.7299
20932,2093.2,6.730799999999999
20933,2093.3,6.7317
20934,2093.4,6.7326
20935,2093.5,6.733499999999999
20936,2093.6,6.734400000000001
20937,2093.7,6.7353000000000005
20938,2093.8,6.736199999999999
20939,2093.9,6.737100000000001
20940,2094.0,6.738
20941,2094.1,6.7387999999999995
20942,2094.2,6.739600000000001
20943,2094.3,6.740400000000001
20944,2094.4,6.7412
20945,2094.5,6.742000000000002
20946,2094.6,6.742800000000001
20947,2094.7,6.7436
20948,2094.8,6.7444000000000015
20949,2094.9,6.745200000000001
20950,2095.0,6.746
20951,2095.1,6.746999999999999
20952,2095.2,6.748000000000001
20953,2095.3,6.749
20954,2095.4,6.749999999999998
20955,2095.5,6.751
20956,2095.6,6.751999999999999
20957,2095.7,6.752999999999998
20958,2095.8,6.754
20959,2095.9,6.754999999999998
20960,2096.0,6.755999999999998
20961,2096.1,6.756899999999999
20962,2096.2,6.757799999999999
20963,2096.3,6.7586999999999975
20964,2096.4,6.7596
20965,2096.5,6.760499999999999
20966,2096.6,6.761399999999997
20967,2096.7,6.7623
20968,2096.8,6.7631999999999985
20969,2096.9,6.764099999999998
20970,2097.0,6.765
20971,2097.1,6.765799999999999
20972,2097.2,6.766599999999999
20973,2097.3,6.7674
20974,2097.4,6.768199999999999
20975,2097.5,6.768999999999998
20976,2097.6,6.769799999999998
20977,2097.7,6.770599999999999
20978,2097.8,6.771399999999999
20979,2097.9,6.772199999999998
20980,2098.0,6.773
20981,2098.1,6.773899999999999
20982,2098.2,6.774799999999998
20983,2098.3,6.7757
20984,2098.4,6.776599999999999
20985,2098.5,6.777499999999999
20986,2098.6,6.7784
20987,2098.7,6.7793
20988,2098.8,6.780199999999999
20989,2098.9,6.7811
20990,2099.0,6.782
20991,2099.1,6.782799999999999
20992,2099.2,6.783600000000001
20993,2099.3,6.784400000000001
20994,2099.4,6.7852
20995,2099.5,6.786000000000001
20996,2099.6,6.7868
20997,2099.7,6.787599999999999
20998,2099.8,6.788400000000001
20999,2099.9,6.789200000000001
21000,2100.0,6.79
21001,2100.1,6.790699999999999
21002,2100.2,6.7914
21003,2100.3,6.7921
21004,2100.4,6.792799999999999
21005,2100.5,6.7935
21006,2100.6,6.794199999999999
21007,2100.7,6.794899999999998
21008,2100.8,6.795599999999999
21009,2100.9,6.796299999999999
21010,2101.0,6.796999999999998
21011,2101.1,6.797599999999999
21012,2101.2,6.798199999999999
21013,2101.3,6.798799999999998
21014,2101.4,6.7993999999999994
21015,2101.5,6.799999999999999
21016,2101.6,6.800599999999998
21017,2101.7,6.8012
21018,2101.8,6.801799999999999
21019,2101.9,6.802399999999999
21020,2102.0,6.803
21021,2102.1,6.8035
21022,2102.2,6.803999999999999
21023,2102.3,6.8045
21024,2102.4,6.805
21025,2102.5,6.805499999999999
21026,2102.6,6.805999999999999
21027,2102.7,6.8065
21028,2102.8,6.8069999999999995
21029,2102.9,6.807499999999999
21030,2103.0,6.808
21031,2103.1,6.8084
21032,2103.2,6.808799999999999
21033,2103.3,6.8092
21034,2103.4,6.8096
21035,2103.5,6.81
21036,2103.6,6.8104000000000005
21037,2103.7,6.8108
21038,2103.8,6.8111999999999995
21039,2103.9,6.8116
21040,2104.0,6.812
21041,2104.1,6.8123000000000005
21042,2104.2,6.812600000000001
21043,2104.3,6.8129
21044,2104.4,6.8132
21045,2104.5,6.8135
21046,2104.6,6.8138000000000005
21047,2104.7,6.814100000000001
21048,2104.8,6.814400000000001
21049,2104.9,6.8147
21050,2105.0,6.815
21051,2105.1,6.8152
21052,2105.2,6.8154
21053,2105.3,6.8156
21054,2105.4,6.8158
21055,2105.5,6.816000000000001
21056,2105.6,6.8162
21057,2105.7,6.8164
21058,2105.8,6.8166
21059,2105.9,6.8168
21060,2106.0,6.816999999999999
21061,2106.1,6.8171
21062,2106.2,6.8172
21063,2106.3,6.8172999999999995
21064,2106.4,6.8174
21065,2106.5,6.8175
21066,2106.6,6.8176
21067,2106.7,6.817699999999999
21068,2106.8,6.817799999999999
21069,2106.9,6.8179
21070,2107.0,6.818
21071,2107.1,6.8179
21072,2107.2,6.8178
21073,2107.3,6.817699999999999
21074,2107.4,6.8176
21075,2107.5,6.8175
21076,2107.6,6.8174
21077,2107.7,6.8173
21078,2107.8,6.817200000000001
21079,2107.9,6.8171
21080,2108.0,6.817
21081,2108.1,6.8169
21082,2108.2,6.816800000000001
21083,2108.3,6.8167
21084,2108.4,6.8166
21085,2108.5,6.8165000000000004
21086,2108.6,6.8164
21087,2108.7,6.8163
21088,2108.8,6.8162
21089,2108.9,6.8161
21090,2109.0,6.816
21091,2109.1,6.8157
21092,2109.2,6.8153999999999995
21093,2109.3,6.815099999999999
21094,2109.4,6.8148
21095,2109.5,6.8145
21096,2109.6,6.8142
21097,2109.7,6.813899999999999
21098,2109.8,6.813599999999999
21099,2109.9,6.8133
21100,2110.0,6.813
21101,2110.1,6.812600000000001
21102,2110.2,6.8122
21103,2110.3,6.8118
21104,2110.4,6.811400000000001
21105,2110.5,6.811
21106,2110.6,6.810600000000001
21107,2110.7,6.810200000000001
21108,2110.8,6.8098
21109,2110.9,6.809400000000001
21110,2111.0,6.809000000000001
21111,2111.1,6.8085
21112,2111.2,6.808000000000001
21113,2111.3,6.807500000000002
21114,2111.4,6.807
21115,2111.5,6.806500000000001
21116,2111.6,6.806000000000001
21117,2111.7,6.8055
21118,2111.8,6.805000000000001
21119,2111.9,6.804500000000001
21120,2112.0,6.804
21121,2112.1,6.803400000000001
21122,2112.2,6.802800000000001
21123,2112.3,6.8022
21124,2112.4,6.8016000000000005
21125,2112.5,6.801000000000001
21126,2112.6,6.8004000000000016
21127,2112.7,6.7998
21128,2112.8,6.799200000000001
21129,2112.9,6.798600000000001
21130,2113.0,6.798
21131,2113.1,6.797300000000001
21132,2113.2,6.7966000000000015
21133,2113.3,6.7959
21134,2113.4,6.7952
21135,2113.5,6.794500000000001
21136,2113.6,6.7938
21137,2113.7,6.793100000000001
21138,2113.8,6.792400000000001
21139,2113.9,6.7917
21140,2114.0,6.791
21141,2114.1,6.790200000000001
21142,2114.2,6.7894
21143,2114.3,6.7886
21144,2114.4,6.787800000000001
21145,2114.5,6.786999999999999
21146,2114.6,6.7862
21147,2114.7,6.785400000000001
21148,2114.8,6.784599999999999
21149,2114.9,6.783799999999999
21150,2115.0,6.783
21151,2115.1,6.782200000000001
21152,2115.2,6.7814
21153,2115.3,6.780600000000001
21154,2115.4,6.779800000000002
21155,2115.5,6.779000000000001
21156,2115.6,6.778200000000001
21157,2115.7,6.777400000000002
21158,2115.8,6.776600000000001
21159,2115.9,6.775800000000002
21160,2116.0,6.775000000000003
21161,2116.1,6.774100000000001
21162,2116.2,6.773200000000002
21163,2116.3,6.772300000000002
21164,2116.4,6.771400000000001
21165,2116.5,6.770500000000001
21166,2116.6,6.769600000000002
21167,2116.7,6.7687
21168,2116.8,6.767800000000001
21169,2116.9,6.7669000000000015
21170,2117.0,6.766
21171,2117.1,6.7651
21172,2117.2,6.7642000000000015
21173,2117.3,6.7633
21174,2117.4,6.7624
21175,2117.5,6.761500000000001
21176,2117.6,6.760600000000002
21177,2117.7,6.7597
21178,2117.8,6.758800000000001
21179,2117.9,6.757900000000001
21180,2118.0,6.757
21181,2118.1,6.756100000000001
21182,2118.2,6.755200000000001
21183,2118.3,6.7543
21184,2118.4,6.7534
21185,2118.5,6.752500000000001
21186,2118.6,6.7516
21187,2118.7,6.7507
21188,2118.8,6.749800000000001
21189,2118.9,6.748899999999999
21190,2119.0,6.748
21191,2119.1,6.7471000000000005
21192,2119.2,6.746199999999999
21193,2119.3,6.7453
21194,2119.4,6.744400000000001
21195,2119.5,6.743499999999999
21196,2119.6,6.7425999999999995
21197,2119.7,6.7417
21198,2119.8,6.740799999999998
21199,2119.9,6.7399
21200,2120.0,6.739
21201,2120.1,6.738100000000001
21202,2120.2,6.7372
21203,2120.3,6.736300000000001
21204,2120.4,6.735400000000002
21205,2120.5,6.734500000000001
21206,2120.6,6.733600000000001
21207,2120.7,6.732700000000002
21208,2120.8,6.731800000000001
21209,2120.9,6.730900000000002
21210,2121.0,6.730000000000003
21211,2121.1,6.729100000000001
21212,2121.2,6.728200000000002
21213,2121.3,6.727300000000002
21214,2121.4,6.726400000000001
21215,2121.5,6.725500000000001
21216,2121.6,6.724600000000002
21217,2121.7,6.7237
21218,2121.8,6.722800000000001
21219,2121.9,6.7219000000000015
21220,2122.0,6.721
21221,2122.1,6.7201
21222,2122.2,6.719200000000002
21223,2122.3,6.7183
21224,2122.4,6.7174000000000005
21225,2122.5,6.716500000000001
21226,2122.6,6.715600000000002
21227,2122.7,6.7147
21228,2122.8,6.713800000000001
21229,2122.9,6.712900000000001
21230,2123.0,6.712
21231,2123.1,6.711200000000001
21232,2123.2,6.710400000000001
21233,2123.3,6.709599999999999
21234,2123.4,6.7088
21235,2123.5,6.708000000000001
21236,2123.6,6.707199999999999
21237,2123.7,6.7064
21238,2123.8,6.7056000000000004
21239,2123.9,6.704799999999999
21240,2124.0,6.704
21241,2124.1,6.7033000000000005
21242,2124.2,6.7025999999999994
21243,2124.3,6.701899999999999
21244,2124.4,6.7012
21245,2124.5,6.700499999999999
21246,2124.6,6.6998
21247,2124.7,6.6991000000000005
21248,2124.8,6.698399999999999
21249,2124.9,6.697699999999999
21250,2125.0,6.697
21251,2125.1,6.696400000000001
21252,2125.2,6.695799999999999
21253,2125.3,6.695200000000001
21254,2125.4,6.694600000000001
21255,2125.5,6.694
21256,2125.6,6.6934000000000005
21257,2125.7,6.692800000000001
21258,2125.8,6.692200000000001
21259,2125.9,6.691600000000001
21260,2126.0,6.691000000000002
21261,2126.1,6.6906
21262,2126.2,6.690200000000001
21263,2126.3,6.689800000000001
21264,2126.4,6.6894
21265,2126.5,6.689000000000001
21266,2126.6,6.688600000000001
21267,2126.7,6.6882
21268,2126.8,6.687800000000001
21269,2126.9,6.687400000000001
21270,2127.0,6.687
21271,2127.1,6.6866
21272,2127.2,6.686200000000001
21273,2127.3,6.6858
21274,2127.4,6.6854000000000005
21275,2127.5,6.6850000000000005
21276,2127.6,6.6846000000000005
21277,2127.7,6.6842
21278,2127.8,6.683800000000001
21279,2127.9,6.683400000000001
21280,2128.0,6.683
21281,2128.1,6.6828
21282,2128.2,6.6826
21283,2128.3,6.6823999999999995
21284,2128.4,6.6822
21285,2128.5,6.682
21286,2128.6,6.6818
21287,2128.7,6.6816
21288,2128.8,6.6814
21289,2128.9,6.6812
21290,2129.0,6.681
21291,2129.1,6.681
21292,2129.2,6.681
21293,2129.3,6.681
21294,2129.4,6.681
21295,2129.5,6.681
21296,2129.6,6.681
21297,2129.7,6.681
21298,2129.8,6.681
21299,2129.9,6.681
21300,2130.0,6.681
21301,2130.1,6.6811
21302,2130.2,6.6812000000000005
21303,2130.3,6.6813
21304,2130.4,6.6814
21305,2130.5,6.6815
21306,2130.6,6.6816
21307,2130.7,6.6817
21308,2130.8,6.6818
21309,2130.9,6.681900000000001
21310,2131.0,6.682
21311,2131.1,6.6823
21312,2131.2,6.6826
21313,2131.3,6.682899999999999
21314,2131.4,6.6832
21315,2131.5,6.6834999999999996
21316,2131.6,6.683799999999999
21317,2131.7,6.6841
21318,2131.8,6.684399999999999
21319,2131.9,6.684699999999999
21320,2132.0,6.685
21321,2132.1,6.685499999999999
21322,2132.2,6.685999999999999
21323,2132.3,6.6865
21324,2132.4,6.686999999999999
21325,2132.5,6.687499999999999
21326,2132.6,6.687999999999999
21327,2132.7,6.6885
21328,2132.8,6.689
21329,2132.9,6.689499999999999
21330,2133.0,6.69
21331,2133.1,6.6906
21332,2133.2,6.691199999999999
21333,2133.3,6.691800000000001
21334,2133.4,6.6924
21335,2133.5,6.693
21336,2133.6,6.6936
21337,2133.7,6.6941999999999995
21338,2133.8,6.694799999999999
21339,2133.9,6.6954
21340,2134.0,6.696
21341,2134.1,6.696899999999999
21342,2134.2,6.697800000000001
21343,2134.3,6.6987000000000005
21344,2134.4,6.699599999999999
21345,2134.5,6.700500000000001
21346,2134.6,6.7014000000000005
21347,2134.7,6.7023
21348,2134.8,6.703200000000002
21349,2134.9,6.7041
21350,2135.0,6.705
21351,2135.1,6.705899999999999
21352,2135.2,6.7068
21353,2135.3,6.7077
21354,2135.4,6.708599999999999
21355,2135.5,6.7095
21356,2135.6,6.710399999999999
21357,2135.7,6.711299999999998
21358,2135.8,6.7122
21359,2135.9,6.713099999999999
21360,2136.0,6.713999999999998
21361,2136.1,6.7151
21362,2136.2,6.716199999999998
21363,2136.3,6.717299999999997
21364,2136.4,6.718399999999999
21365,2136.5,6.719499999999998
21366,2136.6,6.7205999999999975
21367,2136.7,6.721699999999999
21368,2136.8,6.7227999999999986
21369,2136.9,6.723899999999998
21370,2137.0,6.725
21371,2137.1,6.726299999999998
21372,2137.2,6.727599999999998
21373,2137.3,6.7289
21374,2137.4,6.730199999999999
21375,2137.5,6.731499999999998
21376,2137.6,6.7327999999999975
21377,2137.7,6.7341
21378,2137.8,6.7353999999999985
21379,2137.9,6.736699999999998
21380,2138.0,6.738
21381,2138.1,6.739299999999999
21382,2138.2,6.740599999999998
21383,2138.3,6.741900000000001
21384,2138.4,6.7432
21385,2138.5,6.744499999999999
21386,2138.6,6.745800000000001
21387,2138.7,6.7471
21388,2138.8,6.748399999999999
21389,2138.9,6.749700000000002
21390,2139.0,6.751
21391,2139.1,6.752399999999999
21392,2139.2,6.753800000000002
21393,2139.3,6.7552
21394,2139.4,6.7566
21395,2139.5,6.758000000000002
21396,2139.6,6.7594
21397,2139.7,6.7608
21398,2139.8,6.762200000000002
21399,2139.9,6.763600000000001
21400,2140.0,6.765
21401,2140.1,6.766399999999998
21402,2140.2,6.7678
21403,2140.3,6.769199999999999
21404,2140.4,6.770599999999997
21405,2140.5,6.772
21406,2140.6,6.773399999999998
21407,2140.7,6.774799999999996
21408,2140.8,6.776199999999999
21409,2140.9,6.777599999999998
21410,2141.0,6.778999999999996
21411,2141.1,6.780399999999998
21412,2141.2,6.781799999999998
21413,2141.3,6.783199999999996
21414,2141.4,6.784599999999999
21415,2141.5,6.785999999999998
21416,2141.6,6.787399999999997
21417,2141.7,6.788799999999999
21418,2141.8,6.790199999999999
21419,2141.9,6.791599999999997
21420,2142.0,6.793
21421,2142.1,6.794399999999999
21422,2142.2,6.795799999999998
21423,2142.3,6.797200000000001
21424,2142.4,6.7985999999999995
21425,2142.5,6.799999999999998
21426,2142.6,6.8013999999999974
21427,2142.7,6.8027999999999995
21428,2142.8,6.804199999999999
21429,2142.9,6.805599999999997
21430,2143.0,6.807
21431,2143.1,6.808299999999999
21432,2143.2,6.809599999999998
21433,2143.3,6.810900000000001
21434,2143.4,6.8122
21435,2143.5,6.813499999999999
21436,2143.6,6.814800000000001
21437,2143.7,6.8161
21438,2143.8,6.817399999999999
21439,2143.9,6.8187000000000015
21440,2144.0,6.82
21441,2144.1,6.821199999999999
21442,2144.2,6.822400000000002
21443,2144.3,6.823600000000001
21444,2144.4,6.8248
21445,2144.5,6.826000000000001
21446,2144.6,6.8272
21447,2144.7,6.828399999999999
21448,2144.8,6.829600000000002
21449,2144.9,6.830800000000001
21450,2145.0,6.832
21451,2145.1,6.833099999999998
21452,2145.2,6.834200000000001
21453,2145.3,6.835299999999999
21454,2145.4,6.836399999999998
21455,2145.5,6.8375
21456,2145.6,6.838599999999999
21457,2145.7,6.839699999999997
21458,2145.8,6.8408
21459,2145.9,6.841899999999998
21460,2146.0,6.842999999999996
21461,2146.1,6.843799999999999
21462,2146.2,6.844599999999999
21463,2146.3,6.845399999999998
21464,2146.4,6.8462
21465,2146.5,6.846999999999999
21466,2146.6,6.8477999999999986
21467,2146.7,6.848599999999999
21468,2146.8,6.849399999999999
21469,2146.9,6.850199999999998
21470,2147.0,6.851
21471,2147.1,6.851699999999999
21472,2147.2,6.8523999999999985
21473,2147.3,6.8531
21474,2147.4,6.8538
21475,2147.5,6.854499999999999
21476,2147.6,6.855199999999998
21477,2147.7,6.855899999999999
21478,2147.8,6.8565999999999985
21479,2147.9,6.857299999999999
21480,2148.0,6.858
21481,2148.1,6.8584
21482,2148.2,6.858799999999999
21483,2148.3,6.8591999999999995
21484,2148.4,6.8595999999999995
21485,2148.5,6.859999999999999
21486,2148.6,6.8604
21487,2148.7,6.8608
21488,2148.8,6.861199999999999
21489,2148.9,6.8616
21490,2149.0,6.862
21491,2149.1,6.8621
21492,2149.2,6.8622000000000005
21493,2149.3,6.8623
21494,2149.4,6.8624
21495,2149.5,6.862500000000001
21496,2149.6,6.8626000000000005
21497,2149.7,6.8627
21498,2149.8,6.862800000000001
21499,2149.9,6.862900000000001
21500,2150.0,6.863
21501,2150.1,6.862900000000001
21502,2150.2,6.8628
21503,2150.3,6.8627
21504,2150.4,6.8626000000000005
21505,2150.5,6.8625
21506,2150.6,6.8624
21507,2150.7,6.8623
21508,2150.8,6.8622000000000005
21509,2150.9,6.8621
21510,2151.0,6.862
21511,2151.1,6.8616
21512,2151.2,6.861200000000001
21513,2151.3,6.860800000000001
21514,2151.4,6.8604
21515,2151.5,6.86
21516,2151.6,6.8596
21517,2151.7,6.8591999999999995
21518,2151.8,6.8588000000000005
21519,2151.9,6.8584000000000005
21520,2152.0,6.858
21521,2152.1,6.8574
21522,2152.2,6.856800000000001
21523,2152.3,6.856199999999999
21524,2152.4,6.8556
21525,2152.5,6.855
21526,2152.6,6.854400000000002
21527,2152.7,6.853800000000001
21528,2152.8,6.853200000000001
21529,2152.9,6.852600000000002
21530,2153.0,6.852
21531,2153.1,6.851100000000001
21532,2153.2,6.850200000000002
21533,2153.3,6.8493
21534,2153.4,6.848400000000001
21535,2153.5,6.847500000000001
21536,2153.6,6.8466
21537,2153.7,6.8457
21538,2153.8,6.844800000000001
21539,2153.9,6.8439
21540,2154.0,6.843
21541,2154.1,6.841900000000001
21542,2154.2,6.840799999999999
21543,2154.3,6.8397
21544,2154.4,6.8386000000000005
21545,2154.5,6.837499999999999
21546,2154.6,6.836399999999999
21547,2154.7,6.8353
21548,2154.8,6.834199999999998
21549,2154.9,6.833099999999999
21550,2155.0,6.832
21551,2155.1,6.830700000000001
21552,2155.2,6.829399999999999
21553,2155.3,6.828100000000001
21554,2155.4,6.826800000000002
21555,2155.5,6.8255
21556,2155.6,6.824200000000001
21557,2155.7,6.822900000000003
21558,2155.8,6.821600000000001
21559,2155.9,6.820300000000002
21560,2156.0,6.8190000000000035
21561,2156.1,6.817500000000002
21562,2156.2,6.8160000000000025
21563,2156.3,6.814500000000004
21564,2156.4,6.813000000000001
21565,2156.5,6.811500000000002
21566,2156.6,6.810000000000003
21567,2156.7,6.8085
21568,2156.8,6.807000000000002
21569,2156.9,6.805500000000003
21570,2157.0,6.804
21571,2157.1,6.802400000000001
21572,2157.2,6.800800000000003
21573,2157.3,6.7992
21574,2157.4,6.797600000000001
21575,2157.5,6.796000000000003
21576,2157.6,6.794400000000004
21577,2157.7,6.792800000000001
21578,2157.8,6.791200000000002
21579,2157.9,6.789600000000004
21580,2158.0,6.788
21581,2158.1,6.7863000000000016
21582,2158.2,6.784600000000003
21583,2158.3,6.7829
21584,2158.4,6.781200000000001
21585,2158.5,6.779500000000002
21586,2158.6,6.777799999999999
21587,2158.7,6.7761000000000005
21588,2158.8,6.774400000000002
21589,2158.9,6.772699999999999
21590,2159.0,6.771
21591,2159.1,6.769300000000001
21592,2159.2,6.767599999999998
21593,2159.3,6.765899999999999
21594,2159.4,6.764200000000001
21595,2159.5,6.7624999999999975
21596,2159.6,6.760799999999999
21597,2159.7,6.7591
21598,2159.8,6.757399999999997
21599,2159.9,6.755699999999998
21600,2160.0,6.754
21601,2160.1,6.752300000000002
21602,2160.2,6.750599999999999
21603,2160.3,6.748900000000001
21604,2160.4,6.747200000000003
21605,2160.5,6.7455
21606,2160.6,6.743800000000002
21607,2160.7,6.742100000000004
21608,2160.8,6.740400000000001
21609,2160.9,6.738700000000003
21610,2161.0,6.7370000000000045
21611,2161.1,6.735300000000001
21612,2161.2,6.733600000000003
21613,2161.3,6.731900000000004
21614,2161.4,6.730200000000001
21615,2161.5,6.728500000000002
21616,2161.6,6.726800000000003
21617,2161.7,6.7251
21618,2161.8,6.723400000000002
21619,2161.9,6.721700000000003
21620,2162.0,6.72
21621,2162.1,6.7185000000000015
21622,2162.2,6.717000000000002
21623,2162.3,6.7155
21624,2162.4,6.714
21625,2162.5,6.712500000000002
21626,2162.6,6.711000000000003
21627,2162.7,6.7095
21628,2162.8,6.708000000000002
21629,2162.9,6.706500000000003
21630,2163.0,6.705
21631,2163.1,6.703600000000002
21632,2163.2,6.702200000000002
21633,2163.3,6.700799999999999
21634,2163.4,6.699400000000001
21635,2163.5,6.698000000000002
21636,2163.6,6.696599999999999
21637,2163.7,6.695200000000001
21638,2163.8,6.693800000000001
21639,2163.9,6.692399999999998
21640,2164.0,6.691
21641,2164.1,6.689700000000001
21642,2164.2,6.688399999999999
21643,2164.3,6.687099999999999
21644,2164.4,6.6858
21645,2164.5,6.684499999999998
21646,2164.6,6.683199999999999
21647,2164.7,6.681900000000001
21648,2164.8,6.680599999999997
21649,2164.9,6.679299999999999
21650,2165.0,6.678
21651,2165.1,6.677000000000001
21652,2165.2,6.675999999999999
21653,2165.3,6.675000000000001
21654,2165.4,6.674000000000002
21655,2165.5,6.673
21656,2165.6,6.6720000000000015
21657,2165.7,6.671000000000002
21658,2165.8,6.670000000000001
21659,2165.9,6.669000000000002
21660,2166.0,6.668000000000003
21661,2166.1,6.667200000000001
21662,2166.2,6.666400000000001
21663,2166.3,6.665600000000002
21664,2166.4,6.6648000000000005
21665,2166.5,6.6640000000000015
21666,2166.6,6.663200000000002
21667,2166.7,6.662400000000001
21668,2166.8,6.661600000000001
21669,2166.9,6.660800000000002
21670,2167.0,6.66
21671,2167.1,6.659400000000001
21672,2167.2,6.658800000000001
21673,2167.3,6.6582
21674,2167.4,6.6576
21675,2167.5,6.657000000000001
21676,2167.6,6.656400000000001
21677,2167.7,6.6558
21678,2167.8,6.655200000000001
21679,2167.9,6.654600000000001
21680,2168.0,6.654
21681,2168.1,6.6537
21682,2168.2,6.6534
21683,2168.3,6.6531
21684,2168.4,6.6528
21685,2168.5,6.6525
21686,2168.6,6.6522
21687,2168.7,6.6518999999999995
21688,2168.8,6.6516
21689,2168.9,6.6513
21690,2169.0,6.651
21691,2169.1,6.6509
21692,2169.2,6.650799999999999
21693,2169.3,6.6507
21694,2169.4,6.6506
21695,2169.5,6.6505
21696,2169.6,6.6504
21697,2169.7,6.6503000000000005
21698,2169.8,6.6502
21699,2169.9,6.6501
21700,2170.0,6.65
21701,2170.1,6.6503
21702,2170.2,6.650600000000001
21703,2170.3,6.6509
21704,2170.4,6.651199999999999
21705,2170.5,6.6515
21706,2170.6,6.6518
21707,2170.7,6.652099999999999
21708,2170.8,6.652399999999999
21709,2170.9,6.652699999999999
21710,2171.0,6.652999999999999
21711,2171.1,6.6533999999999995
21712,2171.2,6.653799999999999
21713,2171.3,6.654199999999999
21714,2171.4,6.654599999999999
21715,2171.5,6.654999999999999
21716,2171.6,6.655399999999999
21717,2171.7,6.6558
21718,2171.8,6.656199999999999
21719,2171.9,6.656599999999999
21720,2172.0,6.657
21721,2172.1,6.657699999999999
21722,2172.2,6.6583999999999985
21723,2172.3,6.6591000000000005
21724,2172.4,6.6598
21725,2172.5,6.660499999999999
21726,2172.6,6.661199999999998
21727,2172.7,6.661899999999999
21728,2172.8,6.662599999999999
21729,2172.9,6.663299999999999
21730,2173.0,6.664
21731,2173.1,6.664999999999999
21732,2173.2,6.665999999999998
21733,2173.3,6.667
21734,2173.4,6.667999999999999
21735,2173.5,6.668999999999999
21736,2173.6,6.670000000000001
21737,2173.7,6.671
21738,2173.8,6.671999999999999
21739,2173.9,6.673000000000001
21740,2174.0,6.674
21741,2174.1,6.6751
21742,2174.2,6.6762000000000015
21743,2174.3,6.677300000000001
21744,2174.4,6.6784
21745,2174.5,6.679500000000002
21746,2174.6,6.6806
21747,2174.7,6.681699999999999
21748,2174.8,6.682800000000002
21749,2174.9,6.6839
21750,2175.0,6.685
21751,2175.1,6.686199999999999
21752,2175.2,6.6874
21753,2175.3,6.688599999999999
21754,2175.4,6.689799999999998
21755,2175.5,6.691
21756,2175.6,6.692199999999999
21757,2175.7,6.693399999999997
21758,2175.8,6.694599999999999
21759,2175.9,6.695799999999998
21760,2176.0,6.6969999999999965
21761,2176.1,6.698399999999999
21762,2176.2,6.699799999999998
21763,2176.3,6.7011999999999965
21764,2176.4,6.7025999999999994
21765,2176.5,6.703999999999998
21766,2176.6,6.705399999999997
21767,2176.7,6.706799999999999
21768,2176.8,6.708199999999999
21769,2176.9,6.709599999999997
21770,2177.0,6.711
21771,2177.1,6.712499999999999
21772,2177.2,6.713999999999998
21773,2177.3,6.7155000000000005
21774,2177.4,6.717
21775,2177.5,6.718499999999998
21776,2177.6,6.719999999999997
21777,2177.7,6.7215
21778,2177.8,6.722999999999998
21779,2177.9,6.724499999999997
21780,2178.0,6.726
21781,2178.1,6.727499999999998
21782,2178.2,6.728999999999997
21783,2178.3,6.7305
21784,2178.4,6.731999999999999
21785,2178.5,6.733499999999998
21786,2178.6,6.735
21787,2178.7,6.7364999999999995
21788,2178.8,6.737999999999998
21789,2178.9,6.739500000000001
21790,2179.0,6.741
21791,2179.1,6.742599999999999
21792,2179.2,6.744200000000001
21793,2179.3,6.7458
21794,2179.4,6.747399999999999
21795,2179.5,6.749000000000002
21796,2179.6,6.7506
21797,2179.7,6.752199999999999
21798,2179.8,6.753800000000003
21799,2179.9,6.755400000000001
21800,2180.0,6.757
21801,2180.1,6.758499999999998
21802,2180.2,6.760000000000001
21803,2180.3,6.761499999999999
21804,2180.4,6.762999999999997
21805,2180.5,6.7645
21806,2180.6,6.765999999999998
21807,2180.7,6.7674999999999965
21808,2180.8,6.768999999999999
21809,2180.9,6.7704999999999975
21810,2181.0,6.771999999999996
21811,2181.1,6.773399999999999
21812,2181.2,6.774799999999998
21813,2181.3,6.776199999999997
21814,2181.4,6.7776
21815,2181.5,6.778999999999998
21816,2181.6,6.780399999999997
21817,2181.7,6.7818
21818,2181.8,6.783199999999998
21819,2181.9,6.784599999999997
21820,2182.0,6.786
21821,2182.1,6.787299999999998
21822,2182.2,6.788599999999998
21823,2182.3,6.7899
21824,2182.4,6.791199999999999
21825,2182.5,6.792499999999998
21826,2182.6,6.793799999999997
21827,2182.7,6.7951
21828,2182.8,6.796399999999998
21829,2182.9,6.797699999999998
21830,2183.0,6.799
21831,2183.1,6.800199999999999
21832,2183.2,6.801399999999998
21833,2183.3,6.802600000000001
21834,2183.4,6.8038
21835,2183.5,6.804999999999999
21836,2183.6,6.8062000000000005
21837,2183.7,6.8073999999999995
21838,2183.8,6.808599999999998
21839,2183.9,6.809800000000001
21840,2184.0,6.811
21841,2184.1,6.811999999999999
21842,2184.2,6.813000000000001
21843,2184.3,6.814
21844,2184.4,6.8149999999999995
21845,2184.5,6.816000000000002
21846,2184.6,6.817
21847,2184.7,6.818
21848,2184.8,6.819000000000002
21849,2184.9,6.82
21850,2185.0,6.821
21851,2185.1,6.8218999999999985
21852,2185.2,6.8228
21853,2185.3,6.8237
21854,2185.4,6.8245999999999984
21855,2185.5,6.8255
21856,2185.6,6.826399999999999
21857,2185.7,6.8272999999999975
21858,2185.8,6.8282
21859,2185.9,6.829099999999999
21860,2186.0,6.829999999999997
21861,2186.1,6.8306
21862,2186.2,6.831199999999999
21863,2186.3,6.8317999999999985
21864,2186.4,6.8324
21865,2186.5,6.832999999999999
21866,2186.6,6.833599999999999
21867,2186.7,6.8342
21868,2186.8,6.8347999999999995
21869,2186.9,6.835399999999999
21870,2187.0,6.836
21871,2187.1,6.8365
21872,2187.2,6.837
21873,2187.3,6.8375
21874,2187.4,6.838
21875,2187.5,6.8385
21876,2187.6,6.8389999999999995
21877,2187.7,6.8395
21878,2187.8,6.84
21879,2187.9,6.8405
21880,2188.0,6.841
21881,2188.1,6.8412
21882,2188.2,6.8414
21883,2188.3,6.841600000000001
21884,2188.4,6.8418
21885,2188.5,6.842
21886,2188.6,6.8422
21887,2188.7,6.8424
21888,2188.8,6.8426
21889,2188.9,6.8428
21890,2189.0,6.843
21891,2189.1,6.843
21892,2189.2,6.843
21893,2189.3,6.843
21894,2189.4,6.843
21895,2189.5,6.843
21896,2189.6,6.843
21897,2189.7,6.843
21898,2189.8,6.843
21899,2189.9,6.843
21900,2190.0,6.843
21901,2190.1,6.8429
21902,2190.2,6.8427999999999995
21903,2190.3,6.8427
21904,2190.4,6.8426
21905,2190.5,6.842499999999999
21906,2190.6,6.8424
21907,2190.7,6.8423
21908,2190.8,6.8422
21909,2190.9,6.8421
21910,2191.0,6.842
21911,2191.1,6.8416
21912,2191.2,6.841200000000001
21913,2191.3,6.840800000000001
21914,2191.4,6.8404
21915,2191.5,6.840000000000001
21916,2191.6,6.839600000000001
21917,2191.7,6.8392
21918,2191.8,6.838800000000001
21919,2191.9,6.838400000000001
21920,2192.0,6.838
21921,2192.1,6.8375
21922,2192.2,6.837000000000001
21923,2192.3,6.8365
21924,2192.4,6.836
21925,2192.5,6.835500000000001
21926,2192.6,6.835000000000001
21927,2192.7,6.8345
21928,2192.8,6.8340000000000005
21929,2192.9,6.833500000000001
21930,2193.0,6.833
21931,2193.1,6.832300000000001
21932,2193.2,6.831600000000002
21933,2193.3,6.8309
21934,2193.4,6.8302000000000005
21935,2193.5,6.829500000000001
21936,2193.6,6.828799999999999
21937,2193.7,6.8281
21938,2193.8,6.827400000000001
21939,2193.9,6.826699999999999
21940,2194.0,6.826
21941,2194.1,6.825200000000001
21942,2194.2,6.824399999999999
21943,2194.3,6.823599999999999
21944,2194.4,6.8228
21945,2194.5,6.821999999999998
21946,2194.6,6.821199999999999
21947,2194.7,6.8204
21948,2194.8,6.8195999999999986
21949,2194.9,6.818799999999999
21950,2195.0,6.818
21951,2195.1,6.817100000000001
21952,2195.2,6.816199999999999
21953,2195.3,6.815300000000001
21954,2195.4,6.814400000000002
21955,2195.5,6.8134999999999994
21956,2195.6,6.812600000000001
21957,2195.7,6.811700000000002
21958,2195.8,6.8108
21959,2195.9,6.809900000000002
21960,2196.0,6.809000000000003
21961,2196.1,6.8081000000000005
21962,2196.2,6.807200000000002
21963,2196.3,6.806300000000002
21964,2196.4,6.805400000000001
21965,2196.5,6.804500000000001
21966,2196.6,6.803600000000002
21967,2196.7,6.8027
21968,2196.8,6.801800000000001
21969,2196.9,6.800900000000001
21970,2197.0,6.8
21971,2197.1,6.799
21972,2197.2,6.798000000000002
21973,2197.3,6.797
21974,2197.4,6.796
21975,2197.5,6.795000000000002
21976,2197.6,6.794000000000002
21977,2197.7,6.793
21978,2197.8,6.792000000000001
21979,2197.9,6.791000000000002
21980,2198.0,6.79
21981,2198.1,6.788900000000001
21982,2198.2,6.787800000000002
21983,2198.3,6.7867
21984,2198.4,6.7856000000000005
21985,2198.5,6.784500000000001
21986,2198.6,6.783399999999999
21987,2198.7,6.7823
21988,2198.8,6.781200000000001
21989,2198.9,6.780099999999999
21990,2199.0,6.779
21991,2199.1,6.7780000000000005
21992,2199.2,6.776999999999999
21993,2199.3,6.776
21994,2199.4,6.775
21995,2199.5,6.773999999999998
21996,2199.6,6.773
21997,2199.7,6.772
21998,2199.8,6.770999999999998
21999,2199.9,6.77
22000,2200.0,6.769
22001,2200.1,6.768000000000002
22002,2200.2,6.7669999999999995
22003,2200.3,6.766000000000001
22004,2200.4,6.765000000000002
22005,2200.5,6.764
22006,2200.6,6.763000000000002
22007,2200.7,6.762000000000002
22008,2200.8,6.761000000000001
22009,2200.9,6.7600000000000025
22010,2201.0,6.759000000000003
22011,2201.1,6.758000000000001
22012,2201.2,6.757000000000002
22013,2201.3,6.756000000000003
22014,2201.4,6.755000000000001
22015,2201.5,6.754000000000001
22016,2201.6,6.753000000000002
22017,2201.7,6.752
22018,2201.8,6.751000000000001
22019,2201.9,6.750000000000002
22020,2202.0,6.749
22021,2202.1,6.748100000000001
22022,2202.2,6.747200000000001
22023,2202.3,6.7463
22024,2202.4,6.7454
22025,2202.5,6.744500000000001
22026,2202.6,6.7436000000000025
22027,2202.7,6.7427
22028,2202.8,6.741800000000001
22029,2202.9,6.740900000000002
22030,2203.0,6.74
22031,2203.1,6.739200000000001
22032,2203.2,6.738400000000001
22033,2203.3,6.7376
22034,2203.4,6.736800000000001
22035,2203.5,6.7360000000000015
22036,2203.6,6.7352
22037,2203.7,6.734400000000001
22038,2203.8,6.733600000000001
22039,2203.9,6.732799999999999
22040,2204.0,6.732
22041,2204.1,6.731200000000001
22042,2204.2,6.7303999999999995
22043,2204.3,6.7296
22044,2204.4,6.728800000000001
22045,2204.5,6.727999999999999
22046,2204.6,6.7272
22047,2204.7,6.726400000000001
22048,2204.8,6.725599999999999
22049,2204.9,6.724799999999999
22050,2205.0,6.724
22051,2205.1,6.723400000000001
22052,2205.2,6.722799999999999
22053,2205.3,6.722200000000001
22054,2205.4,6.721600000000001
22055,2205.5,6.721
22056,2205.6,6.720400000000001
22057,2205.7,6.719800000000001
22058,2205.8,6.719200000000001
22059,2205.9,6.718600000000001
22060,2206.0,6.718000000000002
22061,2206.1,6.7174000000000005
22062,2206.2,6.716800000000001
22063,2206.3,6.7162000000000015
22064,2206.4,6.7156
22065,2206.5,6.715000000000001
22066,2206.6,6.714400000000001
22067,2206.7,6.7138
22068,2206.8,6.7132000000000005
22069,2206.9,6.712600000000001
22070,2207.0,6.712
22071,2207.1,6.7115
22072,2207.2,6.711
22073,2207.3,6.7105
22074,2207.4,6.71
22075,2207.5,6.7095
22076,2207.6,6.7090000000000005
22077,2207.7,6.7085
22078,2207.8,6.708
22079,2207.9,6.7075000000000005
22080,2208.0,6.707
22081,2208.1,6.7067
22082,2208.2,6.7064
22083,2208.3,6.7061
22084,2208.4,6.7058
22085,2208.5,6.7055
22086,2208.6,6.7052
22087,2208.7,6.7049
22088,2208.8,6.7046
22089,2208.9,6.7043
22090,2209.0,6.704
22091,2209.1,6.7038
22092,2209.2,6.7036
22093,2209.3,6.703399999999999
22094,2209.4,6.7032
22095,2209.5,6.702999999999999
22096,2209.6,6.7028
22097,2209.7,6.7026
22098,2209.8,6.7024
22099,2209.9,6.7021999999999995
22100,2210.0,6.702
22101,2210.1,6.7019
22102,2210.2,6.7017999999999995
22103,2210.3,6.7017
22104,2210.4,6.7016
22105,2210.5,6.701499999999999
22106,2210.6,6.7014
22107,2210.7,6.7013
22108,2210.8,6.7012
22109,2210.9,6.701099999999999
22110,2211.0,6.701
22111,2211.1,6.701
22112,2211.2,6.701
22113,2211.3,6.701
22114,2211.4,6.701
22115,2211.5,6.701
22116,2211.6,6.701
22117,2211.7,6.701
22118,2211.8,6.701
22119,2211.9,6.701
22120,2212.0,6.701
22121,2212.1,6.701099999999999
22122,2212.2,6.701199999999999
22123,2212.3,6.7013
22124,2212.4,6.7014
22125,2212.5,6.701499999999999
22126,2212.6,6.7016
22127,2212.7,6.7017
22128,2212.8,6.7017999999999995
22129,2212.9,6.701899999999999
22130,2213.0,6.702
22131,2213.1,6.7021999999999995
22132,2213.2,6.7024
22133,2213.3,6.7026
22134,2213.4,6.7028
22135,2213.5,6.702999999999999
22136,2213.6,6.7032
22137,2213.7,6.703399999999999
22138,2213.8,6.7036
22139,2213.9,6.7038
22140,2214.0,6.704
22141,2214.1,6.7043
22142,2214.2,6.7046
22143,2214.3,6.7049
22144,2214.4,6.7052
22145,2214.5,6.7055
22146,2214.6,6.7058
22147,2214.7,6.7061
22148,2214.8,6.7064
22149,2214.9,6.7067
22150,2215.0,6.707
22151,2215.1,6.7075
22152,2215.2,6.708
22153,2215.3,6.7085
22154,2215.4,6.708999999999999
22155,2215.5,6.7095
22156,2215.6,6.709999999999999
22157,2215.7,6.710499999999999
22158,2215.8,6.710999999999999
22159,2215.9,6.711499999999999
22160,2216.0,6.711999999999998
22161,2216.1,6.7124999999999995
22162,2216.2,6.712999999999999
22163,2216.3,6.713499999999998
22164,2216.4,6.7139999999999995
22165,2216.5,6.714499999999999
22166,2216.6,6.714999999999999
22167,2216.7,6.7155
22168,2216.8,6.715999999999999
22169,2216.9,6.716499999999999
22170,2217.0,6.717
22171,2217.1,6.717599999999999
22172,2217.2,6.718199999999999
22173,2217.3,6.7188
22174,2217.4,6.719399999999999
22175,2217.5,6.719999999999999
22176,2217.6,6.720599999999998
22177,2217.7,6.7212
22178,2217.8,6.721799999999999
22179,2217.9,6.722399999999999
22180,2218.0,6.723
22181,2218.1,6.723699999999999
22182,2218.2,6.724399999999998
22183,2218.3,6.7251
22184,2218.4,6.7258
22185,2218.5,6.726499999999999
22186,2218.6,6.727200000000001
22187,2218.7,6.7279
22188,2218.8,6.728599999999999
22189,2218.9,6.729300000000001
22190,2219.0,6.73
22191,2219.1,6.7307
22192,2219.2,6.731400000000001
22193,2219.3,6.732100000000001
22194,2219.4,6.7328
22195,2219.5,6.733500000000001
22196,2219.6,6.7342
22197,2219.7,6.7349
22198,2219.8,6.735600000000002
22199,2219.9,6.736300000000001
22200,2220.0,6.737
22201,2220.1,6.737899999999999
22202,2220.2,6.7388
22203,2220.3,6.7397
22204,2220.4,6.740599999999999
22205,2220.5,6.7415
22206,2220.6,6.742399999999999
22207,2220.7,6.743299999999998
22208,2220.8,6.7442
22209,2220.9,6.745099999999999
22210,2221.0,6.745999999999998
22211,2221.1,6.7467999999999995
22212,2221.2,6.7475999999999985
22213,2221.3,6.748399999999998
22214,2221.4,6.749199999999999
22215,2221.5,6.749999999999999
22216,2221.6,6.750799999999998
22217,2221.7,6.7516
22218,2221.8,6.752399999999999
22219,2221.9,6.753199999999998
22220,2222.0,6.754
22221,2222.1,6.754899999999999
22222,2222.2,6.755799999999998
22223,2222.3,6.7566999999999995
22224,2222.4,6.757599999999999
22225,2222.5,6.758499999999999
22226,2222.6,6.759399999999998
22227,2222.7,6.7603
22228,2222.8,6.761199999999999
22229,2222.9,6.7620999999999984
22230,2223.0,6.763
22231,2223.1,6.7639
22232,2223.2,6.764799999999998
22233,2223.3,6.7657
22234,2223.4,6.7665999999999995
22235,2223.5,6.767499999999999
22236,2223.6,6.768400000000001
22237,2223.7,6.7693
22238,2223.8,6.770199999999999
22239,2223.9,6.771100000000001
22240,2224.0,6.772
22241,2224.1,6.772899999999999
22242,2224.2,6.773800000000001
22243,2224.3,6.7747
22244,2224.4,6.7756
22245,2224.5,6.776500000000001
22246,2224.6,6.7774
22247,2224.7,6.7783
22248,2224.8,6.779200000000001
22249,2224.9,6.780100000000001
22250,2225.0,6.781
22251,2225.1,6.7818999999999985
22252,2225.2,6.7828
22253,2225.3,6.7837
22254,2225.4,6.784599999999998
22255,2225.5,6.7855
22256,2225.6,6.786399999999999
22257,2225.7,6.7872999999999974
22258,2225.8,6.7882
22259,2225.9,6.789099999999999
22260,2226.0,6.789999999999997
22261,2226.1,6.790799999999999
22262,2226.2,6.791599999999999
22263,2226.3,6.792399999999998
22264,2226.4,6.7932
22265,2226.5,6.793999999999999
22266,2226.6,6.794799999999999
22267,2226.7,6.795599999999999
22268,2226.8,6.796399999999999
22269,2226.9,6.797199999999998
22270,2227.0,6.798
22271,2227.1,6.798699999999999
22272,2227.2,6.799399999999999
22273,2227.3,6.8001000000000005
22274,2227.4,6.8008
22275,2227.5,6.801499999999999
22276,2227.6,6.802199999999998
22277,2227.7,6.802899999999999
22278,2227.8,6.803599999999999
22279,2227.9,6.804299999999999
22280,2228.0,6.805
22281,2228.1,6.805699999999999
22282,2228.2,6.806399999999998
22283,2228.3,6.8071
22284,2228.4,6.807799999999999
22285,2228.5,6.808499999999999
22286,2228.6,6.809200000000001
22287,2228.7,6.8099
22288,2228.8,6.810599999999999
22289,2228.9,6.811300000000001
22290,2229.0,6.812
22291,2229.1,6.8125
22292,2229.2,6.813000000000001
22293,2229.3,6.8135
22294,2229.4,6.814
22295,2229.5,6.814500000000001
22296,2229.6,6.815
22297,2229.7,6.8155
22298,2229.8,6.816000000000001
22299,2229.9,6.8165000000000004
22300,2230.0,6.817
22301,2230.1,6.8175
22302,2230.2,6.8180000000000005
22303,2230.3,6.8185
22304,2230.4,6.818999999999999
22305,2230.5,6.8195
22306,2230.6,6.819999999999999
22307,2230.7,6.820499999999999
22308,2230.8,6.821
22309,2230.9,6.8214999999999995
22310,2231.0,6.821999999999998
22311,2231.1,6.8223
22312,2231.2,6.8225999999999996
22313,2231.3,6.8229
22314,2231.4,6.8232
22315,2231.5,6.8235
22316,2231.6,6.823799999999999
22317,2231.7,6.8241
22318,2231.8,6.8244
22319,2231.9,6.8247
22320,2232.0,6.825
22321,2232.1,6.8251
22322,2232.2,6.8252
22323,2232.3,6.8253
22324,2232.4,6.8254
22325,2232.5,6.8255
22326,2232.6,6.8256
22327,2232.7,6.825699999999999
22328,2232.8,6.825799999999999
22329,2232.9,6.8259
22330,2233.0,6.826
22331,2233.1,6.826
22332,2233.2,6.826
22333,2233.3,6.826
22334,2233.4,6.826
22335,2233.5,6.826
22336,2233.6,6.826
22337,2233.7,6.826
22338,2233.8,6.826
22339,2233.9,6.826
22340,2234.0,6.826
22341,2234.1,6.8257
22342,2234.2,6.825399999999999
22343,2234.3,6.8251
22344,2234.4,6.8248
22345,2234.5,6.8245
22346,2234.6,6.8242
22347,2234.7,6.8239
22348,2234.8,6.8236
22349,2234.9,6.8233
22350,2235.0,6.823
22351,2235.1,6.8226
22352,2235.2,6.8222000000000005
22353,2235.3,6.8218000000000005
22354,2235.4,6.821400000000001
22355,2235.5,6.821
22356,2235.6,6.820600000000001
22357,2235.7,6.820200000000001
22358,2235.8,6.8198
22359,2235.9,6.819400000000001
22360,2236.0,6.819000000000001
22361,2236.1,6.8185
22362,2236.2,6.8180000000000005
22363,2236.3,6.817500000000002
22364,2236.4,6.817
22365,2236.5,6.8165000000000004
22366,2236.6,6.816000000000001
22367,2236.7,6.8155
22368,2236.8,6.815
22369,2236.9,6.814500000000001
22370,2237.0,6.814
22371,2237.1,6.813300000000001
22372,2237.2,6.8126000000000015
22373,2237.3,6.8119
22374,2237.4,6.8112
22375,2237.5,6.810500000000001
22376,2237.6,6.809800000000002
22377,2237.7,6.809100000000001
22378,2237.8,6.808400000000001
22379,2237.9,6.807700000000001
22380,2238.0,6.807
22381,2238.1,6.806100000000001
22382,2238.2,6.805200000000002
22383,2238.3,6.8043000000000005
22384,2238.4,6.803400000000001
22385,2238.5,6.802500000000001
22386,2238.6,6.8016
22387,2238.7,6.8007
22388,2238.8,6.799800000000001
22389,2238.9,6.7989
22390,2239.0,6.798
22391,2239.1,6.797000000000001
22392,2239.2,6.795999999999999
22393,2239.3,6.795
22394,2239.4,6.7940000000000005
22395,2239.5,6.792999999999998
22396,2239.6,6.792
22397,2239.7,6.791
22398,2239.8,6.789999999999998
22399,2239.9,6.789
22400,2240.0,6.788
22401,2240.1,6.786900000000002
22402,2240.2,6.7858
22403,2240.3,6.784700000000001
22404,2240.4,6.7836000000000025
22405,2240.5,6.782500000000001
22406,2240.6,6.781400000000001
22407,2240.7,6.780300000000003
22408,2240.8,6.779200000000001
22409,2240.9,6.778100000000002
22410,2241.0,6.777000000000004
22411,2241.1,6.775800000000001
22412,2241.2,6.774600000000002
22413,2241.3,6.773400000000003
22414,2241.4,6.772200000000001
22415,2241.5,6.771000000000002
22416,2241.6,6.769800000000003
22417,2241.7,6.7686
22418,2241.8,6.767400000000001
22419,2241.9,6.766200000000002
22420,2242.0,6.765
22421,2242.1,6.763800000000001
22422,2242.2,6.762600000000002
22423,2242.3,6.761399999999999
22424,2242.4,6.7602
22425,2242.5,6.759000000000001
22426,2242.6,6.757800000000002
22427,2242.7,6.756600000000001
22428,2242.8,6.755400000000002
22429,2242.9,6.754200000000003
22430,2243.0,6.753
22431,2243.1,6.751700000000001
22432,2243.2,6.750400000000003
22433,2243.3,6.749099999999999
22434,2243.4,6.747800000000001
22435,2243.5,6.746500000000002
22436,2243.6,6.7452
22437,2243.7,6.743900000000001
22438,2243.8,6.742600000000001
22439,2243.9,6.741299999999999
22440,2244.0,6.74
22441,2244.1,6.738800000000001
22442,2244.2,6.737599999999999
22443,2244.3,6.7364
22444,2244.4,6.735200000000001
22445,2244.5,6.733999999999998
22446,2244.6,6.732799999999999
22447,2244.7,6.7316
22448,2244.8,6.730399999999998
22449,2244.9,6.729199999999999
22450,2245.0,6.728
22451,2245.1,6.726900000000001
22452,2245.2,6.7258
22453,2245.3,6.7247
22454,2245.4,6.723600000000002
22455,2245.5,6.7225
22456,2245.6,6.721400000000001
22457,2245.7,6.720300000000003
22458,2245.8,6.719200000000001
22459,2245.9,6.7181000000000015
22460,2246.0,6.717000000000003
22461,2246.1,6.7159
22462,2246.2,6.714800000000002
22463,2246.3,6.713700000000003
22464,2246.4,6.7126
22465,2246.5,6.711500000000002
22466,2246.6,6.710400000000003
22467,2246.7,6.709300000000001
22468,2246.8,6.7082000000000015
22469,2246.9,6.707100000000002
22470,2247.0,6.706
22471,2247.1,6.705100000000001
22472,2247.2,6.704200000000002
22473,2247.3,6.7033000000000005
22474,2247.4,6.702400000000001
22475,2247.5,6.701500000000001
22476,2247.6,6.700600000000002
22477,2247.7,6.6997
22478,2247.8,6.698800000000001
22479,2247.9,6.6979000000000015
22480,2248.0,6.697
22481,2248.1,6.696200000000001
22482,2248.2,6.695400000000001
22483,2248.3,6.694599999999999
22484,2248.4,6.6938
22485,2248.5,6.693000000000001
22486,2248.6,6.6922
22487,2248.7,6.691400000000001
22488,2248.8,6.690600000000001
22489,2248.9,6.689799999999999
22490,2249.0,6.689
22491,2249.1,6.688400000000001
22492,2249.2,6.687799999999999
22493,2249.3,6.6872
22494,2249.4,6.6866
22495,2249.5,6.685999999999999
22496,2249.6,6.6854
22497,2249.7,6.6848
22498,2249.8,6.684199999999999
22499,2249.9,6.683599999999999
22500,2250.0,6.683
22501,2250.1,6.682600000000001
22502,2250.2,6.6822
22503,2250.3,6.6818
22504,2250.4,6.681400000000001
22505,2250.5,6.681
22506,2250.6,6.680600000000001
22507,2250.7,6.680200000000001
22508,2250.8,6.6798
22509,2250.9,6.679400000000001
22510,2251.0,6.679000000000001
22511,2251.1,6.678800000000001
22512,2251.2,6.6786
22513,2251.3,6.678400000000001
22514,2251.4,6.6782
22515,2251.5,6.678
22516,2251.6,6.6778
22517,2251.7,6.6776
22518,2251.8,6.6774
22519,2251.9,6.6772
22520,2252.0,6.677
22521,2252.1,6.677099999999999
22522,2252.2,6.677199999999999
22523,2252.3,6.6773
22524,2252.4,6.6774
22525,2252.5,6.677499999999999
22526,2252.6,6.6776
22527,2252.7,6.6777
22528,2252.8,6.6777999999999995
22529,2252.9,6.677899999999999
22530,2253.0,6.678
22531,2253.1,6.6783
22532,2253.2,6.678599999999999
22533,2253.3,6.6789000000000005
22534,2253.4,6.6792
22535,2253.5,6.6795
22536,2253.6,6.6798
22537,2253.7,6.6800999999999995
22538,2253.8,6.6804
22539,2253.9,6.6807
22540,2254.0,6.681
22541,2254.1,6.6815
22542,2254.2,6.682
22543,2254.3,6.6825
22544,2254.4,6.683
22545,2254.5,6.6835
22546,2254.6,6.684
22547,2254.7,6.6845
22548,2254.8,6.6850000000000005
22549,2254.9,6.6855
22550,2255.0,6.686
22551,2255.1,6.686699999999999
22552,2255.2,6.6874
22553,2255.3,6.6880999999999995
22554,2255.4,6.688799999999999
22555,2255.5,6.6895
22556,2255.6,6.690199999999999
22557,2255.7,6.690899999999998
22558,2255.8,6.691599999999999
22559,2255.9,6.692299999999999
22560,2256.0,6.692999999999998
22561,2256.1,6.693999999999999
22562,2256.2,6.694999999999998
22563,2256.3,6.695999999999997
22564,2256.4,6.696999999999999
22565,2256.5,6.697999999999999
22566,2256.6,6.698999999999998
22567,2256.7,6.7
22568,2256.8,6.700999999999999
22569,2256.9,6.701999999999998
22570,2257.0,6.703
22571,2257.1,6.7040999999999995
22572,2257.2,6.705199999999999
22573,2257.3,6.706300000000001
22574,2257.4,6.7074
22575,2257.5,6.708499999999999
22576,2257.6,6.709599999999998
22577,2257.7,6.7107
22578,2257.8,6.711799999999999
22579,2257.9,6.7128999999999985
22580,2258.0,6.714
22581,2258.1,6.715299999999999
22582,2258.2,6.716599999999998
22583,2258.3,6.717900000000001
22584,2258.4,6.7192
22585,2258.5,6.720499999999999
22586,2258.6,6.721800000000001
22587,2258.7,6.7231
22588,2258.8,6.724399999999999
22589,2258.9,6.725700000000002
22590,2259.0,6.727
22591,2259.1,6.728399999999999
22592,2259.2,6.729800000000002
22593,2259.3,6.7312
22594,2259.4,6.7326
22595,2259.5,6.734000000000002
22596,2259.6,6.7354
22597,2259.7,6.7368
22598,2259.8,6.738200000000002
22599,2259.9,6.739600000000001
22600,2260.0,6.741
22601,2260.1,6.742399999999998
22602,2260.2,6.7438
22603,2260.3,6.745199999999999
22604,2260.4,6.746599999999997
22605,2260.5,6.747999999999999
22606,2260.6,6.749399999999998
22607,2260.7,6.750799999999996
22608,2260.8,6.752199999999999
22609,2260.9,6.753599999999998
22610,2261.0,6.754999999999996
22611,2261.1,6.756499999999998
22612,2261.2,6.757999999999997
22613,2261.3,6.759499999999996
22614,2261.4,6.760999999999999
22615,2261.5,6.7624999999999975
22616,2261.6,6.763999999999997
22617,2261.7,6.765499999999999
22618,2261.8,6.766999999999998
22619,2261.9,6.768499999999997
22620,2262.0,6.77
22621,2262.1,6.7715999999999985
22622,2262.2,6.773199999999997
22623,2262.3,6.7748
22624,2262.4,6.776399999999999
22625,2262.5,6.777999999999997
22626,2262.6,6.779599999999996
22627,2262.7,6.781199999999999
22628,2262.8,6.782799999999998
22629,2262.9,6.784399999999996
22630,2263.0,6.786
22631,2263.1,6.787399999999998
22632,2263.2,6.7887999999999975
22633,2263.3,6.7902000000000005
22634,2263.4,6.791599999999999
22635,2263.5,6.7929999999999975
22636,2263.6,6.7944
22637,2263.7,6.795799999999999
22638,2263.8,6.797199999999998
22639,2263.9,6.798600000000001
22640,2264.0,6.8
22641,2264.1,6.801399999999998
22642,2264.2,6.802800000000001
22643,2264.3,6.804200000000001
22644,2264.4,6.805599999999999
22645,2264.5,6.807000000000002
22646,2264.6,6.808400000000001
22647,2264.7,6.809799999999999
22648,2264.8,6.811200000000002
22649,2264.9,6.8126000000000015
22650,2265.0,6.814
22651,2265.1,6.815199999999999
22652,2265.2,6.816400000000001
22653,2265.3,6.8176
22654,2265.4,6.818799999999998
22655,2265.5,6.82
22656,2265.6,6.821199999999998
22657,2265.7,6.822399999999997
22658,2265.8,6.823599999999999
22659,2265.9,6.824799999999998
22660,2266.0,6.825999999999996
22661,2266.1,6.826999999999999
22662,2266.2,6.827999999999998
22663,2266.3,6.828999999999997
22664,2266.4,6.829999999999999
22665,2266.5,6.830999999999999
22666,2266.6,6.831999999999998
22667,2266.7,6.833
22668,2266.8,6.833999999999999
22669,2266.9,6.834999999999998
22670,2267.0,6.836
22671,2267.1,6.836899999999999
22672,2267.2,6.837799999999999
22673,2267.3,6.8387
22674,2267.4,6.8396
22675,2267.5,6.840499999999999
22676,2267.6,6.841399999999998
22677,2267.7,6.8423
22678,2267.8,6.843199999999999
22679,2267.9,6.844099999999998
22680,2268.0,6.845
22681,2268.1,6.8454999999999995
22682,2268.2,6.845999999999999
22683,2268.3,6.8465
22684,2268.4,6.8469999999999995
22685,2268.5,6.847499999999999
22686,2268.6,6.848
22687,2268.7,6.8485
22688,2268.8,6.848999999999999
22689,2268.9,6.8495
22690,2269.0,6.85
22691,2269.1,6.8503
22692,2269.2,6.8506
22693,2269.3,6.850899999999999
22694,2269.4,6.8511999999999995
22695,2269.5,6.8515
22696,2269.6,6.8518
22697,2269.7,6.8521
22698,2269.8,6.8524
22699,2269.9,6.8527000000000005
22700,2270.0,6.853
22701,2270.1,6.8530999999999995
22702,2270.2,6.8532
22703,2270.3,6.8533
22704,2270.4,6.8534
22705,2270.5,6.8535
22706,2270.6,6.8536
22707,2270.7,6.8537
22708,2270.8,6.8538
22709,2270.9,6.8539
22710,2271.0,6.854
22711,2271.1,6.8537
22712,2271.2,6.853400000000001
22713,2271.3,6.8531
22714,2271.4,6.8528
22715,2271.5,6.8525
22716,2271.6,6.852200000000001
22717,2271.7,6.8519000000000005
22718,2271.8,6.8516
22719,2271.9,6.8513
22720,2272.0,6.851
22721,2272.1,6.8505
22722,2272.2,6.8500000000000005
22723,2272.3,6.8495
22724,2272.4,6.849
22725,2272.5,6.8485000000000005
22726,2272.6,6.848000000000001
22727,2272.7,6.8475
22728,2272.8,6.847
22729,2272.9,6.846500000000001
22730,2273.0,6.846
22731,2273.1,6.845300000000001
22732,2273.2,6.844600000000002
22733,2273.3,6.8439
22734,2273.4,6.8432
22735,2273.5,6.842500000000001
22736,2273.6,6.8418
22737,2273.7,6.841100000000001
22738,2273.8,6.840400000000001
22739,2273.9,6.8397
22740,2274.0,6.839
22741,2274.1,6.838000000000001
22742,2274.2,6.836999999999999
22743,2274.3,6.836
22744,2274.4,6.835000000000001
22745,2274.5,6.833999999999999
22746,2274.6,6.832999999999999
22747,2274.7,6.832
22748,2274.8,6.830999999999998
22749,2274.9,6.829999999999999
22750,2275.0,6.829
22751,2275.1,6.827800000000001
22752,2275.2,6.826599999999999
22753,2275.3,6.8254
22754,2275.4,6.824200000000002
22755,2275.5,6.823
22756,2275.6,6.821800000000001
22757,2275.7,6.820600000000002
22758,2275.8,6.819400000000001
22759,2275.9,6.818200000000002
22760,2276.0,6.817000000000004
22761,2276.1,6.815600000000002
22762,2276.2,6.814200000000002
22763,2276.3,6.812800000000004
22764,2276.4,6.811400000000001
22765,2276.5,6.810000000000002
22766,2276.6,6.808600000000003
22767,2276.7,6.807200000000001
22768,2276.8,6.805800000000001
22769,2276.9,6.804400000000003
22770,2277.0,6.803
22771,2277.1,6.801500000000002
22772,2277.2,6.8000000000000025
22773,2277.3,6.7985
22774,2277.4,6.797000000000001
22775,2277.5,6.795500000000002
22776,2277.6,6.794000000000003
22777,2277.7,6.7925
22778,2277.8,6.791000000000002
22779,2277.9,6.789500000000003
22780,2278.0,6.788
22781,2278.1,6.786400000000001
22782,2278.2,6.784800000000003
22783,2278.3,6.7832
22784,2278.4,6.781600000000001
22785,2278.5,6.780000000000003
22786,2278.6,6.7783999999999995
22787,2278.7,6.776800000000001
22788,2278.8,6.775200000000002
22789,2278.9,6.773599999999999
22790,2279.0,6.772
22791,2279.1,6.770400000000001
22792,2279.2,6.768799999999999
22793,2279.3,6.7672
22794,2279.4,6.765600000000001
22795,2279.5,6.763999999999998
22796,2279.6,6.7623999999999995
22797,2279.7,6.760800000000001
22798,2279.8,6.759199999999997
22799,2279.9,6.757599999999999
22800,2280.0,6.756
22801,2280.1,6.754400000000002
22802,2280.2,6.7528
22803,2280.3,6.751200000000001
22804,2280.4,6.749600000000003
22805,2280.5,6.748
22806,2280.6,6.746400000000002
22807,2280.7,6.744800000000004
22808,2280.8,6.743200000000001
22809,2280.9,6.741600000000003
22810,2281.0,6.740000000000005
22811,2281.1,6.738400000000001
22812,2281.2,6.736800000000003
22813,2281.3,6.735200000000004
22814,2281.4,6.733600000000001
22815,2281.5,6.732000000000003
22816,2281.6,6.730400000000004
22817,2281.7,6.728800000000001
22818,2281.8,6.727200000000002
22819,2281.9,6.725600000000004
22820,2282.0,6.724
22821,2282.1,6.722500000000001
22822,2282.2,6.721000000000003
22823,2282.3,6.7195
22824,2282.4,6.718000000000001
22825,2282.5,6.716500000000002
22826,2282.6,6.715000000000003
22827,2282.7,6.7135
22828,2282.8,6.7120000000000015
22829,2282.9,6.710500000000002
22830,2283.0,6.709
22831,2283.1,6.707700000000001
22832,2283.2,6.706400000000002
22833,2283.3,6.705099999999999
22834,2283.4,6.7038
22835,2283.5,6.7025000000000015
22836,2283.6,6.701199999999999
22837,2283.7,6.6999
22838,2283.8,6.698600000000001
22839,2283.9,6.6972999999999985
22840,2284.0,6.696
22841,2284.1,6.694800000000001
22842,2284.2,6.693599999999998
22843,2284.3,6.692399999999999
22844,2284.4,6.6912
22845,2284.5,6.689999999999999
22846,2284.6,6.6888
22847,2284.7,6.687600000000001
22848,2284.8,6.686399999999998
22849,2284.9,6.685199999999999
22850,2285.0,6.684
22851,2285.1,6.683000000000002
22852,2285.2,6.6819999999999995
22853,2285.3,6.681000000000001
22854,2285.4,6.680000000000002
22855,2285.5,6.679
22856,2285.6,6.678000000000002
22857,2285.7,6.677000000000002
22858,2285.8,6.676000000000001
22859,2285.9,6.6750000000000025
22860,2286.0,6.674000000000003
22861,2286.1,6.673300000000001
22862,2286.2,6.672600000000002
22863,2286.3,6.671900000000002
22864,2286.4,6.671200000000001
22865,2286.5,6.670500000000001
22866,2286.6,6.669800000000001
22867,2286.7,6.6691
22868,2286.8,6.668400000000001
22869,2286.9,6.667700000000001
22870,2287.0,6.667
22871,2287.1,6.6664
22872,2287.2,6.665800000000001
22873,2287.3,6.6652
22874,2287.4,6.6646
22875,2287.5,6.664000000000001
22876,2287.6,6.663400000000001
22877,2287.7,6.6628
22878,2287.8,6.6622
22879,2287.9,6.661600000000001
22880,2288.0,6.661
22881,2288.1,6.6607
22882,2288.2,6.6604
22883,2288.3,6.6601
22884,2288.4,6.6598
22885,2288.5,6.6595
22886,2288.6,6.6592
22887,2288.7,6.6589
22888,2288.8,6.658600000000001
22889,2288.9,6.6583
22890,2289.0,6.658
22891,2289.1,6.657900000000001
22892,2289.2,6.6578
22893,2289.3,6.6577
22894,2289.4,6.6576
22895,2289.5,6.6575
22896,2289.6,6.6574
22897,2289.7,6.6573
22898,2289.8,6.6572
22899,2289.9,6.6571
22900,2290.0,6.657
22901,2290.1,6.6572
22902,2290.2,6.6574
22903,2290.3,6.6575999999999995
22904,2290.4,6.6578
22905,2290.5,6.6579999999999995
22906,2290.6,6.6582
22907,2290.7,6.658399999999999
22908,2290.8,6.6586
22909,2290.9,6.658799999999999
22910,2291.0,6.658999999999999
22911,2291.1,6.6594
22912,2291.2,6.659799999999999
22913,2291.3,6.660199999999999
22914,2291.4,6.6606
22915,2291.5,6.661
22916,2291.6,6.6613999999999995
22917,2291.7,6.6618
22918,2291.8,6.6621999999999995
22919,2291.9,6.662599999999999
22920,2292.0,6.663
22921,2292.1,6.6636
22922,2292.2,6.664199999999999
22923,2292.3,6.6648000000000005
22924,2292.4,6.6654
22925,2292.5,6.6659999999999995
22926,2292.6,6.666599999999998
22927,2292.7,6.667199999999999
22928,2292.8,6.667799999999999
22929,2292.9,6.668399999999998
22930,2293.0,6.669
22931,2293.1,6.669899999999999
22932,2293.2,6.670799999999998
22933,2293.3,6.6716999999999995
22934,2293.4,6.672599999999999
22935,2293.5,6.673499999999999
22936,2293.6,6.6744
22937,2293.7,6.6753
22938,2293.8,6.676199999999999
22939,2293.9,6.6771
22940,2294.0,6.678
22941,2294.1,6.678999999999999
22942,2294.2,6.680000000000001
22943,2294.3,6.681
22944,2294.4,6.6819999999999995
22945,2294.5,6.683000000000002
22946,2294.6,6.684
22947,2294.7,6.685
22948,2294.8,6.686000000000002
22949,2294.9,6.687
22950,2295.0,6.688
22951,2295.1,6.689099999999998
22952,2295.2,6.690200000000001
22953,2295.3,6.691299999999999
22954,2295.4,6.6923999999999975
22955,2295.5,6.6935
22956,2295.6,6.6945999999999986
22957,2295.7,6.695699999999997
22958,2295.8,6.696799999999999
22959,2295.9,6.697899999999998
22960,2296.0,6.698999999999996
22961,2296.1,6.700299999999999
22962,2296.2,6.701599999999997
22963,2296.3,6.702899999999996
22964,2296.4,6.704199999999999
22965,2296.5,6.705499999999998
22966,2296.6,6.706799999999997
22967,2296.7,6.708099999999999
22968,2296.8,6.709399999999999
22969,2296.9,6.7106999999999974
22970,2297.0,6.712
22971,2297.1,6.7132999999999985
22972,2297.2,6.714599999999997
22973,2297.3,6.7159
22974,2297.4,6.717199999999999
22975,2297.5,6.718499999999998
22976,2297.6,6.719799999999997
22977,2297.7,6.721099999999999
22978,2297.8,6.722399999999999
22979,2297.9,6.723699999999997
22980,2298.0,6.725
22981,2298.1,6.726399999999998
22982,2298.2,6.727799999999998
22983,2298.3,6.7292000000000005
22984,2298.4,6.730599999999999
22985,2298.5,6.7319999999999975
22986,2298.6,6.7334000000000005
22987,2298.7,6.734799999999999
22988,2298.8,6.736199999999998
22989,2298.9,6.737600000000001
22990,2299.0,6.739
22991,2299.1,6.740399999999998
22992,2299.2,6.741800000000001
22993,2299.3,6.743200000000001
22994,2299.4,6.744599999999999
22995,2299.5,6.746000000000002
22996,2299.6,6.747400000000001
22997,2299.7,6.748799999999999
22998,2299.8,6.750200000000002
22999,2299.9,6.751600000000002
23000,2300.0,6.753
23001,2300.1,6.754399999999999
23002,2300.2,6.755800000000001
23003,2300.3,6.757199999999999
23004,2300.4,6.758599999999998
23005,2300.5,6.76
23006,2300.6,6.761399999999998
23007,2300.7,6.762799999999997
23008,2300.8,6.7642
23009,2300.9,6.765599999999998
23010,2301.0,6.766999999999997
23011,2301.1,6.768399999999999
23012,2301.2,6.769799999999998
23013,2301.3,6.771199999999997
23014,2301.4,6.7726
23015,2301.5,6.773999999999998
23016,2301.6,6.775399999999997
23017,2301.7,6.7768
23018,2301.8,6.778199999999998
23019,2301.9,6.779599999999997
23020,2302.0,6.781
23021,2302.1,6.782299999999998
23022,2302.2,6.783599999999997
23023,2302.3,6.7849
23024,2302.4,6.786199999999999
23025,2302.5,6.787499999999998
23026,2302.6,6.788799999999997
23027,2302.7,6.790099999999999
23028,2302.8,6.7913999999999985
23029,2302.9,6.792699999999997
23030,2303.0,6.794
23031,2303.1,6.795199999999999
23032,2303.2,6.7963999999999976
23033,2303.3,6.7976
23034,2303.4,6.798799999999999
23035,2303.5,6.799999999999998
23036,2303.6,6.801200000000001
23037,2303.7,6.8024
23038,2303.8,6.8035999999999985
23039,2303.9,6.804800000000001
23040,2304.0,6.806
23041,2304.1,6.807099999999999
23042,2304.2,6.808200000000001
23043,2304.3,6.8093
23044,2304.4,6.8104
23045,2304.5,6.811500000000001
23046,2304.6,6.812600000000001
23047,2304.7,6.8137
23048,2304.8,6.814800000000002
23049,2304.9,6.815900000000001
23050,2305.0,6.817
23051,2305.1,6.817999999999999
23052,2305.2,6.819000000000001
23053,2305.3,6.819999999999999
23054,2305.4,6.820999999999998
23055,2305.5,6.822
23056,2305.6,6.822999999999999
23057,2305.7,6.823999999999998
23058,2305.8,6.824999999999999
23059,2305.9,6.825999999999998
23060,2306.0,6.826999999999997
23061,2306.1,6.827799999999999
23062,2306.2,6.828599999999999
23063,2306.3,6.829399999999998
23064,2306.4,6.8302
23065,2306.5,6.830999999999999
23066,2306.6,6.8317999999999985
23067,2306.7,6.832599999999999
23068,2306.8,6.833399999999999
23069,2306.9,6.834199999999998
23070,2307.0,6.835
23071,2307.1,6.8355999999999995
23072,2307.2,6.836199999999999
23073,2307.3,6.8368
23074,2307.4,6.8374
23075,2307.5,6.837999999999999
23076,2307.6,6.838599999999999
23077,2307.7,6.8392
23078,2307.8,6.839799999999999
23079,2307.9,6.840399999999999
23080,2308.0,6.841
23081,2308.1,6.8415
23082,2308.2,6.842
23083,2308.3,6.8425
23084,2308.4,6.843
23085,2308.5,6.8435
23086,2308.6,6.844
23087,2308.7,6.8445
23088,2308.8,6.845
23089,2308.9,6.8455
23090,2309.0,6.846
23091,2309.1,6.8462
23092,2309.2,6.8464
23093,2309.3,6.8466000000000005
23094,2309.4,6.8468
23095,2309.5,6.847
23096,2309.6,6.8472
23097,2309.7,6.8473999999999995
23098,2309.8,6.8476
23099,2309.9,6.8478
23100,2310.0,6.848
23101,2310.1,6.8481
23102,2310.2,6.8482
23103,2310.3,6.8483
23104,2310.4,6.8484
23105,2310.5,6.8485000000000005
23106,2310.6,6.8486
23107,2310.7,6.8487
23108,2310.8,6.8488
23109,2310.9,6.8489
23110,2311.0,6.849
23111,2311.1,6.8489
23112,2311.2,6.848800000000001
23113,2311.3,6.8487
23114,2311.4,6.8486
23115,2311.5,6.8485000000000005
23116,2311.6,6.8484
23117,2311.7,6.8483
23118,2311.8,6.8482
23119,2311.9,6.8481000000000005
23120,2312.0,6.848
23121,2312.1,6.8478
23122,2312.2,6.8476
23123,2312.3,6.8473999999999995
23124,2312.4,6.8472
23125,2312.5,6.847
23126,2312.6,6.8468
23127,2312.7,6.8466000000000005
23128,2312.8,6.8464
23129,2312.9,6.8462000000000005
23130,2313.0,6.846
23131,2313.1,6.8455
23132,2313.2,6.845000000000001
23133,2313.3,6.8445
23134,2313.4,6.844
23135,2313.5,6.843500000000001
23136,2313.6,6.843
23137,2313.7,6.8425
23138,2313.8,6.8420000000000005
23139,2313.9,6.8415
23140,2314.0,6.841
23141,2314.1,6.8405000000000005
23142,2314.2,6.84
23143,2314.3,6.8395
23144,2314.4,6.839
23145,2314.5,6.8385
23146,2314.6,6.838
23147,2314.7,6.8375
23148,2314.8,6.837
23149,2314.9,6.8365
23150,2315.0,6.836
23151,2315.1,6.835200000000001
23152,2315.2,6.8344
23153,2315.3,6.833600000000001
23154,2315.4,6.8328000000000015
23155,2315.5,6.832000000000001
23156,2315.6,6.831200000000001
23157,2315.7,6.830400000000002
23158,2315.8,6.829600000000001
23159,2315.9,6.828800000000002
23160,2316.0,6.828000000000003
23161,2316.1,6.827200000000001
23162,2316.2,6.826400000000001
23163,2316.3,6.825600000000002
23164,2316.4,6.824800000000001
23165,2316.5,6.824000000000002
23166,2316.6,6.823200000000002
23167,2316.7,6.822400000000001
23168,2316.8,6.821600000000001
23169,2316.9,6.820800000000002
23170,2317.0,6.82
23171,2317.1,6.819000000000001
23172,2317.2,6.818000000000002
23173,2317.3,6.817
23174,2317.4,6.816000000000001
23175,2317.5,6.815000000000001
23176,2317.6,6.814000000000002
23177,2317.7,6.813
23178,2317.8,6.812000000000001
23179,2317.9,6.811000000000002
23180,2318.0,6.81
23181,2318.1,6.809
23182,2318.2,6.808000000000002
23183,2318.3,6.8069999999999995
23184,2318.4,6.806
23185,2318.5,6.8050000000000015
23186,2318.6,6.803999999999999
23187,2318.7,6.803
23188,2318.8,6.8020000000000005
23189,2318.9,6.800999999999999
23190,2319.0,6.8
23191,2319.1,6.798900000000001
23192,2319.2,6.797799999999999
23193,2319.3,6.7966999999999995
23194,2319.4,6.7956
23195,2319.5,6.794499999999998
23196,2319.6,6.793399999999999
23197,2319.7,6.7923
23198,2319.8,6.791199999999998
23199,2319.9,6.790099999999999
23200,2320.0,6.789
23201,2320.1,6.787800000000001
23202,2320.2,6.786599999999999
23203,2320.3,6.7854
23204,2320.4,6.784200000000002
23205,2320.5,6.783
23206,2320.6,6.781800000000001
23207,2320.7,6.780600000000002
23208,2320.8,6.779400000000001
23209,2320.9,6.778200000000002
23210,2321.0,6.777000000000004
23211,2321.1,6.775800000000001
23212,2321.2,6.774600000000002
23213,2321.3,6.773400000000003
23214,2321.4,6.772200000000001
23215,2321.5,6.771000000000002
23216,2321.6,6.769800000000003
23217,2321.7,6.7686
23218,2321.8,6.767400000000001
23219,2321.9,6.766200000000002
23220,2322.0,6.765
23221,2322.1,6.763700000000001
23222,2322.2,6.762400000000002
23223,2322.3,6.761099999999999
23224,2322.4,6.7598
23225,2322.5,6.7585000000000015
23226,2322.6,6.757200000000003
23227,2322.7,6.7559000000000005
23228,2322.8,6.754600000000001
23229,2322.9,6.753300000000002
23230,2323.0,6.752
23231,2323.1,6.750800000000001
23232,2323.2,6.749600000000002
23233,2323.3,6.748399999999999
23234,2323.4,6.7472
23235,2323.5,6.746000000000001
23236,2323.6,6.7448
23237,2323.7,6.743600000000001
23238,2323.8,6.742400000000002
23239,2323.9,6.741199999999999
23240,2324.0,6.74
23241,2324.1,6.738800000000001
23242,2324.2,6.737599999999999
23243,2324.3,6.7364
23244,2324.4,6.735200000000001
23245,2324.5,6.733999999999998
23246,2324.6,6.732799999999999
23247,2324.7,6.7316
23248,2324.8,6.730399999999998
23249,2324.9,6.729199999999999
23250,2325.0,6.728
23251,2325.1,6.726900000000001
23252,2325.2,6.7258
23253,2325.3,6.7247
23254,2325.4,6.723600000000002
23255,2325.5,6.7225
23256,2325.6,6.721400000000001
23257,2325.7,6.720300000000003
23258,2325.8,6.719200000000001
23259,2325.9,6.7181000000000015
23260,2326.0,6.717000000000003
23261,2326.1,6.7159
23262,2326.2,6.714800000000002
23263,2326.3,6.713700000000003
23264,2326.4,6.7126
23265,2326.5,6.711500000000002
23266,2326.6,6.710400000000003
23267,2326.7,6.709300000000001
23268,2326.8,6.7082000000000015
23269,2326.9,6.707100000000002
23270,2327.0,6.706
23271,2327.1,6.705000000000001
23272,2327.2,6.704000000000002
23273,2327.3,6.703
23274,2327.4,6.702000000000001
23275,2327.5,6.701000000000001
23276,2327.6,6.700000000000002
23277,2327.7,6.699
23278,2327.8,6.698000000000001
23279,2327.9,6.697000000000002
23280,2328.0,6.696
23281,2328.1,6.695200000000001
23282,2328.2,6.694400000000001
23283,2328.3,6.693599999999999
23284,2328.4,6.6928
23285,2328.5,6.692000000000001
23286,2328.6,6.691199999999999
23287,2328.7,6.6904
23288,2328.8,6.6896
23289,2328.9,6.688799999999999
23290,2329.0,6.688
23291,2329.1,6.687200000000001
23292,2329.2,6.686399999999999
23293,2329.3,6.685599999999999
23294,2329.4,6.6848
23295,2329.5,6.683999999999998
23296,2329.6,6.683199999999999
23297,2329.7,6.6824
23298,2329.8,6.681599999999999
23299,2329.9,6.680799999999999
23300,2330.0,6.68
23301,2330.1,6.6794
23302,2330.2,6.6788
23303,2330.3,6.6782
23304,2330.4,6.677600000000001
23305,2330.5,6.677
23306,2330.6,6.676400000000001
23307,2330.7,6.6758000000000015
23308,2330.8,6.6752
23309,2330.9,6.674600000000002
23310,2331.0,6.674000000000002
23311,2331.1,6.673500000000001
23312,2331.2,6.673000000000001
23313,2331.3,6.672500000000001
23314,2331.4,6.672000000000001
23315,2331.5,6.671500000000001
23316,2331.6,6.671000000000001
23317,2331.7,6.6705
23318,2331.8,6.67
23319,2331.9,6.669500000000001
23320,2332.0,6.669
23321,2332.1,6.6687
23322,2332.2,6.6684
23323,2332.3,6.6681
23324,2332.4,6.6678
23325,2332.5,6.6675
23326,2332.6,6.667200000000001
23327,2332.7,6.6669
23328,2332.8,6.666600000000001
23329,2332.9,6.666300000000001
23330,2333.0,6.666
23331,2333.1,6.665900000000001
23332,2333.2,6.665800000000001
23333,2333.3,6.6657
23334,2333.4,6.6656
23335,2333.5,6.665500000000001
23336,2333.6,6.6654
23337,2333.7,6.6653
23338,2333.8,6.6652000000000005
23339,2333.9,6.6651
23340,2334.0,6.665
23341,2334.1,6.6651
23342,2334.2,6.6652000000000005
23343,2334.3,6.6653
23344,2334.4,6.6654
23345,2334.5,6.665500000000001
23346,2334.6,6.6656
23347,2334.7,6.6657
23348,2334.8,6.665800000000001
23349,2334.9,6.665900000000001
23350,2335.0,6.666
23351,2335.1,6.6663
23352,2335.2,6.666600000000001
23353,2335.3,6.6669
23354,2335.4,6.667199999999999
23355,2335.5,6.6675
23356,2335.6,6.6678
23357,2335.7,6.668099999999999
23358,2335.8,6.668399999999999
23359,2335.9,6.668699999999999
23360,2336.0,6.668999999999999
23361,2336.1,6.6693999999999996
23362,2336.2,6.669799999999999
23363,2336.3,6.670199999999999
23364,2336.4,6.670599999999999
23365,2336.5,6.670999999999999
23366,2336.6,6.671399999999999
23367,2336.7,6.6718
23368,2336.8,6.672199999999999
23369,2336.9,6.672599999999999
23370,2337.0,6.673
23371,2337.1,6.673699999999999
23372,2337.2,6.674399999999999
23373,2337.3,6.6751000000000005
23374,2337.4,6.6758
23375,2337.5,6.676499999999999
23376,2337.6,6.677199999999998
23377,2337.7,6.677899999999999
23378,2337.8,6.678599999999999
23379,2337.9,6.679299999999999
23380,2338.0,6.68
23381,2338.1,6.680799999999999
23382,2338.2,6.681599999999999
23383,2338.3,6.6824
23384,2338.4,6.683199999999999
23385,2338.5,6.683999999999998
23386,2338.6,6.6848
23387,2338.7,6.685599999999999
23388,2338.8,6.686399999999999
23389,2338.9,6.687200000000001
23390,2339.0,6.688
23391,2339.1,6.688999999999999
23392,2339.2,6.690000000000001
23393,2339.3,6.691
23394,2339.4,6.691999999999999
23395,2339.5,6.693000000000001
23396,2339.6,6.694000000000001
23397,2339.7,6.695
23398,2339.8,6.696000000000002
23399,2339.9,6.697000000000001
23400,2340.0,6.698
23401,2340.1,6.699199999999999
23402,2340.2,6.700400000000001
23403,2340.3,6.7016
23404,2340.4,6.702799999999998
23405,2340.5,6.704000000000001
23406,2340.6,6.705199999999999
23407,2340.7,6.706399999999998
23408,2340.8,6.707599999999999
23409,2340.9,6.708799999999998
23410,2341.0,6.709999999999996
23411,2341.1,6.711299999999999
23412,2341.2,6.7125999999999975
23413,2341.3,6.713899999999996
23414,2341.4,6.715199999999999
23415,2341.5,6.716499999999998
23416,2341.6,6.717799999999997
23417,2341.7,6.719099999999999
23418,2341.8,6.720399999999999
23419,2341.9,6.721699999999998
23420,2342.0,6.723
23421,2342.1,6.724399999999998
23422,2342.2,6.725799999999998
23423,2342.3,6.727200000000001
23424,2342.4,6.728599999999999
23425,2342.5,6.729999999999998
23426,2342.6,6.731399999999997
23427,2342.7,6.732799999999999
23428,2342.8,6.734199999999999
23429,2342.9,6.735599999999997
23430,2343.0,6.737
23431,2343.1,6.738399999999999
23432,2343.2,6.739799999999998
23433,2343.3,6.741200000000001
23434,2343.4,6.7425999999999995
23435,2343.5,6.743999999999998
23436,2343.6,6.745400000000001
23437,2343.7,6.7467999999999995
23438,2343.8,6.748199999999999
23439,2343.9,6.749600000000002
23440,2344.0,6.751
23441,2344.1,6.752599999999999
23442,2344.2,6.754200000000002
23443,2344.3,6.755800000000001
23444,2344.4,6.7574
23445,2344.5,6.759000000000003
23446,2344.6,6.760600000000001
23447,2344.7,6.7622
23448,2344.8,6.763800000000003
23449,2344.9,6.765400000000001
23450,2345.0,6.767
23451,2345.1,6.768499999999999
23452,2345.2,6.770000000000001
23453,2345.3,6.7715
23454,2345.4,6.772999999999998
23455,2345.5,6.7745
23456,2345.6,6.775999999999998
23457,2345.7,6.777499999999996
23458,2345.8,6.778999999999999
23459,2345.9,6.780499999999997
23460,2346.0,6.781999999999996
23461,2346.1,6.783499999999998
23462,2346.2,6.7849999999999975
23463,2346.3,6.786499999999996
23464,2346.4,6.787999999999999
23465,2346.5,6.789499999999998
23466,2346.6,6.790999999999997
23467,2346.7,6.7924999999999995
23468,2346.8,6.793999999999998
23469,2346.9,6.795499999999997
23470,2347.0,6.797
23471,2347.1,6.798399999999998
23472,2347.2,6.799799999999998
23473,2347.3,6.801200000000001
23474,2347.4,6.802599999999999
23475,2347.5,6.803999999999998
23476,2347.6,6.805399999999997
23477,2347.7,6.806799999999999
23478,2347.8,6.8081999999999985
23479,2347.9,6.809599999999997
23480,2348.0,6.811
23481,2348.1,6.8123999999999985
23482,2348.2,6.813799999999998
23483,2348.3,6.815200000000001
23484,2348.4,6.816599999999999
23485,2348.5,6.817999999999998
23486,2348.6,6.819400000000001
23487,2348.7,6.820799999999999
23488,2348.8,6.822199999999999
23489,2348.9,6.823600000000002
23490,2349.0,6.825
23491,2349.1,6.826099999999999
23492,2349.2,6.827200000000001
23493,2349.3,6.8283000000000005
23494,2349.4,6.8294
23495,2349.5,6.830500000000002
23496,2349.6,6.831600000000001
23497,2349.7,6.8327
23498,2349.8,6.833800000000002
23499,2349.9,6.834900000000001
23500,2350.0,6.836
23501,2350.1,6.837099999999999
23502,2350.2,6.8382000000000005
23503,2350.3,6.8393
23504,2350.4,6.840399999999998
23505,2350.5,6.8415
23506,2350.6,6.842599999999999
23507,2350.7,6.8436999999999975
23508,2350.8,6.844799999999999
23509,2350.9,6.8458999999999985
23510,2351.0,6.846999999999997
23511,2351.1,6.8477
23512,2351.2,6.848399999999999
23513,2351.3,6.849099999999998
23514,2351.4,6.8498
23515,2351.5,6.850499999999999
23516,2351.6,6.851199999999999
23517,2351.7,6.8519
23518,2351.8,6.8526
23519,2351.9,6.853299999999999
23520,2352.0,6.854
23521,2352.1,6.8546
23522,2352.2,6.855199999999999
23523,2352.3,6.8558
23524,2352.4,6.8564
23525,2352.5,6.856999999999999
23526,2352.6,6.857599999999999
23527,2352.7,6.8582
23528,2352.8,6.8588
23529,2352.9,6.859399999999999
23530,2353.0,6.86
23531,2353.1,6.8603000000000005
23532,2353.2,6.8606
23533,2353.3,6.8609
23534,2353.4,6.8612
23535,2353.5,6.8615
23536,2353.6,6.861800000000001
23537,2353.7,6.862100000000001
23538,2353.8,6.8624
23539,2353.9,6.8627
23540,2354.0,6.863
23541,2354.1,6.863
23542,2354.2,6.863
23543,2354.3,6.863
23544,2354.4,6.863
23545,2354.5,6.863
23546,2354.6,6.863
23547,2354.7,6.863
23548,2354.8,6.863
23549,2354.9,6.863
23550,2355.0,6.863
23551,2355.1,6.862800000000001
23552,2355.2,6.8626000000000005
23553,2355.3,6.8624
23554,2355.4,6.8622000000000005
23555,2355.5,6.862
23556,2355.6,6.861800000000001
23557,2355.7,6.8616
23558,2355.8,6.8614
23559,2355.9,6.8612
23560,2356.0,6.861000000000001
23561,2356.1,6.8605
23562,2356.2,6.86
23563,2356.3,6.8595000000000015
23564,2356.4,6.859
23565,2356.5,6.8585
23566,2356.6,6.8580000000000005
23567,2356.7,6.8575
23568,2356.8,6.857
23569,2356.9,6.8565000000000005
23570,2357.0,6.856
23571,2357.1,6.855200000000001
23572,2357.2,6.854400000000001
23573,2357.3,6.853599999999999
23574,2357.4,6.8528
23575,2357.5,6.852000000000001
23576,2357.6,6.851200000000001
23577,2357.7,6.8504000000000005
23578,2357.8,6.849600000000001
23579,2357.9,6.8488000000000016
23580,2358.0,6.848
23581,2358.1,6.847
23582,2358.2,6.846000000000002
23583,2358.3,6.845
23584,2358.4,6.844
23585,2358.5,6.843000000000002
23586,2358.6,6.842
23587,2358.7,6.841
23588,2358.8,6.840000000000001
23589,2358.9,6.8389999999999995
23590,2359.0,6.838
23591,2359.1,6.836700000000001
23592,2359.2,6.835399999999999
23593,2359.3,6.834099999999999
23594,2359.4,6.832800000000001
23595,2359.5,6.831499999999998
23596,2359.6,6.8302
23597,2359.7,6.828900000000001
23598,2359.8,6.827599999999998
23599,2359.9,6.826299999999999
23600,2360.0,6.825
23601,2360.1,6.823600000000002
23602,2360.2,6.8222
23603,2360.3,6.820800000000001
23604,2360.4,6.819400000000003
23605,2360.5,6.818
23606,2360.6,6.816600000000002
23607,2360.7,6.8152000000000035
23608,2360.8,6.8138000000000005
23609,2360.9,6.812400000000002
23610,2361.0,6.8110000000000035
23611,2361.1,6.809500000000002
23612,2361.2,6.8080000000000025
23613,2361.3,6.806500000000004
23614,2361.4,6.805000000000001
23615,2361.5,6.803500000000002
23616,2361.6,6.802000000000003
23617,2361.7,6.8005
23618,2361.8,6.799000000000002
23619,2361.9,6.797500000000003
23620,2362.0,6.796
23621,2362.1,6.794300000000002
23622,2362.2,6.792600000000003
23623,2362.3,6.7909
23624,2362.4,6.789200000000001
23625,2362.5,6.787500000000002
23626,2362.6,6.785800000000004
23627,2362.7,6.7841000000000005
23628,2362.8,6.782400000000002
23629,2362.9,6.780700000000003
23630,2363.0,6.779
23631,2363.1,6.777300000000001
23632,2363.2,6.7756000000000025
23633,2363.3,6.773899999999999
23634,2363.4,6.772200000000001
23635,2363.5,6.770500000000002
23636,2363.6,6.768799999999999
23637,2363.7,6.7671
23638,2363.8,6.765400000000001
23639,2363.9,6.763699999999998
23640,2364.0,6.762
23641,2364.1,6.760300000000001
23642,2364.2,6.758599999999998
23643,2364.3,6.756899999999999
23644,2364.4,6.7552
23645,2364.5,6.753499999999997
23646,2364.6,6.751799999999999
23647,2364.7,6.750100000000001
23648,2364.8,6.7483999999999975
23649,2364.9,6.746699999999999
23650,2365.0,6.745
23651,2365.1,6.743300000000002
23652,2365.2,6.741599999999999
23653,2365.3,6.739900000000001
23654,2365.4,6.738200000000003
23655,2365.5,6.7365
23656,2365.6,6.734800000000002
23657,2365.7,6.733100000000004
23658,2365.8,6.731400000000001
23659,2365.9,6.729700000000003
23660,2366.0,6.728000000000004
23661,2366.1,6.7265000000000015
23662,2366.2,6.725000000000002
23663,2366.3,6.723500000000004
23664,2366.4,6.722
23665,2366.5,6.720500000000002
23666,2366.6,6.719000000000003
23667,2366.7,6.7175
23668,2366.8,6.716000000000002
23669,2366.9,6.714500000000003
23670,2367.0,6.713
23671,2367.1,6.711500000000002
23672,2367.2,6.710000000000003
23673,2367.3,6.7085
23674,2367.4,6.707000000000001
23675,2367.5,6.7055000000000025
23676,2367.6,6.704000000000003
23677,2367.7,6.702500000000001
23678,2367.8,6.701000000000002
23679,2367.9,6.699500000000003
23680,2368.0,6.698
23681,2368.1,6.696800000000001
23682,2368.2,6.695600000000002
23683,2368.3,6.6944
23684,2368.4,6.693200000000001
23685,2368.5,6.692000000000002
23686,2368.6,6.690799999999999
23687,2368.7,6.6896
23688,2368.8,6.6884000000000015
23689,2368.9,6.687199999999999
23690,2369.0,6.686
23691,2369.1,6.684900000000001
23692,2369.2,6.683799999999999
23693,2369.3,6.6827
23694,2369.4,6.6816
23695,2369.5,6.6804999999999986
23696,2369.6,6.679399999999999
23697,2369.7,6.6783
23698,2369.8,6.677199999999998
23699,2369.9,6.676099999999999
23700,2370.0,6.675
23701,2370.1,6.674100000000001
23702,2370.2,6.6732
23703,2370.3,6.672300000000001
23704,2370.4,6.671400000000002
23705,2370.5,6.6705000000000005
23706,2370.6,6.669600000000001
23707,2370.7,6.668700000000002
23708,2370.8,6.667800000000001
23709,2370.9,6.666900000000002
23710,2371.0,6.666000000000003
23711,2371.1,6.665400000000001
23712,2371.2,6.664800000000001
23713,2371.3,6.664200000000002
23714,2371.4,6.663600000000001
23715,2371.5,6.663000000000001
23716,2371.6,6.662400000000002
23717,2371.7,6.6618
23718,2371.8,6.661200000000001
23719,2371.9,6.660600000000001
23720,2372.0,6.66
23721,2372.1,6.6597
23722,2372.2,6.659400000000001
23723,2372.3,6.6591000000000005
23724,2372.4,6.6588
23725,2372.5,6.6585
23726,2372.6,6.658200000000001
23727,2372.7,6.6579
23728,2372.8,6.6576
23729,2372.9,6.6573
23730,2373.0,6.657
23731,2373.1,6.6569
23732,2373.2,6.6568000000000005
23733,2373.3,6.6567
23734,2373.4,6.6566
23735,2373.5,6.6565
23736,2373.6,6.6564
23737,2373.7,6.6563
23738,2373.8,6.6562
23739,2373.9,6.6560999999999995
23740,2374.0,6.656
23741,2374.1,6.656199999999999
23742,2374.2,6.6564
23743,2374.3,6.6566
23744,2374.4,6.6568
23745,2374.5,6.657
23746,2374.6,6.6572000000000005
23747,2374.7,6.6574
23748,2374.8,6.6576
23749,2374.9,6.657800000000001
23750,2375.0,6.658
23751,2375.1,6.6585
23752,2375.2,6.659000000000001
23753,2375.3,6.6595
23754,2375.4,6.659999999999999
23755,2375.5,6.660500000000001
23756,2375.6,6.661
23757,2375.7,6.661499999999999
23758,2375.8,6.662
23759,2375.9,6.6625
23760,2376.0,6.6629999999999985
23761,2376.1,6.6636999999999995
23762,2376.2,6.664399999999999
23763,2376.3,6.665099999999998
23764,2376.4,6.6658
23765,2376.5,6.666499999999999
23766,2376.6,6.6671999999999985
23767,2376.7,6.6678999999999995
23768,2376.8,6.6686
23769,2376.9,6.669299999999999
23770,2377.0,6.67
23771,2377.1,6.6709
23772,2377.2,6.671799999999998
23773,2377.3,6.6727
23774,2377.4,6.6735999999999995
23775,2377.5,6.674499999999999
23776,2377.6,6.675399999999998
23777,2377.7,6.6763
23778,2377.8,6.677199999999999
23779,2377.9,6.678099999999999
23780,2378.0,6.679
23781,2378.1,6.6800999999999995
23782,2378.2,6.681199999999999
23783,2378.3,6.682300000000001
23784,2378.4,6.6834
23785,2378.5,6.684499999999999
23786,2378.6,6.685600000000001
23787,2378.7,6.6867
23788,2378.8,6.687799999999999
23789,2378.9,6.688900000000001
23790,2379.0,6.69
23791,2379.1,6.691299999999999
23792,2379.2,6.692600000000001
23793,2379.3,6.693900000000001
23794,2379.4,6.6952
23795,2379.5,6.696500000000002
23796,2379.6,6.697800000000001
23797,2379.7,6.6991
23798,2379.8,6.700400000000003
23799,2379.9,6.7017000000000015
23800,2380.0,6.703
23801,2380.1,6.704399999999999
23802,2380.2,6.705800000000001
23803,2380.3,6.707199999999999
23804,2380.4,6.708599999999998
23805,2380.5,6.71
23806,2380.6,6.7113999999999985
23807,2380.7,6.712799999999997
23808,2380.8,6.714199999999999
23809,2380.9,6.715599999999998
23810,2381.0,6.716999999999996
23811,2381.1,6.718399999999998
23812,2381.2,6.7197999999999976
23813,2381.3,6.721199999999996
23814,2381.4,6.722599999999999
23815,2381.5,6.7239999999999975
23816,2381.6,6.725399999999997
23817,2381.7,6.726799999999999
23818,2381.8,6.728199999999998
23819,2381.9,6.729599999999997
23820,2382.0,6.731
23821,2382.1,6.732499999999999
23822,2382.2,6.733999999999997
23823,2382.3,6.7355
23824,2382.4,6.736999999999999
23825,2382.5,6.738499999999998
23826,2382.6,6.739999999999997
23827,2382.7,6.7415
23828,2382.8,6.7429999999999986
23829,2382.9,6.744499999999998
23830,2383.0,6.746
23831,2383.1,6.747599999999999
23832,2383.2,6.749199999999997
23833,2383.3,6.750800000000001
23834,2383.4,6.752399999999999
23835,2383.5,6.753999999999998
23836,2383.6,6.755600000000001
23837,2383.7,6.757199999999999
23838,2383.8,6.758799999999998
23839,2383.9,6.760400000000001
23840,2384.0,6.762
23841,2384.1,6.763399999999998
23842,2384.2,6.764800000000001
23843,2384.3,6.7662
23844,2384.4,6.767599999999999
23845,2384.5,6.769000000000002
23846,2384.6,6.7704
23847,2384.7,6.771799999999999
23848,2384.8,6.773200000000002
23849,2384.9,6.774600000000001
23850,2385.0,6.776
23851,2385.1,6.777399999999998
23852,2385.2,6.7788
23853,2385.3,6.780199999999999
23854,2385.4,6.781599999999997
23855,2385.5,6.7829999999999995
23856,2385.6,6.784399999999998
23857,2385.7,6.7857999999999965
23858,2385.8,6.7871999999999995
23859,2385.9,6.788599999999998
23860,2386.0,6.7899999999999965
23861,2386.1,6.791299999999999
23862,2386.2,6.7925999999999975
23863,2386.3,6.793899999999996
23864,2386.4,6.7951999999999995
23865,2386.5,6.796499999999998
23866,2386.6,6.797799999999997
23867,2386.7,6.799099999999999
23868,2386.8,6.800399999999999
23869,2386.9,6.801699999999998
23870,2387.0,6.803
23871,2387.1,6.803999999999999
23872,2387.2,6.804999999999998
23873,2387.3,6.806
23874,2387.4,6.8069999999999995
23875,2387.5,6.807999999999998
23876,2387.6,6.8089999999999975
23877,2387.7,6.81
23878,2387.8,6.810999999999999
23879,2387.9,6.811999999999998
23880,2388.0,6.813
23881,2388.1,6.813899999999999
23882,2388.2,6.814799999999998
23883,2388.3,6.8157
23884,2388.4,6.816599999999999
23885,2388.5,6.817499999999999
23886,2388.6,6.8184000000000005
23887,2388.7,6.8193
23888,2388.8,6.820199999999999
23889,2388.9,6.8211
23890,2389.0,6.822
23891,2389.1,6.822699999999999
23892,2389.2,6.823400000000001
23893,2389.3,6.8241000000000005
23894,2389.4,6.8248
23895,2389.5,6.825500000000001
23896,2389.6,6.8262
23897,2389.7,6.826899999999999
23898,2389.8,6.827600000000001
23899,2389.9,6.8283000000000005
23900,2390.0,6.829
23901,2390.1,6.8294999999999995
23902,2390.2,6.83
23903,2390.3,6.8305
23904,2390.4,6.830999999999999
23905,2390.5,6.8315
23906,2390.6,6.831999999999999
23907,2390.7,6.832499999999999
23908,2390.8,6.832999999999999
23909,2390.9,6.833499999999999
23910,2391.0,6.833999999999998
23911,2391.1,6.834199999999999
23912,2391.2,6.8344
23913,2391.3,6.834599999999999
23914,2391.4,6.8347999999999995
23915,2391.5,6.835
23916,2391.6,6.8351999999999995
23917,2391.7,6.8354
23918,2391.8,6.8356
23919,2391.9,6.8358
23920,2392.0,6.836
23921,2392.1,6.836
23922,2392.2,6.836
23923,2392.3,6.836
23924,2392.4,6.836
23925,2392.5,6.836
23926,2392.6,6.836
23927,2392.7,6.836
23928,2392.8,6.836
23929,2392.9,6.836
23930,2393.0,6.836
23931,2393.1,6.8357
23932,2393.2,6.835400000000001
23933,2393.3,6.835100000000001
23934,2393.4,6.8348
23935,2393.5,6.8345
23936,2393.6,6.8342
23937,2393.7,6.8339
23938,2393.8,6.833600000000001
23939,2393.9,6.8332999999999995
23940,2394.0,6.833
23941,2394.1,6.8326
23942,2394.2,6.832199999999999
23943,2394.3,6.8318
23944,2394.4,6.8314
23945,2394.5,6.8309999999999995
23946,2394.6,6.8306
23947,2394.7,6.8302
23948,2394.8,6.829799999999999
23949,2394.9,6.8294
23950,2395.0,6.829
23951,2395.1,6.8283000000000005
23952,2395.2,6.8275999999999994
23953,2395.3,6.8269
23954,2395.4,6.826200000000001
23955,2395.5,6.8255
23956,2395.6,6.824800000000001
23957,2395.7,6.824100000000001
23958,2395.8,6.8234
23959,2395.9,6.822700000000001
23960,2396.0,6.822000000000002
23961,2396.1,6.8211
23962,2396.2,6.820200000000002
23963,2396.3,6.819300000000002
23964,2396.4,6.8184000000000005
23965,2396.5,6.817500000000001
23966,2396.6,6.816600000000002
23967,2396.7,6.8157
23968,2396.8,6.814800000000001
23969,2396.9,6.813900000000001
23970,2397.0,6.813
23971,2397.1,6.812100000000001
23972,2397.2,6.811200000000001
23973,2397.3,6.8103
23974,2397.4,6.8094
23975,2397.5,6.808500000000001
23976,2397.6,6.8076000000000025
23977,2397.7,6.8067
23978,2397.8,6.805800000000001
23979,2397.9,6.804900000000002
23980,2398.0,6.804
23981,2398.1,6.802900000000001
23982,2398.2,6.801800000000002
23983,2398.3,6.8007
23984,2398.4,6.799600000000001
23985,2398.5,6.7985000000000015
23986,2398.6,6.7974
23987,2398.7,6.7963000000000005
23988,2398.8,6.795200000000001
23989,2398.9,6.794099999999999
23990,2399.0,6.793
23991,2399.1,6.791800000000001
23992,2399.2,6.790599999999999
23993,2399.3,6.7894
23994,2399.4,6.788200000000001
23995,2399.5,6.786999999999998
23996,2399.6,6.785799999999999
23997,2399.7,6.7846
23998,2399.8,6.783399999999998
23999,2399.9,6.782199999999999
24000,2400.0,6.781
24001,2400.1,6.779800000000001
24002,2400.2,6.778599999999999
24003,2400.3,6.7774
24004,2400.4,6.776200000000002
24005,2400.5,6.775
24006,2400.6,6.773800000000001
24007,2400.7,6.772600000000002
24008,2400.8,6.771400000000001
24009,2400.9,6.770200000000002
24010,2401.0,6.769000000000004
24011,2401.1,6.767800000000001
24012,2401.2,6.766600000000002
24013,2401.3,6.765400000000003
24014,2401.4,6.764200000000001
24015,2401.5,6.763000000000002
24016,2401.6,6.761800000000003
24017,2401.7,6.7606
24018,2401.8,6.759400000000001
24019,2401.9,6.758200000000002
24020,2402.0,6.757
24021,2402.1,6.755800000000001
24022,2402.2,6.754600000000002
24023,2402.3,6.753399999999999
24024,2402.4,6.7522
24025,2402.5,6.751000000000001
24026,2402.6,6.749800000000002
24027,2402.7,6.748600000000001
24028,2402.8,6.747400000000002
24029,2402.9,6.746200000000003
24030,2403.0,6.745
24031,2403.1,6.743800000000001
24032,2403.2,6.742600000000002
24033,2403.3,6.7414
24034,2403.4,6.740200000000001
24035,2403.5,6.739000000000002
24036,2403.6,6.737799999999999
24037,2403.7,6.7366
24038,2403.8,6.735400000000001
24039,2403.9,6.734199999999999
24040,2404.0,6.733
24041,2404.1,6.7319
24042,2404.2,6.730799999999999
24043,2404.3,6.729699999999999
24044,2404.4,6.728600000000001
24045,2404.5,6.727499999999998
24046,2404.6,6.726399999999999
24047,2404.7,6.725300000000001
24048,2404.8,6.724199999999998
24049,2404.9,6.7231
24050,2405.0,6.722
24051,2405.1,6.721100000000002
24052,2405.2,6.7202
24053,2405.3,6.7193000000000005
24054,2405.4,6.718400000000002
24055,2405.5,6.7175
24056,2405.6,6.7166000000000015
24057,2405.7,6.715700000000002
24058,2405.8,6.7148
24059,2405.9,6.7139000000000015
24060,2406.0,6.713000000000003
24061,2406.1,6.712200000000001
24062,2406.2,6.711400000000001
24063,2406.3,6.710600000000002
24064,2406.4,6.7098
24065,2406.5,6.709000000000001
24066,2406.6,6.7082000000000015
24067,2406.7,6.707400000000001
24068,2406.8,6.706600000000001
24069,2406.9,6.705800000000002
24070,2407.0,6.705
24071,2407.1,6.704300000000001
24072,2407.2,6.703600000000002
24073,2407.3,6.7029
24074,2407.4,6.7022
24075,2407.5,6.701500000000001
24076,2407.6,6.700800000000002
24077,2407.7,6.700100000000001
24078,2407.8,6.699400000000001
24079,2407.9,6.698700000000001
24080,2408.0,6.698
24081,2408.1,6.697400000000001
24082,2408.2,6.696800000000001
24083,2408.3,6.6962
24084,2408.4,6.695600000000001
24085,2408.5,6.695000000000001
24086,2408.6,6.6944
24087,2408.7,6.6938
24088,2408.8,6.693200000000001
24089,2408.9,6.6926
24090,2409.0,6.692
24091,2409.1,6.691700000000001
24092,2409.2,6.6914
24093,2409.3,6.6911000000000005
24094,2409.4,6.6908
24095,2409.5,6.6905
24096,2409.6,6.6902
24097,2409.7,6.6899
24098,2409.8,6.6895999999999995
24099,2409.9,6.6893
24100,2410.0,6.689
24101,2410.1,6.688700000000001
24102,2410.2,6.6884
24103,2410.3,6.6881
24104,2410.4,6.6878
24105,2410.5,6.6875
24106,2410.6,6.687200000000001
24107,2410.7,6.6869000000000005
24108,2410.8,6.6866
24109,2410.9,6.6863
24110,2411.0,6.686000000000001
24111,2411.1,6.686
24112,2411.2,6.686
24113,2411.3,6.686
24114,2411.4,6.686
24115,2411.5,6.686
24116,2411.6,6.686
24117,2411.7,6.686
24118,2411.8,6.686
24119,2411.9,6.686
24120,2412.0,6.686
24121,2412.1,6.6861
24122,2412.2,6.6861999999999995
24123,2412.3,6.6863
24124,2412.4,6.6864
24125,2412.5,6.6865
24126,2412.6,6.6866
24127,2412.7,6.6867
24128,2412.8,6.6868
24129,2412.9,6.6869
24130,2413.0,6.687
24131,2413.1,6.6873000000000005
24132,2413.2,6.6876
24133,2413.3,6.6879
24134,2413.4,6.6882
24135,2413.5,6.6885
24136,2413.6,6.6888000000000005
24137,2413.7,6.6891
24138,2413.8,6.6894
24139,2413.9,6.6897
24140,2414.0,6.69
24141,2414.1,6.6904
24142,2414.2,6.690800000000001
24143,2414.3,6.6912
24144,2414.4,6.6916
24145,2414.5,6.692000000000001
24146,2414.6,6.6924
24147,2414.7,6.6928
24148,2414.8,6.693200000000001
24149,2414.9,6.6936
24150,2415.0,6.694
24151,2415.1,6.6945
24152,2415.2,6.695
24153,2415.3,6.6955
24154,2415.4,6.695999999999999
24155,2415.5,6.6965
24156,2415.6,6.696999999999999
24157,2415.7,6.697499999999999
24158,2415.8,6.6979999999999995
24159,2415.9,6.698499999999999
24160,2416.0,6.698999999999998
24161,2416.1,6.699699999999999
24162,2416.2,6.700399999999998
24163,2416.3,6.7010999999999985
24164,2416.4,6.7017999999999995
24165,2416.5,6.702499999999999
24166,2416.6,6.703199999999999
24167,2416.7,6.7039
24168,2416.8,6.704599999999999
24169,2416.9,6.705299999999999
24170,2417.0,6.706
24171,2417.1,6.7067
24172,2417.2,6.707399999999999
24173,2417.3,6.708100000000001
24174,2417.4,6.7088
24175,2417.5,6.709499999999999
24176,2417.6,6.710199999999999
24177,2417.7,6.7109
24178,2417.8,6.7116
24179,2417.9,6.712299999999999
24180,2418.0,6.713
24181,2418.1,6.7139
24182,2418.2,6.7147999999999985
24183,2418.3,6.7157
24184,2418.4,6.7166
24185,2418.5,6.717499999999999
24186,2418.6,6.718400000000001
24187,2418.7,6.7193000000000005
24188,2418.8,6.720199999999999
24189,2418.9,6.721100000000001
24190,2419.0,6.722
24191,2419.1,6.722899999999999
24192,2419.2,6.7238000000000016
24193,2419.3,6.7247
24194,2419.4,6.7256
24195,2419.5,6.7265000000000015
24196,2419.6,6.7274
24197,2419.7,6.7283
24198,2419.8,6.729200000000001
24199,2419.9,6.730100000000001
24200,2420.0,6.731
24201,2420.1,6.731899999999999
24202,2420.2,6.7328
24203,2420.3,6.7337
24204,2420.4,6.734599999999999
24205,2420.5,6.7355
24206,2420.6,6.736399999999999
24207,2420.7,6.737299999999998
24208,2420.8,6.7382
24209,2420.9,6.739099999999999
24210,2421.0,6.7399999999999975
24211,2421.1,6.741
24212,2421.2,6.741999999999998
24213,2421.3,6.742999999999998
24214,2421.4,6.744
24215,2421.5,6.744999999999998
24216,2421.6,6.745999999999998
24217,2421.7,6.747
24218,2421.8,6.747999999999999
24219,2421.9,6.748999999999998
24220,2422.0,6.75
24221,2422.1,6.7509999999999994
24222,2422.2,6.751999999999998
24223,2422.3,6.753
24224,2422.4,6.754
24225,2422.5,6.754999999999998
24226,2422.6,6.755999999999998
24227,2422.7,6.757
24228,2422.8,6.757999999999999
24229,2422.9,6.758999999999998
24230,2423.0,6.76
24231,2423.1,6.7608999999999995
24232,2423.2,6.761799999999998
24233,2423.3,6.7627
24234,2423.4,6.763599999999999
24235,2423.5,6.764499999999999
24236,2423.6,6.7654000000000005
24237,2423.7,6.7663
24238,2423.8,6.767199999999999
24239,2423.9,6.7681000000000004
24240,2424.0,6.769
24241,2424.1,6.77
24242,2424.2,6.771000000000001
24243,2424.3,6.772
24244,2424.4,6.773
24245,2424.5,6.774000000000002
24246,2424.6,6.775
24247,2424.7,6.776
24248,2424.8,6.777000000000002
24249,2424.9,6.7780000000000005
24250,2425.0,6.779
24251,2425.1,6.779899999999999
24252,2425.2,6.7808
24253,2425.3,6.7817
24254,2425.4,6.782599999999999
24255,2425.5,6.7835
24256,2425.6,6.784399999999999
24257,2425.7,6.785299999999998
24258,2425.8,6.7862
24259,2425.9,6.787099999999999
24260,2426.0,6.787999999999998
24261,2426.1,6.788799999999999
24262,2426.2,6.789599999999999
24263,2426.3,6.790399999999998
24264,2426.4,6.7912
24265,2426.5,6.791999999999999
24266,2426.6,6.792799999999999
24267,2426.7,6.7936
24268,2426.8,6.7943999999999996
24269,2426.9,6.795199999999999
24270,2427.0,6.796
24271,2427.1,6.7966999999999995
24272,2427.2,6.797399999999999
24273,2427.3,6.798100000000001
24274,2427.4,6.7988
24275,2427.5,6.799499999999999
24276,2427.6,6.8001999999999985
24277,2427.7,6.8008999999999995
24278,2427.8,6.801599999999999
24279,2427.9,6.802299999999999
24280,2428.0,6.803
24281,2428.1,6.803599999999999
24282,2428.2,6.804199999999999
24283,2428.3,6.8048
24284,2428.4,6.8054
24285,2428.5,6.805999999999999
24286,2428.6,6.8066
24287,2428.7,6.8072
24288,2428.8,6.807799999999999
24289,2428.9,6.808400000000001
24290,2429.0,6.809
24291,2429.1,6.8096
24292,2429.2,6.810200000000001
24293,2429.3,6.8108
24294,2429.4,6.8114
24295,2429.5,6.812000000000001
24296,2429.6,6.812600000000001
24297,2429.7,6.8132
24298,2429.8,6.813800000000001
24299,2429.9,6.814400000000001
24300,2430.0,6.815
24301,2430.1,6.8153999999999995
24302,2430.2,6.8158
24303,2430.3,6.8162
24304,2430.4,6.816599999999999
24305,2430.5,6.817
24306,2430.6,6.817399999999999
24307,2430.7,6.817799999999999
24308,2430.8,6.8182
24309,2430.9,6.818599999999999
24310,2431.0,6.818999999999999
24311,2431.1,6.8191999999999995
24312,2431.2,6.8194
24313,2431.3,6.819599999999999
24314,2431.4,6.8198
24315,2431.5,6.819999999999999
24316,2431.6,6.820199999999999
24317,2431.7,6.820399999999999
24318,2431.8,6.8206
24319,2431.9,6.820799999999999
24320,2432.0,6.821
24321,2432.1,6.821199999999999
24322,2432.2,6.8214
24323,2432.3,6.8216
24324,2432.4,6.8218
24325,2432.5,6.822
24326,2432.6,6.8222
24327,2432.7,6.8224
24328,2432.8,6.8226
24329,2432.9,6.8228
24330,2433.0,6.823
24331,2433.1,6.822900000000001
24332,2433.2,6.822800000000001
24333,2433.3,6.8227
24334,2433.4,6.8226
24335,2433.5,6.822500000000001
24336,2433.6,6.8224
24337,2433.7,6.8223
24338,2433.8,6.8222000000000005
24339,2433.9,6.8221
24340,2434.0,6.822
24341,2434.1,6.8219
24342,2434.2,6.8218
24343,2434.3,6.8217
24344,2434.4,6.8216
24345,2434.5,6.8214999999999995
24346,2434.6,6.8214
24347,2434.7,6.8213
24348,2434.8,6.821199999999999
24349,2434.9,6.8210999999999995
24350,2435.0,6.821
24351,2435.1,6.820600000000001
24352,2435.2,6.8202
24353,2435.3,6.8198
24354,2435.4,6.819400000000001
24355,2435.5,6.819
24356,2435.6,6.818600000000001
24357,2435.7,6.818200000000001
24358,2435.8,6.8178
24359,2435.9,6.817400000000001
24360,2436.0,6.817000000000001
24361,2436.1,6.8166
24362,2436.2,6.816200000000001
24363,2436.3,6.815800000000001
24364,2436.4,6.8154
24365,2436.5,6.815
24366,2436.6,6.8146
24367,2436.7,6.8142
24368,2436.8,6.8138000000000005
24369,2436.9,6.813400000000001
24370,2437.0,6.813
24371,2437.1,6.8124
24372,2437.2,6.811800000000001
24373,2437.3,6.8111999999999995
24374,2437.4,6.8106
24375,2437.5,6.8100000000000005
24376,2437.6,6.809400000000002
24377,2437.7,6.808800000000001
24378,2437.8,6.808200000000001
24379,2437.9,6.807600000000002
24380,2438.0,6.807
24381,2438.1,6.806200000000001
24382,2438.2,6.8054000000000014
24383,2438.3,6.8046
24384,2438.4,6.803800000000001
24385,2438.5,6.803000000000002
24386,2438.6,6.8022
24387,2438.7,6.801400000000001
24388,2438.8,6.800600000000001
24389,2438.9,6.799799999999999
24390,2439.0,6.799
24391,2439.1,6.798200000000001
24392,2439.2,6.7974
24393,2439.3,6.7966
24394,2439.4,6.795800000000001
24395,2439.5,6.794999999999999
24396,2439.6,6.7942
24397,2439.7,6.793400000000001
24398,2439.8,6.792599999999999
24399,2439.9,6.791799999999999
24400,2440.0,6.791
24401,2440.1,6.790000000000002
24402,2440.2,6.789
24403,2440.3,6.788000000000001
24404,2440.4,6.787000000000002
24405,2440.5,6.786
24406,2440.6,6.785000000000001
24407,2440.7,6.7840000000000025
24408,2440.8,6.783
24409,2440.9,6.782000000000002
24410,2441.0,6.781000000000002
24411,2441.1,6.7799000000000005
24412,2441.2,6.778800000000001
24413,2441.3,6.777700000000002
24414,2441.4,6.7766
24415,2441.5,6.775500000000001
24416,2441.6,6.774400000000002
24417,2441.7,6.7733
24418,2441.8,6.772200000000001
24419,2441.9,6.7711000000000015
24420,2442.0,6.77
24421,2442.1,6.7689
24422,2442.2,6.767800000000002
24423,2442.3,6.766699999999999
24424,2442.4,6.765600000000001
24425,2442.5,6.764500000000002
24426,2442.6,6.7634000000000025
24427,2442.7,6.762300000000001
24428,2442.8,6.761200000000001
24429,2442.9,6.760100000000002
24430,2443.0,6.759
24431,2443.1,6.757800000000001
24432,2443.2,6.756600000000002
24433,2443.3,6.7554
24434,2443.4,6.754200000000001
24435,2443.5,6.753000000000002
24436,2443.6,6.751799999999999
24437,2443.7,6.7506
24438,2443.8,6.749400000000001
24439,2443.9,6.748199999999999
24440,2444.0,6.747
24441,2444.1,6.745800000000001
24442,2444.2,6.744599999999998
24443,2444.3,6.743399999999999
24444,2444.4,6.7422
24445,2444.5,6.740999999999999
24446,2444.6,6.7398
24447,2444.7,6.738600000000001
24448,2444.8,6.737399999999998
24449,2444.9,6.736199999999999
24450,2445.0,6.735
24451,2445.1,6.733800000000001
24452,2445.2,6.7326
24453,2445.3,6.731400000000001
24454,2445.4,6.730200000000003
24455,2445.5,6.729
24456,2445.6,6.727800000000001
24457,2445.7,6.726600000000003
24458,2445.8,6.7254000000000005
24459,2445.9,6.724200000000002
24460,2446.0,6.723000000000003
24461,2446.1,6.721900000000001
24462,2446.2,6.720800000000001
24463,2446.3,6.719700000000002
24464,2446.4,6.7186
24465,2446.5,6.717500000000001
24466,2446.6,6.716400000000002
24467,2446.7,6.7153
24468,2446.8,6.714200000000001
24469,2446.9,6.713100000000002
24470,2447.0,6.712
24471,2447.1,6.7109000000000005
24472,2447.2,6.709800000000001
24473,2447.3,6.708699999999999
24474,2447.4,6.7076
24475,2447.5,6.706500000000001
24476,2447.6,6.705400000000002
24477,2447.7,6.7043
24478,2447.8,6.703200000000001
24479,2447.9,6.7021000000000015
24480,2448.0,6.701
24481,2448.1,6.7
24482,2448.2,6.699000000000002
24483,2448.3,6.6979999999999995
24484,2448.4,6.697
24485,2448.5,6.6960000000000015
24486,2448.6,6.694999999999999
24487,2448.7,6.694
24488,2448.8,6.6930000000000005
24489,2448.9,6.691999999999999
24490,2449.0,6.691
24491,2449.1,6.690100000000001
24492,2449.2,6.689199999999999
24493,2449.3,6.6883
24494,2449.4,6.6874
24495,2449.5,6.686499999999999
24496,2449.6,6.6856
24497,2449.7,6.6847
24498,2449.8,6.683799999999999
24499,2449.9,6.682899999999999
24500,2450.0,6.682
24501,2450.1,6.681200000000001
24502,2450.2,6.6804
24503,2450.3,6.679600000000001
24504,2450.4,6.678800000000002
24505,2450.5,6.678000000000001
24506,2450.6,6.677200000000001
24507,2450.7,6.676400000000002
24508,2450.8,6.675600000000001
24509,2450.9,6.674800000000002
24510,2451.0,6.674000000000003
24511,2451.1,6.673400000000001
24512,2451.2,6.672800000000001
24513,2451.3,6.672200000000002
24514,2451.4,6.671600000000001
24515,2451.5,6.671000000000001
24516,2451.6,6.670400000000002
24517,2451.7,6.6698
24518,2451.8,6.669200000000001
24519,2451.9,6.668600000000001
24520,2452.0,6.668
24521,2452.1,6.6676
24522,2452.2,6.667200000000001
24523,2452.3,6.6668
24524,2452.4,6.6664
24525,2452.5,6.666
24526,2452.6,6.6656
24527,2452.7,6.6652
24528,2452.8,6.6648000000000005
24529,2452.9,6.6644000000000005
24530,2453.0,6.664
24531,2453.1,6.6638
24532,2453.2,6.6636
24533,2453.3,6.663399999999999
24534,2453.4,6.6632
24535,2453.5,6.663
24536,2453.6,6.6628
24537,2453.7,6.6626
24538,2453.8,6.6624
24539,2453.9,6.6621999999999995
24540,2454.0,6.662
24541,2454.1,6.662
24542,2454.2,6.662
24543,2454.3,6.662
24544,2454.4,6.662
24545,2454.5,6.662
24546,2454.6,6.662
24547,2454.7,6.662
24548,2454.8,6.662
24549,2454.9,6.662
24550,2455.0,6.662
24551,2455.1,6.662299999999999
24552,2455.2,6.6626
24553,2455.3,6.6629
24554,2455.4,6.6632
24555,2455.5,6.6635
24556,2455.6,6.663799999999999
24557,2455.7,6.6640999999999995
24558,2455.8,6.6644
24559,2455.9,6.6647
24560,2456.0,6.664999999999999
24561,2456.1,6.6654
24562,2456.2,6.665799999999999
24563,2456.3,6.666199999999999
24564,2456.4,6.6666
24565,2456.5,6.666999999999999
24566,2456.6,6.667399999999999
24567,2456.7,6.6678
24568,2456.8,6.668199999999999
24569,2456.9,6.668599999999999
24570,2457.0,6.669
24571,2457.1,6.669699999999999
24572,2457.2,6.670399999999998
24573,2457.3,6.6711
24574,2457.4,6.671799999999999
24575,2457.5,6.6724999999999985
24576,2457.6,6.673199999999999
24577,2457.7,6.6739
24578,2457.8,6.674599999999999
24579,2457.9,6.675299999999999
24580,2458.0,6.676
24581,2458.1,6.676899999999999
24582,2458.2,6.677799999999999
24583,2458.3,6.6787
24584,2458.4,6.6796
24585,2458.5,6.6804999999999986
24586,2458.6,6.6814
24587,2458.7,6.6823
24588,2458.8,6.6831999999999985
24589,2458.9,6.684100000000001
24590,2459.0,6.685
24591,2459.1,6.685999999999999
24592,2459.2,6.687000000000001
24593,2459.3,6.688
24594,2459.4,6.688999999999999
24595,2459.5,6.690000000000001
24596,2459.6,6.691000000000001
24597,2459.7,6.692
24598,2459.8,6.693000000000002
24599,2459.9,6.694000000000001
24600,2460.0,6.695
24601,2460.1,6.696300000000003
24602,2460.2,6.697600000000001
24603,2460.3,6.698899999999999
24604,2460.4,6.700199999999998
24605,2460.5,6.7015
24606,2460.6,6.702799999999999
24607,2460.7,6.704099999999997
24608,2460.8,6.705399999999999
24609,2460.9,6.706699999999998
24610,2461.0,6.707999999999997
24611,2461.1,6.709399999999999
24612,2461.2,6.710799999999998
24613,2461.3,6.712199999999997
24614,2461.4,6.7136
24615,2461.5,6.714999999999998
24616,2461.6,6.7163999999999975
24617,2461.7,6.7177999999999995
24618,2461.8,6.719199999999999
24619,2461.9,6.7205999999999975
24620,2462.0,6.722
24621,2462.1,6.723499999999999
24622,2462.2,6.724999999999998
24623,2462.3,6.726500000000001
24624,2462.4,6.728
24625,2462.5,6.729499999999998
24626,2462.6,6.731000000000001
24627,2462.7,6.7325
24628,2462.8,6.733999999999998
24629,2462.9,6.735499999999997
24630,2463.0,6.737
24631,2463.1,6.738699999999999
24632,2463.2,6.7403999999999975
24633,2463.3,6.742100000000001
24634,2463.4,6.743799999999999
24635,2463.5,6.745499999999997
24636,2463.6,6.7472
24637,2463.7,6.748899999999999
24638,2463.8,6.750599999999998
24639,2463.9,6.752300000000001
24640,2464.0,6.754
24641,2464.1,6.7555999999999985
24642,2464.2,6.757200000000001
24643,2464.3,6.7588
24644,2464.4,6.760399999999999
24645,2464.5,6.762000000000002
24646,2464.6,6.7636
24647,2464.7,6.765199999999999
24648,2464.8,6.766800000000003
24649,2464.9,6.768400000000001
24650,2465.0,6.77
24651,2465.1,6.771700000000003
24652,2465.2,6.7734000000000005
24653,2465.3,6.775099999999998
24654,2465.4,6.776799999999997
24655,2465.5,6.778499999999999
24656,2465.6,6.780199999999998
24657,2465.7,6.781899999999996
24658,2465.8,6.783599999999999
24659,2465.9,6.785299999999997
24660,2466.0,6.7869999999999955
24661,2466.1,6.788599999999999
24662,2466.2,6.790199999999997
24663,2466.3,6.791799999999996
24664,2466.4,6.793399999999999
24665,2466.5,6.794999999999997
24666,2466.6,6.796599999999996
24667,2466.7,6.7982
24668,2466.8,6.7997999999999985
24669,2466.9,6.801399999999997
24670,2467.0,6.803
24671,2467.1,6.804599999999999
24672,2467.2,6.806199999999997
24673,2467.3,6.8078
24674,2467.4,6.809399999999999
24675,2467.5,6.810999999999997
24676,2467.6,6.812600000000001
24677,2467.7,6.8142
24678,2467.8,6.8157999999999985
24679,2467.9,6.817399999999997
24680,2468.0,6.819
24681,2468.1,6.8203999999999985
24682,2468.2,6.821799999999998
24683,2468.3,6.823200000000001
24684,2468.4,6.824599999999999
24685,2468.5,6.825999999999998
24686,2468.6,6.827400000000001
24687,2468.7,6.828799999999999
24688,2468.8,6.830199999999999
24689,2468.9,6.831600000000002
24690,2469.0,6.833
24691,2469.1,6.834299999999999
24692,2469.2,6.835600000000001
24693,2469.3,6.836900000000001
24694,2469.4,6.8382
24695,2469.5,6.839500000000002
24696,2469.6,6.840800000000001
24697,2469.7,6.842099999999999
24698,2469.8,6.843400000000003
24699,2469.9,6.844700000000001
24700,2470.0,6.846
24701,2470.1,6.847000000000002
24702,2470.2,6.848000000000001
24703,2470.3,6.848999999999999
24704,2470.4,6.849999999999998
24705,2470.5,6.851
24706,2470.6,6.8519999999999985
24707,2470.7,6.852999999999998
24708,2470.8,6.853999999999999
24709,2470.9,6.854999999999998
24710,2471.0,6.855999999999997
24711,2471.1,6.8568999999999996
24712,2471.2,6.857799999999998
24713,2471.3,6.858699999999998
24714,2471.4,6.8595999999999995
24715,2471.5,6.860499999999999
24716,2471.6,6.861399999999998
24717,2471.7,6.8623
24718,2471.8,6.863199999999999
24719,2471.9,6.864099999999999
24720,2472.0,6.865
24721,2472.1,6.8655
24722,2472.2,6.866
24723,2472.3,6.8665
24724,2472.4,6.867
24725,2472.5,6.8675
24726,2472.6,6.868
24727,2472.7,6.8685
24728,2472.8,6.869
24729,2472.9,6.8694999999999995
24730,2473.0,6.87
24731,2473.1,6.8703
24732,2473.2,6.8706
24733,2473.3,6.8709
24734,2473.4,6.8712
24735,2473.5,6.8715
24736,2473.6,6.8718
24737,2473.7,6.8721000000000005
24738,2473.8,6.8724
24739,2473.9,6.8727
24740,2474.0,6.873
24741,2474.1,6.873
24742,2474.2,6.873
24743,2474.3,6.873
24744,2474.4,6.873
24745,2474.5,6.873
24746,2474.6,6.873
24747,2474.7,6.873
24748,2474.8,6.873
24749,2474.9,6.873
24750,2475.0,6.873
24751,2475.1,6.872599999999999
24752,2475.2,6.8722
24753,2475.3,6.8718
24754,2475.4,6.8714
24755,2475.5,6.8709999999999996
24756,2475.6,6.8706000000000005
24757,2475.7,6.8702000000000005
24758,2475.8,6.8698
24759,2475.9,6.869400000000001
24760,2476.0,6.869000000000001
24761,2476.1,6.8684
24762,2476.2,6.867800000000001
24763,2476.3,6.867200000000001
24764,2476.4,6.8666
24765,2476.5,6.8660000000000005
24766,2476.6,6.865400000000002
24767,2476.7,6.864800000000001
24768,2476.8,6.864200000000001
24769,2476.9,6.863600000000002
24770,2477.0,6.863
24771,2477.1,6.862100000000001
24772,2477.2,6.861200000000002
24773,2477.3,6.8603000000000005
24774,2477.4,6.859400000000001
24775,2477.5,6.858500000000001
24776,2477.6,6.8576
24777,2477.7,6.8567
24778,2477.8,6.855800000000001
24779,2477.9,6.8549000000000015
24780,2478.0,6.854
24781,2478.1,6.852800000000001
24782,2478.2,6.851600000000002
24783,2478.3,6.8504
24784,2478.4,6.849200000000001
24785,2478.5,6.848000000000002
24786,2478.6,6.846799999999999
24787,2478.7,6.8456
24788,2478.8,6.844400000000001
24789,2478.9,6.843199999999999
24790,2479.0,6.842
24791,2479.1,6.840700000000001
24792,2479.2,6.839399999999999
24793,2479.3,6.838099999999999
24794,2479.4,6.8368
24795,2479.5,6.835499999999998
24796,2479.6,6.834199999999999
24797,2479.7,6.8329
24798,2479.8,6.831599999999997
24799,2479.9,6.8302999999999985
24800,2480.0,6.829
24801,2480.1,6.827399999999997
24802,2480.2,6.825799999999999
24803,2480.3,6.8242
24804,2480.4,6.822600000000002
24805,2480.5,6.821
24806,2480.6,6.819400000000002
24807,2480.7,6.817800000000004
24808,2480.8,6.8162
24809,2480.9,6.814600000000002
24810,2481.0,6.813000000000004
24811,2481.1,6.811400000000001
24812,2481.2,6.809800000000003
24813,2481.3,6.808200000000004
24814,2481.4,6.8066
24815,2481.5,6.805000000000002
24816,2481.6,6.8034000000000034
24817,2481.7,6.8018
24818,2481.8,6.800200000000001
24819,2481.9,6.798600000000003
24820,2482.0,6.797
24821,2482.1,6.795200000000001
24822,2482.2,6.793400000000003
24823,2482.3,6.791599999999999
24824,2482.4,6.7898000000000005
24825,2482.5,6.788000000000002
24826,2482.6,6.786199999999999
24827,2482.7,6.784400000000001
24828,2482.8,6.782600000000002
24829,2482.9,6.780800000000004
24830,2483.0,6.779
24831,2483.1,6.777100000000002
24832,2483.2,6.775200000000003
24833,2483.3,6.773299999999999
24834,2483.4,6.771400000000001
24835,2483.5,6.7695000000000025
24836,2483.6,6.767599999999999
24837,2483.7,6.765700000000001
24838,2483.8,6.763800000000002
24839,2483.9,6.761899999999998
24840,2484.0,6.76
24841,2484.1,6.758200000000001
24842,2484.2,6.7563999999999975
24843,2484.3,6.754599999999999
24844,2484.4,6.752800000000001
24845,2484.5,6.750999999999998
24846,2484.6,6.749199999999999
24847,2484.7,6.747400000000001
24848,2484.8,6.745599999999997
24849,2484.9,6.7437999999999985
24850,2485.0,6.742
24851,2485.1,6.740199999999997
24852,2485.2,6.738399999999999
24853,2485.3,6.736600000000001
24854,2485.4,6.7348000000000035
24855,2485.5,6.7330000000000005
24856,2485.6,6.731200000000002
24857,2485.7,6.7294000000000045
24858,2485.8,6.727600000000002
24859,2485.9,6.725800000000003
24860,2486.0,6.7240000000000055
24861,2486.1,6.722400000000001
24862,2486.2,6.720800000000003
24863,2486.3,6.719200000000004
24864,2486.4,6.717600000000001
24865,2486.5,6.716000000000003
24866,2486.6,6.714400000000004
24867,2486.7,6.7128000000000005
24868,2486.8,6.711200000000002
24869,2486.9,6.709600000000004
24870,2487.0,6.708
24871,2487.1,6.706400000000001
24872,2487.2,6.704800000000003
24873,2487.3,6.7032
24874,2487.4,6.701600000000001
24875,2487.5,6.700000000000003
24876,2487.6,6.6983999999999995
24877,2487.7,6.6968000000000005
24878,2487.8,6.695200000000002
24879,2487.9,6.6936000000000035
24880,2488.0,6.692
24881,2488.1,6.690700000000001
24882,2488.2,6.689400000000003
24883,2488.3,6.6880999999999995
24884,2488.4,6.686800000000001
24885,2488.5,6.685500000000002
24886,2488.6,6.6842
24887,2488.7,6.682900000000001
24888,2488.8,6.681600000000001
24889,2488.9,6.680299999999999
24890,2489.0,6.679
24891,2489.1,6.677800000000001
24892,2489.2,6.676599999999999
24893,2489.3,6.6754
24894,2489.4,6.674200000000001
24895,2489.5,6.672999999999998
24896,2489.6,6.671799999999999
24897,2489.7,6.6706
24898,2489.8,6.669399999999998
24899,2489.9,6.668199999999999
24900,2490.0,6.667
24901,2490.1,6.666099999999998
24902,2490.2,6.6652
24903,2490.3,6.664300000000001
24904,2490.4,6.663400000000002
24905,2490.5,6.6625
24906,2490.6,6.661600000000001
24907,2490.7,6.660700000000002
24908,2490.8,6.659800000000001
24909,2490.9,6.658900000000002
24910,2491.0,6.658000000000003
24911,2491.1,6.657300000000001
24912,2491.2,6.656600000000002
24913,2491.3,6.655900000000002
24914,2491.4,6.655200000000001
24915,2491.5,6.654500000000001
24916,2491.6,6.653800000000001
24917,2491.7,6.6531
24918,2491.8,6.652400000000001
24919,2491.9,6.651700000000001
24920,2492.0,6.651
24921,2492.1,6.6506
24922,2492.2,6.650200000000001
24923,2492.3,6.6498
24924,2492.4,6.6494
24925,2492.5,6.649000000000001
24926,2492.6,6.6486
24927,2492.7,6.6482
24928,2492.8,6.6478
24929,2492.9,6.647400000000001
24930,2493.0,6.647
24931,2493.1,6.646800000000001
24932,2493.2,6.6466
24933,2493.3,6.6464
24934,2493.4,6.6462
24935,2493.5,6.646
24936,2493.6,6.6457999999999995
24937,2493.7,6.6456
24938,2493.8,6.6453999999999995
24939,2493.9,6.645199999999999
24940,2494.0,6.645
24941,2494.1,6.645199999999999
24942,2494.2,6.6453999999999995
24943,2494.3,6.6456
24944,2494.4,6.6457999999999995
24945,2494.5,6.646
24946,2494.6,6.6462
24947,2494.7,6.6464
24948,2494.8,6.6466
24949,2494.9,6.646800000000001
24950,2495.0,6.647
24951,2495.1,6.6473
24952,2495.2,6.647600000000001
24953,2495.3,6.6479
24954,2495.4,6.6482
24955,2495.5,6.6485
24956,2495.6,6.6488
24957,2495.7,6.6491
24958,2495.8,6.6494
24959,2495.9,6.6497
24960,2496.0,6.6499999999999995
24961,2496.1,6.6507
24962,2496.2,6.651399999999999
24963,2496.3,6.652099999999998
24964,2496.4,6.6528
24965,2496.5,6.653499999999999
24966,2496.6,6.654199999999999
24967,2496.7,6.6549
24968,2496.8,6.6556
24969,2496.9,6.656299999999999
24970,2497.0,6.657
24971,2497.1,6.657799999999999
24972,2497.2,6.658599999999999
24973,2497.3,6.659400000000001
24974,2497.4,6.6602
24975,2497.5,6.660999999999999
24976,2497.6,6.6618
24977,2497.7,6.662599999999999
24978,2497.8,6.663399999999999
24979,2497.9,6.664199999999998
24980,2498.0,6.665
24981,2498.1,6.666099999999999
24982,2498.2,6.6671999999999985
24983,2498.3,6.6683
24984,2498.4,6.6693999999999996
24985,2498.5,6.670499999999999
24986,2498.6,6.671600000000001
24987,2498.7,6.6727
24988,2498.8,6.673799999999999
24989,2498.9,6.674900000000001
24990,2499.0,6.676
24991,2499.1,6.677299999999999
24992,2499.2,6.678600000000001
24993,2499.3,6.679900000000001
24994,2499.4,6.6812
24995,2499.5,6.682500000000002
24996,2499.6,6.683800000000001
24997,2499.7,6.685099999999999
24998,2499.8,6.686400000000003
24999,2499.9,6.687700000000001
25000,2500.0,6.689
25001,2500.1,6.690400000000002
25002,2500.2,6.691800000000001
25003,2500.3,6.693199999999999
25004,2500.4,6.694599999999998
25005,2500.5,6.696
25006,2500.6,6.697399999999998
25007,2500.7,6.698799999999997
25008,2500.8,6.7002
25009,2500.9,6.701599999999998
25010,2501.0,6.702999999999997
25011,2501.1,6.704499999999999
25012,2501.2,6.705999999999998
25013,2501.3,6.707499999999996
25014,2501.4,6.709
25015,2501.5,6.710499999999998
25016,2501.6,6.711999999999997
25017,2501.7,6.7135
25018,2501.8,6.714999999999998
25019,2501.9,6.716499999999997
25020,2502.0,6.718
25021,2502.1,6.719499999999998
25022,2502.2,6.720999999999997
25023,2502.3,6.7225
25024,2502.4,6.723999999999999
25025,2502.5,6.725499999999998
25026,2502.6,6.727
25027,2502.7,6.7284999999999995
25028,2502.8,6.729999999999998
25029,2502.9,6.731499999999997
25030,2503.0,6.733
25031,2503.1,6.734599999999999
25032,2503.2,6.736199999999997
25033,2503.3,6.7378
25034,2503.4,6.739399999999999
25035,2503.5,6.740999999999997
25036,2503.6,6.7426
25037,2503.7,6.744199999999999
25038,2503.8,6.745799999999998
25039,2503.9,6.747400000000001
25040,2504.0,6.749
25041,2504.1,6.750599999999999
25042,2504.2,6.752200000000001
25043,2504.3,6.7538
25044,2504.4,6.755399999999999
25045,2504.5,6.757000000000002
25046,2504.6,6.7586
25047,2504.7,6.760199999999999
25048,2504.8,6.761800000000003
25049,2504.9,6.763400000000001
25050,2505.0,6.765
25051,2505.1,6.766500000000002
25052,2505.2,6.768000000000001
25053,2505.3,6.769499999999999
25054,2505.4,6.770999999999997
25055,2505.5,6.7725
25056,2505.6,6.773999999999998
25057,2505.7,6.7754999999999965
25058,2505.8,6.776999999999999
25059,2505.9,6.7784999999999975
25060,2506.0,6.779999999999996
25061,2506.1,6.781399999999999
25062,2506.2,6.782799999999998
25063,2506.3,6.784199999999997
25064,2506.4,6.7856
25065,2506.5,6.786999999999998
25066,2506.6,6.788399999999997
25067,2506.7,6.7898
25068,2506.8,6.791199999999998
25069,2506.9,6.792599999999997
25070,2507.0,6.794
25071,2507.1,6.795399999999998
25072,2507.2,6.7967999999999975
25073,2507.3,6.7982000000000005
25074,2507.4,6.799599999999999
25075,2507.5,6.8009999999999975
25076,2507.6,6.8024000000000004
25077,2507.7,6.803799999999999
25078,2507.8,6.805199999999998
25079,2507.9,6.806599999999997
25080,2508.0,6.808
25081,2508.1,6.809099999999999
25082,2508.2,6.810199999999998
25083,2508.3,6.8113
25084,2508.4,6.812399999999999
25085,2508.5,6.813499999999999
25086,2508.6,6.8146
25087,2508.7,6.8157
25088,2508.8,6.816799999999999
25089,2508.9,6.817900000000001
25090,2509.0,6.819
25091,2509.1,6.819999999999999
25092,2509.2,6.821000000000001
25093,2509.3,6.822
25094,2509.4,6.8229999999999995
25095,2509.5,6.824000000000002
25096,2509.6,6.825
25097,2509.7,6.826
25098,2509.8,6.827000000000002
25099,2509.9,6.828
25100,2510.0,6.829
25101,2510.1,6.829800000000001
25102,2510.2,6.8306000000000004
25103,2510.3,6.8313999999999995
25104,2510.4,6.8321999999999985
25105,2510.5,6.833
25106,2510.6,6.833799999999999
25107,2510.7,6.834599999999998
25108,2510.8,6.835399999999999
25109,2510.9,6.836199999999998
25110,2511.0,6.836999999999997
25111,2511.1,6.837599999999999
25112,2511.2,6.838199999999999
25113,2511.3,6.838799999999998
25114,2511.4,6.8393999999999995
25115,2511.5,6.839999999999999
25116,2511.6,6.8405999999999985
25117,2511.7,6.8412
25118,2511.8,6.841799999999999
25119,2511.9,6.842399999999999
25120,2512.0,6.843
25121,2512.1,6.8434
25122,2512.2,6.843799999999999
25123,2512.3,6.8442
25124,2512.4,6.8446
25125,2512.5,6.845
25126,2512.6,6.845400000000001
25127,2512.7,6.8458000000000006
25128,2512.8,6.8462
25129,2512.9,6.8466
25130,2513.0,6.847
25131,2513.1,6.8471
25132,2513.2,6.8472
25133,2513.3,6.847300000000001
25134,2513.4,6.8474
25135,2513.5,6.8475
25136,2513.6,6.8476
25137,2513.7,6.8477
25138,2513.8,6.847799999999999
25139,2513.9,6.8479
25140,2514.0,6.848
25141,2514.1,6.8479
25142,2514.2,6.847799999999999
25143,2514.3,6.8477
25144,2514.4,6.8476
25145,2514.5,6.8475
25146,2514.6,6.8474
25147,2514.7,6.847300000000001
25148,2514.8,6.8472
25149,2514.9,6.8471
25150,2515.0,6.847
25151,2515.1,6.8468
25152,2515.2,6.8466000000000005
25153,2515.3,6.8464
25154,2515.4,6.8462000000000005
25155,2515.5,6.846
25156,2515.6,6.8458000000000006
25157,2515.7,6.8456
25158,2515.8,6.8454
25159,2515.9,6.8452
25160,2516.0,6.845000000000001
25161,2516.1,6.8445
25162,2516.2,6.844
25163,2516.3,6.8435000000000015
25164,2516.4,6.843
25165,2516.5,6.8425
25166,2516.6,6.8420000000000005
25167,2516.7,6.8415
25168,2516.8,6.841
25169,2516.9,6.8405000000000005
25170,2517.0,6.84
25171,2517.1,6.8394
25172,2517.2,6.838800000000001
25173,2517.3,6.8382
25174,2517.4,6.8376
25175,2517.5,6.837000000000001
25176,2517.6,6.836399999999999
25177,2517.7,6.8358
25178,2517.8,6.8352
25179,2517.9,6.834600000000001
25180,2518.0,6.834
25181,2518.1,6.833200000000001
25182,2518.2,6.832400000000001
25183,2518.3,6.831599999999999
25184,2518.4,6.8308
25185,2518.5,6.830000000000001
25186,2518.6,6.829199999999999
25187,2518.7,6.8284
25188,2518.8,6.8276
25189,2518.9,6.826799999999999
25190,2519.0,6.826
25191,2519.1,6.825100000000001
25192,2519.2,6.8241999999999985
25193,2519.3,6.8233
25194,2519.4,6.8224
25195,2519.5,6.821499999999999
25196,2519.6,6.8206
25197,2519.7,6.8197
25198,2519.8,6.818799999999999
25199,2519.9,6.817899999999999
25200,2520.0,6.817
25201,2520.1,6.815999999999998
25202,2520.2,6.8149999999999995
25203,2520.3,6.814000000000001
25204,2520.4,6.813000000000002
25205,2520.5,6.812
25206,2520.6,6.811000000000002
25207,2520.7,6.810000000000002
25208,2520.8,6.809000000000001
25209,2520.9,6.8080000000000025
25210,2521.0,6.807000000000003
25211,2521.1,6.805900000000001
25212,2521.2,6.804800000000002
25213,2521.3,6.803700000000003
25214,2521.4,6.802600000000001
25215,2521.5,6.801500000000002
25216,2521.6,6.800400000000002
25217,2521.7,6.799300000000001
25218,2521.8,6.798200000000001
25219,2521.9,6.797100000000002
25220,2522.0,6.796
25221,2522.1,6.794800000000001
25222,2522.2,6.793600000000002
25223,2522.3,6.7924
25224,2522.4,6.791200000000001
25225,2522.5,6.790000000000002
25226,2522.6,6.788799999999999
25227,2522.7,6.7876
25228,2522.8,6.786400000000001
25229,2522.9,6.785200000000002
25230,2523.0,6.784
25231,2523.1,6.782800000000001
25232,2523.2,6.781600000000002
25233,2523.3,6.780399999999999
25234,2523.4,6.7792
25235,2523.5,6.778000000000001
25236,2523.6,6.7768
25237,2523.7,6.775600000000001
25238,2523.8,6.774400000000002
25239,2523.9,6.773199999999999
25240,2524.0,6.772
25241,2524.1,6.770900000000001
25242,2524.2,6.769799999999999
25243,2524.3,6.7687
25244,2524.4,6.767600000000001
25245,2524.5,6.766499999999999
25246,2524.6,6.7654
25247,2524.7,6.7643
25248,2524.8,6.7631999999999985
25249,2524.9,6.762099999999999
25250,2525.0,6.761
25251,2525.1,6.759799999999998
25252,2525.2,6.7585999999999995
25253,2525.3,6.7574000000000005
25254,2525.4,6.756200000000002
25255,2525.5,6.755
25256,2525.6,6.753800000000001
25257,2525.7,6.752600000000003
25258,2525.8,6.7514
25259,2525.9,6.750200000000002
25260,2526.0,6.749000000000003
25261,2526.1,6.7479000000000005
25262,2526.2,6.746800000000002
25263,2526.3,6.745700000000003
25264,2526.4,6.744600000000001
25265,2526.5,6.743500000000002
25266,2526.6,6.742400000000003
25267,2526.7,6.741300000000001
25268,2526.8,6.7402000000000015
25269,2526.9,6.739100000000002
25270,2527.0,6.738
25271,2527.1,6.737000000000001
25272,2527.2,6.736000000000002
25273,2527.3,6.735
25274,2527.4,6.734000000000001
25275,2527.5,6.733000000000001
25276,2527.6,6.731999999999999
25277,2527.7,6.731
25278,2527.8,6.730000000000001
25279,2527.9,6.729000000000002
25280,2528.0,6.728
25281,2528.1,6.727
25282,2528.2,6.726000000000002
25283,2528.3,6.725
25284,2528.4,6.724
25285,2528.5,6.723000000000002
25286,2528.6,6.7219999999999995
25287,2528.7,6.721
25288,2528.8,6.720000000000001
25289,2528.9,6.718999999999999
25290,2529.0,6.718
25291,2529.1,6.7171
25292,2529.2,6.716199999999999
25293,2529.3,6.7153
25294,2529.4,6.7144
25295,2529.5,6.713499999999999
25296,2529.6,6.712599999999999
25297,2529.7,6.7116999999999996
25298,2529.8,6.710799999999998
25299,2529.9,6.709899999999999
25300,2530.0,6.709
25301,2530.1,6.708299999999999
25302,2530.2,6.707599999999999
25303,2530.3,6.7069
25304,2530.4,6.706200000000001
25305,2530.5,6.7055
25306,2530.6,6.7048000000000005
25307,2530.7,6.704100000000001
25308,2530.8,6.7034
25309,2530.9,6.702700000000001
25310,2531.0,6.702000000000002
25311,2531.1,6.7014000000000005
25312,2531.2,6.700800000000001
25313,2531.3,6.7002000000000015
25314,2531.4,6.6996
25315,2531.5,6.699000000000001
25316,2531.6,6.698400000000001
25317,2531.7,6.6978
25318,2531.8,6.6972000000000005
25319,2531.9,6.696600000000001
25320,2532.0,6.696
25321,2532.1,6.6955
25322,2532.2,6.695
25323,2532.3,6.6945
25324,2532.4,6.694
25325,2532.5,6.6935
25326,2532.6,6.693
25327,2532.7,6.6925
25328,2532.8,6.692
25329,2532.9,6.6915000000000004
25330,2533.0,6.691
25331,2533.1,6.6906
25332,2533.2,6.690200000000001
25333,2533.3,6.6898
25334,2533.4,6.6894
25335,2533.5,6.689000000000001
25336,2533.6,6.6886
25337,2533.7,6.6882
25338,2533.8,6.687800000000001
25339,2533.9,6.6874
25340,2534.0,6.687
25341,2534.1,6.686800000000001
25342,2534.2,6.6866
25343,2534.3,6.6864
25344,2534.4,6.6862
25345,2534.5,6.686
25346,2534.6,6.6857999999999995
25347,2534.7,6.6856
25348,2534.8,6.6854
25349,2534.9,6.685199999999999
25350,2535.0,6.685
25351,2535.1,6.6849
25352,2535.2,6.6848
25353,2535.3,6.684699999999999
25354,2535.4,6.6846
25355,2535.5,6.6845
25356,2535.6,6.6844
25357,2535.7,6.6843
25358,2535.8,6.6842
25359,2535.9,6.6841
25360,2536.0,6.684
25361,2536.1,6.6841
25362,2536.2,6.6842
25363,2536.3,6.6842999999999995
25364,2536.4,6.6844
25365,2536.5,6.6845
25366,2536.6,6.6846
25367,2536.7,6.684699999999999
25368,2536.8,6.684799999999999
25369,2536.9,6.6849
25370,2537.0,6.685
25371,2537.1,6.685199999999999
25372,2537.2,6.6854
25373,2537.3,6.6856
25374,2537.4,6.6857999999999995
25375,2537.5,6.686
25376,2537.6,6.6862
25377,2537.7,6.6864
25378,2537.8,6.6866
25379,2537.9,6.6868
25380,2538.0,6.687
25381,2538.1,6.6874
25382,2538.2,6.687799999999999
25383,2538.3,6.6882
25384,2538.4,6.6886
25385,2538.5,6.688999999999999
25386,2538.6,6.6894
25387,2538.7,6.6898
25388,2538.8,6.690199999999999
25389,2538.9,6.6906
25390,2539.0,6.691
25391,2539.1,6.6915
25392,2539.2,6.692
25393,2539.3,6.6925
25394,2539.4,6.693
25395,2539.5,6.6935
25396,2539.6,6.694
25397,2539.7,6.6945
25398,2539.8,6.695
25399,2539.9,6.6955
25400,2540.0,6.696
25401,2540.1,6.696600000000001
25402,2540.2,6.6972000000000005
25403,2540.3,6.697799999999999
25404,2540.4,6.698399999999999
25405,2540.5,6.699
25406,2540.6,6.699599999999999
25407,2540.7,6.700199999999999
25408,2540.8,6.700799999999999
25409,2540.9,6.701399999999999
25410,2541.0,6.701999999999998
25411,2541.1,6.702699999999999
25412,2541.2,6.7033999999999985
25413,2541.3,6.704099999999998
25414,2541.4,6.7048
25415,2541.5,6.705499999999999
25416,2541.6,6.706199999999998
25417,2541.7,6.706899999999999
25418,2541.8,6.707599999999999
25419,2541.9,6.708299999999999
25420,2542.0,6.709
25421,2542.1,6.709799999999999
25422,2542.2,6.710599999999999
25423,2542.3,6.7114
25424,2542.4,6.712199999999999
25425,2542.5,6.712999999999998
25426,2542.6,6.7138
25427,2542.7,6.714599999999999
25428,2542.8,6.715399999999999
25429,2542.9,6.716199999999998
25430,2543.0,6.717
25431,2543.1,6.717899999999999
25432,2543.2,6.718799999999998
25433,2543.3,6.7197
25434,2543.4,6.720599999999999
25435,2543.5,6.721499999999999
25436,2543.6,6.7224
25437,2543.7,6.7233
25438,2543.8,6.724199999999999
25439,2543.9,6.7251
25440,2544.0,6.726
25441,2544.1,6.726999999999999
25442,2544.2,6.728000000000001
25443,2544.3,6.729
25444,2544.4,6.7299999999999995
25445,2544.5,6.731000000000002
25446,2544.6,6.732
25447,2544.7,6.733
25448,2544.8,6.734000000000002
25449,2544.9,6.735
25450,2545.0,6.736
25451,2545.1,6.737000000000002
25452,2545.2,6.738
25453,2545.3,6.738999999999999
25454,2545.4,6.739999999999998
25455,2545.5,6.741
25456,2545.6,6.741999999999999
25457,2545.7,6.742999999999998
25458,2545.8,6.744
25459,2545.9,6.744999999999998
25460,2546.0,6.745999999999998
25461,2546.1,6.747
25462,2546.2,6.747999999999998
25463,2546.3,6.748999999999998
25464,2546.4,6.75
25465,2546.5,6.750999999999999
25466,2546.6,6.751999999999998
25467,2546.7,6.753
25468,2546.8,6.754
25469,2546.9,6.754999999999998
25470,2547.0,6.756
25471,2547.1,6.757099999999999
25472,2547.2,6.758199999999999
25473,2547.3,6.7593000000000005
25474,2547.4,6.7604
25475,2547.5,6.761499999999999
25476,2547.6,6.762600000000001
25477,2547.7,6.7637
25478,2547.8,6.764799999999999
25479,2547.9,6.7658999999999985
25480,2548.0,6.767
25481,2548.1,6.768
25482,2548.2,6.768999999999998
25483,2548.3,6.7700000000000005
25484,2548.4,6.771
25485,2548.5,6.7719999999999985
25486,2548.6,6.773000000000001
25487,2548.7,6.774
25488,2548.8,6.7749999999999995
25489,2548.9,6.776000000000001
25490,2549.0,6.777
25491,2549.1,6.778
25492,2549.2,6.779000000000001
25493,2549.3,6.78
25494,2549.4,6.781
25495,2549.5,6.782000000000002
25496,2549.6,6.783
25497,2549.7,6.784
25498,2549.8,6.785000000000002
25499,2549.9,6.7860000000000005
25500,2550.0,6.787
25501,2550.1,6.787900000000001
25502,2550.2,6.7888
25503,2550.3,6.7897
25504,2550.4,6.790599999999999
25505,2550.5,6.7915
25506,2550.6,6.792399999999999
25507,2550.7,6.793299999999999
25508,2550.8,6.7942
25509,2550.9,6.795099999999999
25510,2551.0,6.795999999999998
25511,2551.1,6.796799999999999
25512,2551.2,6.797599999999999
25513,2551.3,6.798399999999998
25514,2551.4,6.7992
25515,2551.5,6.799999999999999
25516,2551.6,6.800799999999999
25517,2551.7,6.8016
25518,2551.8,6.8024
25519,2551.9,6.803199999999999
25520,2552.0,6.804
25521,2552.1,6.8046999999999995
25522,2552.2,6.805399999999999
25523,2552.3,6.806100000000001
25524,2552.4,6.8068
25525,2552.5,6.807499999999999
25526,2552.6,6.8082
25527,2552.7,6.8088999999999995
25528,2552.8,6.8096
25529,2552.9,6.810299999999999
25530,2553.0,6.811
25531,2553.1,6.811599999999999
25532,2553.2,6.812199999999999
25533,2553.3,6.8128
25534,2553.4,6.8134
25535,2553.5,6.813999999999999
25536,2553.6,6.8146
25537,2553.7,6.8152
25538,2553.8,6.815799999999999
25539,2553.9,6.816400000000001
25540,2554.0,6.817
25541,2554.1,6.8174
25542,2554.2,6.817800000000001
25543,2554.3,6.8182
25544,2554.4,6.8186
25545,2554.5,6.819000000000001
25546,2554.6,6.8194
25547,2554.7,6.8198
25548,2554.8,6.820200000000001
25549,2554.9,6.8206
25550,2555.0,6.821
25551,2555.1,6.8213
25552,2555.2,6.8216
25553,2555.3,6.821899999999999
25554,2555.4,6.8222
25555,2555.5,6.8225
25556,2555.6,6.822799999999999
25557,2555.7,6.823099999999999
25558,2555.8,6.8233999999999995
25559,2555.9,6.8237
25560,2556.0,6.823999999999999
25561,2556.1,6.8241
25562,2556.2,6.824199999999999
25563,2556.3,6.8243
25564,2556.4,6.8244
25565,2556.5,6.8245
25566,2556.6,6.8246
25567,2556.7,6.8247
25568,2556.8,6.8248
25569,2556.9,6.8248999999999995
25570,2557.0,6.825
25571,2557.1,6.8249
25572,2557.2,6.824800000000001
25573,2557.3,6.8247
25574,2557.4,6.8246
25575,2557.5,6.8245000000000005
25576,2557.6,6.8244
25577,2557.7,6.8243
25578,2557.8,6.8242
25579,2557.9,6.8241000000000005
25580,2558.0,6.824
25581,2558.1,6.8237
25582,2558.2,6.8234
25583,2558.3,6.8231
25584,2558.4,6.8228
25585,2558.5,6.8225
25586,2558.6,6.8222
25587,2558.7,6.821899999999999
25588,2558.8,6.8216
25589,2558.9,6.821299999999999
25590,2559.0,6.821
25591,2559.1,6.8205
25592,2559.2,6.819999999999999
25593,2559.3,6.8195
25594,2559.4,6.819
25595,2559.5,6.818499999999999
25596,2559.6,6.818
25597,2559.7,6.8175
25598,2559.8,6.816999999999999
25599,2559.9,6.8165
25600,2560.0,6.816
25601,2560.1,6.8154
25602,2560.2,6.814800000000001
25603,2560.3,6.814199999999999
25604,2560.4,6.813599999999999
25605,2560.5,6.813
25606,2560.6,6.8124
25607,2560.7,6.811800000000001
25608,2560.8,6.811200000000001
25609,2560.9,6.810599999999999
25610,2561.0,6.81
25611,2561.1,6.8092
25612,2561.2,6.808400000000001
25613,2561.3,6.807600000000001
25614,2561.4,6.806800000000002
25615,2561.5,6.806000000000002
25616,2561.6,6.8051999999999975
25617,2561.7,6.8043999999999984
25618,2561.8,6.8035999999999985
25619,2561.9,6.8027999999999995
25620,2562.0,6.802
25621,2562.1,6.801100000000001
25622,2562.2,6.800199999999997
25623,2562.3,6.799299999999998
25624,2562.4,6.798399999999999
25625,2562.5,6.797499999999999
25626,2562.6,6.796600000000001
25627,2562.7,6.795700000000002
25628,2562.8,6.794799999999998
25629,2562.9,6.793899999999999
25630,2563.0,6.793
25631,2563.1,6.791900000000002
25632,2563.2,6.790800000000003
25633,2563.3,6.789700000000004
25634,2563.4,6.788599999999999
25635,2563.5,6.7875000000000005
25636,2563.6,6.786400000000001
25637,2563.7,6.785300000000003
25638,2563.8,6.784200000000004
25639,2563.9,6.7831000000000055
25640,2564.0,6.782000000000006
25641,2564.1,6.780900000000001
25642,2564.2,6.779800000000002
25643,2564.3,6.7787000000000015
25644,2564.4,6.777600000000002
25645,2564.5,6.776500000000003
25646,2564.6,6.775400000000004
25647,2564.7,6.774299999999998
25648,2564.8,6.773199999999998
25649,2564.9,6.772099999999999
25650,2565.0,6.771
25651,2565.1,6.769800000000001
25652,2565.2,6.768600000000003
25653,2565.3,6.767399999999998
25654,2565.4,6.766199999999999
25655,2565.5,6.765000000000001
25656,2565.6,6.763800000000002
25657,2565.7,6.762600000000003
25658,2565.8,6.7614000000000045
25659,2565.9,6.760199999999999
25660,2566.0,6.759
25661,2566.1,6.757800000000001
25662,2566.2,6.7566000000000015
25663,2566.3,6.7554000000000025
25664,2566.4,6.754200000000003
25665,2566.5,6.753000000000004
25666,2566.6,6.751799999999998
25667,2566.7,6.750599999999998
25668,2566.8,6.749399999999999
25669,2566.9,6.748199999999999
25670,2567.0,6.747
25671,2567.1,6.745800000000001
25672,2567.2,6.744599999999996
25673,2567.3,6.743399999999998
25674,2567.4,6.742199999999999
25675,2567.5,6.741
25676,2567.6,6.739800000000002
25677,2567.7,6.738600000000003
25678,2567.8,6.737399999999997
25679,2567.9,6.736199999999999
25680,2568.0,6.735
25681,2568.1,6.733900000000002
25682,2568.2,6.732800000000003
25683,2568.3,6.7317000000000045
25684,2568.4,6.730599999999999
25685,2568.5,6.7295
25686,2568.6,6.7284000000000015
25687,2568.7,6.727300000000003
25688,2568.8,6.726200000000004
25689,2568.9,6.725100000000006
25690,2569.0,6.724000000000006
25691,2569.1,6.722900000000001
25692,2569.2,6.721800000000002
25693,2569.3,6.720700000000002
25694,2569.4,6.7196000000000025
25695,2569.5,6.718500000000003
25696,2569.6,6.717400000000004
25697,2569.7,6.716299999999999
25698,2569.8,6.7151999999999985
25699,2569.9,6.714099999999999
25700,2570.0,6.713
25701,2570.1,6.712100000000001
25702,2570.2,6.7112000000000025
25703,2570.3,6.710299999999998
25704,2570.4,6.709399999999999
25705,2570.5,6.7085
25706,2570.6,6.707600000000001
25707,2570.7,6.706700000000002
25708,2570.8,6.705800000000003
25709,2570.9,6.7048999999999985
25710,2571.0,6.704
25711,2571.1,6.7032
25712,2571.2,6.702400000000001
25713,2571.3,6.701600000000001
25714,2571.4,6.700800000000002
25715,2571.5,6.700000000000002
25716,2571.6,6.699199999999998
25717,2571.7,6.698399999999999
25718,2571.8,6.697599999999999
25719,2571.9,6.6968
25720,2572.0,6.696
25721,2572.1,6.6953000000000005
25722,2572.2,6.694599999999998
25723,2572.3,6.693899999999998
25724,2572.4,6.693199999999999
25725,2572.5,6.6925
25726,2572.6,6.691800000000001
25727,2572.7,6.691100000000001
25728,2572.8,6.690399999999999
25729,2572.9,6.689699999999999
25730,2573.0,6.689
25731,2573.1,6.6885
25732,2573.2,6.6880000000000015
25733,2573.3,6.687500000000002
25734,2573.4,6.686999999999999
25735,2573.5,6.6865000000000006
25736,2573.6,6.686000000000001
25737,2573.7,6.685500000000001
25738,2573.8,6.685000000000002
25739,2573.9,6.6845000000000026
25740,2574.0,6.684000000000003
25741,2574.1,6.6837
25742,2574.2,6.683400000000001
25743,2574.3,6.6831000000000005
25744,2574.4,6.682800000000001
25745,2574.5,6.682500000000001
25746,2574.6,6.682200000000001
25747,2574.7,6.6819
25748,2574.8,6.6815999999999995
25749,2574.9,6.6813
25750,2575.0,6.681
25751,2575.1,6.681
25752,2575.2,6.681
25753,2575.3,6.681
25754,2575.4,6.681
25755,2575.5,6.681
25756,2575.6,6.681
25757,2575.7,6.681
25758,2575.8,6.681
25759,2575.9,6.681
25760,2576.0,6.681
25761,2576.1,6.6811
25762,2576.2,6.6812
25763,2576.3,6.6813
25764,2576.4,6.6814
25765,2576.5,6.6815
25766,2576.6,6.6816
25767,2576.7,6.6817
25768,2576.8,6.681800000000001
25769,2576.9,6.681900000000001
25770,2577.0,6.682
25771,2577.1,6.6823999999999995
25772,2577.2,6.682800000000002
25773,2577.3,6.683200000000001
25774,2577.4,6.683600000000001
25775,2577.5,6.684
25776,2577.6,6.6844
25777,2577.7,6.684799999999999
25778,2577.8,6.685200000000001
25779,2577.9,6.685600000000001
25780,2578.0,6.686
25781,2578.1,6.6865
25782,2578.2,6.6869999999999985
25783,2578.3,6.687499999999998
25784,2578.4,6.688000000000001
25785,2578.5,6.6884999999999994
25786,2578.6,6.688999999999999
25787,2578.7,6.689499999999999
25788,2578.8,6.689999999999998
25789,2578.9,6.6904999999999974
25790,2579.0,6.690999999999997
25791,2579.1,6.6918
25792,2579.2,6.692599999999999
25793,2579.3,6.693399999999999
25794,2579.4,6.694199999999998
25795,2579.5,6.694999999999998
25796,2579.6,6.6957999999999975
25797,2579.7,6.696600000000001
25798,2579.8,6.697400000000001
25799,2579.9,6.6982
25800,2580.0,6.699
25801,2580.1,6.699899999999999
25802,2580.2,6.700799999999997
25803,2580.3,6.701700000000002
25804,2580.4,6.702600000000001
25805,2580.5,6.7035
25806,2580.6,6.704399999999999
25807,2580.7,6.705299999999998
25808,2580.8,6.706199999999997
25809,2580.9,6.707100000000001
25810,2581.0,6.708
25811,2581.1,6.709099999999999
25812,2581.2,6.710199999999999
25813,2581.3,6.711299999999999
25814,2581.4,6.712399999999998
25815,2581.5,6.713499999999997
25816,2581.6,6.714600000000003
25817,2581.7,6.715700000000002
25818,2581.8,6.716800000000002
25819,2581.9,6.717900000000001
25820,2582.0,6.719
25821,2582.1,6.720299999999999
25822,2582.2,6.721600000000005
25823,2582.3,6.722900000000004
25824,2582.4,6.7242000000000015
25825,2582.5,6.7255
25826,2582.6,6.726799999999999
25827,2582.7,6.728099999999997
25828,2582.8,6.729400000000004
25829,2582.9,6.7307000000000015
25830,2583.0,6.732
25831,2583.1,6.733299999999999
25832,2583.2,6.734599999999997
25833,2583.3,6.735899999999996
25834,2583.4,6.737200000000001
25835,2583.5,6.7385
25836,2583.6,6.739799999999999
25837,2583.7,6.741099999999997
25838,2583.8,6.7423999999999955
25839,2583.9,6.743699999999994
25840,2584.0,6.744999999999993
25841,2584.1,6.7463999999999995
25842,2584.2,6.747799999999999
25843,2584.3,6.749199999999997
25844,2584.4,6.750599999999997
25845,2584.5,6.751999999999996
25846,2584.6,6.753399999999996
25847,2584.7,6.754800000000003
25848,2584.8,6.7562000000000015
25849,2584.9,6.757600000000001
25850,2585.0,6.759
25851,2585.1,6.760399999999999
25852,2585.2,6.761799999999997
25853,2585.3,6.763200000000003
25854,2585.4,6.7646000000000015
25855,2585.5,6.766
25856,2585.6,6.7673999999999985
25857,2585.7,6.768799999999997
25858,2585.8,6.770199999999995
25859,2585.9,6.771600000000001
25860,2586.0,6.773
25861,2586.1,6.774399999999999
25862,2586.2,6.7757999999999985
25863,2586.3,6.777199999999997
25864,2586.4,6.778599999999996
25865,2586.5,6.779999999999996
25866,2586.6,6.781400000000003
25867,2586.7,6.782800000000003
25868,2586.8,6.784200000000001
25869,2586.9,6.7856000000000005
25870,2587.0,6.787
25871,2587.1,6.788299999999999
25872,2587.2,6.7896000000000045
25873,2587.3,6.790900000000003
25874,2587.4,6.792200000000001
25875,2587.5,6.7935
25876,2587.6,6.794799999999999
25877,2587.7,6.7960999999999965
25878,2587.8,6.797400000000003
25879,2587.9,6.798700000000001
25880,2588.0,6.8
25881,2588.1,6.801199999999999
25882,2588.2,6.802399999999997
25883,2588.3,6.803599999999996
25884,2588.4,6.804800000000001
25885,2588.5,6.806
25886,2588.6,6.807199999999999
25887,2588.7,6.808399999999997
25888,2588.8,6.809599999999996
25889,2588.9,6.810799999999995
25890,2589.0,6.811999999999993
25891,2589.1,6.8130999999999995
25892,2589.2,6.814199999999999
25893,2589.3,6.815299999999999
25894,2589.4,6.816399999999998
25895,2589.5,6.817499999999997
25896,2589.6,6.818599999999996
25897,2589.7,6.819700000000002
25898,2589.8,6.820800000000002
25899,2589.9,6.821900000000001
25900,2590.0,6.823
25901,2590.1,6.823899999999999
25902,2590.2,6.824799999999998
25903,2590.3,6.825700000000002
25904,2590.4,6.826600000000001
25905,2590.5,6.827500000000001
25906,2590.6,6.828399999999999
25907,2590.7,6.829299999999998
25908,2590.8,6.830199999999997
25909,2590.9,6.831100000000001
25910,2591.0,6.832
25911,2591.1,6.832699999999999
25912,2591.2,6.833399999999999
25913,2591.3,6.8340999999999985
25914,2591.4,6.834799999999999
25915,2591.5,6.835499999999998
25916,2591.6,6.836200000000002
25917,2591.7,6.836900000000002
25918,2591.8,6.837600000000001
25919,2591.9,6.838300000000001
25920,2592.0,6.839
25921,2592.1,6.8395
25922,2592.2,6.8400000000000025
25923,2592.3,6.840500000000001
25924,2592.4,6.841000000000001
25925,2592.5,6.8415
25926,2592.6,6.842
25927,2592.7,6.842499999999999
25928,2592.8,6.843000000000002
25929,2592.9,6.843500000000001
25930,2593.0,6.844
25931,2593.1,6.8443
25932,2593.2,6.8446
25933,2593.3,6.844899999999999
25934,2593.4,6.845200000000001
25935,2593.5,6.8455
25936,2593.6,6.8458
25937,2593.7,6.8461
25938,2593.8,6.846399999999999
25939,2593.9,6.846699999999999
25940,2594.0,6.846999999999999
25941,2594.1,6.847
25942,2594.2,6.847
25943,2594.3,6.847
25944,2594.4,6.847
25945,2594.5,6.847
25946,2594.6,6.847
25947,2594.7,6.847
25948,2594.8,6.847
25949,2594.9,6.847
25950,2595.0,6.847
25951,2595.1,6.846700000000001
25952,2595.2,6.846400000000001
25953,2595.3,6.8461
25954,2595.4,6.8458
25955,2595.5,6.8455
25956,2595.6,6.845200000000001
25957,2595.7,6.844900000000001
25958,2595.8,6.844600000000002
25959,2595.9,6.8443
25960,2596.0,6.844
25961,2596.1,6.8436
25962,2596.2,6.8432
25963,2596.3,6.8428
25964,2596.4,6.842400000000001
25965,2596.5,6.842000000000001
25966,2596.6,6.841599999999999
25967,2596.7,6.8412
25968,2596.8,6.8408
25969,2596.9,6.8404
25970,2597.0,6.84
25971,2597.1,6.839300000000001
25972,2597.2,6.838599999999998
25973,2597.3,6.8378999999999985
25974,2597.4,6.837199999999999
25975,2597.5,6.8365
25976,2597.6,6.835800000000001
25977,2597.7,6.8351000000000015
25978,2597.8,6.834399999999999
25979,2597.9,6.833699999999999
25980,2598.0,6.833
25981,2598.1,6.832100000000001
25982,2598.2,6.831200000000003
25983,2598.3,6.830300000000003
25984,2598.4,6.829399999999999
25985,2598.5,6.8285
25986,2598.6,6.827600000000001
25987,2598.7,6.826700000000002
25988,2598.8,6.825800000000003
25989,2598.9,6.824900000000004
25990,2599.0,6.824000000000005
25991,2599.1,6.822900000000001
25992,2599.2,6.821800000000001
25993,2599.3,6.820700000000001
25994,2599.4,6.819600000000002
25995,2599.5,6.818500000000003
25996,2599.6,6.817400000000004
25997,2599.7,6.816299999999998
25998,2599.8,6.815199999999998
25999,2599.9,6.814099999999999
26000,2600.0,6.813
26001,2600.1,6.811700000000001
26002,2600.2,6.810400000000003
26003,2600.3,6.809099999999996
26004,2600.4,6.8077999999999985
26005,2600.5,6.8065
26006,2600.6,6.805200000000001
26007,2600.7,6.803900000000003
26008,2600.8,6.802600000000004
26009,2600.9,6.801299999999999
26010,2601.0,6.8
26011,2601.1,6.7987
26012,2601.2,6.797400000000001
26013,2601.3,6.796100000000002
26014,2601.4,6.794800000000003
26015,2601.5,6.793500000000003
26016,2601.6,6.792199999999997
26017,2601.7,6.790899999999998
26018,2601.8,6.789599999999998
26019,2601.9,6.7883
26020,2602.0,6.787
26021,2602.1,6.785600000000001
26022,2602.2,6.784199999999995
26023,2602.3,6.782799999999996
26024,2602.4,6.781399999999998
26025,2602.5,6.78
26026,2602.6,6.778600000000002
26027,2602.7,6.777200000000003
26028,2602.8,6.775799999999997
26029,2602.9,6.774399999999998
26030,2603.0,6.773
26031,2603.1,6.771500000000001
26032,2603.2,6.770000000000003
26033,2603.3,6.768500000000005
26034,2603.4,6.766999999999998
26035,2603.5,6.765499999999999
26036,2603.6,6.764000000000002
26037,2603.7,6.762500000000004
26038,2603.8,6.7610000000000054
26039,2603.9,6.759500000000007
26040,2604.0,6.758000000000009
26041,2604.1,6.756500000000001
26042,2604.2,6.755000000000002
26043,2604.3,6.7535000000000025
26044,2604.4,6.752000000000003
26045,2604.5,6.750500000000004
26046,2604.6,6.749000000000005
26047,2604.7,6.747499999999998
26048,2604.8,6.745999999999999
26049,2604.9,6.7444999999999995
26050,2605.0,6.743
26051,2605.1,6.741600000000002
26052,2605.2,6.740200000000003
26053,2605.3,6.738799999999997
26054,2605.4,6.737399999999998
26055,2605.5,6.736000000000001
26056,2605.6,6.734600000000002
26057,2605.7,6.733200000000004
26058,2605.8,6.731800000000005
26059,2605.9,6.730399999999999
26060,2606.0,6.729
26061,2606.1,6.7277000000000005
26062,2606.2,6.726400000000002
26063,2606.3,6.725100000000002
26064,2606.4,6.723800000000003
26065,2606.5,6.722500000000004
26066,2606.6,6.721199999999997
26067,2606.7,6.719899999999998
26068,2606.8,6.718599999999999
26069,2606.9,6.7173
26070,2607.0,6.716
26071,2607.1,6.714800000000001
26072,2607.2,6.713599999999996
26073,2607.3,6.712399999999997
26074,2607.4,6.711199999999999
26075,2607.5,6.71
26076,2607.6,6.708800000000001
26077,2607.7,6.707600000000003
26078,2607.8,6.706399999999997
26079,2607.9,6.705199999999999
26080,2608.0,6.704
26081,2608.1,6.702900000000001
26082,2608.2,6.701800000000002
26083,2608.3,6.700700000000004
26084,2608.4,6.6995999999999984
26085,2608.5,6.698499999999999
26086,2608.6,6.697400000000001
26087,2608.7,6.696300000000003
26088,2608.8,6.695200000000003
26089,2608.9,6.694100000000005
26090,2609.0,6.693000000000006
26091,2609.1,6.6921
26092,2609.2,6.691200000000001
26093,2609.3,6.6903000000000015
26094,2609.4,6.689400000000002
26095,2609.5,6.688500000000002
26096,2609.6,6.687600000000003
26097,2609.7,6.686699999999998
26098,2609.8,6.685799999999999
26099,2609.9,6.6849
26100,2610.0,6.684
26101,2610.1,6.683200000000001
26102,2610.2,6.682400000000002
26103,2610.3,6.681599999999999
26104,2610.4,6.6808
26105,2610.5,6.68
26106,2610.6,6.679200000000001
26107,2610.7,6.678400000000002
26108,2610.8,6.677600000000003
26109,2610.9,6.676799999999999
26110,2611.0,6.676
26111,2611.1,6.6755
26112,2611.2,6.675000000000001
26113,2611.3,6.674500000000001
26114,2611.4,6.674000000000001
26115,2611.5,6.6735000000000015
26116,2611.6,6.672999999999999
26117,2611.7,6.672499999999999
26118,2611.8,6.672
26119,2611.9,6.6715
26120,2612.0,6.671
26121,2612.1,6.670700000000001
26122,2612.2,6.670399999999999
26123,2612.3,6.6701
26124,2612.4,6.6697999999999995
26125,2612.5,6.6695
26126,2612.6,6.669200000000001
26127,2612.7,6.668900000000001
26128,2612.8,6.6686
26129,2612.9,6.6682999999999995
26130,2613.0,6.668
26131,2613.1,6.6679
26132,2613.2,6.667800000000001
26133,2613.3,6.6677
26134,2613.4,6.6676
26135,2613.5,6.6675
26136,2613.6,6.6674
26137,2613.7,6.6673
26138,2613.8,6.6672
26139,2613.9,6.6671000000000005
26140,2614.0,6.667000000000001
26141,2614.1,6.6671
26142,2614.2,6.667199999999999
26143,2614.3,6.6673
26144,2614.4,6.6674
26145,2614.5,6.6674999999999995
26146,2614.6,6.667599999999999
26147,2614.7,6.6677
26148,2614.8,6.667800000000001
26149,2614.9,6.6679
26150,2615.0,6.668
26151,2615.1,6.6684
26152,2615.2,6.668799999999999
26153,2615.3,6.669200000000001
26154,2615.4,6.669600000000001
26155,2615.5,6.67
26156,2615.6,6.670399999999999
26157,2615.7,6.670799999999999
26158,2615.8,6.671199999999998
26159,2615.9,6.671600000000001
26160,2616.0,6.672
26161,2616.1,6.672499999999999
26162,2616.2,6.672999999999999
26163,2616.3,6.673499999999999
26164,2616.4,6.673999999999999
26165,2616.5,6.674499999999998
26166,2616.6,6.675000000000001
26167,2616.7,6.6755
26168,2616.8,6.676
26169,2616.9,6.6765
26170,2617.0,6.677
26171,2617.1,6.677699999999999
26172,2617.2,6.678400000000002
26173,2617.3,6.679100000000002
26174,2617.4,6.6798
26175,2617.5,6.6805
26176,2617.6,6.681199999999999
26177,2617.7,6.681899999999999
26178,2617.8,6.682600000000002
26179,2617.9,6.683300000000001
26180,2618.0,6.684
26181,2618.1,6.684899999999999
26182,2618.2,6.685799999999998
26183,2618.3,6.6866999999999965
26184,2618.4,6.687600000000001
26185,2618.5,6.6884999999999994
26186,2618.6,6.689399999999999
26187,2618.7,6.690299999999998
26188,2618.8,6.691199999999997
26189,2618.9,6.6920999999999955
26190,2619.0,6.692999999999994
26191,2619.1,6.693999999999999
26192,2619.2,6.6949999999999985
26193,2619.3,6.695999999999998
26194,2619.4,6.696999999999997
26195,2619.5,6.697999999999997
26196,2619.6,6.698999999999996
26197,2619.7,6.700000000000002
26198,2619.8,6.701000000000001
26199,2619.9,6.702000000000001
26200,2620.0,6.703
26201,2620.1,6.704099999999999
26202,2620.2,6.705199999999998
26203,2620.3,6.706300000000003
26204,2620.4,6.707400000000002
26205,2620.5,6.708500000000001
26206,2620.6,6.709599999999999
26207,2620.7,6.7106999999999974
26208,2620.8,6.711799999999997
26209,2620.9,6.712900000000002
26210,2621.0,6.714
26211,2621.1,6.7153
26212,2621.2,6.716599999999999
26213,2621.3,6.717899999999998
26214,2621.4,6.719199999999997
26215,2621.5,6.720499999999997
26216,2621.6,6.7218000000000035
26217,2621.7,6.723100000000002
26218,2621.8,6.724400000000002
26219,2621.9,6.725700000000001
26220,2622.0,6.727
26221,2622.1,6.728299999999999
26222,2622.2,6.729600000000005
26223,2622.3,6.730900000000004
26224,2622.4,6.7322000000000015
26225,2622.5,6.7335
26226,2622.6,6.734799999999999
26227,2622.7,6.736099999999997
26228,2622.8,6.737400000000004
26229,2622.9,6.7387000000000015
26230,2623.0,6.74
26231,2623.1,6.741299999999999
26232,2623.2,6.742599999999997
26233,2623.3,6.743899999999996
26234,2623.4,6.745200000000001
26235,2623.5,6.7465
26236,2623.6,6.747799999999999
26237,2623.7,6.749099999999997
26238,2623.8,6.7503999999999955
26239,2623.9,6.751699999999994
26240,2624.0,6.752999999999993
26241,2624.1,6.7543
26242,2624.2,6.7555999999999985
26243,2624.3,6.756899999999998
26244,2624.4,6.758199999999997
26245,2624.5,6.7594999999999965
26246,2624.6,6.760799999999995
26247,2624.7,6.762100000000002
26248,2624.8,6.763400000000002
26249,2624.9,6.7647
26250,2625.0,6.766
26251,2625.1,6.7673999999999985
26252,2625.2,6.768799999999997
26253,2625.3,6.7702000000000035
26254,2625.4,6.771600000000002
26255,2625.5,6.773
26256,2625.6,6.774399999999998
26257,2625.7,6.775799999999997
26258,2625.8,6.777199999999995
26259,2625.9,6.778600000000002
26260,2626.0,6.78
26261,2626.1,6.781199999999999
26262,2626.2,6.782399999999999
26263,2626.3,6.783599999999998
26264,2626.4,6.784799999999997
26265,2626.5,6.785999999999997
26266,2626.6,6.787200000000003
26267,2626.7,6.788400000000002
26268,2626.8,6.789600000000001
26269,2626.9,6.790800000000001
26270,2627.0,6.792
26271,2627.1,6.793199999999999
26272,2627.2,6.794400000000004
26273,2627.3,6.795600000000003
26274,2627.4,6.796800000000001
26275,2627.5,6.798
26276,2627.6,6.799199999999999
26277,2627.7,6.800399999999997
26278,2627.8,6.801600000000003
26279,2627.9,6.802800000000001
26280,2628.0,6.804
26281,2628.1,6.805099999999999
26282,2628.2,6.806199999999998
26283,2628.3,6.807299999999996
26284,2628.4,6.808400000000002
26285,2628.5,6.8095
26286,2628.6,6.810599999999999
26287,2628.7,6.811699999999997
26288,2628.8,6.812799999999997
26289,2628.9,6.813899999999995
26290,2629.0,6.814999999999994
26291,2629.1,6.8159
26292,2629.2,6.816799999999999
26293,2629.3,6.8176999999999985
26294,2629.4,6.818599999999998
26295,2629.5,6.819499999999998
26296,2629.6,6.820399999999997
26297,2629.7,6.821300000000002
26298,2629.8,6.822200000000001
26299,2629.9,6.8231
26300,2630.0,6.824
26301,2630.1,6.824799999999999
26302,2630.2,6.825599999999998
26303,2630.3,6.826400000000001
26304,2630.4,6.8272
26305,2630.5,6.827999999999999
26306,2630.6,6.828799999999999
26307,2630.7,6.829599999999998
26308,2630.8,6.830399999999997
26309,2630.9,6.831200000000001
26310,2631.0,6.832
26311,2631.1,6.832599999999999
26312,2631.2,6.833199999999999
26313,2631.3,6.833799999999999
26314,2631.4,6.834399999999999
26315,2631.5,6.834999999999998
26316,2631.6,6.835600000000001
26317,2631.7,6.836200000000001
26318,2631.8,6.836800000000001
26319,2631.9,6.837400000000001
26320,2632.0,6.838
26321,2632.1,6.8385
26322,2632.2,6.839000000000002
26323,2632.3,6.839500000000001
26324,2632.4,6.840000000000001
26325,2632.5,6.8405000000000005
26326,2632.6,6.840999999999999
26327,2632.7,6.841499999999999
26328,2632.8,6.842000000000001
26329,2632.9,6.8425
26330,2633.0,6.843
26331,2633.1,6.843299999999999
26332,2633.2,6.8435999999999995
26333,2633.3,6.843899999999999
26334,2633.4,6.844200000000001
26335,2633.5,6.8445
26336,2633.6,6.844799999999999
26337,2633.7,6.8450999999999995
26338,2633.8,6.845399999999999
26339,2633.9,6.845699999999999
26340,2634.0,6.845999999999998
26341,2634.1,6.8461
26342,2634.2,6.8462
26343,2634.3,6.8463
26344,2634.4,6.8464
26345,2634.5,6.8465
26346,2634.6,6.8466
26347,2634.7,6.8467
26348,2634.8,6.846800000000001
26349,2634.9,6.846900000000001
26350,2635.0,6.847
26351,2635.1,6.846900000000001
26352,2635.2,6.846800000000001
26353,2635.3,6.8467
26354,2635.4,6.8466000000000005
26355,2635.5,6.846500000000001
26356,2635.6,6.8464
26357,2635.7,6.8463
26358,2635.8,6.8462000000000005
26359,2635.9,6.8461
26360,2636.0,6.846
26361,2636.1,6.8457
26362,2636.2,6.845400000000001
26363,2636.3,6.8451
26364,2636.4,6.844800000000001
26365,2636.5,6.844500000000001
26366,2636.6,6.844199999999999
26367,2636.7,6.8439
26368,2636.8,6.8435999999999995
26369,2636.9,6.8433
26370,2637.0,6.843
26371,2637.1,6.8425
26372,2637.2,6.841999999999998
26373,2637.3,6.841499999999999
26374,2637.4,6.840999999999999
26375,2637.5,6.8405000000000005
26376,2637.6,6.840000000000001
26377,2637.7,6.839500000000001
26378,2637.8,6.838999999999999
26379,2637.9,6.8385
26380,2638.0,6.838
26381,2638.1,6.837400000000001
26382,2638.2,6.836800000000001
26383,2638.3,6.836200000000002
26384,2638.4,6.8355999999999995
26385,2638.5,6.835
26386,2638.6,6.8344000000000005
26387,2638.7,6.833800000000001
26388,2638.8,6.8332000000000015
26389,2638.9,6.832600000000003
26390,2639.0,6.832000000000003
26391,2639.1,6.831300000000001
26392,2639.2,6.8306000000000004
26393,2639.3,6.829900000000001
26394,2639.4,6.829200000000002
26395,2639.5,6.828500000000002
26396,2639.6,6.8278000000000025
26397,2639.7,6.827099999999999
26398,2639.8,6.8264
26399,2639.9,6.825699999999999
26400,2640.0,6.825
26401,2640.1,6.824100000000001
26402,2640.2,6.823200000000002
26403,2640.3,6.822299999999998
26404,2640.4,6.821399999999999
26405,2640.5,6.8205
26406,2640.6,6.819600000000001
26407,2640.7,6.818700000000002
26408,2640.8,6.817800000000003
26409,2640.9,6.816899999999999
26410,2641.0,6.816
26411,2641.1,6.815
26412,2641.2,6.814000000000001
26413,2641.3,6.8130000000000015
26414,2641.4,6.812000000000002
26415,2641.5,6.811000000000003
26416,2641.6,6.809999999999998
26417,2641.7,6.808999999999998
26418,2641.8,6.807999999999999
26419,2641.9,6.8069999999999995
26420,2642.0,6.806
26421,2642.1,6.804900000000002
26422,2642.2,6.803799999999996
26423,2642.3,6.802699999999997
26424,2642.4,6.801599999999999
26425,2642.5,6.8004999999999995
26426,2642.6,6.799400000000001
26427,2642.7,6.798300000000003
26428,2642.8,6.7971999999999975
26429,2642.9,6.796099999999998
26430,2643.0,6.795
26431,2643.1,6.793800000000001
26432,2643.2,6.792600000000003
26433,2643.3,6.791400000000004
26434,2643.4,6.790199999999999
26435,2643.5,6.789000000000001
26436,2643.6,6.787800000000002
26437,2643.7,6.786600000000003
26438,2643.8,6.7854000000000045
26439,2643.9,6.784200000000006
26440,2644.0,6.7830000000000075
26441,2644.1,6.781800000000001
26442,2644.2,6.7806000000000015
26443,2644.3,6.7794000000000025
26444,2644.4,6.778200000000003
26445,2644.5,6.777000000000004
26446,2644.6,6.775800000000004
26447,2644.7,6.774599999999998
26448,2644.8,6.773399999999999
26449,2644.9,6.772199999999999
26450,2645.0,6.771
26451,2645.1,6.769700000000001
26452,2645.2,6.768400000000003
26453,2645.3,6.767099999999997
26454,2645.4,6.765799999999999
26455,2645.5,6.7645
26456,2645.6,6.763200000000001
26457,2645.7,6.761900000000003
26458,2645.8,6.760600000000005
26459,2645.9,6.759299999999999
26460,2646.0,6.758
26461,2646.1,6.756800000000001
26462,2646.2,6.755600000000001
26463,2646.3,6.754400000000002
26464,2646.4,6.753200000000003
26465,2646.5,6.752000000000003
26466,2646.6,6.750799999999997
26467,2646.7,6.749599999999998
26468,2646.8,6.748399999999999
26469,2646.9,6.747199999999999
26470,2647.0,6.746
26471,2647.1,6.744700000000002
26472,2647.2,6.743399999999996
26473,2647.3,6.742099999999997
26474,2647.4,6.740799999999998
26475,2647.5,6.7395
26476,2647.6,6.738200000000002
26477,2647.7,6.736900000000003
26478,2647.8,6.735599999999997
26479,2647.9,6.734299999999998
26480,2648.0,6.733
26481,2648.1,6.731800000000001
26482,2648.2,6.730600000000003
26483,2648.3,6.729400000000004
26484,2648.4,6.728199999999998
26485,2648.5,6.727
26486,2648.6,6.725800000000001
26487,2648.7,6.724600000000002
26488,2648.8,6.723400000000004
26489,2648.9,6.722200000000005
26490,2649.0,6.721000000000007
26491,2649.1,6.719900000000001
26492,2649.2,6.718800000000002
26493,2649.3,6.717700000000002
26494,2649.4,6.716600000000002
26495,2649.5,6.715500000000003
26496,2649.6,6.714400000000004
26497,2649.7,6.7132999999999985
26498,2649.8,6.712199999999998
26499,2649.9,6.711099999999999
26500,2650.0,6.71
26501,2650.1,6.709000000000001
26502,2650.2,6.708000000000002
26503,2650.3,6.706999999999998
26504,2650.4,6.705999999999999
26505,2650.5,6.705
26506,2650.6,6.7040000000000015
26507,2650.7,6.703000000000002
26508,2650.8,6.7020000000000035
26509,2650.9,6.700999999999999
26510,2651.0,6.7
26511,2651.1,6.6991000000000005
26512,2651.2,6.698200000000001
26513,2651.3,6.697300000000002
26514,2651.4,6.696400000000002
26515,2651.5,6.695500000000003
26516,2651.6,6.694599999999998
26517,2651.7,6.693699999999998
26518,2651.8,6.692799999999999
26519,2651.9,6.6918999999999995
26520,2652.0,6.691
26521,2652.1,6.690200000000001
26522,2652.2,6.689399999999997
26523,2652.3,6.688599999999998
26524,2652.4,6.687799999999999
26525,2652.5,6.686999999999999
26526,2652.6,6.6862
26527,2652.7,6.685400000000001
26528,2652.8,6.684599999999998
26529,2652.9,6.683799999999999
26530,2653.0,6.683
26531,2653.1,6.6824
26532,2653.2,6.681800000000001
26533,2653.3,6.681200000000002
26534,2653.4,6.680599999999999
26535,2653.5,6.68
26536,2653.6,6.6794
26537,2653.7,6.678800000000001
26538,2653.8,6.678200000000002
26539,2653.9,6.677600000000003
26540,2654.0,6.677000000000003
26541,2654.1,6.6765
26542,2654.2,6.676
26543,2654.3,6.6755
26544,2654.4,6.675000000000001
26545,2654.5,6.674500000000001
26546,2654.6,6.674000000000001
26547,2654.7,6.673499999999999
26548,2654.8,6.672999999999999
26549,2654.9,6.672499999999999
26550,2655.0,6.672
26551,2655.1,6.6717
26552,2655.2,6.6714
26553,2655.3,6.671099999999999
26554,2655.4,6.670799999999999
26555,2655.5,6.6705
26556,2655.6,6.6702
26557,2655.7,6.6699
26558,2655.8,6.669600000000001
26559,2655.9,6.669299999999999
26560,2656.0,6.669
26561,2656.1,6.6689
26562,2656.2,6.6688
26563,2656.3,6.6687
26564,2656.4,6.6686
26565,2656.5,6.6685
26566,2656.6,6.6684
26567,2656.7,6.6682999999999995
26568,2656.8,6.6682
26569,2656.9,6.6681
26570,2657.0,6.668
26571,2657.1,6.6681
26572,2657.2,6.668200000000001
26573,2657.3,6.6683
26574,2657.4,6.6684
26575,2657.5,6.6685
26576,2657.6,6.6686
26577,2657.7,6.668699999999999
26578,2657.8,6.6688
26579,2657.9,6.6689
26580,2658.0,6.669
26581,2658.1,6.669299999999999
26582,2658.2,6.669599999999999
26583,2658.3,6.669899999999998
26584,2658.4,6.6702
26585,2658.5,6.6705
26586,2658.6,6.670799999999999
26587,2658.7,6.671099999999999
26588,2658.8,6.671399999999998
26589,2658.9,6.671699999999999
26590,2659.0,6.671999999999998
26591,2659.1,6.6724
26592,2659.2,6.6728
26593,2659.3,6.6732
26594,2659.4,6.673599999999999
26595,2659.5,6.673999999999999
26596,2659.6,6.674399999999999
26597,2659.7,6.6748
26598,2659.8,6.6752
26599,2659.9,6.6756
26600,2660.0,6.676
26601,2660.1,6.676699999999999
26602,2660.2,6.677399999999999
26603,2660.3,6.6781000000000015
26604,2660.4,6.678800000000001
26605,2660.5,6.6795
26606,2660.6,6.680199999999999
26607,2660.7,6.6808999999999985
26608,2660.8,6.681599999999998
26609,2660.9,6.682300000000001
26610,2661.0,6.683
26611,2661.1,6.6838
26612,2661.2,6.684599999999999
26613,2661.3,6.685399999999999
26614,2661.4,6.686199999999998
26615,2661.5,6.686999999999998
26616,2661.6,6.687800000000002
26617,2661.7,6.688600000000001
26618,2661.8,6.689400000000001
26619,2661.9,6.6902
26620,2662.0,6.691
26621,2662.1,6.691899999999999
26622,2662.2,6.692800000000003
26623,2662.3,6.6937000000000015
26624,2662.4,6.694600000000001
26625,2662.5,6.6955
26626,2662.6,6.696399999999999
26627,2662.7,6.6972999999999985
26628,2662.8,6.698200000000002
26629,2662.9,6.699100000000001
26630,2663.0,6.7
26631,2663.1,6.7010999999999985
26632,2663.2,6.702199999999998
26633,2663.3,6.703299999999996
26634,2663.4,6.7044000000000015
26635,2663.5,6.7055
26636,2663.6,6.706599999999999
26637,2663.7,6.707699999999997
26638,2663.8,6.7087999999999965
26639,2663.9,6.709899999999995
26640,2664.0,6.710999999999994
26641,2664.1,6.712199999999999
26642,2664.2,6.713399999999999
26643,2664.3,6.714599999999998
26644,2664.4,6.715799999999997
26645,2664.5,6.716999999999997
26646,2664.6,6.718199999999996
26647,2664.7,6.719400000000002
26648,2664.8,6.720600000000001
26649,2664.9,6.721800000000001
26650,2665.0,6.723
26651,2665.1,6.724299999999999
26652,2665.2,6.7255999999999965
26653,2665.3,6.726900000000003
26654,2665.4,6.728200000000001
26655,2665.5,6.7295
26656,2665.6,6.730799999999999
26657,2665.7,6.732099999999996
26658,2665.8,6.733399999999995
26659,2665.9,6.734700000000001
26660,2666.0,6.736
26661,2666.1,6.737299999999999
26662,2666.2,6.738599999999998
26663,2666.3,6.739899999999998
26664,2666.4,6.7411999999999965
26665,2666.5,6.742499999999996
26666,2666.6,6.743800000000003
26667,2666.7,6.745100000000002
26668,2666.8,6.746400000000001
26669,2666.9,6.7477
26670,2667.0,6.749
26671,2667.1,6.750399999999998
26672,2667.2,6.751800000000005
26673,2667.3,6.753200000000003
26674,2667.4,6.754600000000002
26675,2667.5,6.755999999999999
26676,2667.6,6.757399999999998
26677,2667.7,6.758799999999996
26678,2667.8,6.760200000000003
26679,2667.9,6.761600000000001
26680,2668.0,6.763
26681,2668.1,6.764299999999999
26682,2668.2,6.7655999999999965
26683,2668.3,6.766899999999995
26684,2668.4,6.768200000000001
26685,2668.5,6.7695
26686,2668.6,6.770799999999999
26687,2668.7,6.7720999999999965
26688,2668.8,6.773399999999995
26689,2668.9,6.774699999999994
26690,2669.0,6.775999999999993
26691,2669.1,6.777399999999999
26692,2669.2,6.778799999999999
26693,2669.3,6.780199999999997
26694,2669.4,6.7815999999999965
26695,2669.5,6.782999999999996
26696,2669.6,6.784399999999995
26697,2669.7,6.785800000000003
26698,2669.8,6.787200000000001
26699,2669.9,6.788600000000001
26700,2670.0,6.79
26701,2670.1,6.791199999999999
26702,2670.2,6.792399999999997
26703,2670.3,6.793600000000002
26704,2670.4,6.794800000000001
26705,2670.5,6.795999999999999
26706,2670.6,6.797199999999998
26707,2670.7,6.798399999999997
26708,2670.8,6.799599999999995
26709,2670.9,6.800800000000001
26710,2671.0,6.802
26711,2671.1,6.803199999999999
26712,2671.2,6.8043999999999984
26713,2671.3,6.805599999999997
26714,2671.4,6.806799999999997
26715,2671.5,6.807999999999996
26716,2671.6,6.809200000000002
26717,2671.7,6.810400000000002
26718,2671.8,6.811600000000001
26719,2671.9,6.812800000000001
26720,2672.0,6.814
26721,2672.1,6.814999999999999
26722,2672.2,6.816000000000003
26723,2672.3,6.817000000000002
26724,2672.4,6.818000000000001
26725,2672.5,6.819
26726,2672.6,6.8199999999999985
26727,2672.7,6.820999999999998
26728,2672.8,6.822000000000002
26729,2672.9,6.823000000000001
26730,2673.0,6.824
26731,2673.1,6.824899999999999
26732,2673.2,6.825799999999997
26733,2673.3,6.826699999999997
26734,2673.4,6.827600000000001
26735,2673.5,6.8285
26736,2673.6,6.829399999999999
26737,2673.7,6.830299999999998
26738,2673.8,6.831199999999997
26739,2673.9,6.832099999999996
26740,2674.0,6.832999999999995
26741,2674.1,6.833699999999999
26742,2674.2,6.8344
26743,2674.3,6.835099999999999
26744,2674.4,6.835799999999998
26745,2674.5,6.836499999999998
26746,2674.6,6.8371999999999975
26747,2674.7,6.837900000000001
26748,2674.8,6.8386000000000005
26749,2674.9,6.839300000000001
26750,2675.0,6.84
26751,2675.1,6.8405
26752,2675.2,6.840999999999998
26753,2675.3,6.841500000000001
26754,2675.4,6.8420000000000005
26755,2675.5,6.842499999999999
26756,2675.6,6.842999999999999
26757,2675.7,6.843499999999999
26758,2675.8,6.843999999999998
26759,2675.9,6.8445
26760,2676.0,6.845
26761,2676.1,6.8453
26762,2676.2,6.845599999999999
26763,2676.3,6.845899999999999
26764,2676.4,6.846199999999999
26765,2676.5,6.846499999999999
26766,2676.6,6.846800000000001
26767,2676.7,6.8471
26768,2676.8,6.8474
26769,2676.9,6.8477
26770,2677.0,6.848
26771,2677.1,6.8481
26772,2677.2,6.8482
26773,2677.3,6.8483
26774,2677.4,6.8484
26775,2677.5,6.8485000000000005
26776,2677.6,6.8486
26777,2677.7,6.8487
26778,2677.8,6.848800000000001
26779,2677.9,6.8489
26780,2678.0,6.849
26781,2678.1,6.848800000000001
26782,2678.2,6.848600000000001
26783,2678.3,6.848400000000001
26784,2678.4,6.8482
26785,2678.5,6.848000000000001
26786,2678.6,6.8478
26787,2678.7,6.847600000000001
26788,2678.8,6.847400000000001
26789,2678.9,6.847200000000002
26790,2679.0,6.847000000000001
26791,2679.1,6.8466000000000005
26792,2679.2,6.8462000000000005
26793,2679.3,6.8458000000000006
26794,2679.4,6.8454000000000015
26795,2679.5,6.8450000000000015
26796,2679.6,6.844600000000002
26797,2679.7,6.8442
26798,2679.8,6.8438
26799,2679.9,6.8434
26800,2680.0,6.843
26801,2680.1,6.8425
26802,2680.2,6.842000000000001
26803,2680.3,6.841499999999999
26804,2680.4,6.840999999999999
26805,2680.5,6.8405000000000005
26806,2680.6,6.840000000000001
26807,2680.7,6.839500000000001
26808,2680.8,6.839000000000002
26809,2680.9,6.8385
26810,2681.0,6.838
26811,2681.1,6.8372
26812,2681.2,6.836400000000001
26813,2681.3,6.835600000000001
26814,2681.4,6.834800000000002
26815,2681.5,6.834000000000002
26816,2681.6,6.833199999999998
26817,2681.7,6.832399999999999
26818,2681.8,6.831599999999999
26819,2681.9,6.8308
26820,2682.0,6.83
26821,2682.1,6.829100000000001
26822,2682.2,6.828199999999997
26823,2682.3,6.8272999999999975
26824,2682.4,6.826399999999999
26825,2682.5,6.8255
26826,2682.6,6.824600000000001
26827,2682.7,6.823700000000002
26828,2682.8,6.822799999999997
26829,2682.9,6.8218999999999985
26830,2683.0,6.821
26831,2683.1,6.8199000000000005
26832,2683.2,6.818800000000002
26833,2683.3,6.817700000000004
26834,2683.4,6.816599999999998
26835,2683.5,6.8155
26836,2683.6,6.814400000000001
26837,2683.7,6.813300000000003
26838,2683.8,6.812200000000003
26839,2683.9,6.811100000000005
26840,2684.0,6.810000000000006
26841,2684.1,6.808800000000001
26842,2684.2,6.807600000000001
26843,2684.3,6.806400000000002
26844,2684.4,6.805200000000003
26845,2684.5,6.804000000000003
26846,2684.6,6.802800000000004
26847,2684.7,6.801599999999998
26848,2684.8,6.800399999999999
26849,2684.9,6.799199999999999
26850,2685.0,6.798
26851,2685.1,6.796700000000001
26852,2685.2,6.795400000000003
26853,2685.3,6.794099999999997
26854,2685.4,6.792799999999999
26855,2685.5,6.7915
26856,2685.6,6.790200000000001
26857,2685.7,6.7889000000000035
26858,2685.8,6.787600000000005
26859,2685.9,6.786299999999999
26860,2686.0,6.785
26861,2686.1,6.7837000000000005
26862,2686.2,6.782400000000002
26863,2686.3,6.781100000000002
26864,2686.4,6.779800000000003
26865,2686.5,6.778500000000004
26866,2686.6,6.777199999999997
26867,2686.7,6.775899999999998
26868,2686.8,6.774599999999999
26869,2686.9,6.7733
26870,2687.0,6.772
26871,2687.1,6.770600000000002
26872,2687.2,6.769199999999995
26873,2687.3,6.767799999999997
26874,2687.4,6.766399999999998
26875,2687.5,6.765000000000001
26876,2687.6,6.763600000000002
26877,2687.7,6.7622000000000035
26878,2687.8,6.760799999999997
26879,2687.9,6.7593999999999985
26880,2688.0,6.758
26881,2688.1,6.756700000000001
26882,2688.2,6.755400000000003
26883,2688.3,6.754100000000005
26884,2688.4,6.752799999999999
26885,2688.5,6.7515
26886,2688.6,6.750200000000001
26887,2688.7,6.7489000000000035
26888,2688.8,6.747600000000005
26889,2688.9,6.746300000000006
26890,2689.0,6.745000000000007
26891,2689.1,6.7437000000000005
26892,2689.2,6.742400000000002
26893,2689.3,6.741100000000002
26894,2689.4,6.739800000000003
26895,2689.5,6.738500000000004
26896,2689.6,6.737200000000005
26897,2689.7,6.735899999999998
26898,2689.8,6.734599999999999
26899,2689.9,6.7333
26900,2690.0,6.732
26901,2690.1,6.730800000000001
26902,2690.2,6.729600000000003
26903,2690.3,6.728399999999997
26904,2690.4,6.727199999999999
26905,2690.5,6.726
26906,2690.6,6.724800000000001
26907,2690.7,6.723600000000003
26908,2690.8,6.722400000000004
26909,2690.9,6.721199999999999
26910,2691.0,6.72
26911,2691.1,6.7189000000000005
26912,2691.2,6.717800000000001
26913,2691.3,6.716700000000001
26914,2691.4,6.715600000000002
26915,2691.5,6.714500000000003
26916,2691.6,6.713399999999997
26917,2691.7,6.712299999999998
26918,2691.8,6.711199999999998
26919,2691.9,6.710099999999999
26920,2692.0,6.709
26921,2692.1,6.708100000000001
26922,2692.2,6.707199999999997
26923,2692.3,6.706299999999998
26924,2692.4,6.705399999999999
26925,2692.5,6.7044999999999995
26926,2692.6,6.703600000000001
26927,2692.7,6.702700000000002
26928,2692.8,6.701799999999998
26929,2692.9,6.700899999999999
26930,2693.0,6.7
26931,2693.1,6.699200000000001
26932,2693.2,6.698400000000002
26933,2693.3,6.697600000000003
26934,2693.4,6.6968
26935,2693.5,6.696
26936,2693.6,6.695200000000001
26937,2693.7,6.694400000000002
26938,2693.8,6.693600000000003
26939,2693.9,6.692800000000004
26940,2694.0,6.692000000000005
26941,2694.1,6.691400000000001
26942,2694.2,6.690800000000001
26943,2694.3,6.690200000000001
26944,2694.4,6.689600000000001
26945,2694.5,6.689000000000002
26946,2694.6,6.688400000000002
26947,2694.7,6.687799999999999
26948,2694.8,6.687199999999999
26949,2694.9,6.686599999999999
26950,2695.0,6.686
26951,2695.1,6.6855
26952,2695.2,6.685000000000001
26953,2695.3,6.684499999999999
26954,2695.4,6.683999999999999
26955,2695.5,6.6835
26956,2695.6,6.683000000000001
26957,2695.7,6.682500000000001
26958,2695.8,6.682000000000002
26959,2695.9,6.6815
26960,2696.0,6.681
26961,2696.1,6.6808000000000005
26962,2696.2,6.6806
26963,2696.3,6.680400000000001
26964,2696.4,6.680200000000001
26965,2696.5,6.680000000000001
26966,2696.6,6.679799999999999
26967,2696.7,6.6796
26968,2696.8,6.6794
26969,2696.9,6.6792
26970,2697.0,6.679
26971,2697.1,6.679
26972,2697.2,6.679
26973,2697.3,6.679
26974,2697.4,6.679
26975,2697.5,6.679
26976,2697.6,6.679
26977,2697.7,6.679
26978,2697.8,6.679
26979,2697.9,6.679
26980,2698.0,6.679
26981,2698.1,6.6792
26982,2698.2,6.679399999999999
26983,2698.3,6.6796
26984,2698.4,6.6798
26985,2698.5,6.68
26986,2698.6,6.6802
26987,2698.7,6.6804
26988,2698.8,6.680599999999999
26989,2698.9,6.680799999999999
26990,2699.0,6.680999999999999
26991,2699.1,6.6813
26992,2699.2,6.6815999999999995
26993,2699.3,6.6819
26994,2699.4,6.682199999999999
26995,2699.5,6.682499999999999
26996,2699.6,6.682799999999999
26997,2699.7,6.6831000000000005
26998,2699.8,6.683400000000001
26999,2699.9,6.6837
27000,2700.0,6.684
27001,2700.1,6.6845
27002,2700.2,6.684999999999999
27003,2700.3,6.685500000000001
27004,2700.4,6.686000000000001
27005,2700.5,6.6865000000000006
27006,2700.6,6.686999999999999
27007,2700.7,6.687499999999999
27008,2700.8,6.687999999999998
27009,2700.9,6.6885
27010,2701.0,6.689
27011,2701.1,6.689699999999999
27012,2701.2,6.6903999999999995
27013,2701.3,6.691099999999999
27014,2701.4,6.691799999999998
27015,2701.5,6.692499999999998
27016,2701.6,6.693200000000002
27017,2701.7,6.693900000000001
27018,2701.8,6.6946
27019,2701.9,6.6953000000000005
27020,2702.0,6.696
27021,2702.1,6.6968999999999985
27022,2702.2,6.697800000000003
27023,2702.3,6.698700000000002
27024,2702.4,6.699600000000001
27025,2702.5,6.7005
27026,2702.6,6.701399999999999
27027,2702.7,6.7022999999999975
27028,2702.8,6.7032000000000025
27029,2702.9,6.704100000000001
27030,2703.0,6.705
27031,2703.1,6.705899999999999
27032,2703.2,6.706799999999998
27033,2703.3,6.707699999999997
27034,2703.4,6.7086000000000015
27035,2703.5,6.7095
27036,2703.6,6.710399999999999
27037,2703.7,6.711299999999998
27038,2703.8,6.7121999999999975
27039,2703.9,6.713099999999996
27040,2704.0,6.713999999999995
27041,2704.1,6.7151
27042,2704.2,6.716199999999999
27043,2704.3,6.717299999999998
27044,2704.4,6.718399999999997
27045,2704.5,6.7194999999999965
27046,2704.6,6.720599999999997
27047,2704.7,6.721700000000002
27048,2704.8,6.722800000000001
27049,2704.9,6.7239
27050,2705.0,6.725
27051,2705.1,6.726099999999998
27052,2705.2,6.727199999999997
27053,2705.3,6.728300000000003
27054,2705.4,6.729400000000001
27055,2705.5,6.730499999999999
27056,2705.6,6.7315999999999985
27057,2705.7,6.732699999999997
27058,2705.8,6.733799999999996
27059,2705.9,6.734900000000001
27060,2706.0,6.736
27061,2706.1,6.737099999999999
27062,2706.2,6.738199999999998
27063,2706.3,6.739299999999998
27064,2706.4,6.7403999999999975
27065,2706.5,6.741499999999997
27066,2706.6,6.742600000000002
27067,2706.7,6.743700000000001
27068,2706.8,6.7448000000000015
27069,2706.9,6.745900000000001
27070,2707.0,6.747
27071,2707.1,6.748199999999999
27072,2707.2,6.749400000000004
27073,2707.3,6.750600000000003
27074,2707.4,6.751800000000001
27075,2707.5,6.753
27076,2707.6,6.754199999999999
27077,2707.7,6.755399999999997
27078,2707.8,6.756600000000003
27079,2707.9,6.757800000000001
27080,2708.0,6.759
27081,2708.1,6.760099999999999
27082,2708.2,6.761199999999998
27083,2708.3,6.762299999999996
27084,2708.4,6.763400000000002
27085,2708.5,6.7645
27086,2708.6,6.765599999999998
27087,2708.7,6.7666999999999975
27088,2708.8,6.767799999999996
27089,2708.9,6.768899999999995
27090,2709.0,6.769999999999993
27091,2709.1,6.770999999999999
27092,2709.2,6.7719999999999985
27093,2709.3,6.772999999999998
27094,2709.4,6.773999999999997
27095,2709.5,6.774999999999997
27096,2709.6,6.775999999999996
27097,2709.7,6.777000000000002
27098,2709.8,6.778000000000001
27099,2709.9,6.779000000000001
27100,2710.0,6.78
27101,2710.1,6.780999999999999
27102,2710.2,6.781999999999998
27103,2710.3,6.783000000000002
27104,2710.4,6.784000000000002
27105,2710.5,6.785
27106,2710.6,6.785999999999999
27107,2710.7,6.786999999999998
27108,2710.8,6.787999999999997
27109,2710.9,6.7890000000000015
27110,2711.0,6.79
27111,2711.1,6.7908
27112,2711.2,6.791599999999999
27113,2711.3,6.792399999999999
27114,2711.4,6.793199999999998
27115,2711.5,6.793999999999998
27116,2711.6,6.794800000000002
27117,2711.7,6.795600000000001
27118,2711.8,6.796400000000001
27119,2711.9,6.7972
27120,2712.0,6.798
27121,2712.1,6.798799999999999
27122,2712.2,6.7996000000000025
27123,2712.3,6.8004000000000016
27124,2712.4,6.801200000000001
27125,2712.5,6.802
27126,2712.6,6.8027999999999995
27127,2712.7,6.8035999999999985
27128,2712.8,6.804400000000002
27129,2712.9,6.805200000000001
27130,2713.0,6.806
27131,2713.1,6.8065999999999995
27132,2713.2,6.807199999999999
27133,2713.3,6.807799999999998
27134,2713.4,6.808400000000001
27135,2713.5,6.809
27136,2713.6,6.8096
27137,2713.7,6.810199999999999
27138,2713.8,6.810799999999998
27139,2713.9,6.811399999999997
27140,2714.0,6.811999999999997
27141,2714.1,6.8124
27142,2714.2,6.812799999999999
27143,2714.3,6.813199999999999
27144,2714.4,6.813599999999999
27145,2714.5,6.813999999999999
27146,2714.6,6.814399999999998
27147,2714.7,6.814800000000001
27148,2714.8,6.815200000000001
27149,2714.9,6.8156
27150,2715.0,6.816
27151,2715.1,6.816199999999999
27152,2715.2,6.816399999999999
27153,2715.3,6.8166
27154,2715.4,6.8168
27155,2715.5,6.817
27156,2715.6,6.8172
27157,2715.7,6.817399999999999
27158,2715.8,6.817599999999999
27159,2715.9,6.8178
27160,2716.0,6.818
27161,2716.1,6.818099999999999
27162,2716.2,6.818199999999999
27163,2716.3,6.8183
27164,2716.4,6.8184
27165,2716.5,6.818499999999999
27166,2716.6,6.8186
27167,2716.7,6.8187
27168,2716.8,6.8188
27169,2716.9,6.8189
27170,2717.0,6.819
27171,2717.1,6.8189
27172,2717.2,6.8187999999999995
27173,2717.3,6.8187
27174,2717.4,6.8186
27175,2717.5,6.8185
27176,2717.6,6.8184
27177,2717.7,6.8183
27178,2717.8,6.818199999999999
27179,2717.9,6.818099999999999
27180,2718.0,6.818
27181,2718.1,6.8177
27182,2718.2,6.8174
27183,2718.3,6.817100000000001
27184,2718.4,6.8168
27185,2718.5,6.8165
27186,2718.6,6.8162
27187,2718.7,6.815900000000001
27188,2718.8,6.815600000000002
27189,2718.9,6.8153000000000015
27190,2719.0,6.815000000000002
27191,2719.1,6.8146
27192,2719.2,6.8142000000000005
27193,2719.3,6.8138000000000005
27194,2719.4,6.8134000000000015
27195,2719.5,6.8130000000000015
27196,2719.6,6.8126000000000015
27197,2719.7,6.8122
27198,2719.8,6.8118
27199,2719.9,6.8114
27200,2720.0,6.811
27201,2720.1,6.8104000000000005
27202,2720.2,6.809800000000001
27203,2720.3,6.809199999999999
27204,2720.4,6.808599999999999
27205,2720.5,6.808
27206,2720.6,6.8074
27207,2720.7,6.806800000000001
27208,2720.8,6.806200000000002
27209,2720.9,6.805599999999999
27210,2721.0,6.805
27211,2721.1,6.8043000000000005
27212,2721.2,6.8036
27213,2721.3,6.802900000000001
27214,2721.4,6.802200000000002
27215,2721.5,6.801500000000002
27216,2721.6,6.800799999999998
27217,2721.7,6.800099999999999
27218,2721.8,6.7993999999999994
27219,2721.9,6.798699999999999
27220,2722.0,6.798
27221,2722.1,6.797200000000001
27222,2722.2,6.7963999999999976
27223,2722.3,6.7955999999999985
27224,2722.4,6.7947999999999995
27225,2722.5,6.7940000000000005
27226,2722.6,6.793200000000001
27227,2722.7,6.7924000000000015
27228,2722.8,6.791599999999998
27229,2722.9,6.790799999999999
27230,2723.0,6.79
27231,2723.1,6.789100000000001
27232,2723.2,6.7882000000000025
27233,2723.3,6.787300000000003
27234,2723.4,6.786399999999999
27235,2723.5,6.7855
27236,2723.6,6.784600000000001
27237,2723.7,6.783700000000002
27238,2723.8,6.782800000000003
27239,2723.9,6.781900000000004
27240,2724.0,6.781000000000005
27241,2724.1,6.7801
27242,2724.2,6.779200000000001
27243,2724.3,6.7783000000000015
27244,2724.4,6.777400000000002
27245,2724.5,6.776500000000002
27246,2724.6,6.775600000000003
27247,2724.7,6.774699999999998
27248,2724.8,6.773799999999999
27249,2724.9,6.7729
27250,2725.0,6.772
27251,2725.1,6.771000000000002
27252,2725.2,6.770000000000002
27253,2725.3,6.7689999999999975
27254,2725.4,6.767999999999999
27255,2725.5,6.7669999999999995
27256,2725.6,6.766000000000001
27257,2725.7,6.765000000000002
27258,2725.8,6.764000000000003
27259,2725.9,6.762999999999998
27260,2726.0,6.762
27261,2726.1,6.761
27262,2726.2,6.760000000000001
27263,2726.3,6.759000000000001
27264,2726.4,6.758000000000002
27265,2726.5,6.757000000000002
27266,2726.6,6.755999999999998
27267,2726.7,6.754999999999998
27268,2726.8,6.753999999999999
27269,2726.9,6.752999999999999
27270,2727.0,6.752
27271,2727.1,6.751000000000001
27272,2727.2,6.7499999999999964
27273,2727.3,6.748999999999998
27274,2727.4,6.747999999999998
27275,2727.5,6.747
27276,2727.6,6.746000000000001
27277,2727.7,6.745000000000002
27278,2727.8,6.743999999999998
27279,2727.9,6.7429999999999986
27280,2728.0,6.742
27281,2728.1,6.741100000000001
27282,2728.2,6.740200000000002
27283,2728.3,6.739300000000003
27284,2728.4,6.738399999999999
27285,2728.5,6.7375
27286,2728.6,6.736600000000001
27287,2728.7,6.735700000000002
27288,2728.8,6.734800000000003
27289,2728.9,6.733900000000004
27290,2729.0,6.733000000000005
27291,2729.1,6.7322
27292,2729.2,6.731400000000001
27293,2729.3,6.730600000000001
27294,2729.4,6.729800000000002
27295,2729.5,6.729000000000002
27296,2729.6,6.728200000000002
27297,2729.7,6.7273999999999985
27298,2729.8,6.726599999999999
27299,2729.9,6.7258
27300,2730.0,6.725
27301,2730.1,6.724200000000001
27302,2730.2,6.723400000000002
27303,2730.3,6.722599999999998
27304,2730.4,6.721799999999999
27305,2730.5,6.721
27306,2730.6,6.7202
27307,2730.7,6.719400000000001
27308,2730.8,6.718600000000002
27309,2730.9,6.717799999999999
27310,2731.0,6.717
27311,2731.1,6.7163
27312,2731.2,6.7156
27313,2731.3,6.714900000000001
27314,2731.4,6.714200000000002
27315,2731.5,6.713499999999998
27316,2731.6,6.712799999999998
27317,2731.7,6.712099999999999
27318,2731.8,6.711399999999999
27319,2731.9,6.710699999999999
27320,2732.0,6.71
27321,2732.1,6.7095
27322,2732.2,6.708999999999998
27323,2732.3,6.708499999999999
27324,2732.4,6.707999999999999
27325,2732.5,6.7075
27326,2732.6,6.707000000000001
27327,2732.7,6.706500000000001
27328,2732.8,6.705999999999999
27329,2732.9,6.7055
27330,2733.0,6.705
27331,2733.1,6.7046
27332,2733.2,6.704200000000001
27333,2733.3,6.703800000000001
27334,2733.4,6.703399999999999
27335,2733.5,6.702999999999999
27336,2733.6,6.7026
27337,2733.7,6.7022
27338,2733.8,6.701800000000001
27339,2733.9,6.701400000000001
27340,2734.0,6.701
27341,2734.1,6.700699999999999
27342,2734.2,6.7004
27343,2734.3,6.7001
27344,2734.4,6.699800000000001
27345,2734.5,6.6995000000000005
27346,2734.6,6.699200000000001
27347,2734.7,6.6989
27348,2734.8,6.6986
27349,2734.9,6.698300000000001
27350,2735.0,6.698
27351,2735.1,6.697900000000001
27352,2735.2,6.697800000000001
27353,2735.3,6.6977
27354,2735.4,6.6976
27355,2735.5,6.6975
27356,2735.6,6.6974
27357,2735.7,6.6973
27358,2735.8,6.6972000000000005
27359,2735.9,6.6971
27360,2736.0,6.697
27361,2736.1,6.697
27362,2736.2,6.697
27363,2736.3,6.697
27364,2736.4,6.697
27365,2736.5,6.697
27366,2736.6,6.697
27367,2736.7,6.697
27368,2736.8,6.697
27369,2736.9,6.697
27370,2737.0,6.697
27371,2737.1,6.6972
27372,2737.2,6.697400000000001
27373,2737.3,6.6976
27374,2737.4,6.6978
27375,2737.5,6.698
27376,2737.6,6.6982
27377,2737.7,6.6983999999999995
27378,2737.8,6.698600000000001
27379,2737.9,6.6988
27380,2738.0,6.699
27381,2738.1,6.699299999999999
27382,2738.2,6.699599999999999
27383,2738.3,6.699899999999999
27384,2738.4,6.700200000000001
27385,2738.5,6.7005
27386,2738.6,6.700799999999999
27387,2738.7,6.701099999999999
27388,2738.8,6.701399999999999
27389,2738.9,6.701699999999999
27390,2739.0,6.702
27391,2739.1,6.7024
27392,2739.2,6.7028
27393,2739.3,6.7032
27394,2739.4,6.703599999999999
27395,2739.5,6.703999999999999
27396,2739.6,6.704399999999999
27397,2739.7,6.7048000000000005
27398,2739.8,6.7052000000000005
27399,2739.9,6.7056000000000004
27400,2740.0,6.706
27401,2740.1,6.7066
27402,2740.2,6.7071999999999985
27403,2740.3,6.7078000000000015
27404,2740.4,6.708400000000001
27405,2740.5,6.709
27406,2740.6,6.709599999999999
27407,2740.7,6.710199999999999
27408,2740.8,6.710799999999998
27409,2740.9,6.7114
27410,2741.0,6.712
27411,2741.1,6.712599999999999
27412,2741.2,6.713199999999999
27413,2741.3,6.713799999999999
27414,2741.4,6.714399999999999
27415,2741.5,6.715000000000002
27416,2741.6,6.715600000000001
27417,2741.7,6.716200000000001
27418,2741.8,6.716800000000001
27419,2741.9,6.7174000000000005
27420,2742.0,6.718
27421,2742.1,6.718799999999999
27422,2742.2,6.7196000000000025
27423,2742.3,6.7204000000000015
27424,2742.4,6.7212000000000005
27425,2742.5,6.7219999999999995
27426,2742.6,6.722799999999999
27427,2742.7,6.7235999999999985
27428,2742.8,6.724400000000002
27429,2742.9,6.725200000000001
27430,2743.0,6.726
27431,2743.1,6.726799999999999
27432,2743.2,6.727599999999998
27433,2743.3,6.728399999999997
27434,2743.4,6.7292000000000005
27435,2743.5,6.73
27436,2743.6,6.7307999999999995
27437,2743.7,6.7315999999999985
27438,2743.8,6.7323999999999975
27439,2743.9,6.7331999999999965
27440,2744.0,6.734
27441,2744.1,6.7349
27442,2744.2,6.735799999999999
27443,2744.3,6.736699999999998
27444,2744.4,6.737599999999998
27445,2744.5,6.7384999999999975
27446,2744.6,6.739399999999997
27447,2744.7,6.740300000000002
27448,2744.8,6.741200000000001
27449,2744.9,6.742100000000001
27450,2745.0,6.743
27451,2745.1,6.743999999999999
27452,2745.2,6.744999999999998
27453,2745.3,6.746000000000002
27454,2745.4,6.747000000000002
27455,2745.5,6.748
27456,2745.6,6.748999999999999
27457,2745.7,6.749999999999998
27458,2745.8,6.750999999999997
27459,2745.9,6.752000000000002
27460,2746.0,6.753
27461,2746.1,6.7539
27462,2746.2,6.754799999999999
27463,2746.3,6.755699999999998
27464,2746.4,6.756599999999998
27465,2746.5,6.757500000000002
27466,2746.6,6.758400000000002
27467,2746.7,6.759300000000001
27468,2746.8,6.760200000000001
27469,2746.9,6.7611
27470,2747.0,6.762
27471,2747.1,6.762899999999998
27472,2747.2,6.7638000000000025
27473,2747.3,6.764700000000002
27474,2747.4,6.765600000000001
27475,2747.5,6.7665
27476,2747.6,6.7673999999999985
27477,2747.7,6.768299999999997
27478,2747.8,6.769200000000002
27479,2747.9,6.770100000000001
27480,2748.0,6.771
27481,2748.1,6.771899999999999
27482,2748.2,6.7727999999999975
27483,2748.3,6.773699999999997
27484,2748.4,6.774600000000001
27485,2748.5,6.7755
27486,2748.6,6.776399999999999
27487,2748.7,6.777299999999998
27488,2748.8,6.778199999999997
27489,2748.9,6.779099999999996
27490,2749.0,6.78
27491,2749.1,6.7809
27492,2749.2,6.781799999999999
27493,2749.3,6.782699999999998
27494,2749.4,6.783599999999998
27495,2749.5,6.784499999999998
27496,2749.6,6.7853999999999965
27497,2749.7,6.7863000000000016
27498,2749.8,6.787200000000001
27499,2749.9,6.7881
27500,2750.0,6.789
27501,2750.1,6.789699999999999
27502,2750.2,6.790399999999998
27503,2750.3,6.791100000000001
27504,2750.4,6.7918
27505,2750.5,6.7925
27506,2750.6,6.7932
27507,2750.7,6.793899999999999
27508,2750.8,6.794599999999998
27509,2750.9,6.795300000000001
27510,2751.0,6.796
27511,2751.1,6.7966999999999995
27512,2751.2,6.7974
27513,2751.3,6.798099999999999
27514,2751.4,6.798799999999998
27515,2751.5,6.799500000000002
27516,2751.6,6.800200000000002
27517,2751.7,6.800900000000001
27518,2751.8,6.8016000000000005
27519,2751.9,6.802300000000001
27520,2752.0,6.803
27521,2752.1,6.8035
27522,2752.2,6.804000000000002
27523,2752.3,6.804500000000001
27524,2752.4,6.805000000000001
27525,2752.5,6.8055
27526,2752.6,6.805999999999999
27527,2752.7,6.806499999999999
27528,2752.8,6.807000000000001
27529,2752.9,6.8075
27530,2753.0,6.808
27531,2753.1,6.8084
27532,2753.2,6.808799999999999
27533,2753.3,6.809199999999999
27534,2753.4,6.8096000000000005
27535,2753.5,6.8100000000000005
27536,2753.6,6.8104
27537,2753.7,6.8107999999999995
27538,2753.8,6.811199999999999
27539,2753.9,6.8115999999999985
27540,2754.0,6.812
27541,2754.1,6.8123000000000005
27542,2754.2,6.8126
27543,2754.3,6.8129
27544,2754.4,6.813199999999999
27545,2754.5,6.8134999999999994
27546,2754.6,6.8138
27547,2754.7,6.814100000000001
27548,2754.8,6.814400000000001
27549,2754.9,6.8147
27550,2755.0,6.815
27551,2755.1,6.8151
27552,2755.2,6.8152
27553,2755.3,6.815300000000001
27554,2755.4,6.8154
27555,2755.5,6.8155
27556,2755.6,6.8156
27557,2755.7,6.8157
27558,2755.8,6.815799999999999
27559,2755.9,6.8159
27560,2756.0,6.816
27561,2756.1,6.816
27562,2756.2,6.816
27563,2756.3,6.816
27564,2756.4,6.816
27565,2756.5,6.816
27566,2756.6,6.816
27567,2756.7,6.816
27568,2756.8,6.816
27569,2756.9,6.816
27570,2757.0,6.816
27571,2757.1,6.8158
27572,2757.2,6.815599999999999
27573,2757.3,6.8153999999999995
27574,2757.4,6.8152
27575,2757.5,6.8149999999999995
27576,2757.6,6.8148
27577,2757.7,6.8146
27578,2757.8,6.814399999999999
27579,2757.9,6.8142
27580,2758.0,6.814
27581,2758.1,6.8136
27582,2758.2,6.813200000000001
27583,2758.3,6.812800000000001
27584,2758.4,6.812399999999999
27585,2758.5,6.811999999999999
27586,2758.6,6.8116
27587,2758.7,6.8112
27588,2758.8,6.810800000000001
27589,2758.9,6.810400000000001
27590,2759.0,6.81
27591,2759.1,6.8096
27592,2759.2,6.809200000000001
27593,2759.3,6.808800000000001
27594,2759.4,6.808400000000001
27595,2759.5,6.808000000000001
27596,2759.6,6.807600000000002
27597,2759.7,6.807199999999999
27598,2759.8,6.806799999999999
27599,2759.9,6.8064
27600,2760.0,6.806
27601,2760.1,6.805300000000001
27602,2760.2,6.8046000000000015
27603,2760.3,6.803899999999999
27604,2760.4,6.8031999999999995
27605,2760.5,6.8025
27606,2760.6,6.801800000000001
27607,2760.7,6.801100000000002
27608,2760.8,6.800400000000002
27609,2760.9,6.7997
27610,2761.0,6.799
27611,2761.1,6.798300000000001
27612,2761.2,6.797600000000001
27613,2761.3,6.796900000000002
27614,2761.4,6.796200000000002
27615,2761.5,6.795499999999998
27616,2761.6,6.794799999999999
27617,2761.7,6.7940999999999985
27618,2761.8,6.793399999999999
27619,2761.9,6.792699999999999
27620,2762.0,6.792
27621,2762.1,6.791200000000001
27622,2762.2,6.790399999999997
27623,2762.3,6.789599999999998
27624,2762.4,6.788799999999999
27625,2762.5,6.788
27626,2762.6,6.7872
27627,2762.7,6.786400000000001
27628,2762.8,6.785599999999998
27629,2762.9,6.784799999999999
27630,2763.0,6.784
27631,2763.1,6.783100000000001
27632,2763.2,6.782200000000002
27633,2763.3,6.781300000000003
27634,2763.4,6.780399999999999
27635,2763.5,6.7795000000000005
27636,2763.6,6.778600000000001
27637,2763.7,6.777700000000002
27638,2763.8,6.776800000000003
27639,2763.9,6.7759000000000045
27640,2764.0,6.775
27641,2764.1,6.774000000000001
27642,2764.2,6.7730000000000015
27643,2764.3,6.772000000000002
27644,2764.4,6.771000000000003
27645,2764.5,6.770000000000003
27646,2764.6,6.769000000000004
27647,2764.7,6.767999999999998
27648,2764.8,6.766999999999999
27649,2764.9,6.765999999999999
27650,2765.0,6.765
27651,2765.1,6.764000000000001
27652,2765.2,6.763000000000002
27653,2765.3,6.761999999999998
27654,2765.4,6.760999999999998
27655,2765.5,6.76
27656,2765.6,6.759000000000001
27657,2765.7,6.758000000000002
27658,2765.8,6.757000000000003
27659,2765.9,6.7559999999999985
27660,2766.0,6.755
27661,2766.1,6.753900000000001
27662,2766.2,6.7528000000000015
27663,2766.3,6.751700000000001
27664,2766.4,6.750600000000002
27665,2766.5,6.749499999999997
27666,2766.6,6.7483999999999975
27667,2766.7,6.747299999999998
27668,2766.8,6.746199999999998
27669,2766.9,6.745099999999999
27670,2767.0,6.744
27671,2767.1,6.743000000000001
27672,2767.2,6.741999999999996
27673,2767.3,6.740999999999998
27674,2767.4,6.739999999999998
27675,2767.5,6.739
27676,2767.6,6.738000000000001
27677,2767.7,6.737000000000002
27678,2767.8,6.735999999999998
27679,2767.9,6.7349999999999985
27680,2768.0,6.734
27681,2768.1,6.733000000000001
27682,2768.2,6.732000000000002
27683,2768.3,6.731000000000003
27684,2768.4,6.729999999999999
27685,2768.5,6.729
27686,2768.6,6.7280000000000015
27687,2768.7,6.727000000000002
27688,2768.8,6.7260000000000035
27689,2768.9,6.725000000000005
27690,2769.0,6.724
27691,2769.1,6.7231000000000005
27692,2769.2,6.722200000000001
27693,2769.3,6.721300000000002
27694,2769.4,6.720400000000002
27695,2769.5,6.719500000000003
27696,2769.6,6.718600000000003
27697,2769.7,6.717699999999998
27698,2769.8,6.716799999999999
27699,2769.9,6.7158999999999995
27700,2770.0,6.715
27701,2770.1,6.714200000000001
27702,2770.2,6.713400000000002
27703,2770.3,6.712599999999998
27704,2770.4,6.711799999999999
27705,2770.5,6.711
27706,2770.6,6.7102
27707,2770.7,6.709400000000001
27708,2770.8,6.708600000000002
27709,2770.9,6.707799999999999
27710,2771.0,6.707
27711,2771.1,6.7062
27712,2771.2,6.705400000000001
27713,2771.3,6.704600000000001
27714,2771.4,6.703800000000002
27715,2771.5,6.702999999999998
27716,2771.6,6.702199999999998
27717,2771.7,6.701399999999999
27718,2771.8,6.700599999999999
27719,2771.9,6.6998
27720,2772.0,6.699
27721,2772.1,6.6984
27722,2772.2,6.697799999999997
27723,2772.3,6.697199999999999
27724,2772.4,6.696599999999999
27725,2772.5,6.696
27726,2772.6,6.6954
27727,2772.7,6.694800000000001
27728,2772.8,6.694199999999999
27729,2772.9,6.693599999999999
27730,2773.0,6.693
27731,2773.1,6.6925
27732,2773.2,6.692000000000001
27733,2773.3,6.691500000000001
27734,2773.4,6.690999999999999
27735,2773.5,6.6905
27736,2773.6,6.69
27737,2773.7,6.689500000000001
27738,2773.8,6.689000000000002
27739,2773.9,6.688500000000002
27740,2774.0,6.688
27741,2774.1,6.6876999999999995
27742,2774.2,6.6874
27743,2774.3,6.6871
27744,2774.4,6.686800000000001
27745,2774.5,6.6865000000000006
27746,2774.6,6.6862
27747,2774.7,6.685899999999999
27748,2774.8,6.685599999999999
27749,2774.9,6.6853
27750,2775.0,6.685
27751,2775.1,6.6848
27752,2775.2,6.6846
27753,2775.3,6.684399999999999
27754,2775.4,6.6842
27755,2775.5,6.683999999999999
27756,2775.6,6.6838
27757,2775.7,6.6836
27758,2775.8,6.683400000000001
27759,2775.9,6.683199999999999
27760,2776.0,6.683
27761,2776.1,6.683
27762,2776.2,6.683
27763,2776.3,6.683
27764,2776.4,6.683
27765,2776.5,6.683
27766,2776.6,6.683
27767,2776.7,6.683
27768,2776.8,6.683
27769,2776.9,6.683
27770,2777.0,6.683
27771,2777.1,6.6831
27772,2777.2,6.6832
27773,2777.3,6.6833
27774,2777.4,6.6834
27775,2777.5,6.6835
27776,2777.6,6.6836
27777,2777.7,6.6837
27778,2777.8,6.683800000000001
27779,2777.9,6.6839
27780,2778.0,6.684
27781,2778.1,6.6842999999999995
27782,2778.2,6.6846
27783,2778.3,6.684899999999999
27784,2778.4,6.685200000000001
27785,2778.5,6.6855
27786,2778.6,6.6857999999999995
27787,2778.7,6.6861
27788,2778.8,6.686399999999999
27789,2778.9,6.686699999999999
27790,2779.0,6.687
27791,2779.1,6.6874
27792,2779.2,6.687799999999999
27793,2779.3,6.688199999999999
27794,2779.4,6.688599999999999
27795,2779.5,6.688999999999999
27796,2779.6,6.689399999999998
27797,2779.7,6.689800000000001
27798,2779.8,6.690200000000001
27799,2779.9,6.6906
27800,2780.0,6.691
27801,2780.1,6.691599999999999
27802,2780.2,6.692199999999999
27803,2780.3,6.692800000000001
27804,2780.4,6.6934000000000005
27805,2780.5,6.694
27806,2780.6,6.694599999999999
27807,2780.7,6.695199999999999
27808,2780.8,6.695799999999998
27809,2780.9,6.696400000000001
27810,2781.0,6.697
27811,2781.1,6.697699999999999
27812,2781.2,6.6983999999999995
27813,2781.3,6.699099999999999
27814,2781.4,6.699799999999998
27815,2781.5,6.700500000000002
27816,2781.6,6.701200000000002
27817,2781.7,6.701900000000001
27818,2781.8,6.7026
27819,2781.9,6.7033000000000005
27820,2782.0,6.704
27821,2782.1,6.7048999999999985
27822,2782.2,6.705800000000003
27823,2782.3,6.706700000000002
27824,2782.4,6.707600000000001
27825,2782.5,6.7085
27826,2782.6,6.709399999999999
27827,2782.7,6.710299999999998
27828,2782.8,6.7112000000000025
27829,2782.9,6.712100000000001
27830,2783.0,6.713
27831,2783.1,6.713899999999999
27832,2783.2,6.714799999999998
27833,2783.3,6.715699999999997
27834,2783.4,6.7166000000000015
27835,2783.5,6.7175
27836,2783.6,6.718399999999999
27837,2783.7,6.719299999999999
27838,2783.8,6.7201999999999975
27839,2783.9,6.721099999999996
27840,2784.0,6.722
27841,2784.1,6.723
27842,2784.2,6.723999999999999
27843,2784.3,6.724999999999999
27844,2784.4,6.725999999999998
27845,2784.5,6.726999999999998
27846,2784.6,6.727999999999997
27847,2784.7,6.729000000000002
27848,2784.8,6.730000000000001
27849,2784.9,6.731000000000001
27850,2785.0,6.732
27851,2785.1,6.7330999999999985
27852,2785.2,6.734199999999998
27853,2785.3,6.735300000000003
27854,2785.4,6.7364000000000015
27855,2785.5,6.737500000000001
27856,2785.6,6.738599999999999
27857,2785.7,6.739699999999997
27858,2785.8,6.740799999999997
27859,2785.9,6.741900000000002
27860,2786.0,6.743
27861,2786.1,6.7440999999999995
27862,2786.2,6.745199999999999
27863,2786.3,6.746299999999998
27864,2786.4,6.747399999999997
27865,2786.5,6.7485000000000035
27866,2786.6,6.749600000000003
27867,2786.7,6.750700000000002
27868,2786.8,6.751800000000001
27869,2786.9,6.7529
27870,2787.0,6.754
27871,2787.1,6.7551999999999985
27872,2787.2,6.756400000000004
27873,2787.3,6.757600000000003
27874,2787.4,6.758800000000001
27875,2787.5,6.76
27876,2787.6,6.761199999999999
27877,2787.7,6.762399999999997
27878,2787.8,6.763600000000003
27879,2787.9,6.764800000000001
27880,2788.0,6.766
27881,2788.1,6.767099999999998
27882,2788.2,6.7681999999999976
27883,2788.3,6.769299999999996
27884,2788.4,6.770400000000001
27885,2788.5,6.7715
27886,2788.6,6.772599999999999
27887,2788.7,6.773699999999997
27888,2788.8,6.774799999999996
27889,2788.9,6.775899999999995
27890,2789.0,6.777
27891,2789.1,6.778
27892,2789.2,6.778999999999999
27893,2789.3,6.7799999999999985
27894,2789.4,6.780999999999998
27895,2789.5,6.781999999999997
27896,2789.6,6.782999999999997
27897,2789.7,6.784000000000002
27898,2789.8,6.785000000000001
27899,2789.9,6.7860000000000005
27900,2790.0,6.787
27901,2790.1,6.788099999999998
27902,2790.2,6.7891999999999975
27903,2790.3,6.790300000000003
27904,2790.4,6.791400000000001
27905,2790.5,6.7925
27906,2790.6,6.793599999999999
27907,2790.7,6.794699999999997
27908,2790.8,6.795799999999996
27909,2790.9,6.796900000000002
27910,2791.0,6.798
27911,2791.1,6.7989
27912,2791.2,6.799799999999999
27913,2791.3,6.800699999999998
27914,2791.4,6.801599999999998
27915,2791.5,6.802500000000003
27916,2791.6,6.803400000000003
27917,2791.7,6.804300000000002
27918,2791.8,6.805200000000001
27919,2791.9,6.806100000000001
27920,2792.0,6.807
27921,2792.1,6.807799999999999
27922,2792.2,6.808600000000003
27923,2792.3,6.809400000000002
27924,2792.4,6.810200000000001
27925,2792.5,6.811
27926,2792.6,6.8118
27927,2792.7,6.812599999999999
27928,2792.8,6.813400000000002
27929,2792.9,6.814200000000001
27930,2793.0,6.815
27931,2793.1,6.8157
27932,2793.2,6.816399999999999
27933,2793.3,6.817099999999998
27934,2793.4,6.817800000000001
27935,2793.5,6.8185
27936,2793.6,6.8191999999999995
27937,2793.7,6.819899999999999
27938,2793.8,6.820599999999998
27939,2793.9,6.821299999999997
27940,2794.0,6.822
27941,2794.1,6.8225999999999996
27942,2794.2,6.823199999999999
27943,2794.3,6.823799999999999
27944,2794.4,6.824399999999999
27945,2794.5,6.824999999999998
27946,2794.6,6.825599999999998
27947,2794.7,6.826200000000001
27948,2794.8,6.826800000000001
27949,2794.9,6.827400000000001
27950,2795.0,6.828
27951,2795.1,6.8283
27952,2795.2,6.8286
27953,2795.3,6.828900000000001
27954,2795.4,6.829200000000001
27955,2795.5,6.8295
27956,2795.6,6.8298
27957,2795.7,6.8301
27958,2795.8,6.830399999999999
27959,2795.9,6.830700000000001
27960,2796.0,6.831
27961,2796.1,6.831300000000001
27962,2796.2,6.8316
27963,2796.3,6.8319
27964,2796.4,6.832199999999999
27965,2796.5,6.8325000000000005
27966,2796.6,6.832800000000001
27967,2796.7,6.8331
27968,2796.8,6.8334
27969,2796.9,6.833699999999999
27970,2797.0,6.834
27971,2797.1,6.834
27972,2797.2,6.834
27973,2797.3,6.834
27974,2797.4,6.834
27975,2797.5,6.834
27976,2797.6,6.834
27977,2797.7,6.834
27978,2797.8,6.834
27979,2797.9,6.834
27980,2798.0,6.834
27981,2798.1,6.8339
27982,2798.2,6.8338
27983,2798.3,6.8337
27984,2798.4,6.8336
27985,2798.5,6.8335
27986,2798.6,6.8334
27987,2798.7,6.8333
27988,2798.8,6.833200000000001
27989,2798.9,6.833100000000001
27990,2799.0,6.833
27991,2799.1,6.8326
27992,2799.2,6.8322
27993,2799.3,6.8318
27994,2799.4,6.831400000000001
27995,2799.5,6.831000000000001
27996,2799.6,6.830600000000001
27997,2799.7,6.8302
27998,2799.8,6.8298
27999,2799.9,6.8294
28000,2800.0,6.829
28001,2800.1,6.8285
28002,2800.2,6.828000000000001
28003,2800.3,6.827499999999999
28004,2800.4,6.826999999999999
28005,2800.5,6.826499999999999
28006,2800.6,6.8260000000000005
28007,2800.7,6.825500000000001
28008,2800.8,6.825000000000002
28009,2800.9,6.8245
28010,2801.0,6.824
28011,2801.1,6.8234
28012,2801.2,6.822800000000001
28013,2801.3,6.8222000000000005
28014,2801.4,6.821600000000001
28015,2801.5,6.820999999999998
28016,2801.6,6.8203999999999985
28017,2801.7,6.819799999999999
28018,2801.8,6.819199999999999
28019,2801.9,6.818599999999999
28020,2802.0,6.818
28021,2802.1,6.817200000000001
28022,2802.2,6.816399999999997
28023,2802.3,6.815599999999998
28024,2802.4,6.814799999999999
28025,2802.5,6.814
28026,2802.6,6.8132
28027,2802.7,6.812400000000001
28028,2802.8,6.811599999999998
28029,2802.9,6.810799999999999
28030,2803.0,6.81
28031,2803.1,6.809100000000001
28032,2803.2,6.808200000000002
28033,2803.3,6.807300000000003
28034,2803.4,6.806399999999999
28035,2803.5,6.8055
28036,2803.6,6.804600000000001
28037,2803.7,6.803700000000002
28038,2803.8,6.802800000000003
28039,2803.9,6.801900000000004
28040,2804.0,6.801
28041,2804.1,6.800000000000001
28042,2804.2,6.799000000000001
28043,2804.3,6.798000000000002
28044,2804.4,6.797000000000002
28045,2804.5,6.796000000000003
28046,2804.6,6.7950000000000035
28047,2804.7,6.793999999999999
28048,2804.8,6.792999999999999
28049,2804.9,6.792
28050,2805.0,6.791
28051,2805.1,6.789900000000002
28052,2805.2,6.788800000000003
28053,2805.3,6.787699999999997
28054,2805.4,6.786599999999999
28055,2805.5,6.785500000000001
28056,2805.6,6.7844000000000015
28057,2805.7,6.783300000000003
28058,2805.8,6.782200000000004
28059,2805.9,6.781099999999999
28060,2806.0,6.78
28061,2806.1,6.778800000000001
28062,2806.2,6.777600000000001
28063,2806.3,6.776400000000002
28064,2806.4,6.7752000000000026
28065,2806.5,6.7739999999999965
28066,2806.6,6.7727999999999975
28067,2806.7,6.771599999999998
28068,2806.8,6.770399999999999
28069,2806.9,6.769199999999999
28070,2807.0,6.768
28071,2807.1,6.766800000000001
28072,2807.2,6.765599999999996
28073,2807.3,6.7643999999999975
28074,2807.4,6.7631999999999985
28075,2807.5,6.7620000000000005
28076,2807.6,6.7608000000000015
28077,2807.7,6.7596000000000025
28078,2807.8,6.758399999999997
28079,2807.9,6.757199999999999
28080,2808.0,6.756
28081,2808.1,6.754800000000001
28082,2808.2,6.753600000000003
28083,2808.3,6.752400000000004
28084,2808.4,6.751199999999999
28085,2808.5,6.75
28086,2808.6,6.748800000000001
28087,2808.7,6.747600000000003
28088,2808.8,6.746400000000004
28089,2808.9,6.745200000000005
28090,2809.0,6.744
28091,2809.1,6.742800000000001
28092,2809.2,6.741600000000001
28093,2809.3,6.740400000000002
28094,2809.4,6.739200000000003
28095,2809.5,6.738000000000003
28096,2809.6,6.736800000000004
28097,2809.7,6.735599999999998
28098,2809.8,6.734399999999999
28099,2809.9,6.733199999999999
28100,2810.0,6.732
28101,2810.1,6.730900000000002
28102,2810.2,6.729800000000003
28103,2810.3,6.728699999999997
28104,2810.4,6.727599999999999
28105,2810.5,6.726500000000001
28106,2810.6,6.725400000000001
28107,2810.7,6.724300000000003
28108,2810.8,6.723200000000004
28109,2810.9,6.722099999999998
28110,2811.0,6.721
28111,2811.1,6.719900000000001
28112,2811.2,6.718800000000002
28113,2811.3,6.717700000000002
28114,2811.4,6.716600000000002
28115,2811.5,6.715499999999997
28116,2811.6,6.714399999999998
28117,2811.7,6.7132999999999985
28118,2811.8,6.712199999999998
28119,2811.9,6.711099999999999
28120,2812.0,6.71
28121,2812.1,6.709100000000001
28122,2812.2,6.708199999999997
28123,2812.3,6.707299999999997
28124,2812.4,6.706399999999999
28125,2812.5,6.7055
28126,2812.6,6.704600000000001
28127,2812.7,6.703700000000001
28128,2812.8,6.702799999999997
28129,2812.9,6.701899999999998
28130,2813.0,6.701
28131,2813.1,6.700100000000001
28132,2813.2,6.699200000000002
28133,2813.3,6.698300000000003
28134,2813.4,6.697399999999999
28135,2813.5,6.6964999999999995
28136,2813.6,6.695600000000001
28137,2813.7,6.694700000000002
28138,2813.8,6.693800000000003
28139,2813.9,6.692900000000004
28140,2814.0,6.692
28141,2814.1,6.691300000000001
28142,2814.2,6.690600000000001
28143,2814.3,6.6899000000000015
28144,2814.4,6.689200000000001
28145,2814.5,6.688500000000002
28146,2814.6,6.687800000000002
28147,2814.7,6.687099999999998
28148,2814.8,6.686399999999999
28149,2814.9,6.685699999999999
28150,2815.0,6.685
28151,2815.1,6.6844
28152,2815.2,6.6838000000000015
28153,2815.3,6.6831999999999985
28154,2815.4,6.682599999999999
28155,2815.5,6.682
28156,2815.6,6.681400000000001
28157,2815.7,6.680800000000001
28158,2815.8,6.680200000000002
28159,2815.9,6.6796
28160,2816.0,6.679
28161,2816.1,6.6786
28162,2816.2,6.6782
28163,2816.3,6.6778
28164,2816.4,6.677400000000001
28165,2816.5,6.676999999999999
28166,2816.6,6.676599999999999
28167,2816.7,6.6762
28168,2816.8,6.6758
28169,2816.9,6.6754
28170,2817.0,6.675
28171,2817.1,6.6748
28172,2817.2,6.674599999999999
28173,2817.3,6.6743999999999994
28174,2817.4,6.6742
28175,2817.5,6.6739999999999995
28176,2817.6,6.6738
28177,2817.7,6.6736
28178,2817.8,6.673399999999999
28179,2817.9,6.6732
28180,2818.0,6.673
28181,2818.1,6.6729
28182,2818.2,6.6728000000000005
28183,2818.3,6.6727
28184,2818.4,6.6726
28185,2818.5,6.672499999999999
28186,2818.6,6.6724
28187,2818.7,6.6723
28188,2818.8,6.6722
28189,2818.9,6.6721
28190,2819.0,6.672
28191,2819.1,6.6720999999999995
28192,2819.2,6.672199999999999
28193,2819.3,6.6723
28194,2819.4,6.6724
28195,2819.5,6.672499999999999
28196,2819.6,6.672599999999999
28197,2819.7,6.6727
28198,2819.8,6.6728000000000005
28199,2819.9,6.6729
28200,2820.0,6.673
28201,2820.1,6.673299999999999
28202,2820.2,6.6735999999999995
28203,2820.3,6.673900000000001
28204,2820.4,6.674200000000001
28205,2820.5,6.6745
28206,2820.6,6.674799999999999
28207,2820.7,6.6751
28208,2820.8,6.675399999999999
28209,2820.9,6.675700000000001
28210,2821.0,6.676
28211,2821.1,6.6764
28212,2821.2,6.676799999999999
28213,2821.3,6.677199999999999
28214,2821.4,6.677599999999999
28215,2821.5,6.678000000000001
28216,2821.6,6.678400000000001
28217,2821.7,6.678800000000001
28218,2821.8,6.679200000000001
28219,2821.9,6.6796
28220,2822.0,6.68
28221,2822.1,6.680699999999999
28222,2822.2,6.681400000000002
28223,2822.3,6.682100000000002
28224,2822.4,6.6828
28225,2822.5,6.6835
28226,2822.6,6.684199999999999
28227,2822.7,6.684899999999999
28228,2822.8,6.685600000000002
28229,2822.9,6.686300000000001
28230,2823.0,6.687
28231,2823.1,6.6876999999999995
28232,2823.2,6.688399999999999
28233,2823.3,6.689099999999998
28234,2823.4,6.689800000000001
28235,2823.5,6.6905
28236,2823.6,6.691199999999999
28237,2823.7,6.691899999999999
28238,2823.8,6.692599999999998
28239,2823.9,6.693299999999997
28240,2824.0,6.694
28241,2824.1,6.6949
28242,2824.2,6.695799999999999
28243,2824.3,6.696699999999998
28244,2824.4,6.697599999999998
28245,2824.5,6.6984999999999975
28246,2824.6,6.699399999999997
28247,2824.7,6.700300000000002
28248,2824.8,6.701200000000001
28249,2824.9,6.702100000000001
28250,2825.0,6.703
28251,2825.1,6.703999999999999
28252,2825.2,6.704999999999998
28253,2825.3,6.706000000000002
28254,2825.4,6.707000000000002
28255,2825.5,6.708
28256,2825.6,6.708999999999999
28257,2825.7,6.709999999999998
28258,2825.8,6.710999999999997
28259,2825.9,6.7120000000000015
28260,2826.0,6.713
28261,2826.1,6.714099999999999
28262,2826.2,6.7151999999999985
28263,2826.3,6.716299999999999
28264,2826.4,6.717399999999998
28265,2826.5,6.718500000000003
28266,2826.6,6.7196000000000025
28267,2826.7,6.720700000000002
28268,2826.8,6.721800000000002
28269,2826.9,6.722900000000001
28270,2827.0,6.724
28271,2827.1,6.725199999999999
28272,2827.2,6.726400000000004
28273,2827.3,6.7276000000000025
28274,2827.4,6.7288000000000014
28275,2827.5,6.73
28276,2827.6,6.7311999999999985
28277,2827.7,6.7323999999999975
28278,2827.8,6.733600000000003
28279,2827.9,6.734800000000001
28280,2828.0,6.736
28281,2828.1,6.737099999999998
28282,2828.2,6.738199999999997
28283,2828.3,6.739299999999996
28284,2828.4,6.740400000000001
28285,2828.5,6.7415
28286,2828.6,6.742599999999999
28287,2828.7,6.743699999999997
28288,2828.8,6.744799999999996
28289,2828.9,6.7458999999999945
28290,2829.0,6.747
28291,2829.1,6.748199999999999
28292,2829.2,6.749399999999999
28293,2829.3,6.750599999999998
28294,2829.4,6.751799999999998
28295,2829.5,6.752999999999997
28296,2829.6,6.754199999999996
28297,2829.7,6.7554000000000025
28298,2829.8,6.7566000000000015
28299,2829.9,6.757800000000001
28300,2830.0,6.759
28301,2830.1,6.760199999999999
28302,2830.2,6.761399999999997
28303,2830.3,6.762600000000003
28304,2830.4,6.763800000000002
28305,2830.5,6.765000000000001
28306,2830.6,6.766199999999999
28307,2830.7,6.767399999999998
28308,2830.8,6.768599999999996
28309,2830.9,6.769800000000001
28310,2831.0,6.771
28311,2831.1,6.772199999999999
28312,2831.2,6.773399999999999
28313,2831.3,6.774599999999998
28314,2831.4,6.775799999999998
28315,2831.5,6.777000000000004
28316,2831.6,6.778200000000003
28317,2831.7,6.7794000000000025
28318,2831.8,6.7806000000000015
28319,2831.9,6.781800000000001
28320,2832.0,6.783
28321,2832.1,6.783999999999999
28322,2832.2,6.785000000000004
28323,2832.3,6.786000000000002
28324,2832.4,6.787000000000002
28325,2832.5,6.788
28326,2832.6,6.788999999999999
28327,2832.7,6.789999999999998
28328,2832.8,6.791000000000002
28329,2832.9,6.792000000000002
28330,2833.0,6.793
28331,2833.1,6.793999999999999
28332,2833.2,6.794999999999998
28333,2833.3,6.795999999999997
28334,2833.4,6.7970000000000015
28335,2833.5,6.798
28336,2833.6,6.798999999999999
28337,2833.7,6.799999999999998
28338,2833.8,6.800999999999997
28339,2833.9,6.801999999999995
28340,2834.0,6.803
28341,2834.1,6.8038
28342,2834.2,6.804599999999999
28343,2834.3,6.805399999999999
28344,2834.4,6.806199999999998
28345,2834.5,6.806999999999998
28346,2834.6,6.807799999999998
28347,2834.7,6.808600000000001
28348,2834.8,6.809400000000001
28349,2834.9,6.8102
28350,2835.0,6.811
28351,2835.1,6.811799999999999
28352,2835.2,6.812599999999998
28353,2835.3,6.8134000000000015
28354,2835.4,6.8142000000000005
28355,2835.5,6.815
28356,2835.6,6.815799999999999
28357,2835.7,6.816599999999998
28358,2835.8,6.8173999999999975
28359,2835.9,6.818200000000001
28360,2836.0,6.819
28361,2836.1,6.8195
28362,2836.2,6.819999999999999
28363,2836.3,6.820499999999999
28364,2836.4,6.820999999999999
28365,2836.5,6.821500000000001
28366,2836.6,6.822000000000001
28367,2836.7,6.822500000000001
28368,2836.8,6.823
28369,2836.9,6.8235
28370,2837.0,6.824
28371,2837.1,6.8244
28372,2837.2,6.8248000000000015
28373,2837.3,6.825200000000001
28374,2837.4,6.8256000000000006
28375,2837.5,6.8260000000000005
28376,2837.6,6.8264
28377,2837.7,6.8267999999999995
28378,2837.8,6.827200000000001
28379,2837.9,6.8276
28380,2838.0,6.828
28381,2838.1,6.8282
28382,2838.2,6.828399999999999
28383,2838.3,6.8286
28384,2838.4,6.8288
28385,2838.5,6.829000000000001
28386,2838.6,6.8292
28387,2838.7,6.8294
28388,2838.8,6.829599999999999
28389,2838.9,6.829799999999999
28390,2839.0,6.83
28391,2839.1,6.83
28392,2839.2,6.83
28393,2839.3,6.83
28394,2839.4,6.83
28395,2839.5,6.83
28396,2839.6,6.83
28397,2839.7,6.83
28398,2839.8,6.83
28399,2839.9,6.83
28400,2840.0,6.83
28401,2840.1,6.8298000000000005
28402,2840.2,6.829600000000001
28403,2840.3,6.8294
28404,2840.4,6.8292
28405,2840.5,6.829000000000001
28406,2840.6,6.8288
28407,2840.7,6.828600000000001
28408,2840.8,6.828400000000001
28409,2840.9,6.8282
28410,2841.0,6.828
28411,2841.1,6.8277
28412,2841.2,6.827400000000001
28413,2841.3,6.827100000000001
28414,2841.4,6.826800000000001
28415,2841.5,6.826499999999999
28416,2841.6,6.826199999999999
28417,2841.7,6.8259
28418,2841.8,6.8256
28419,2841.9,6.8253
28420,2842.0,6.825
28421,2842.1,6.8245000000000005
28422,2842.2,6.823999999999998
28423,2842.3,6.823499999999999
28424,2842.4,6.8229999999999995
28425,2842.5,6.8225
28426,2842.6,6.822000000000001
28427,2842.7,6.821500000000001
28428,2842.8,6.820999999999999
28429,2842.9,6.8205
28430,2843.0,6.82
28431,2843.1,6.819300000000001
28432,2843.2,6.818600000000002
28433,2843.3,6.8179000000000025
28434,2843.4,6.8172
28435,2843.5,6.8165
28436,2843.6,6.8158
28437,2843.7,6.815100000000001
28438,2843.8,6.814400000000002
28439,2843.9,6.8137000000000025
28440,2844.0,6.813
28441,2844.1,6.8122
28442,2844.2,6.811400000000001
28443,2844.3,6.810600000000001
28444,2844.4,6.809800000000002
28445,2844.5,6.809000000000002
28446,2844.6,6.808200000000002
28447,2844.7,6.807399999999999
28448,2844.8,6.806599999999999
28449,2844.9,6.8058
28450,2845.0,6.805
28451,2845.1,6.804200000000001
28452,2845.2,6.803400000000002
28453,2845.3,6.802599999999998
28454,2845.4,6.801799999999999
28455,2845.5,6.801
28456,2845.6,6.8002
28457,2845.7,6.799400000000001
28458,2845.8,6.798600000000002
28459,2845.9,6.797799999999999
28460,2846.0,6.797
28461,2846.1,6.796
28462,2846.2,6.795000000000001
28463,2846.3,6.794000000000001
28464,2846.4,6.793000000000002
28465,2846.5,6.791999999999997
28466,2846.6,6.790999999999998
28467,2846.7,6.789999999999998
28468,2846.8,6.788999999999999
28469,2846.9,6.787999999999999
28470,2847.0,6.787
28471,2847.1,6.785900000000002
28472,2847.2,6.784799999999996
28473,2847.3,6.783699999999997
28474,2847.4,6.782599999999999
28475,2847.5,6.7815
28476,2847.6,6.780400000000001
28477,2847.7,6.779300000000003
28478,2847.8,6.778199999999997
28479,2847.9,6.777099999999998
28480,2848.0,6.776
28481,2848.1,6.775000000000001
28482,2848.2,6.774000000000002
28483,2848.3,6.773000000000003
28484,2848.4,6.7719999999999985
28485,2848.5,6.771
28486,2848.6,6.770000000000001
28487,2848.7,6.769000000000002
28488,2848.8,6.768000000000003
28489,2848.9,6.767000000000005
28490,2849.0,6.766
28491,2849.1,6.764900000000001
28492,2849.2,6.763800000000002
28493,2849.3,6.7627000000000015
28494,2849.4,6.761600000000002
28495,2849.5,6.760500000000003
28496,2849.6,6.759400000000004
28497,2849.7,6.758299999999998
28498,2849.8,6.757199999999998
28499,2849.9,6.756099999999999
28500,2850.0,6.755
28501,2850.1,6.754000000000001
28502,2850.2,6.753000000000002
28503,2850.3,6.751999999999998
28504,2850.4,6.750999999999999
28505,2850.5,6.75
28506,2850.6,6.749000000000001
28507,2850.7,6.748000000000002
28508,2850.8,6.747000000000003
28509,2850.9,6.745999999999999
28510,2851.0,6.745
28511,2851.1,6.744000000000001
28512,2851.2,6.743000000000001
28513,2851.3,6.742000000000002
28514,2851.4,6.741000000000002
28515,2851.5,6.7399999999999975
28516,2851.6,6.738999999999998
28517,2851.7,6.737999999999999
28518,2851.8,6.736999999999999
28519,2851.9,6.736
28520,2852.0,6.735
28521,2852.1,6.734000000000002
28522,2852.2,6.732999999999997
28523,2852.3,6.7319999999999975
28524,2852.4,6.730999999999999
28525,2852.5,6.73
28526,2852.6,6.729000000000001
28527,2852.7,6.728000000000002
28528,2852.8,6.726999999999998
28529,2852.9,6.725999999999998
28530,2853.0,6.725
28531,2853.1,6.724200000000001
28532,2853.2,6.723400000000002
28533,2853.3,6.722600000000003
28534,2853.4,6.721799999999999
28535,2853.5,6.721
28536,2853.6,6.7202
28537,2853.7,6.719400000000001
28538,2853.8,6.718600000000002
28539,2853.9,6.717800000000003
28540,2854.0,6.717
28541,2854.1,6.7162
28542,2854.2,6.715400000000001
28543,2854.3,6.714600000000001
28544,2854.4,6.713800000000002
28545,2854.5,6.713000000000002
28546,2854.6,6.712200000000002
28547,2854.7,6.7113999999999985
28548,2854.8,6.710599999999999
28549,2854.9,6.7097999999999995
28550,2855.0,6.709
28551,2855.1,6.7084
28552,2855.2,6.7078000000000015
28553,2855.3,6.7071999999999985
28554,2855.4,6.706599999999999
28555,2855.5,6.7059999999999995
28556,2855.6,6.705400000000001
28557,2855.7,6.704800000000001
28558,2855.8,6.704200000000002
28559,2855.9,6.7036
28560,2856.0,6.703
28561,2856.1,6.7026
28562,2856.2,6.7022
28563,2856.3,6.7018
28564,2856.4,6.701400000000001
28565,2856.5,6.700999999999999
28566,2856.6,6.700599999999999
28567,2856.7,6.7002
28568,2856.8,6.6998
28569,2856.9,6.6994
28570,2857.0,6.699
28571,2857.1,6.6987000000000005
28572,2857.2,6.698399999999999
28573,2857.3,6.698099999999999
28574,2857.4,6.697799999999999
28575,2857.5,6.6975
28576,2857.6,6.6972000000000005
28577,2857.7,6.6969
28578,2857.8,6.696599999999999
28579,2857.9,6.696299999999999
28580,2858.0,6.696
28581,2858.1,6.6958
28582,2858.2,6.695600000000001
28583,2858.3,6.6954
28584,2858.4,6.6952
28585,2858.5,6.695
28586,2858.6,6.6948
28587,2858.7,6.6946
28588,2858.8,6.694400000000001
28589,2858.9,6.694200000000001
28590,2859.0,6.694
28591,2859.1,6.6939
28592,2859.2,6.6938
28593,2859.3,6.6937
28594,2859.4,6.6936
28595,2859.5,6.6935
28596,2859.6,6.6934000000000005
28597,2859.7,6.6933
28598,2859.8,6.693199999999999
28599,2859.9,6.693099999999999
28600,2860.0,6.693
28601,2860.1,6.693199999999999
28602,2860.2,6.6934
28603,2860.3,6.6936
28604,2860.4,6.6938
28605,2860.5,6.694
28606,2860.6,6.6941999999999995
28607,2860.7,6.6944
28608,2860.8,6.694599999999999
28609,2860.9,6.694800000000001
28610,2861.0,6.695
28611,2861.1,6.6952
28612,2861.2,6.6954
28613,2861.3,6.6956
28614,2861.4,6.695799999999999
28615,2861.5,6.696000000000001
28616,2861.6,6.696200000000001
28617,2861.7,6.696400000000001
28618,2861.8,6.6966
28619,2861.9,6.6968000000000005
28620,2862.0,6.697
28621,2862.1,6.697399999999999
28622,2862.2,6.697800000000002
28623,2862.3,6.698200000000001
28624,2862.4,6.698600000000001
28625,2862.5,6.699
28626,2862.6,6.699399999999999
28627,2862.7,6.699799999999999
28628,2862.8,6.700200000000001
28629,2862.9,6.7006
28630,2863.0,6.701
28631,2863.1,6.701499999999999
28632,2863.2,6.701999999999999
28633,2863.3,6.702499999999998
28634,2863.4,6.703
28635,2863.5,6.7035
28636,2863.6,6.704
28637,2863.7,6.7044999999999995
28638,2863.8,6.704999999999998
28639,2863.9,6.705499999999998
28640,2864.0,6.706
28641,2864.1,6.7066
28642,2864.2,6.707199999999999
28643,2864.3,6.707799999999999
28644,2864.4,6.708399999999998
28645,2864.5,6.708999999999999
28646,2864.6,6.709599999999998
28647,2864.7,6.710200000000001
28648,2864.8,6.710800000000001
28649,2864.9,6.7114
28650,2865.0,6.712
28651,2865.1,6.712699999999999
28652,2865.2,6.713399999999998
28653,2865.3,6.714100000000001
28654,2865.4,6.7148
28655,2865.5,6.7155000000000005
28656,2865.6,6.7162
28657,2865.7,6.716899999999999
28658,2865.8,6.717599999999998
28659,2865.9,6.718300000000001
28660,2866.0,6.719
28661,2866.1,6.7197
28662,2866.2,6.7204
28663,2866.3,6.721099999999999
28664,2866.4,6.721799999999998
28665,2866.5,6.722500000000002
28666,2866.6,6.723200000000002
28667,2866.7,6.723900000000001
28668,2866.8,6.724600000000001
28669,2866.9,6.725300000000001
28670,2867.0,6.726
28671,2867.1,6.726799999999999
28672,2867.2,6.7276000000000025
28673,2867.3,6.7284000000000015
28674,2867.4,6.7292000000000005
28675,2867.5,6.73
28676,2867.6,6.7307999999999995
28677,2867.7,6.7315999999999985
28678,2867.8,6.732400000000002
28679,2867.9,6.733200000000001
28680,2868.0,6.734
28681,2868.1,6.734799999999999
28682,2868.2,6.735599999999998
28683,2868.3,6.736399999999997
28684,2868.4,6.7372000000000005
28685,2868.5,6.7379999999999995
28686,2868.6,6.7387999999999995
28687,2868.7,6.7395999999999985
28688,2868.8,6.7403999999999975
28689,2868.9,6.7411999999999965
28690,2869.0,6.742
28691,2869.1,6.7428
28692,2869.2,6.743599999999999
28693,2869.3,6.744399999999999
28694,2869.4,6.745199999999998
28695,2869.5,6.745999999999998
28696,2869.6,6.746799999999998
28697,2869.7,6.747600000000001
28698,2869.8,6.748400000000001
28699,2869.9,6.7492
28700,2870.0,6.75
28701,2870.1,6.750799999999999
28702,2870.2,6.751599999999998
28703,2870.3,6.7524000000000015
28704,2870.4,6.7532000000000005
28705,2870.5,6.754
28706,2870.6,6.7547999999999995
28707,2870.7,6.7555999999999985
28708,2870.8,6.7563999999999975
28709,2870.9,6.757200000000001
28710,2871.0,6.758
28711,2871.1,6.7588
28712,2871.2,6.759599999999999
28713,2871.3,6.760399999999999
28714,2871.4,6.761199999999998
28715,2871.5,6.762000000000002
28716,2871.6,6.762800000000002
28717,2871.7,6.763600000000001
28718,2871.8,6.764400000000001
28719,2871.9,6.7652
28720,2872.0,6.766
28721,2872.1,6.766699999999999
28722,2872.2,6.767400000000002
28723,2872.3,6.768100000000001
28724,2872.4,6.768800000000001
28725,2872.5,6.7695
28726,2872.6,6.770199999999999
28727,2872.7,6.770899999999998
28728,2872.8,6.771600000000001
28729,2872.9,6.7723
28730,2873.0,6.773
28731,2873.1,6.773599999999999
28732,2873.2,6.774199999999999
28733,2873.3,6.774799999999997
28734,2873.4,6.7754
28735,2873.5,6.776
28736,2873.6,6.776599999999999
28737,2873.7,6.777199999999999
28738,2873.8,6.777799999999997
28739,2873.9,6.778399999999997
28740,2874.0,6.779
28741,2874.1,6.7795
28742,2874.2,6.779999999999999
28743,2874.3,6.780499999999999
28744,2874.4,6.780999999999999
28745,2874.5,6.7814999999999985
28746,2874.6,6.781999999999998
28747,2874.7,6.782500000000001
28748,2874.8,6.783
28749,2874.9,6.7835
28750,2875.0,6.784
28751,2875.1,6.7844
28752,2875.2,6.784799999999999
28753,2875.3,6.785200000000001
28754,2875.4,6.7856000000000005
28755,2875.5,6.786
28756,2875.6,6.7863999999999995
28757,2875.7,6.7867999999999995
28758,2875.8,6.787199999999999
28759,2875.9,6.7876
28760,2876.0,6.788
28761,2876.1,6.7883000000000004
28762,2876.2,6.7886
28763,2876.3,6.7889
28764,2876.4,6.789199999999999
28765,2876.5,6.789500000000001
28766,2876.6,6.789800000000001
28767,2876.7,6.790100000000001
28768,2876.8,6.790400000000001
28769,2876.9,6.7907
28770,2877.0,6.791
28771,2877.1,6.7912
28772,2877.2,6.791400000000001
28773,2877.3,6.791600000000001
28774,2877.4,6.7918
28775,2877.5,6.792
28776,2877.6,6.7922
28777,2877.7,6.7924
28778,2877.8,6.792600000000001
28779,2877.9,6.792800000000001
28780,2878.0,6.793
28781,2878.1,6.7931
28782,2878.2,6.7932
28783,2878.3,6.7932999999999995
28784,2878.4,6.7934
28785,2878.5,6.7935
28786,2878.6,6.7936
28787,2878.7,6.793699999999999
28788,2878.8,6.793799999999999
28789,2878.9,6.793899999999999
28790,2879.0,6.794
28791,2879.1,6.794
28792,2879.2,6.794
28793,2879.3,6.794
28794,2879.4,6.794
28795,2879.5,6.794
28796,2879.6,6.794
28797,2879.7,6.794
28798,2879.8,6.794
28799,2879.9,6.794
28800,2880.0,6.794
28801,2880.1,6.7939
28802,2880.2,6.7938
28803,2880.3,6.793699999999999
28804,2880.4,6.7936
28805,2880.5,6.7935
28806,2880.6,6.7934
28807,2880.7,6.7933
28808,2880.8,6.793200000000001
28809,2880.9,6.7931
28810,2881.0,6.793
28811,2881.1,6.7927
28812,2881.2,6.792400000000001
28813,2881.3,6.7921000000000005
28814,2881.4,6.791800000000001
28815,2881.5,6.791499999999999
28816,2881.6,6.791199999999999
28817,2881.7,6.7909
28818,2881.8,6.7905999999999995
28819,2881.9,6.7903
28820,2882.0,6.79
28821,2882.1,6.789700000000001
28822,2882.2,6.789399999999999
28823,2882.3,6.7890999999999995
28824,2882.4,6.788799999999999
28825,2882.5,6.7885
28826,2882.6,6.788200000000001
28827,2882.7,6.7879000000000005
28828,2882.8,6.787599999999999
28829,2882.9,6.787299999999999
28830,2883.0,6.787
28831,2883.1,6.786600000000001
28832,2883.2,6.786200000000001
28833,2883.3,6.785800000000002
28834,2883.4,6.785399999999999
28835,2883.5,6.785
28836,2883.6,6.784600000000001
28837,2883.7,6.784200000000001
28838,2883.8,6.783800000000002
28839,2883.9,6.783400000000002
28840,2884.0,6.783
28841,2884.1,6.7826
28842,2884.2,6.7822000000000005
28843,2884.3,6.7818000000000005
28844,2884.4,6.781400000000001
28845,2884.5,6.7810000000000015
28846,2884.6,6.7806000000000015
28847,2884.7,6.7802
28848,2884.8,6.7798
28849,2884.9,6.7794
28850,2885.0,6.779
28851,2885.1,6.7784
28852,2885.2,6.777800000000001
28853,2885.3,6.777199999999999
28854,2885.4,6.776599999999999
28855,2885.5,6.776
28856,2885.6,6.7754
28857,2885.7,6.774800000000001
28858,2885.8,6.774200000000002
28859,2885.9,6.773599999999999
28860,2886.0,6.773
28861,2886.1,6.7725
28862,2886.2,6.772
28863,2886.3,6.7715000000000005
28864,2886.4,6.771000000000001
28865,2886.5,6.770499999999998
28866,2886.6,6.769999999999999
28867,2886.7,6.769499999999999
28868,2886.8,6.768999999999999
28869,2886.9,6.7684999999999995
28870,2887.0,6.768
28871,2887.1,6.7674
28872,2887.2,6.766799999999997
28873,2887.3,6.766199999999999
28874,2887.4,6.765599999999999
28875,2887.5,6.765
28876,2887.6,6.7644
28877,2887.7,6.763800000000001
28878,2887.8,6.7631999999999985
28879,2887.9,6.762599999999999
28880,2888.0,6.762
28881,2888.1,6.7614
28882,2888.2,6.7608000000000015
28883,2888.3,6.760200000000002
28884,2888.4,6.759599999999999
28885,2888.5,6.7589999999999995
28886,2888.6,6.758400000000001
28887,2888.7,6.757800000000001
28888,2888.8,6.757200000000002
28889,2888.9,6.756600000000003
28890,2889.0,6.756
28891,2889.1,6.755400000000001
28892,2889.2,6.754800000000001
28893,2889.3,6.754200000000001
28894,2889.4,6.753600000000001
28895,2889.5,6.753000000000002
28896,2889.6,6.752400000000002
28897,2889.7,6.751799999999999
28898,2889.8,6.751199999999999
28899,2889.9,6.7505999999999995
28900,2890.0,6.75
28901,2890.1,6.7494000000000005
28902,2890.2,6.748800000000001
28903,2890.3,6.748199999999999
28904,2890.4,6.747599999999999
28905,2890.5,6.747
28906,2890.6,6.7464
28907,2890.7,6.745800000000001
28908,2890.8,6.745200000000002
28909,2890.9,6.744599999999999
28910,2891.0,6.744
28911,2891.1,6.7435
28912,2891.2,6.743
28913,2891.3,6.742500000000001
28914,2891.4,6.742000000000001
28915,2891.5,6.7414999999999985
28916,2891.6,6.740999999999999
28917,2891.7,6.740499999999999
28918,2891.8,6.739999999999999
28919,2891.9,6.7395
28920,2892.0,6.739
28921,2892.1,6.7385
28922,2892.2,6.737999999999998
28923,2892.3,6.737499999999999
28924,2892.4,6.736999999999999
28925,2892.5,6.7364999999999995
28926,2892.6,6.736000000000001
28927,2892.7,6.735500000000001
28928,2892.8,6.7349999999999985
28929,2892.9,6.7345
28930,2893.0,6.734
28931,2893.1,6.733600000000001
28932,2893.2,6.733200000000001
28933,2893.3,6.732800000000002
28934,2893.4,6.732399999999999
28935,2893.5,6.732
28936,2893.6,6.731600000000001
28937,2893.7,6.731200000000001
28938,2893.8,6.730800000000002
28939,2893.9,6.730400000000002
28940,2894.0,6.73
28941,2894.1,6.7296000000000005
28942,2894.2,6.7292000000000005
28943,2894.3,6.728800000000001
28944,2894.4,6.7284000000000015
28945,2894.5,6.7280000000000015
28946,2894.6,6.727600000000002
28947,2894.7,6.7272
28948,2894.8,6.7268
28949,2894.9,6.7264
28950,2895.0,6.726
28951,2895.1,6.725700000000001
28952,2895.2,6.7254000000000005
28953,2895.3,6.725099999999999
28954,2895.4,6.724799999999999
28955,2895.5,6.7245
28956,2895.6,6.724200000000001
28957,2895.7,6.7239
28958,2895.8,6.723600000000001
28959,2895.9,6.723299999999999
28960,2896.0,6.723
28961,2896.1,6.7228
28962,2896.2,6.7226
28963,2896.3,6.7224
28964,2896.4,6.722200000000001
28965,2896.5,6.7219999999999995
28966,2896.6,6.721799999999999
28967,2896.7,6.7216
28968,2896.8,6.7214
28969,2896.9,6.7212
28970,2897.0,6.721
28971,2897.1,6.7208000000000006
28972,2897.2,6.720599999999999
28973,2897.3,6.7204
28974,2897.4,6.7202
28975,2897.5,6.720000000000001
28976,2897.6,6.7198
28977,2897.7,6.719600000000001
28978,2897.8,6.719399999999999
28979,2897.9,6.7192
28980,2898.0,6.719
28981,2898.1,6.719
28982,2898.2,6.719
28983,2898.3,6.719
28984,2898.4,6.719
28985,2898.5,6.719
28986,2898.6,6.719
28987,2898.7,6.719
28988,2898.8,6.719
28989,2898.9,6.719
28990,2899.0,6.719
28991,2899.1,6.719
28992,2899.2,6.719
28993,2899.3,6.719
28994,2899.4,6.719
28995,2899.5,6.719
28996,2899.6,6.719
28997,2899.7,6.719
28998,2899.8,6.719
28999,2899.9,6.719
29000,2900.0,6.719
29001,2900.1,6.7191
29002,2900.2,6.7192
29003,2900.3,6.7193000000000005
29004,2900.4,6.7194
29005,2900.5,6.7195
29006,2900.6,6.7196
29007,2900.7,6.7197
29008,2900.8,6.719799999999999
29009,2900.9,6.7199
29010,2901.0,6.72
29011,2901.1,6.720199999999999
29012,2901.2,6.7204
29013,2901.3,6.720599999999999
29014,2901.4,6.7208
29015,2901.5,6.721000000000001
29016,2901.6,6.7212000000000005
29017,2901.7,6.721400000000001
29018,2901.8,6.7216000000000005
29019,2901.9,6.721800000000001
29020,2902.0,6.722
29021,2902.1,6.7222
29022,2902.2,6.722400000000001
29023,2902.3,6.722600000000001
29024,2902.4,6.7228
29025,2902.5,6.723000000000001
29026,2902.6,6.7232
29027,2902.7,6.7234
29028,2902.8,6.723600000000001
29029,2902.9,6.723800000000001
29030,2903.0,6.724
29031,2903.1,6.7242999999999995
29032,2903.2,6.7246
29033,2903.3,6.724899999999999
29034,2903.4,6.725200000000001
29035,2903.5,6.7255
29036,2903.6,6.7258
29037,2903.7,6.7261
29038,2903.8,6.726399999999999
29039,2903.9,6.726699999999999
29040,2904.0,6.727
29041,2904.1,6.7274
29042,2904.2,6.727799999999999
29043,2904.3,6.728199999999999
29044,2904.4,6.728599999999999
29045,2904.5,6.728999999999999
29046,2904.6,6.729399999999998
29047,2904.7,6.729800000000001
29048,2904.8,6.730200000000001
29049,2904.9,6.7306
29050,2905.0,6.731
29051,2905.1,6.7315
29052,2905.2,6.731999999999998
29053,2905.3,6.732500000000001
29054,2905.4,6.7330000000000005
29055,2905.5,6.733499999999999
29056,2905.6,6.733999999999999
29057,2905.7,6.734499999999999
29058,2905.8,6.734999999999998
29059,2905.9,6.7355
29060,2906.0,6.736
29061,2906.1,6.7364
29062,2906.2,6.7368
29063,2906.3,6.7372
29064,2906.4,6.737599999999999
29065,2906.5,6.738000000000001
29066,2906.6,6.738400000000001
29067,2906.7,6.7388
29068,2906.8,6.7392
29069,2906.9,6.7396
29070,2907.0,6.74
29071,2907.1,6.7406
29072,2907.2,6.741200000000003
29073,2907.3,6.741800000000001
29074,2907.4,6.742400000000001
29075,2907.5,6.743
29076,2907.6,6.7436
29077,2907.7,6.744199999999999
29078,2907.8,6.7448000000000015
29079,2907.9,6.745400000000001
29080,2908.0,6.746
29081,2908.1,6.7465
29082,2908.2,6.746999999999999
29083,2908.3,6.747499999999999
29084,2908.4,6.748000000000001
29085,2908.5,6.7485
29086,2908.6,6.749
29087,2908.7,6.749499999999999
29088,2908.8,6.749999999999998
29089,2908.9,6.750499999999998
29090,2909.0,6.751
29091,2909.1,6.7516
29092,2909.2,6.752199999999999
29093,2909.3,6.752799999999999
29094,2909.4,6.753399999999998
29095,2909.5,6.753999999999999
29096,2909.6,6.754599999999998
29097,2909.7,6.755200000000001
29098,2909.8,6.755800000000001
29099,2909.9,6.7564
29100,2910.0,6.757
29101,2910.1,6.757499999999999
29102,2910.2,6.757999999999998
29103,2910.3,6.758500000000001
29104,2910.4,6.759
29105,2910.5,6.7595
29106,2910.6,6.759999999999999
29107,2910.7,6.760499999999999
29108,2910.8,6.7609999999999975
29109,2910.9,6.7615
29110,2911.0,6.762
29111,2911.1,6.762599999999999
29112,2911.2,6.7631999999999985
29113,2911.3,6.763799999999999
29114,2911.4,6.764399999999998
29115,2911.5,6.7650000000000015
29116,2911.6,6.765600000000001
29117,2911.7,6.7662
29118,2911.8,6.766800000000001
29119,2911.9,6.7674
29120,2912.0,6.768
29121,2912.1,6.7684999999999995
29122,2912.2,6.769000000000002
29123,2912.3,6.769500000000001
29124,2912.4,6.7700000000000005
29125,2912.5,6.7705
29126,2912.6,6.770999999999999
29127,2912.7,6.771499999999999
29128,2912.8,6.772000000000001
29129,2912.9,6.7725
29130,2913.0,6.773
29131,2913.1,6.773499999999999
29132,2913.2,6.773999999999998
29133,2913.3,6.774499999999998
29134,2913.4,6.775
29135,2913.5,6.775499999999999
29136,2913.6,6.775999999999999
29137,2913.7,6.776499999999999
29138,2913.8,6.7769999999999975
29139,2913.9,6.777499999999997
29140,2914.0,6.778
29141,2914.1,6.778499999999999
29142,2914.2,6.778999999999999
29143,2914.3,6.779499999999999
29144,2914.4,6.7799999999999985
29145,2914.5,6.780499999999998
29146,2914.6,6.780999999999998
29147,2914.7,6.781500000000001
29148,2914.8,6.782000000000001
29149,2914.9,6.782500000000001
29150,2915.0,6.783
29151,2915.1,6.783399999999999
29152,2915.2,6.783799999999999
29153,2915.3,6.784200000000001
29154,2915.4,6.784600000000001
29155,2915.5,6.785
29156,2915.6,6.785399999999999
29157,2915.7,6.785799999999999
29158,2915.8,6.786199999999998
29159,2915.9,6.786600000000001
29160,2916.0,6.787
29161,2916.1,6.7873
29162,2916.2,6.787599999999999
29163,2916.3,6.7879
29164,2916.4,6.788199999999999
29165,2916.5,6.788500000000001
29166,2916.6,6.788800000000001
29167,2916.7,6.7891
29168,2916.8,6.7894000000000005
29169,2916.9,6.7897
29170,2917.0,6.79
29171,2917.1,6.7902
29172,2917.2,6.790400000000001
29173,2917.3,6.7906
29174,2917.4,6.7908
29175,2917.5,6.791
29176,2917.6,6.7912
29177,2917.7,6.791399999999999
29178,2917.8,6.791600000000001
29179,2917.9,6.7918
29180,2918.0,6.792
29181,2918.1,6.792199999999999
29182,2918.2,6.792399999999999
29183,2918.3,6.792599999999999
29184,2918.4,6.7928
29185,2918.5,6.793
29186,2918.6,6.7932
29187,2918.7,6.793399999999999
29188,2918.8,6.793599999999999
29189,2918.9,6.793799999999998
29190,2919.0,6.794
29191,2919.1,6.794
29192,2919.2,6.794
29193,2919.3,6.794
29194,2919.4,6.794
29195,2919.5,6.794
29196,2919.6,6.794
29197,2919.7,6.794
29198,2919.8,6.794
29199,2919.9,6.794
29200,2920.0,6.794
29201,2920.1,6.794
29202,2920.2,6.794
29203,2920.3,6.794
29204,2920.4,6.794
29205,2920.5,6.794
29206,2920.6,6.794
29207,2920.7,6.794
29208,2920.8,6.794
29209,2920.9,6.794
29210,2921.0,6.794
29211,2921.1,6.7939
29212,2921.2,6.7938
29213,2921.3,6.7937
29214,2921.4,6.7936
29215,2921.5,6.7935
29216,2921.6,6.7934
29217,2921.7,6.7932999999999995
29218,2921.8,6.7932
29219,2921.9,6.7931
29220,2922.0,6.793
29221,2922.1,6.792700000000001
29222,2922.2,6.792399999999999
29223,2922.3,6.7921
29224,2922.4,6.791799999999999
29225,2922.5,6.7915
29226,2922.6,6.791200000000001
29227,2922.7,6.790900000000001
29228,2922.8,6.7905999999999995
29229,2922.9,6.790299999999999
29230,2923.0,6.79
29231,2923.1,6.789700000000001
29232,2923.2,6.7894000000000005
29233,2923.3,6.789100000000001
29234,2923.4,6.788799999999999
29235,2923.5,6.7885
29236,2923.6,6.788200000000001
29237,2923.7,6.7879000000000005
29238,2923.8,6.787600000000001
29239,2923.9,6.787300000000001
29240,2924.0,6.787
29241,2924.1,6.7866
29242,2924.2,6.786200000000001
29243,2924.3,6.785800000000001
29244,2924.4,6.785400000000001
29245,2924.5,6.785000000000001
29246,2924.6,6.784600000000002
29247,2924.7,6.784199999999999
29248,2924.8,6.783799999999999
29249,2924.9,6.7834
29250,2925.0,6.783
29251,2925.1,6.782500000000001
29252,2925.2,6.782000000000001
29253,2925.3,6.781499999999999
29254,2925.4,6.781
29255,2925.5,6.7805
29256,2925.6,6.78
29257,2925.7,6.7795000000000005
29258,2925.8,6.779000000000002
29259,2925.9,6.778499999999999
29260,2926.0,6.778
29261,2926.1,6.7774
29262,2926.2,6.776800000000001
29263,2926.3,6.776200000000001
29264,2926.4,6.775600000000002
29265,2926.5,6.774999999999999
29266,2926.6,6.774399999999998
29267,2926.7,6.773799999999999
29268,2926.8,6.773199999999999
29269,2926.9,6.7726
29270,2927.0,6.772
29271,2927.1,6.771300000000001
29272,2927.2,6.770599999999998
29273,2927.3,6.769899999999999
29274,2927.4,6.7692
29275,2927.5,6.7684999999999995
29276,2927.6,6.7678
29277,2927.7,6.767100000000001
29278,2927.8,6.766399999999998
29279,2927.9,6.765699999999999
29280,2928.0,6.765
29281,2928.1,6.7643
29282,2928.2,6.763600000000001
29283,2928.3,6.762900000000002
29284,2928.4,6.762199999999999
29285,2928.5,6.7615
29286,2928.6,6.760800000000001
29287,2928.7,6.760100000000001
29288,2928.8,6.759400000000002
29289,2928.9,6.758700000000003
29290,2929.0,6.758
29291,2929.1,6.757300000000001
29292,2929.2,6.756600000000001
29293,2929.3,6.755900000000001
29294,2929.4,6.755200000000002
29295,2929.5,6.754500000000002
29296,2929.6,6.753800000000003
29297,2929.7,6.753099999999999
29298,2929.8,6.7524
29299,2929.9,6.7517
29300,2930.0,6.751
29301,2930.1,6.750300000000001
29302,2930.2,6.749600000000002
29303,2930.3,6.748899999999999
29304,2930.4,6.7482
29305,2930.5,6.7475000000000005
29306,2930.6,6.7468
29307,2930.7,6.746100000000001
29308,2930.8,6.745400000000002
29309,2930.9,6.744699999999999
29310,2931.0,6.744
29311,2931.1,6.7432
29312,2931.2,6.742400000000001
29313,2931.3,6.741600000000001
29314,2931.4,6.740800000000002
29315,2931.5,6.7399999999999975
29316,2931.6,6.739199999999998
29317,2931.7,6.738399999999999
29318,2931.8,6.737599999999999
29319,2931.9,6.7368
29320,2932.0,6.736
29321,2932.1,6.7353000000000005
29322,2932.2,6.734599999999998
29323,2932.3,6.733899999999998
29324,2932.4,6.733199999999999
29325,2932.5,6.7325
29326,2932.6,6.731800000000001
29327,2932.7,6.731100000000001
29328,2932.8,6.730399999999999
29329,2932.9,6.729699999999999
29330,2933.0,6.729
29331,2933.1,6.728300000000001
29332,2933.2,6.727600000000002
29333,2933.3,6.726900000000002
29334,2933.4,6.7261999999999995
29335,2933.5,6.7255
29336,2933.6,6.724800000000001
29337,2933.7,6.724100000000002
29338,2933.8,6.7234000000000025
29339,2933.9,6.722700000000003
29340,2934.0,6.722
29341,2934.1,6.721400000000001
29342,2934.2,6.720800000000001
29343,2934.3,6.720200000000001
29344,2934.4,6.719600000000002
29345,2934.5,6.719000000000002
29346,2934.6,6.718400000000003
29347,2934.7,6.7177999999999995
29348,2934.8,6.717199999999999
29349,2934.9,6.7166
29350,2935.0,6.716
29351,2935.1,6.7155000000000005
29352,2935.2,6.715000000000002
29353,2935.3,6.714499999999999
29354,2935.4,6.7139999999999995
29355,2935.5,6.7135
29356,2935.6,6.713000000000001
29357,2935.7,6.712500000000001
29358,2935.8,6.712000000000002
29359,2935.9,6.7115
29360,2936.0,6.711
29361,2936.1,6.7106
29362,2936.2,6.7102
29363,2936.3,6.7098
29364,2936.4,6.709400000000001
29365,2936.5,6.708999999999999
29366,2936.6,6.708599999999999
29367,2936.7,6.7082
29368,2936.8,6.7078
29369,2936.9,6.7074
29370,2937.0,6.707
29371,2937.1,6.706600000000001
29372,2937.2,6.706199999999998
29373,2937.3,6.705799999999999
29374,2937.4,6.705399999999999
29375,2937.5,6.705
29376,2937.6,6.704600000000001
29377,2937.7,6.704200000000001
29378,2937.8,6.703799999999999
29379,2937.9,6.703399999999999
29380,2938.0,6.703
29381,2938.1,6.702800000000001
29382,2938.2,6.7026
29383,2938.3,6.702400000000001
29384,2938.4,6.7021999999999995
29385,2938.5,6.702
29386,2938.6,6.7018
29387,2938.7,6.7016
29388,2938.8,6.7014000000000005
29389,2938.9,6.701200000000001
29390,2939.0,6.701
29391,2939.1,6.701
29392,2939.2,6.701
29393,2939.3,6.701
29394,2939.4,6.701
29395,2939.5,6.701
29396,2939.6,6.701
29397,2939.7,6.701
29398,2939.8,6.701
29399,2939.9,6.701
29400,2940.0,6.701
29401,2940.1,6.701
29402,2940.2,6.701
29403,2940.3,6.701
29404,2940.4,6.701
29405,2940.5,6.701
29406,2940.6,6.701
29407,2940.7,6.701
29408,2940.8,6.701
29409,2940.9,6.701
29410,2941.0,6.701
29411,2941.1,6.701199999999999
29412,2941.2,6.7014
29413,2941.3,6.701599999999999
29414,2941.4,6.7017999999999995
29415,2941.5,6.702000000000001
29416,2941.6,6.7022
29417,2941.7,6.702400000000001
29418,2941.8,6.7026
29419,2941.9,6.702800000000001
29420,2942.0,6.703
29421,2942.1,6.703399999999999
29422,2942.2,6.703800000000002
29423,2942.3,6.704200000000001
29424,2942.4,6.704600000000001
29425,2942.5,6.705
29426,2942.6,6.705399999999999
29427,2942.7,6.705799999999999
29428,2942.8,6.706200000000001
29429,2942.9,6.706600000000001
29430,2943.0,6.707
29431,2943.1,6.7074
29432,2943.2,6.707799999999999
29433,2943.3,6.708199999999999
29434,2943.4,6.708600000000001
29435,2943.5,6.709
29436,2943.6,6.7094
29437,2943.7,6.7097999999999995
29438,2943.8,6.710199999999999
29439,2943.9,6.710599999999999
29440,2944.0,6.711
29441,2944.1,6.7116
29442,2944.2,6.712199999999999
29443,2944.3,6.712799999999999
29444,2944.4,6.713399999999998
29445,2944.5,6.713999999999999
29446,2944.6,6.714599999999998
29447,2944.7,6.715200000000001
29448,2944.8,6.715800000000001
29449,2944.9,6.7164
29450,2945.0,6.717
29451,2945.1,6.717799999999999
29452,2945.2,6.718599999999998
29453,2945.3,6.719400000000001
29454,2945.4,6.7202
29455,2945.5,6.721
29456,2945.6,6.721799999999999
29457,2945.7,6.722599999999998
29458,2945.8,6.723399999999997
29459,2945.9,6.724200000000001
29460,2946.0,6.725
29461,2946.1,6.7258
29462,2946.2,6.726599999999999
29463,2946.3,6.7273999999999985
29464,2946.4,6.7281999999999975
29465,2946.5,6.729000000000002
29466,2946.6,6.729800000000002
29467,2946.7,6.730600000000001
29468,2946.8,6.731400000000001
29469,2946.9,6.7322
29470,2947.0,6.733
29471,2947.1,6.733899999999998
29472,2947.2,6.734800000000003
29473,2947.3,6.735700000000002
29474,2947.4,6.736600000000001
29475,2947.5,6.7375
29476,2947.6,6.738399999999999
29477,2947.7,6.739299999999997
29478,2947.8,6.740200000000002
29479,2947.9,6.741100000000001
29480,2948.0,6.742
29481,2948.1,6.742899999999999
29482,2948.2,6.743799999999998
29483,2948.3,6.744699999999997
29484,2948.4,6.745600000000001
29485,2948.5,6.7465
29486,2948.6,6.747399999999999
29487,2948.7,6.748299999999998
29488,2948.8,6.749199999999997
29489,2948.9,6.750099999999996
29490,2949.0,6.751
29491,2949.1,6.752
29492,2949.2,6.752999999999999
29493,2949.3,6.753999999999999
29494,2949.4,6.754999999999998
29495,2949.5,6.755999999999998
29496,2949.6,6.756999999999997
29497,2949.7,6.758000000000002
29498,2949.8,6.759000000000001
29499,2949.9,6.760000000000001
29500,2950.0,6.761
29501,2950.1,6.7620999999999984
29502,2950.2,6.763199999999998
29503,2950.3,6.764300000000003
29504,2950.4,6.765400000000001
29505,2950.5,6.766500000000001
29506,2950.6,6.767599999999999
29507,2950.7,6.768699999999997
29508,2950.8,6.7697999999999965
29509,2950.9,6.770900000000002
29510,2951.0,6.772
29511,2951.1,6.7729
29512,2951.2,6.773799999999999
29513,2951.3,6.774699999999998
29514,2951.4,6.775599999999998
29515,2951.5,6.776500000000002
29516,2951.6,6.777400000000002
29517,2951.7,6.7783000000000015
29518,2951.8,6.779200000000001
29519,2951.9,6.7801
29520,2952.0,6.781
29521,2952.1,6.781999999999998
29522,2952.2,6.783000000000003
29523,2952.3,6.7840000000000025
29524,2952.4,6.785000000000001
29525,2952.5,6.786
29526,2952.6,6.786999999999999
29527,2952.7,6.787999999999998
29528,2952.8,6.789000000000002
29529,2952.9,6.790000000000002
29530,2953.0,6.791
29531,2953.1,6.791899999999999
29532,2953.2,6.792799999999998
29533,2953.3,6.793699999999997
29534,2953.4,6.794600000000001
29535,2953.5,6.7955000000000005
29536,2953.6,6.796399999999999
29537,2953.7,6.797299999999998
29538,2953.8,6.798199999999997
29539,2953.9,6.799099999999996
29540,2954.0,6.8
29541,2954.1,6.8008
29542,2954.2,6.801599999999999
29543,2954.3,6.802399999999999
29544,2954.4,6.803199999999998
29545,2954.5,6.803999999999998
29546,2954.6,6.8047999999999975
29547,2954.7,6.805600000000001
29548,2954.8,6.806400000000001
29549,2954.9,6.8072
29550,2955.0,6.808
29551,2955.1,6.808699999999999
29552,2955.2,6.809399999999998
29553,2955.3,6.810100000000002
29554,2955.4,6.8108
29555,2955.5,6.8115000000000006
29556,2955.6,6.812199999999999
29557,2955.7,6.812899999999999
29558,2955.8,6.813599999999998
29559,2955.9,6.814300000000001
29560,2956.0,6.815
29561,2956.1,6.8155
29562,2956.2,6.816
29563,2956.3,6.8165
29564,2956.4,6.816999999999999
29565,2956.5,6.817500000000002
29566,2956.6,6.818000000000001
29567,2956.7,6.818500000000001
29568,2956.8,6.819000000000001
29569,2956.9,6.819500000000001
29570,2957.0,6.82
29571,2957.1,6.820399999999999
29572,2957.2,6.820800000000002
29573,2957.3,6.821200000000001
29574,2957.4,6.821600000000001
29575,2957.5,6.822
29576,2957.6,6.822399999999999
29577,2957.7,6.822799999999999
29578,2957.8,6.823200000000001
29579,2957.9,6.823600000000001
29580,2958.0,6.824
29581,2958.1,6.824299999999999
29582,2958.2,6.824599999999999
29583,2958.3,6.824899999999999
29584,2958.4,6.825200000000001
29585,2958.5,6.8255
29586,2958.6,6.825799999999999
29587,2958.7,6.826099999999999
29588,2958.8,6.826399999999999
29589,2958.9,6.826699999999999
29590,2959.0,6.827
29591,2959.1,6.8271
29592,2959.2,6.8271999999999995
29593,2959.3,6.8273
29594,2959.4,6.8274
29595,2959.5,6.8275
29596,2959.6,6.8275999999999994
29597,2959.7,6.8277
29598,2959.8,6.827800000000001
29599,2959.9,6.8279000000000005
29600,2960.0,6.828
29601,2960.1,6.8279000000000005
29602,2960.2,6.827800000000001
29603,2960.3,6.8277
29604,2960.4,6.8276
29605,2960.5,6.827500000000001
29606,2960.6,6.8274
29607,2960.7,6.8273
29608,2960.8,6.8272
29609,2960.9,6.8271
29610,2961.0,6.827
29611,2961.1,6.8267
29612,2961.2,6.8264000000000005
29613,2961.3,6.8261
29614,2961.4,6.825800000000001
29615,2961.5,6.825499999999999
29616,2961.6,6.825199999999999
29617,2961.7,6.8248999999999995
29618,2961.8,6.824599999999999
29619,2961.9,6.8243
29620,2962.0,6.824
29621,2962.1,6.823600000000001
29622,2962.2,6.823199999999998
29623,2962.3,6.822799999999999
29624,2962.4,6.822399999999999
29625,2962.5,6.822
29626,2962.6,6.821600000000001
29627,2962.7,6.821200000000001
29628,2962.8,6.820799999999999
29629,2962.9,6.820399999999999
29630,2963.0,6.82
29631,2963.1,6.819400000000001
29632,2963.2,6.818800000000001
29633,2963.3,6.818200000000003
29634,2963.4,6.8176
29635,2963.5,6.817
29636,2963.6,6.816400000000001
29637,2963.7,6.815800000000001
29638,2963.8,6.815200000000003
29639,2963.9,6.814600000000003
29640,2964.0,6.814
29641,2964.1,6.813300000000001
29642,2964.2,6.812600000000001
29643,2964.3,6.811900000000001
29644,2964.4,6.811200000000002
29645,2964.5,6.810500000000002
29646,2964.6,6.809800000000003
29647,2964.7,6.809099999999999
29648,2964.8,6.8084
29649,2964.9,6.8077
29650,2965.0,6.807
29651,2965.1,6.806200000000001
29652,2965.2,6.805400000000002
29653,2965.3,6.804599999999999
29654,2965.4,6.8038
29655,2965.5,6.803000000000001
29656,2965.6,6.802200000000001
29657,2965.7,6.801400000000002
29658,2965.8,6.800600000000003
29659,2965.9,6.799799999999999
29660,2966.0,6.799
29661,2966.1,6.798100000000001
29662,2966.2,6.797200000000001
29663,2966.3,6.796300000000002
29664,2966.4,6.7954000000000025
29665,2966.5,6.7944999999999975
29666,2966.6,6.793599999999998
29667,2966.7,6.792699999999998
29668,2966.8,6.791799999999999
29669,2966.9,6.7909
29670,2967.0,6.79
29671,2967.1,6.7890000000000015
29672,2967.2,6.787999999999997
29673,2967.3,6.786999999999998
29674,2967.4,6.785999999999999
29675,2967.5,6.785
29676,2967.6,6.784000000000002
29677,2967.7,6.783000000000002
29678,2967.8,6.781999999999998
29679,2967.9,6.780999999999999
29680,2968.0,6.78
29681,2968.1,6.779000000000002
29682,2968.2,6.778000000000002
29683,2968.3,6.777000000000004
29684,2968.4,6.775999999999999
29685,2968.5,6.775
29686,2968.6,6.774000000000001
29687,2968.7,6.773000000000002
29688,2968.8,6.772000000000003
29689,2968.9,6.771000000000004
29690,2969.0,6.77
29691,2969.1,6.769
29692,2969.2,6.768000000000001
29693,2969.3,6.767000000000001
29694,2969.4,6.766000000000002
29695,2969.5,6.765000000000002
29696,2969.6,6.764000000000003
29697,2969.7,6.762999999999998
29698,2969.8,6.761999999999999
29699,2969.9,6.760999999999999
29700,2970.0,6.76
29701,2970.1,6.7589000000000015
29702,2970.2,6.757800000000002
29703,2970.3,6.756699999999997
29704,2970.4,6.7555999999999985
29705,2970.5,6.754499999999999
29706,2970.6,6.753400000000001
29707,2970.7,6.752300000000003
29708,2970.8,6.751200000000003
29709,2970.9,6.750099999999998
29710,2971.0,6.749
29711,2971.1,6.7481
29712,2971.2,6.747200000000001
29713,2971.3,6.7463000000000015
29714,2971.4,6.745400000000002
29715,2971.5,6.744499999999998
29716,2971.6,6.743599999999998
29717,2971.7,6.742699999999998
29718,2971.8,6.741799999999999
29719,2971.9,6.7409
29720,2972.0,6.74
29721,2972.1,6.739000000000002
29722,2972.2,6.737999999999997
29723,2972.3,6.736999999999998
29724,2972.4,6.735999999999999
29725,2972.5,6.735
29726,2972.6,6.734000000000002
29727,2972.7,6.733000000000002
29728,2972.8,6.731999999999998
29729,2972.9,6.730999999999999
29730,2973.0,6.73
29731,2973.1,6.729200000000001
29732,2973.2,6.728400000000002
29733,2973.3,6.727600000000003
29734,2973.4,6.7268
29735,2973.5,6.726
29736,2973.6,6.725200000000001
29737,2973.7,6.724400000000002
29738,2973.8,6.723600000000003
29739,2973.9,6.722800000000004
29740,2974.0,6.722
29741,2974.1,6.7212000000000005
29742,2974.2,6.7204000000000015
29743,2974.3,6.719600000000002
29744,2974.4,6.7188000000000025
29745,2974.5,6.718000000000003
29746,2974.6,6.717200000000003
29747,2974.7,6.716399999999999
29748,2974.8,6.715599999999999
29749,2974.9,6.7148
29750,2975.0,6.714
29751,2975.1,6.713400000000001
29752,2975.2,6.712800000000001
29753,2975.3,6.712199999999999
29754,2975.4,6.7116
29755,2975.5,6.711
29756,2975.6,6.710400000000001
29757,2975.7,6.709800000000001
29758,2975.8,6.709200000000003
29759,2975.9,6.7086
29760,2976.0,6.708
29761,2976.1,6.707400000000001
29762,2976.2,6.706800000000001
29763,2976.3,6.706200000000001
29764,2976.4,6.705600000000001
29765,2976.5,6.704999999999998
29766,2976.6,6.704399999999999
29767,2976.7,6.703799999999999
29768,2976.8,6.703199999999999
29769,2976.9,6.7025999999999994
29770,2977.0,6.702
29771,2977.1,6.701600000000001
29772,2977.2,6.701199999999998
29773,2977.3,6.700799999999999
29774,2977.4,6.700399999999999
29775,2977.5,6.7
29776,2977.6,6.699600000000001
29777,2977.7,6.699200000000001
29778,2977.8,6.698799999999999
29779,2977.9,6.6983999999999995
29780,2978.0,6.698
29781,2978.1,6.697800000000001
29782,2978.2,6.6976
29783,2978.3,6.697400000000001
29784,2978.4,6.6972
29785,2978.5,6.697
29786,2978.6,6.6968000000000005
29787,2978.7,6.6966
29788,2978.8,6.696400000000001
29789,2978.9,6.696200000000001
29790,2979.0,6.696
29791,2979.1,6.6959
29792,2979.2,6.6958
29793,2979.3,6.6957
29794,2979.4,6.6956
29795,2979.5,6.6955
29796,2979.6,6.6954
29797,2979.7,6.6953
29798,2979.8,6.6952
29799,2979.9,6.6951
29800,2980.0,6.695
29801,2980.1,6.695
29802,2980.2,6.695
29803,2980.3,6.695
29804,2980.4,6.695
29805,2980.5,6.695
29806,2980.6,6.695
29807,2980.7,6.695
29808,2980.8,6.695
29809,2980.9,6.695
29810,2981.0,6.695
29811,2981.1,6.6951
29812,2981.2,6.6952
29813,2981.3,6.6953
29814,2981.4,6.6954
29815,2981.5,6.6955
29816,2981.6,6.6956
29817,2981.7,6.6957
29818,2981.8,6.6958
29819,2981.9,6.6959
29820,2982.0,6.696
29821,2982.1,6.696299999999999
29822,2982.2,6.696600000000001
29823,2982.3,6.6969
29824,2982.4,6.6972000000000005
29825,2982.5,6.6975
29826,2982.6,6.697799999999999
29827,2982.7,6.698099999999999
29828,2982.8,6.6984
29829,2982.9,6.6987000000000005
29830,2983.0,6.699
29831,2983.1,6.6994
29832,2983.2,6.699799999999999
29833,2983.3,6.700199999999999
29834,2983.4,6.7006000000000006
29835,2983.5,6.7010000000000005
29836,2983.6,6.7014
29837,2983.7,6.7017999999999995
29838,2983.8,6.702199999999999
29839,2983.9,6.702599999999999
29840,2984.0,6.703
29841,2984.1,6.7034
29842,2984.2,6.703799999999999
29843,2984.3,6.704199999999999
29844,2984.4,6.704599999999999
29845,2984.5,6.704999999999999
29846,2984.6,6.705399999999998
29847,2984.7,6.705800000000001
29848,2984.8,6.706200000000001
29849,2984.9,6.7066
29850,2985.0,6.707
29851,2985.1,6.707599999999999
29852,2985.2,6.708199999999999
29853,2985.3,6.708800000000001
29854,2985.4,6.7094000000000005
29855,2985.5,6.71
29856,2985.6,6.7105999999999995
29857,2985.7,6.711199999999999
29858,2985.8,6.711799999999998
29859,2985.9,6.712400000000001
29860,2986.0,6.713
29861,2986.1,6.7136
29862,2986.2,6.714199999999999
29863,2986.3,6.714799999999999
29864,2986.4,6.715399999999999
29865,2986.5,6.716000000000002
29866,2986.6,6.7166000000000015
29867,2986.7,6.717200000000001
29868,2986.8,6.717800000000001
29869,2986.9,6.718400000000001
29870,2987.0,6.719
29871,2987.1,6.7197
29872,2987.2,6.720400000000002
29873,2987.3,6.721100000000002
29874,2987.4,6.721800000000001
29875,2987.5,6.7225
29876,2987.6,6.723199999999999
29877,2987.7,6.723899999999999
29878,2987.8,6.7246000000000015
29879,2987.9,6.725300000000001
29880,2988.0,6.726
29881,2988.1,6.726699999999999
29882,2988.2,6.7273999999999985
29883,2988.3,6.728099999999998
29884,2988.4,6.728800000000001
29885,2988.5,6.7295
29886,2988.6,6.730199999999999
29887,2988.7,6.730899999999998
29888,2988.8,6.731599999999998
29889,2988.9,6.732299999999997
29890,2989.0,6.733
29891,2989.1,6.7338
29892,2989.2,6.734599999999999
29893,2989.3,6.7353999999999985
29894,2989.4,6.7361999999999975
29895,2989.5,6.736999999999997
29896,2989.6,6.737799999999997
29897,2989.7,6.738600000000001
29898,2989.8,6.739400000000001
29899,2989.9,6.7402
29900,2990.0,6.741
29901,2990.1,6.741699999999999
29902,2990.2,6.742399999999998
29903,2990.3,6.743100000000001
29904,2990.4,6.7438
29905,2990.5,6.7445
29906,2990.6,6.7452
29907,2990.7,6.745899999999999
29908,2990.8,6.746599999999998
29909,2990.9,6.747300000000001
29910,2991.0,6.748
29911,2991.1,6.7486999999999995
29912,2991.2,6.7494
29913,2991.3,6.750099999999999
29914,2991.4,6.750799999999998
29915,2991.5,6.751500000000002
29916,2991.6,6.752200000000002
29917,2991.7,6.752900000000001
29918,2991.8,6.7536000000000005
29919,2991.9,6.754300000000001
29920,2992.0,6.755
29921,2992.1,6.755699999999999
29922,2992.2,6.756400000000002
29923,2992.3,6.757100000000001
29924,2992.4,6.7578000000000005
29925,2992.5,6.7585
29926,2992.6,6.759199999999999
29927,2992.7,6.759899999999998
29928,2992.8,6.760600000000001
29929,2992.9,6.7613
29930,2993.0,6.762
29931,2993.1,6.762699999999999
29932,2993.2,6.763399999999998
29933,2993.3,6.764099999999997
29934,2993.4,6.7648
29935,2993.5,6.765499999999999
29936,2993.6,6.7661999999999995
29937,2993.7,6.766899999999999
29938,2993.8,6.767599999999998
29939,2993.9,6.768299999999997
29940,2994.0,6.769
29941,2994.1,6.7696
29942,2994.2,6.770199999999999
29943,2994.3,6.7707999999999995
29944,2994.4,6.771399999999999
29945,2994.5,6.7719999999999985
29946,2994.6,6.772599999999998
29947,2994.7,6.773200000000001
29948,2994.8,6.773800000000001
29949,2994.9,6.774400000000001
29950,2995.0,6.775
29951,2995.1,6.7755
29952,2995.2,6.775999999999999
29953,2995.3,6.776500000000001
29954,2995.4,6.777000000000001
29955,2995.5,6.7775
29956,2995.6,6.778
29957,2995.7,6.778499999999999
29958,2995.8,6.778999999999998
29959,2995.9,6.7795000000000005
29960,2996.0,6.78
29961,2996.1,6.7805
29962,2996.2,6.781
29963,2996.3,6.781499999999999
29964,2996.4,6.781999999999999
29965,2996.5,6.7825000000000015
29966,2996.6,6.783000000000001
29967,2996.7,6.783500000000001
29968,2996.8,6.784000000000001
29969,2996.9,6.7845
29970,2997.0,6.785
29971,2997.1,6.7855
29972,2997.2,6.786000000000002
29973,2997.3,6.786500000000001
29974,2997.4,6.787000000000001
29975,2997.5,6.7875
29976,2997.6,6.787999999999999
29977,2997.7,6.788499999999999
29978,2997.8,6.7890000000000015
29979,2997.9,6.7895
29980,2998.0,6.79
29981,2998.1,6.790299999999999
29982,2998.2,6.7905999999999995
29983,2998.3,6.790899999999999
29984,2998.4,6.791200000000001
29985,2998.5,6.7915
29986,2998.6,6.791799999999999
29987,2998.7,6.7921
29988,2998.8,6.792399999999999
29989,2998.9,6.792699999999999
29990,2999.0,6.793
29991,2999.1,6.7933
29992,2999.2,6.7936
29993,2999.3,6.7939
29994,2999.4,6.794199999999999
29995,2999.5,6.794499999999999
29996,2999.6,6.7947999999999995
29997,2999.7,6.795100000000001
29998,2999.8,6.795400000000001
29999,2999.9,6.7957
30000,3000.0,6.796
30001,3000.1,6.7961
30002,3000.2,6.7962
30003,3000.3,6.7963000000000005
30004,3000.4,6.7964
30005,3000.5,6.7965
30006,3000.6,6.7966
30007,3000.7,6.7966999999999995
30008,3000.8,6.796799999999999
30009,3000.9,6.7969
30010,3001.0,6.797
30011,3001.1,6.797199999999999
30012,3001.2,6.7974
30013,3001.3,6.797599999999999
30014,3001.4,6.7978
30015,3001.5,6.798000000000001
30016,3001.6,6.7982000000000005
30017,3001.7,6.798400000000001
30018,3001.8,6.7986
30019,3001.9,6.798800000000001
30020,3002.0,6.799
30021,3002.1,6.799
30022,3002.2,6.799
30023,3002.3,6.799
30024,3002.4,6.799
30025,3002.5,6.799
30026,3002.6,6.799
30027,3002.7,6.799
30028,3002.8,6.799
30029,3002.9,6.799
30030,3003.0,6.799
30031,3003.1,6.799
30032,3003.2,6.799
30033,3003.3,6.799
30034,3003.4,6.799
30035,3003.5,6.799
30036,3003.6,6.799
30037,3003.7,6.799
30038,3003.8,6.799
30039,3003.9,6.799
30040,3004.0,6.799
30041,3004.1,6.798900000000001
30042,3004.2,6.798800000000001
30043,3004.3,6.7987
30044,3004.4,6.7986
30045,3004.5,6.798500000000001
30046,3004.6,6.798400000000001
30047,3004.7,6.7983
30048,3004.8,6.7982
30049,3004.9,6.7981
30050,3005.0,6.798
30051,3005.1,6.7978000000000005
30052,3005.2,6.797600000000001
30053,3005.3,6.7974
30054,3005.4,6.7972
30055,3005.5,6.797
30056,3005.6,6.7968
30057,3005.7,6.796600000000001
30058,3005.8,6.796400000000001
30059,3005.9,6.7962
30060,3006.0,6.796
30061,3006.1,6.795800000000001
30062,3006.2,6.7956
30063,3006.3,6.795400000000001
30064,3006.4,6.7952
30065,3006.5,6.794999999999999
30066,3006.6,6.7947999999999995
30067,3006.7,6.794599999999999
30068,3006.8,6.7943999999999996
30069,3006.9,6.794199999999999
30070,3007.0,6.794
30071,3007.1,6.7937
30072,3007.2,6.793399999999998
30073,3007.3,6.793099999999999
30074,3007.4,6.7928
30075,3007.5,6.7925
30076,3007.6,6.7922
30077,3007.7,6.791900000000001
30078,3007.8,6.7916
30079,3007.9,6.7913
30080,3008.0,6.791
30081,3008.1,6.790700000000001
30082,3008.2,6.790400000000001
30083,3008.3,6.790100000000002
30084,3008.4,6.7898
30085,3008.5,6.7895
30086,3008.6,6.789200000000001
30087,3008.7,6.788900000000001
30088,3008.8,6.7886000000000015
30089,3008.9,6.788300000000001
30090,3009.0,6.788
30091,3009.1,6.7876
30092,3009.2,6.7872
30093,3009.3,6.7868
30094,3009.4,6.786400000000001
30095,3009.5,6.786000000000001
30096,3009.6,6.785600000000001
30097,3009.7,6.7852
30098,3009.8,6.7848
30099,3009.9,6.7844
30100,3010.0,6.784
30101,3010.1,6.783600000000001
30102,3010.2,6.783200000000001
30103,3010.3,6.782799999999999
30104,3010.4,6.782399999999999
30105,3010.5,6.782
30106,3010.6,6.781600000000001
30107,3010.7,6.781200000000001
30108,3010.8,6.780800000000002
30109,3010.9,6.780399999999999
30110,3011.0,6.78
30111,3011.1,6.7795000000000005
30112,3011.2,6.779000000000001
30113,3011.3,6.778500000000001
30114,3011.4,6.778000000000001
30115,3011.5,6.777499999999999
30116,3011.6,6.776999999999999
30117,3011.7,6.7764999999999995
30118,3011.8,6.776
30119,3011.9,6.7755
30120,3012.0,6.775
30121,3012.1,6.7746
30122,3012.2,6.774199999999999
30123,3012.3,6.7738
30124,3012.4,6.7734
30125,3012.5,6.773
30126,3012.6,6.772600000000001
30127,3012.7,6.772200000000001
30128,3012.8,6.771799999999999
30129,3012.9,6.7714
30130,3013.0,6.771
30131,3013.1,6.7704
30132,3013.2,6.769800000000001
30133,3013.3,6.769200000000002
30134,3013.4,6.768599999999999
30135,3013.5,6.768
30136,3013.6,6.7674
30137,3013.7,6.766800000000001
30138,3013.8,6.766200000000002
30139,3013.9,6.765600000000003
30140,3014.0,6.765
30141,3014.1,6.7645
30142,3014.2,6.764
30143,3014.3,6.7635000000000005
30144,3014.4,6.763000000000001
30145,3014.5,6.762500000000001
30146,3014.6,6.762000000000001
30147,3014.7,6.761499999999999
30148,3014.8,6.760999999999999
30149,3014.9,6.7604999999999995
30150,3015.0,6.76
30151,3015.1,6.7595
30152,3015.2,6.759000000000001
30153,3015.3,6.758499999999999
30154,3015.4,6.757999999999999
30155,3015.5,6.7575
30156,3015.6,6.757000000000001
30157,3015.7,6.756500000000001
30158,3015.8,6.756000000000002
30159,3015.9,6.7555
30160,3016.0,6.755
30161,3016.1,6.7545
30162,3016.2,6.7540000000000004
30163,3016.3,6.753500000000001
30164,3016.4,6.753000000000001
30165,3016.5,6.752499999999999
30166,3016.6,6.751999999999999
30167,3016.7,6.751499999999999
30168,3016.8,6.7509999999999994
30169,3016.9,6.7505
30170,3017.0,6.75
30171,3017.1,6.7495
30172,3017.2,6.748999999999998
30173,3017.3,6.748499999999999
30174,3017.4,6.747999999999999
30175,3017.5,6.7475000000000005
30176,3017.6,6.747000000000001
30177,3017.7,6.746500000000001
30178,3017.8,6.745999999999999
30179,3017.9,6.7455
30180,3018.0,6.745
30181,3018.1,6.7445
30182,3018.2,6.7440000000000015
30183,3018.3,6.743500000000002
30184,3018.4,6.742999999999999
30185,3018.5,6.742500000000001
30186,3018.6,6.742000000000001
30187,3018.7,6.741500000000001
30188,3018.8,6.741000000000002
30189,3018.9,6.740500000000003
30190,3019.0,6.74
30191,3019.1,6.7395000000000005
30192,3019.2,6.739000000000001
30193,3019.3,6.738500000000001
30194,3019.4,6.738000000000001
30195,3019.5,6.737500000000002
30196,3019.6,6.737000000000002
30197,3019.7,6.7364999999999995
30198,3019.8,6.736
30199,3019.9,6.7355
30200,3020.0,6.735
30201,3020.1,6.734500000000001
30202,3020.2,6.734000000000002
30203,3020.3,6.733499999999999
30204,3020.4,6.733
30205,3020.5,6.732500000000001
30206,3020.6,6.732000000000001
30207,3020.7,6.731500000000001
30208,3020.8,6.7310000000000025
30209,3020.9,6.7305
30210,3021.0,6.73
30211,3021.1,6.7297
30212,3021.2,6.729400000000001
30213,3021.3,6.729100000000001
30214,3021.4,6.7288000000000014
30215,3021.5,6.7284999999999995
30216,3021.6,6.728199999999999
30217,3021.7,6.7279
30218,3021.8,6.7276
30219,3021.9,6.7273000000000005
30220,3022.0,6.727
30221,3022.1,6.7266
30222,3022.2,6.726199999999999
30223,3022.3,6.7258
30224,3022.4,6.7254
30225,3022.5,6.725
30226,3022.6,6.724600000000001
30227,3022.7,6.724200000000001
30228,3022.8,6.723799999999999
30229,3022.9,6.7234
30230,3023.0,6.723
30231,3023.1,6.722700000000001
30232,3023.2,6.7224
30233,3023.3,6.722100000000001
30234,3023.4,6.721799999999999
30235,3023.5,6.7215
30236,3023.6,6.7212000000000005
30237,3023.7,6.7209
30238,3023.8,6.720600000000001
30239,3023.9,6.720300000000001
30240,3024.0,6.72
30241,3024.1,6.7198
30242,3024.2,6.7196
30243,3024.3,6.7194
30244,3024.4,6.719200000000001
30245,3024.5,6.719
30246,3024.6,6.718800000000001
30247,3024.7,6.7185999999999995
30248,3024.8,6.7184
30249,3024.9,6.7181999999999995
30250,3025.0,6.718
30251,3025.1,6.7179
30252,3025.2,6.7178
30253,3025.3,6.7177
30254,3025.4,6.7176
30255,3025.5,6.717499999999999
30256,3025.6,6.7174
30257,3025.7,6.7173
30258,3025.8,6.7172
30259,3025.9,6.717099999999999
30260,3026.0,6.717
30261,3026.1,6.7169
30262,3026.2,6.7168
30263,3026.3,6.7167
30264,3026.4,6.7166
30265,3026.5,6.7165
30266,3026.6,6.7164
30267,3026.7,6.7162999999999995
30268,3026.8,6.7162
30269,3026.9,6.7161
30270,3027.0,6.716
30271,3027.1,6.7161
30272,3027.2,6.716200000000001
30273,3027.3,6.7163
30274,3027.4,6.7164
30275,3027.5,6.7165
30276,3027.6,6.7166
30277,3027.7,6.7166999999999994
30278,3027.8,6.7168
30279,3027.9,6.7169
30280,3028.0,6.717
30281,3028.1,6.717099999999999
30282,3028.2,6.717199999999999
30283,3028.3,6.7173
30284,3028.4,6.7174
30285,3028.5,6.7175
30286,3028.6,6.7176
30287,3028.7,6.7177
30288,3028.8,6.7177999999999995
30289,3028.9,6.717899999999999
30290,3029.0,6.718
30291,3029.1,6.7181999999999995
30292,3029.2,6.7184
30293,3029.3,6.7185999999999995
30294,3029.4,6.718799999999999
30295,3029.5,6.718999999999999
30296,3029.6,6.719199999999999
30297,3029.7,6.7194
30298,3029.8,6.7196
30299,3029.9,6.7198
30300,3030.0,6.72
30301,3030.1,6.720299999999999
30302,3030.2,6.720599999999999
30303,3030.3,6.7209
30304,3030.4,6.7212000000000005
30305,3030.5,6.7215
30306,3030.6,6.721799999999999
30307,3030.7,6.722099999999999
30308,3030.8,6.722399999999999
30309,3030.9,6.722700000000001
30310,3031.0,6.723
30311,3031.1,6.7234
30312,3031.2,6.7238
30313,3031.3,6.7242
30314,3031.4,6.724599999999999
30315,3031.5,6.725000000000001
30316,3031.6,6.725400000000001
30317,3031.7,6.7258000000000004
30318,3031.8,6.7262
30319,3031.9,6.7266
30320,3032.0,6.727
30321,3032.1,6.7275
30322,3032.2,6.728000000000002
30323,3032.3,6.728500000000001
30324,3032.4,6.729000000000001
30325,3032.5,6.7295
30326,3032.6,6.7299999999999995
30327,3032.7,6.730499999999999
30328,3032.8,6.731000000000002
30329,3032.9,6.7315000000000005
30330,3033.0,6.732
30331,3033.1,6.7325
30332,3033.2,6.732999999999999
30333,3033.3,6.7334999999999985
30334,3033.4,6.734000000000001
30335,3033.5,6.734500000000001
30336,3033.6,6.734999999999999
30337,3033.7,6.735499999999999
30338,3033.8,6.735999999999998
30339,3033.9,6.736499999999998
30340,3034.0,6.737
30341,3034.1,6.7376
30342,3034.2,6.738199999999999
30343,3034.3,6.7387999999999995
30344,3034.4,6.739399999999999
30345,3034.5,6.739999999999998
30346,3034.6,6.740599999999998
30347,3034.7,6.741200000000001
30348,3034.8,6.741800000000001
30349,3034.9,6.742400000000001
30350,3035.0,6.743
30351,3035.1,6.7436
30352,3035.2,6.744199999999998
30353,3035.3,6.7448000000000015
30354,3035.4,6.745400000000001
30355,3035.5,6.746
30356,3035.6,6.746599999999999
30357,3035.7,6.7471999999999985
30358,3035.8,6.747799999999998
30359,3035.9,6.7484
30360,3036.0,6.749
30361,3036.1,6.749699999999999
30362,3036.2,6.750399999999999
30363,3036.3,6.751099999999998
30364,3036.4,6.7517999999999985
30365,3036.5,6.752500000000002
30366,3036.6,6.753200000000001
30367,3036.7,6.753900000000002
30368,3036.8,6.754600000000001
30369,3036.9,6.755300000000001
30370,3037.0,6.756
30371,3037.1,6.7566
30372,3037.2,6.757200000000002
30373,3037.3,6.757800000000001
30374,3037.4,6.758400000000001
30375,3037.5,6.759
30376,3037.6,6.759599999999999
30377,3037.7,6.760199999999998
30378,3037.8,6.7608000000000015
30379,3037.9,6.7614
30380,3038.0,6.762
30381,3038.1,6.762699999999999
30382,3038.2,6.763399999999998
30383,3038.3,6.764099999999997
30384,3038.4,6.7648
30385,3038.5,6.765499999999999
30386,3038.6,6.7661999999999995
30387,3038.7,6.766899999999999
30388,3038.8,6.767599999999998
30389,3038.9,6.768299999999997
30390,3039.0,6.769
30391,3039.1,6.7696
30392,3039.2,6.770199999999999
30393,3039.3,6.7707999999999995
30394,3039.4,6.771399999999999
30395,3039.5,6.7719999999999985
30396,3039.6,6.772599999999998
30397,3039.7,6.773200000000001
30398,3039.8,6.773800000000001
30399,3039.9,6.774400000000001
30400,3040.0,6.775
30401,3040.1,6.7756
30402,3040.2,6.7761999999999984
30403,3040.3,6.7768000000000015
30404,3040.4,6.777400000000001
30405,3040.5,6.7780000000000005
30406,3040.6,6.778599999999999
30407,3040.7,6.779199999999999
30408,3040.8,6.779799999999998
30409,3040.9,6.7804
30410,3041.0,6.781
30411,3041.1,6.781599999999999
30412,3041.2,6.782199999999999
30413,3041.3,6.782799999999999
30414,3041.4,6.7833999999999985
30415,3041.5,6.784000000000002
30416,3041.6,6.784600000000001
30417,3041.7,6.785200000000001
30418,3041.8,6.785800000000001
30419,3041.9,6.7864
30420,3042.0,6.787
30421,3042.1,6.7874
30422,3042.2,6.787800000000002
30423,3042.3,6.788200000000001
30424,3042.4,6.788600000000001
30425,3042.5,6.789000000000001
30426,3042.6,6.7894
30427,3042.7,6.7898
30428,3042.8,6.790200000000001
30429,3042.9,6.7906
30430,3043.0,6.791
30431,3043.1,6.791399999999999
30432,3043.2,6.791799999999999
30433,3043.3,6.7921999999999985
30434,3043.4,6.792600000000001
30435,3043.5,6.793
30436,3043.6,6.793399999999999
30437,3043.7,6.793799999999999
30438,3043.8,6.794199999999998
30439,3043.9,6.794599999999998
30440,3044.0,6.795
30441,3044.1,6.7953
30442,3044.2,6.795599999999999
30443,3044.3,6.7959
30444,3044.4,6.796199999999999
30445,3044.5,6.796499999999999
30446,3044.6,6.796799999999999
30447,3044.7,6.7971
30448,3044.8,6.7974000000000006
30449,3044.9,6.7977
30450,3045.0,6.798
30451,3045.1,6.7981
30452,3045.2,6.7982
30453,3045.3,6.7983
30454,3045.4,6.7984
30455,3045.5,6.798500000000001
30456,3045.6,6.7986
30457,3045.7,6.7987
30458,3045.8,6.7988
30459,3045.9,6.798900000000001
30460,3046.0,6.799
30461,3046.1,6.7991
30462,3046.2,6.7992
30463,3046.3,6.7993
30464,3046.4,6.7994
30465,3046.5,6.7995
30466,3046.6,6.7996
30467,3046.7,6.7997000000000005
30468,3046.8,6.7998
30469,3046.9,6.7999
30470,3047.0,6.8
30471,3047.1,6.7999
30472,3047.2,6.799799999999999
30473,3047.3,6.7997
30474,3047.4,6.7996
30475,3047.5,6.7995
30476,3047.6,6.7994
30477,3047.7,6.799300000000001
30478,3047.8,6.7992
30479,3047.9,6.7991
30480,3048.0,6.799
30481,3048.1,6.798800000000001
30482,3048.2,6.7986
30483,3048.3,6.798400000000001
30484,3048.4,6.7982
30485,3048.5,6.798
30486,3048.6,6.7978000000000005
30487,3048.7,6.7976
30488,3048.8,6.7974000000000006
30489,3048.9,6.797200000000001
30490,3049.0,6.797
30491,3049.1,6.7966999999999995
30492,3049.2,6.7964
30493,3049.3,6.7961
30494,3049.4,6.795800000000001
30495,3049.5,6.7955000000000005
30496,3049.6,6.7952
30497,3049.7,6.794899999999999
30498,3049.8,6.794599999999999
30499,3049.9,6.7943
30500,3050.0,6.794
30501,3050.1,6.7936000000000005
30502,3050.2,6.793200000000001
30503,3050.3,6.792799999999999
30504,3050.4,6.792399999999999
30505,3050.5,6.792
30506,3050.6,6.791600000000001
30507,3050.7,6.791200000000001
30508,3050.8,6.790800000000002
30509,3050.9,6.790399999999999
30510,3051.0,6.79
30511,3051.1,6.7895
30512,3051.2,6.789000000000001
30513,3051.3,6.788500000000001
30514,3051.4,6.788000000000001
30515,3051.5,6.787499999999999
30516,3051.6,6.786999999999999
30517,3051.7,6.786499999999999
30518,3051.8,6.786
30519,3051.9,6.7855
30520,3052.0,6.785
30521,3052.1,6.7845
30522,3052.2,6.783999999999998
30523,3052.3,6.783499999999999
30524,3052.4,6.7829999999999995
30525,3052.5,6.782500000000001
30526,3052.6,6.782000000000001
30527,3052.7,6.781500000000001
30528,3052.8,6.780999999999999
30529,3052.9,6.7805
30530,3053.0,6.78
30531,3053.1,6.779400000000001
30532,3053.2,6.778800000000001
30533,3053.3,6.778200000000003
30534,3053.4,6.7776
30535,3053.5,6.777
30536,3053.6,6.776400000000001
30537,3053.7,6.775800000000001
30538,3053.8,6.7752000000000026
30539,3053.9,6.774600000000003
30540,3054.0,6.774
30541,3054.1,6.7734000000000005
30542,3054.2,6.772800000000001
30543,3054.3,6.772200000000001
30544,3054.4,6.771600000000001
30545,3054.5,6.771000000000002
30546,3054.6,6.770400000000002
30547,3054.7,6.769799999999999
30548,3054.8,6.769199999999999
30549,3054.9,6.768599999999999
30550,3055.0,6.768
30551,3055.1,6.7673000000000005
30552,3055.2,6.766600000000001
30553,3055.3,6.7658999999999985
30554,3055.4,6.765199999999999
30555,3055.5,6.7645
30556,3055.6,6.763800000000001
30557,3055.7,6.763100000000001
30558,3055.8,6.762400000000002
30559,3055.9,6.761699999999999
30560,3056.0,6.761
30561,3056.1,6.760400000000001
30562,3056.2,6.759800000000001
30563,3056.3,6.759200000000001
30564,3056.4,6.758600000000001
30565,3056.5,6.757999999999998
30566,3056.6,6.757399999999999
30567,3056.7,6.756799999999999
30568,3056.8,6.756199999999999
30569,3056.9,6.755599999999999
30570,3057.0,6.755
30571,3057.1,6.7544
30572,3057.2,6.753799999999997
30573,3057.3,6.753199999999999
30574,3057.4,6.752599999999999
30575,3057.5,6.752
30576,3057.6,6.7514
30577,3057.7,6.750800000000001
30578,3057.8,6.750199999999999
30579,3057.9,6.749599999999999
30580,3058.0,6.749
30581,3058.1,6.7485
30582,3058.2,6.748000000000001
30583,3058.3,6.747500000000001
30584,3058.4,6.746999999999999
30585,3058.5,6.746499999999999
30586,3058.6,6.746
30587,3058.7,6.745500000000001
30588,3058.8,6.745000000000002
30589,3058.9,6.744500000000002
30590,3059.0,6.744
30591,3059.1,6.7435
30592,3059.2,6.743
30593,3059.3,6.742500000000001
30594,3059.4,6.742000000000001
30595,3059.5,6.741500000000001
30596,3059.6,6.741000000000001
30597,3059.7,6.740499999999999
30598,3059.8,6.739999999999999
30599,3059.9,6.7395
30600,3060.0,6.739
30601,3060.1,6.738600000000001
30602,3060.2,6.738200000000001
30603,3060.3,6.737799999999999
30604,3060.4,6.737399999999999
30605,3060.5,6.737
30606,3060.6,6.736600000000001
30607,3060.7,6.736200000000001
30608,3060.8,6.735800000000002
30609,3060.9,6.735399999999999
30610,3061.0,6.735
30611,3061.1,6.7347
30612,3061.2,6.734400000000001
30613,3061.3,6.734100000000001
30614,3061.4,6.733800000000001
30615,3061.5,6.733499999999999
30616,3061.6,6.733199999999999
30617,3061.7,6.7329
30618,3061.8,6.7326
30619,3061.9,6.7323
30620,3062.0,6.732
30621,3062.1,6.731800000000001
30622,3062.2,6.731599999999999
30623,3062.3,6.7314
30624,3062.4,6.7312
30625,3062.5,6.731
30626,3062.6,6.7308
30627,3062.7,6.730600000000001
30628,3062.8,6.7303999999999995
30629,3062.9,6.7302
30630,3063.0,6.73
30631,3063.1,6.729900000000001
30632,3063.2,6.729800000000001
30633,3063.3,6.7297
30634,3063.4,6.7296000000000005
30635,3063.5,6.7295
30636,3063.6,6.7294
30637,3063.7,6.7293
30638,3063.8,6.7292000000000005
30639,3063.9,6.729100000000001
30640,3064.0,6.729
30641,3064.1,6.7291
30642,3064.2,6.7292
30643,3064.3,6.7293
30644,3064.4,6.7294
30645,3064.5,6.7295
30646,3064.6,6.7296
30647,3064.7,6.7297
30648,3064.8,6.729800000000001
30649,3064.9,6.729900000000001
30650,3065.0,6.73
30651,3065.1,6.7301
30652,3065.2,6.7302
30653,3065.3,6.730300000000001
30654,3065.4,6.7304
30655,3065.5,6.7305
30656,3065.6,6.7306
30657,3065.7,6.7307
30658,3065.8,6.7307999999999995
30659,3065.9,6.7309
30660,3066.0,6.731
30661,3066.1,6.7313
30662,3066.2,6.731599999999999
30663,3066.3,6.7318999999999996
30664,3066.4,6.732199999999999
30665,3066.5,6.732500000000001
30666,3066.6,6.732800000000001
30667,3066.7,6.7331
30668,3066.8,6.7334000000000005
30669,3066.9,6.7337
30670,3067.0,6.734
30671,3067.1,6.734299999999999
30672,3067.2,6.734600000000001
30673,3067.3,6.7349000000000006
30674,3067.4,6.735200000000001
30675,3067.5,6.7355
30676,3067.6,6.735799999999999
30677,3067.7,6.7360999999999995
30678,3067.8,6.736400000000001
30679,3067.9,6.736700000000001
30680,3068.0,6.737
30681,3068.1,6.737399999999999
30682,3068.2,6.737799999999999
30683,3068.3,6.738199999999998
30684,3068.4,6.738600000000001
30685,3068.5,6.739
30686,3068.6,6.739399999999999
30687,3068.7,6.739799999999999
30688,3068.8,6.740199999999998
30689,3068.9,6.740599999999998
30690,3069.0,6.741
30691,3069.1,6.7414
30692,3069.2,6.7418
30693,3069.3,6.7421999999999995
30694,3069.4,6.742599999999999
30695,3069.5,6.7429999999999986
30696,3069.6,6.7433999999999985
30697,3069.7,6.7438
30698,3069.8,6.7442
30699,3069.9,6.7446
30700,3070.0,6.745
30701,3070.1,6.7455
30702,3070.2,6.745999999999999
30703,3070.3,6.746500000000001
30704,3070.4,6.747000000000001
30705,3070.5,6.7475000000000005
30706,3070.6,6.747999999999999
30707,3070.7,6.748499999999999
30708,3070.8,6.748999999999998
30709,3070.9,6.7495
30710,3071.0,6.75
30711,3071.1,6.7505999999999995
30712,3071.2,6.751199999999999
30713,3071.3,6.751799999999998
30714,3071.4,6.752399999999997
30715,3071.5,6.753
30716,3071.6,6.7536
30717,3071.7,6.754199999999999
30718,3071.8,6.754799999999998
30719,3071.9,6.755399999999997
30720,3072.0,6.755999999999997
30721,3072.1,6.756499999999997
30722,3072.2,6.757
30723,3072.3,6.757499999999999
30724,3072.4,6.757999999999999
30725,3072.5,6.758499999999999
30726,3072.6,6.758999999999999
30727,3072.7,6.759499999999998
30728,3072.8,6.760000000000001
30729,3072.9,6.7605
30730,3073.0,6.761
30731,3073.1,6.7615
30732,3073.2,6.761999999999999
30733,3073.3,6.762499999999998
30734,3073.4,6.763000000000001
30735,3073.5,6.7635000000000005
30736,3073.6,6.763999999999999
30737,3073.7,6.764499999999999
30738,3073.8,6.764999999999998
30739,3073.9,6.765499999999998
30740,3074.0,6.766
30741,3074.1,6.7665
30742,3074.2,6.7669999999999995
30743,3074.3,6.767499999999999
30744,3074.4,6.767999999999999
30745,3074.5,6.768499999999999
30746,3074.6,6.768999999999998
30747,3074.7,6.769500000000001
30748,3074.8,6.7700000000000005
30749,3074.9,6.7705
30750,3075.0,6.771
30751,3075.1,6.7714
30752,3075.2,6.771799999999999
30753,3075.3,6.772200000000001
30754,3075.4,6.772600000000001
30755,3075.5,6.773000000000001
30756,3075.6,6.7734
30757,3075.7,6.7738
30758,3075.8,6.774199999999999
30759,3075.9,6.7746
30760,3076.0,6.775
30761,3076.1,6.775399999999999
30762,3076.2,6.775799999999999
30763,3076.3,6.7761999999999984
30764,3076.4,6.776599999999998
30765,3076.5,6.777
30766,3076.6,6.777399999999999
30767,3076.7,6.777799999999999
30768,3076.8,6.778199999999998
30769,3076.9,6.778599999999998
30770,3077.0,6.778999999999997
30771,3077.1,6.779299999999998
30772,3077.2,6.779599999999999
30773,3077.3,6.7799
30774,3077.4,6.780199999999999
30775,3077.5,6.780499999999999
30776,3077.6,6.780799999999999
30777,3077.7,6.781099999999999
30778,3077.8,6.7814000000000005
30779,3077.9,6.7817
30780,3078.0,6.782
30781,3078.1,6.7822
30782,3078.2,6.782399999999999
30783,3078.3,6.7825999999999995
30784,3078.4,6.7828
30785,3078.5,6.783
30786,3078.6,6.7832
30787,3078.7,6.783399999999999
30788,3078.8,6.783599999999999
30789,3078.9,6.7837999999999985
30790,3079.0,6.784
30791,3079.1,6.7841
30792,3079.2,6.784199999999999
30793,3079.3,6.7843
30794,3079.4,6.7844
30795,3079.5,6.7844999999999995
30796,3079.6,6.784599999999999
30797,3079.7,6.7847
30798,3079.8,6.784800000000001
30799,3079.9,6.7849
30800,3080.0,6.785
30801,3080.1,6.785
30802,3080.2,6.785
30803,3080.3,6.785
30804,3080.4,6.785
30805,3080.5,6.785
30806,3080.6,6.785
30807,3080.7,6.785
30808,3080.8,6.785
30809,3080.9,6.785
30810,3081.0,6.785
30811,3081.1,6.7849
30812,3081.2,6.784800000000001
30813,3081.3,6.7847
30814,3081.4,6.7846
30815,3081.5,6.7844999999999995
30816,3081.6,6.7844
30817,3081.7,6.7843
30818,3081.8,6.7842
30819,3081.9,6.7841000000000005
30820,3082.0,6.784000000000001
30821,3082.1,6.783800000000001
30822,3082.2,6.7836
30823,3082.3,6.7834
30824,3082.4,6.783200000000001
30825,3082.5,6.783
30826,3082.6,6.782800000000001
30827,3082.7,6.7826
30828,3082.8,6.7824
30829,3082.9,6.7822
30830,3083.0,6.782
30831,3083.1,6.781700000000001
30832,3083.2,6.7814000000000005
30833,3083.3,6.781100000000001
30834,3083.4,6.780799999999999
30835,3083.5,6.7805
30836,3083.6,6.780200000000001
30837,3083.7,6.7799000000000005
30838,3083.8,6.779600000000001
30839,3083.9,6.779300000000001
30840,3084.0,6.779
30841,3084.1,6.7787
30842,3084.2,6.7784
30843,3084.3,6.7781
30844,3084.4,6.777800000000001
30845,3084.5,6.777500000000001
30846,3084.6,6.777200000000001
30847,3084.7,6.7768999999999995
30848,3084.8,6.776599999999999
30849,3084.9,6.7763
30850,3085.0,6.776
30851,3085.1,6.775600000000001
30852,3085.2,6.775200000000001
30853,3085.3,6.774799999999999
30854,3085.4,6.774399999999999
30855,3085.5,6.774
30856,3085.6,6.773600000000001
30857,3085.7,6.773200000000001
30858,3085.8,6.772800000000002
30859,3085.9,6.772399999999999
30860,3086.0,6.772
30861,3086.1,6.7716
30862,3086.2,6.771200000000001
30863,3086.3,6.770800000000001
30864,3086.4,6.770400000000002
30865,3086.5,6.77
30866,3086.6,6.7696000000000005
30867,3086.7,6.7692000000000005
30868,3086.8,6.7688000000000015
30869,3086.9,6.7684000000000015
30870,3087.0,6.7680000000000025
30871,3087.1,6.767500000000003
30872,3087.2,6.767
30873,3087.3,6.766500000000001
30874,3087.4,6.766000000000001
30875,3087.5,6.765500000000001
30876,3087.6,6.7650000000000015
30877,3087.7,6.764500000000002
30878,3087.8,6.763999999999999
30879,3087.9,6.7635
30880,3088.0,6.763
30881,3088.1,6.7625
30882,3088.2,6.762000000000001
30883,3088.3,6.761500000000002
30884,3088.4,6.760999999999999
30885,3088.5,6.7605
30886,3088.6,6.760000000000001
30887,3088.7,6.759500000000001
30888,3088.8,6.759000000000002
30889,3088.9,6.758500000000002
30890,3089.0,6.758
30891,3089.1,6.7575
30892,3089.2,6.757000000000001
30893,3089.3,6.756500000000001
30894,3089.4,6.756000000000001
30895,3089.5,6.755500000000001
30896,3089.6,6.755000000000002
30897,3089.7,6.754499999999999
30898,3089.8,6.754
30899,3089.9,6.7535
30900,3090.0,6.753
30901,3090.1,6.7525
30902,3090.2,6.752000000000002
30903,3090.3,6.751499999999999
30904,3090.4,6.7509999999999994
30905,3090.5,6.750500000000001
30906,3090.6,6.750000000000001
30907,3090.7,6.749500000000001
30908,3090.8,6.749000000000002
30909,3090.9,6.7485
30910,3091.0,6.748
30911,3091.1,6.7476
30912,3091.2,6.747200000000001
30913,3091.3,6.746800000000001
30914,3091.4,6.746400000000002
30915,3091.5,6.746
30916,3091.6,6.7456000000000005
30917,3091.7,6.7452000000000005
30918,3091.8,6.7448000000000015
30919,3091.9,6.7444000000000015
30920,3092.0,6.744000000000002
30921,3092.1,6.7436000000000025
30922,3092.2,6.743200000000001
30923,3092.3,6.742800000000001
30924,3092.4,6.742400000000001
30925,3092.5,6.742000000000001
30926,3092.6,6.741600000000002
30927,3092.7,6.741200000000002
30928,3092.8,6.740799999999999
30929,3092.9,6.7404
30930,3093.0,6.74
30931,3093.1,6.7396
30932,3093.2,6.739200000000001
30933,3093.3,6.738800000000001
30934,3093.4,6.7383999999999995
30935,3093.5,6.7379999999999995
30936,3093.6,6.7376000000000005
30937,3093.7,6.7372000000000005
30938,3093.8,6.7368000000000015
30939,3093.9,6.7364000000000015
30940,3094.0,6.736
30941,3094.1,6.7358
30942,3094.2,6.7356
30943,3094.3,6.7354
30944,3094.4,6.735200000000001
30945,3094.5,6.735
30946,3094.6,6.734800000000001
30947,3094.7,6.7345999999999995
30948,3094.8,6.7344
30949,3094.9,6.7341999999999995
30950,3095.0,6.734
30951,3095.1,6.733700000000001
30952,3095.2,6.7334000000000005
30953,3095.3,6.733099999999999
30954,3095.4,6.732799999999999
30955,3095.5,6.7325
30956,3095.6,6.732200000000001
30957,3095.7,6.7319
30958,3095.8,6.731600000000001
30959,3095.9,6.731299999999999
30960,3096.0,6.731
30961,3096.1,6.7309
30962,3096.2,6.7308
30963,3096.3,6.730700000000001
30964,3096.4,6.730600000000001
30965,3096.5,6.7305
30966,3096.6,6.7304
30967,3096.7,6.730300000000001
30968,3096.8,6.730200000000001
30969,3096.9,6.730100000000001
30970,3097.0,6.730000000000001
30971,3097.1,6.729900000000001
30972,3097.2,6.729800000000001
30973,3097.3,6.7297
30974,3097.4,6.7296000000000005
30975,3097.5,6.729500000000001
30976,3097.6,6.729400000000001
30977,3097.7,6.7293
30978,3097.8,6.7292
30979,3097.9,6.7291
30980,3098.0,6.729
30981,3098.1,6.7289
30982,3098.2,6.728800000000001
30983,3098.3,6.7287
30984,3098.4,6.7286
30985,3098.5,6.7285
30986,3098.6,6.7284
30987,3098.7,6.7283
30988,3098.8,6.7282
30989,3098.9,6.7281
30990,3099.0,6.728
30991,3099.1,6.728
30992,3099.2,6.728
30993,3099.3,6.728
30994,3099.4,6.728
30995,3099.5,6.728
30996,3099.6,6.728
30997,3099.7,6.728
30998,3099.8,6.728
30999,3099.9,6.728
31000,3100.0,6.728
31001,3100.1,6.7280999999999995
31002,3100.2,6.728199999999999
31003,3100.3,6.7283
31004,3100.4,6.7284
31005,3100.5,6.7285
31006,3100.6,6.7286
31007,3100.7,6.7287
31008,3100.8,6.7288
31009,3100.9,6.7289
31010,3101.0,6.729
31011,3101.1,6.7292
31012,3101.2,6.729399999999999
31013,3101.3,6.7296
31014,3101.4,6.729799999999999
31015,3101.5,6.73
31016,3101.6,6.7302
31017,3101.7,6.7303999999999995
31018,3101.8,6.730599999999999
31019,3101.9,6.730799999999999
31020,3102.0,6.730999999999999
31021,3102.1,6.7311
31022,3102.2,6.731199999999999
31023,3102.3,6.7313
31024,3102.4,6.7314
31025,3102.5,6.7315
31026,3102.6,6.731599999999999
31027,3102.7,6.7317
31028,3102.8,6.731800000000001
31029,3102.9,6.7319
31030,3103.0,6.732
31031,3103.1,6.7322
31032,3103.2,6.732399999999999
31033,3103.3,6.7326
31034,3103.4,6.7328
31035,3103.5,6.7330000000000005
31036,3103.6,6.7332
31037,3103.7,6.7334
31038,3103.8,6.733599999999999
31039,3103.9,6.733799999999999
31040,3104.0,6.734
31041,3104.1,6.7343
31042,3104.2,6.7345999999999995
31043,3104.3,6.7349
31044,3104.4,6.735199999999999
31045,3104.5,6.735499999999999
31046,3104.6,6.735799999999999
31047,3104.7,6.7361
31048,3104.8,6.736400000000001
31049,3104.9,6.7367
31050,3105.0,6.737
31051,3105.1,6.7372
31052,3105.2,6.737399999999999
31053,3105.3,6.7376000000000005
31054,3105.4,6.7378
31055,3105.5,6.738
31056,3105.6,6.7382
31057,3105.7,6.7383999999999995
31058,3105.8,6.738599999999999
31059,3105.9,6.7388
31060,3106.0,6.739
31061,3106.1,6.739299999999999
31062,3106.2,6.739599999999999
31063,3106.3,6.739899999999999
31064,3106.4,6.740199999999999
31065,3106.5,6.7405
31066,3106.6,6.740799999999999
31067,3106.7,6.741099999999999
31068,3106.8,6.741399999999999
31069,3106.9,6.741699999999999
31070,3107.0,6.741999999999998
31071,3107.1,6.742199999999999
31072,3107.2,6.7424
31073,3107.3,6.7425999999999995
31074,3107.4,6.742799999999999
31075,3107.5,6.742999999999999
31076,3107.6,6.743199999999999
31077,3107.7,6.743399999999999
31078,3107.8,6.7436
31079,3107.9,6.7438
31080,3108.0,6.744
31081,3108.1,6.744199999999999
31082,3108.2,6.7444
31083,3108.3,6.744599999999999
31084,3108.4,6.744800000000001
31085,3108.5,6.745
31086,3108.6,6.7452
31087,3108.7,6.7454
31088,3108.8,6.7456
31089,3108.9,6.745799999999999
31090,3109.0,6.746
31091,3109.1,6.746300000000001
31092,3109.2,6.7466
31093,3109.3,6.7469
31094,3109.4,6.747199999999999
31095,3109.5,6.7475
31096,3109.6,6.747799999999999
31097,3109.7,6.7481
31098,3109.8,6.7484
31099,3109.9,6.7486999999999995
31100,3110.0,6.749
31101,3110.1,6.749199999999999
31102,3110.2,6.7494
31103,3110.3,6.7496
31104,3110.4,6.7498000000000005
31105,3110.5,6.75
31106,3110.6,6.7501999999999995
31107,3110.7,6.7504
31108,3110.8,6.7505999999999995
31109,3110.9,6.750800000000001
31110,3111.0,6.751
31111,3111.1,6.7512
31112,3111.2,6.751399999999999
31113,3111.3,6.7516
31114,3111.4,6.751799999999999
31115,3111.5,6.752000000000001
31116,3111.6,6.7522
31117,3111.7,6.7524
31118,3111.8,6.752599999999999
31119,3111.9,6.752799999999999
31120,3112.0,6.752999999999999
31121,3112.1,6.7532999999999985
31122,3112.2,6.7536
31123,3112.3,6.7539
31124,3112.4,6.754199999999999
31125,3112.5,6.754499999999999
31126,3112.6,6.7547999999999995
31127,3112.7,6.755099999999999
31128,3112.8,6.755400000000001
31129,3112.9,6.7557
31130,3113.0,6.756
31131,3113.1,6.7562
31132,3113.2,6.756399999999999
31133,3113.3,6.7566
31134,3113.4,6.7568
31135,3113.5,6.757
31136,3113.6,6.7572
31137,3113.7,6.7574
31138,3113.8,6.757599999999999
31139,3113.9,6.757799999999999
31140,3114.0,6.758
31141,3114.1,6.7581999999999995
31142,3114.2,6.7584
31143,3114.3,6.7585999999999995
31144,3114.4,6.758799999999999
31145,3114.5,6.7589999999999995
31146,3114.6,6.759199999999999
31147,3114.7,6.7594
31148,3114.8,6.7596
31149,3114.9,6.7598
31150,3115.0,6.76
31151,3115.1,6.760199999999999
31152,3115.2,6.760399999999999
31153,3115.3,6.7606
31154,3115.4,6.7608
31155,3115.5,6.760999999999999
31156,3115.6,6.7612
31157,3115.7,6.761399999999999
31158,3115.8,6.761599999999999
31159,3115.9,6.7618
31160,3116.0,6.762
31161,3116.1,6.762199999999999
31162,3116.2,6.7623999999999995
31163,3116.3,6.762599999999999
31164,3116.4,6.762799999999999
31165,3116.5,6.763
31166,3116.6,6.763199999999999
31167,3116.7,6.7634
31168,3116.8,6.763599999999999
31169,3116.9,6.763799999999999
31170,3117.0,6.763999999999999
31171,3117.1,6.764199999999999
31172,3117.2,6.7644
31173,3117.3,6.7646
31174,3117.4,6.764799999999999
31175,3117.5,6.765
31176,3117.6,6.765199999999999
31177,3117.7,6.7654
31178,3117.8,6.7656
31179,3117.9,6.7658000000000005
31180,3118.0,6.766
31181,3118.1,6.7661999999999995
31182,3118.2,6.766399999999999
31183,3118.3,6.7665999999999995
31184,3118.4,6.7668
31185,3118.5,6.7669999999999995
31186,3118.6,6.7672
31187,3118.7,6.767399999999999
31188,3118.8,6.767599999999999
31189,3118.9,6.7677999999999985
31190,3119.0,6.768
31191,3119.1,6.768199999999999
31192,3119.2,6.7684
31193,3119.3,6.768599999999999
31194,3119.4,6.768799999999999
31195,3119.5,6.768999999999999
31196,3119.6,6.769199999999999
31197,3119.7,6.7694
31198,3119.8,6.7696
31199,3119.9,6.7698
31200,3120.0,6.77
31201,3120.1,6.770199999999999
31202,3120.2,6.7703999999999995
31203,3120.3,6.7706
31204,3120.4,6.7708
31205,3120.5,6.771
31206,3120.6,6.771199999999999
31207,3120.7,6.7714
31208,3120.8,6.771599999999999
31209,3120.9,6.771800000000001
31210,3121.0,6.772
31211,3121.1,6.7722
31212,3121.2,6.772399999999999
31213,3121.3,6.7726
31214,3121.4,6.772799999999999
31215,3121.5,6.773000000000001
31216,3121.6,6.7732
31217,3121.7,6.7734
31218,3121.8,6.773599999999999
31219,3121.9,6.773799999999999
31220,3122.0,6.773999999999999
31221,3122.1,6.774199999999999
31222,3122.2,6.7744
31223,3122.3,6.7745999999999995
31224,3122.4,6.774799999999999
31225,3122.5,6.7749999999999995
31226,3122.6,6.775199999999999
31227,3122.7,6.775399999999999
31228,3122.8,6.7756
31229,3122.9,6.7758
31230,3123.0,6.776
31231,3123.1,6.776199999999999
31232,3123.2,6.776399999999999
31233,3123.3,6.776599999999999
31234,3123.4,6.7768
31235,3123.5,6.776999999999999
31236,3123.6,6.7772
31237,3123.7,6.777399999999999
31238,3123.8,6.777599999999999
31239,3123.9,6.777799999999998
31240,3124.0,6.778
31241,3124.1,6.778199999999999
31242,3124.2,6.7783999999999995
31243,3124.3,6.778599999999999
31244,3124.4,6.7787999999999995
31245,3124.5,6.778999999999999
31246,3124.6,6.7791999999999994
31247,3124.7,6.779400000000001
31248,3124.8,6.7796
31249,3124.9,6.779800000000001
31250,3125.0,6.78
31251,3125.1,6.7801
31252,3125.2,6.7802
31253,3125.3,6.7803
31254,3125.4,6.7804
31255,3125.5,6.7805
31256,3125.6,6.7806
31257,3125.7,6.7806999999999995
31258,3125.8,6.780799999999999
31259,3125.9,6.7809
31260,3126.0,6.781
31261,3126.1,6.781199999999999
31262,3126.2,6.7814
31263,3126.3,6.781599999999999
31264,3126.4,6.781799999999999
31265,3126.5,6.782
31266,3126.6,6.7822
31267,3126.7,6.7824
31268,3126.8,6.7825999999999995
31269,3126.9,6.782799999999999
31270,3127.0,6.7829999999999995
31271,3127.1,6.783
31272,3127.2,6.783
31273,3127.3,6.783
31274,3127.4,6.783
31275,3127.5,6.783
31276,3127.6,6.783
31277,3127.7,6.783
31278,3127.8,6.783
31279,3127.9,6.783
31280,3128.0,6.783
31281,3128.1,6.7831
31282,3128.2,6.7832
31283,3128.3,6.7833
31284,3128.4,6.7834
31285,3128.5,6.7835
31286,3128.6,6.7836
31287,3128.7,6.7837
31288,3128.8,6.783799999999999
31289,3128.9,6.783899999999999
31290,3129.0,6.784
31291,3129.1,6.784
31292,3129.2,6.784
31293,3129.3,6.784
31294,3129.4,6.784
31295,3129.5,6.784
31296,3129.6,6.784
31297,3129.7,6.784
31298,3129.8,6.784
31299,3129.9,6.784
31300,3130.0,6.784
31301,3130.1,6.7839
31302,3130.2,6.7838
31303,3130.3,6.7837
31304,3130.4,6.7836
31305,3130.5,6.7835
31306,3130.6,6.7834
31307,3130.7,6.7833000000000006
31308,3130.8,6.783200000000001
31309,3130.9,6.7831
31310,3131.0,6.783
31311,3131.1,6.782800000000001
31312,3131.2,6.7826
31313,3131.3,6.782400000000001
31314,3131.4,6.782200000000001
31315,3131.5,6.782
31316,3131.6,6.7818000000000005
31317,3131.7,6.7816
31318,3131.8,6.7814000000000005
31319,3131.9,6.781200000000001
31320,3132.0,6.781000000000001
31321,3132.1,6.780800000000001
31322,3132.2,6.7806
31323,3132.3,6.7804
31324,3132.4,6.780200000000001
31325,3132.5,6.78
31326,3132.6,6.779800000000001
31327,3132.7,6.7796
31328,3132.8,6.7794
31329,3132.9,6.7791999999999994
31330,3133.0,6.779
31331,3133.1,6.778700000000001
31332,3133.2,6.7784
31333,3133.3,6.778100000000001
31334,3133.4,6.777799999999999
31335,3133.5,6.7775
31336,3133.6,6.777200000000001
31337,3133.7,6.7769
31338,3133.8,6.776600000000001
31339,3133.9,6.776300000000001
31340,3134.0,6.776
31341,3134.1,6.7756
31342,3134.2,6.775200000000001
31343,3134.3,6.774800000000001
31344,3134.4,6.774400000000001
31345,3134.5,6.774000000000001
31346,3134.6,6.773600000000002
31347,3134.7,6.773199999999999
31348,3134.8,6.772799999999999
31349,3134.9,6.7724
31350,3135.0,6.772
31351,3135.1,6.7716
31352,3135.2,6.771200000000001
31353,3135.3,6.7707999999999995
31354,3135.4,6.7703999999999995
31355,3135.5,6.77
31356,3135.6,6.7696000000000005
31357,3135.7,6.7692000000000005
31358,3135.8,6.7688000000000015
31359,3135.9,6.7684
31360,3136.0,6.768
31361,3136.1,6.7675
31362,3136.2,6.767000000000001
31363,3136.3,6.7665000000000015
31364,3136.4,6.766000000000002
31365,3136.5,6.765499999999999
31366,3136.6,6.765000000000001
31367,3136.7,6.764500000000001
31368,3136.8,6.764000000000002
31369,3136.9,6.763500000000002
31370,3137.0,6.763000000000003
31371,3137.1,6.762400000000004
31372,3137.2,6.761800000000001
31373,3137.3,6.7612000000000005
31374,3137.4,6.760600000000001
31375,3137.5,6.760000000000002
31376,3137.6,6.759400000000002
31377,3137.7,6.758800000000002
31378,3137.8,6.758199999999999
31379,3137.9,6.757599999999999
31380,3138.0,6.757
31381,3138.1,6.7564
31382,3138.2,6.755800000000002
31383,3138.3,6.755200000000002
31384,3138.4,6.754599999999999
31385,3138.5,6.7540000000000004
31386,3138.6,6.753400000000001
31387,3138.7,6.7528000000000015
31388,3138.8,6.752200000000002
31389,3138.9,6.751600000000003
31390,3139.0,6.751
31391,3139.1,6.750400000000001
31392,3139.2,6.749800000000001
31393,3139.3,6.749200000000001
31394,3139.4,6.7486000000000015
31395,3139.5,6.748000000000002
31396,3139.6,6.7474000000000025
31397,3139.7,6.7467999999999995
31398,3139.8,6.746199999999999
31399,3139.9,6.7456
31400,3140.0,6.745
31401,3140.1,6.744300000000001
31402,3140.2,6.743600000000002
31403,3140.3,6.742899999999999
31404,3140.4,6.7421999999999995
31405,3140.5,6.7415
31406,3140.6,6.740800000000001
31407,3140.7,6.740100000000002
31408,3140.8,6.7394000000000025
31409,3140.9,6.7387
31410,3141.0,6.738
31411,3141.1,6.737400000000001
31412,3141.2,6.7368000000000015
31413,3141.3,6.736200000000003
31414,3141.4,6.735600000000003
31415,3141.5,6.735
31416,3141.6,6.734400000000001
31417,3141.7,6.733800000000001
31418,3141.8,6.733200000000003
31419,3141.9,6.732600000000003
31420,3142.0,6.732000000000004
31421,3142.1,6.731400000000004
31422,3142.2,6.730800000000001
31423,3142.3,6.730200000000001
31424,3142.4,6.729600000000001
31425,3142.5,6.729000000000002
31426,3142.6,6.728400000000002
31427,3142.7,6.727800000000002
31428,3142.8,6.727199999999999
31429,3142.9,6.7265999999999995
31430,3143.0,6.726
31431,3143.1,6.7254000000000005
31432,3143.2,6.724800000000001
31433,3143.3,6.724200000000002
31434,3143.4,6.723599999999999
31435,3143.5,6.723
31436,3143.6,6.7224
31437,3143.7,6.721800000000001
31438,3143.8,6.721200000000001
31439,3143.9,6.720600000000003
31440,3144.0,6.72
31441,3144.1,6.7195
31442,3144.2,6.719
31443,3144.3,6.718500000000001
31444,3144.4,6.718000000000001
31445,3144.5,6.717500000000001
31446,3144.6,6.717000000000001
31447,3144.7,6.716499999999999
31448,3144.8,6.715999999999999
31449,3144.9,6.7155
31450,3145.0,6.715
31451,3145.1,6.714600000000001
31452,3145.2,6.714200000000001
31453,3145.3,6.713799999999999
31454,3145.4,6.713399999999999
31455,3145.5,6.713
31456,3145.6,6.712600000000001
31457,3145.7,6.712200000000001
31458,3145.8,6.711800000000002
31459,3145.9,6.711399999999999
31460,3146.0,6.711
31461,3146.1,6.7106
31462,3146.2,6.710200000000001
31463,3146.3,6.709800000000001
31464,3146.4,6.709400000000002
31465,3146.5,6.709
31466,3146.6,6.708600000000001
31467,3146.7,6.708200000000001
31468,3146.8,6.7078000000000015
31469,3146.9,6.707400000000002
31470,3147.0,6.7070000000000025
31471,3147.1,6.706800000000001
31472,3147.2,6.7066
31473,3147.3,6.7064
31474,3147.4,6.706200000000001
31475,3147.5,6.706
31476,3147.6,6.705800000000001
31477,3147.7,6.7056000000000004
31478,3147.8,6.7054
31479,3147.9,6.7052
31480,3148.0,6.705
31481,3148.1,6.705
31482,3148.2,6.705
31483,3148.3,6.705
31484,3148.4,6.705
31485,3148.5,6.705
31486,3148.6,6.705
31487,3148.7,6.705
31488,3148.8,6.705
31489,3148.9,6.705
31490,3149.0,6.705
31491,3149.1,6.705
31492,3149.2,6.705
31493,3149.3,6.705
31494,3149.4,6.705
31495,3149.5,6.705
31496,3149.6,6.705
31497,3149.7,6.705
31498,3149.8,6.705
31499,3149.9,6.705
31500,3150.0,6.705
31501,3150.1,6.7052
31502,3150.2,6.705399999999999
31503,3150.3,6.7056000000000004
31504,3150.4,6.7058
31505,3150.5,6.7059999999999995
31506,3150.6,6.7062
31507,3150.7,6.7063999999999995
31508,3150.8,6.706599999999999
31509,3150.9,6.7068
31510,3151.0,6.707
31511,3151.1,6.707299999999999
31512,3151.2,6.707599999999999
31513,3151.3,6.707899999999999
31514,3151.4,6.708199999999999
31515,3151.5,6.7085
31516,3151.6,6.708799999999999
31517,3151.7,6.709099999999999
31518,3151.8,6.709399999999999
31519,3151.9,6.709699999999999
31520,3152.0,6.709999999999998
31521,3152.1,6.710499999999997
31522,3152.2,6.710999999999999
31523,3152.3,6.711499999999999
31524,3152.4,6.711999999999999
31525,3152.5,6.712499999999999
31526,3152.6,6.712999999999998
31527,3152.7,6.713499999999998
31528,3152.8,6.714
31529,3152.9,6.7145
31530,3153.0,6.715
31531,3153.1,6.7155
31532,3153.2,6.715999999999998
31533,3153.3,6.716499999999998
31534,3153.4,6.7170000000000005
31535,3153.5,6.717499999999999
31536,3153.6,6.717999999999999
31537,3153.7,6.718499999999999
31538,3153.8,6.718999999999998
31539,3153.9,6.719499999999997
31540,3154.0,6.72
31541,3154.1,6.720699999999999
31542,3154.2,6.721399999999999
31543,3154.3,6.722099999999998
31544,3154.4,6.7227999999999986
31545,3154.5,6.723499999999998
31546,3154.6,6.724199999999998
31547,3154.7,6.724900000000002
31548,3154.8,6.725600000000001
31549,3154.9,6.726300000000001
31550,3155.0,6.727
31551,3155.1,6.727799999999999
31552,3155.2,6.728599999999998
31553,3155.3,6.729400000000002
31554,3155.4,6.730200000000001
31555,3155.5,6.731
31556,3155.6,6.7318
31557,3155.7,6.732599999999999
31558,3155.8,6.733399999999998
31559,3155.9,6.734200000000001
31560,3156.0,6.735
31561,3156.1,6.735799999999999
31562,3156.2,6.736599999999998
31563,3156.3,6.737399999999997
31564,3156.4,6.738199999999996
31565,3156.5,6.739000000000001
31566,3156.6,6.7398
31567,3156.7,6.740599999999999
31568,3156.8,6.741399999999998
31569,3156.9,6.742199999999997
31570,3157.0,6.742999999999996
31571,3157.1,6.743899999999995
31572,3157.2,6.744799999999999
31573,3157.3,6.7456999999999985
31574,3157.4,6.746599999999998
31575,3157.5,6.747499999999998
31576,3157.6,6.748399999999997
31577,3157.7,6.749299999999996
31578,3157.8,6.750200000000001
31579,3157.9,6.7511
31580,3158.0,6.752
31581,3158.1,6.752899999999999
31582,3158.2,6.753799999999997
31583,3158.3,6.754699999999997
31584,3158.4,6.755600000000001
31585,3158.5,6.7565
31586,3158.6,6.757399999999999
31587,3158.7,6.7582999999999975
31588,3158.8,6.759199999999997
31589,3158.9,6.760099999999996
31590,3159.0,6.761
31591,3159.1,6.762
31592,3159.2,6.762999999999999
31593,3159.3,6.7639999999999985
31594,3159.4,6.764999999999998
31595,3159.5,6.765999999999997
31596,3159.6,6.766999999999997
31597,3159.7,6.768000000000002
31598,3159.8,6.769000000000001
31599,3159.9,6.7700000000000005
31600,3160.0,6.771
31601,3160.1,6.771799999999999
31602,3160.2,6.772599999999998
31603,3160.3,6.773400000000001
31604,3160.4,6.7742
31605,3160.5,6.775
31606,3160.6,6.775799999999999
31607,3160.7,6.776599999999998
31608,3160.8,6.777399999999997
31609,3160.9,6.778200000000001
31610,3161.0,6.779
31611,3161.1,6.779899999999999
31612,3161.2,6.7807999999999975
31613,3161.3,6.781699999999997
31614,3161.4,6.782599999999996
31615,3161.5,6.7835
31616,3161.6,6.784399999999999
31617,3161.7,6.785299999999998
31618,3161.8,6.786199999999997
31619,3161.9,6.787099999999996
31620,3162.0,6.787999999999995
31621,3162.1,6.788699999999996
31622,3162.2,6.7894
31623,3162.3,6.790099999999999
31624,3162.4,6.790799999999998
31625,3162.5,6.791499999999998
31626,3162.6,6.792199999999998
31627,3162.7,6.792899999999997
31628,3162.8,6.7936000000000005
31629,3162.9,6.794300000000001
31630,3163.0,6.795
31631,3163.1,6.795599999999999
31632,3163.2,6.796199999999999
31633,3163.3,6.7967999999999975
31634,3163.4,6.7974000000000006
31635,3163.5,6.798
31636,3163.6,6.7985999999999995
31637,3163.7,6.799199999999999
31638,3163.8,6.799799999999998
31639,3163.9,6.800399999999997
31640,3164.0,6.801
31641,3164.1,6.8015
31642,3164.2,6.802
31643,3164.3,6.802499999999999
31644,3164.4,6.802999999999999
31645,3164.5,6.803499999999999
31646,3164.6,6.8039999999999985
31647,3164.7,6.804500000000001
31648,3164.8,6.805000000000001
31649,3164.9,6.8055
31650,3165.0,6.806
31651,3165.1,6.806399999999999
31652,3165.2,6.806799999999999
31653,3165.3,6.807200000000001
31654,3165.4,6.807600000000001
31655,3165.5,6.808
31656,3165.6,6.808399999999999
31657,3165.7,6.808799999999999
31658,3165.8,6.809199999999998
31659,3165.9,6.8096000000000005
31660,3166.0,6.81
31661,3166.1,6.810299999999999
31662,3166.2,6.810599999999999
31663,3166.3,6.810899999999998
31664,3166.4,6.811199999999999
31665,3166.5,6.8115
31666,3166.6,6.811799999999999
31667,3166.7,6.812099999999999
31668,3166.8,6.8123999999999985
31669,3166.9,6.812699999999999
31670,3167.0,6.812999999999998
31671,3167.1,6.8130999999999995
31672,3167.2,6.813199999999999
31673,3167.3,6.8133
31674,3167.4,6.8134
31675,3167.5,6.8134999999999994
31676,3167.6,6.813599999999999
31677,3167.7,6.8137
31678,3167.8,6.8138000000000005
31679,3167.9,6.8139
31680,3168.0,6.814
31681,3168.1,6.8139
31682,3168.2,6.8138000000000005
31683,3168.3,6.8137
31684,3168.4,6.8136
31685,3168.5,6.8134999999999994
31686,3168.6,6.8134
31687,3168.7,6.8133
31688,3168.8,6.8132
31689,3168.9,6.8131
31690,3169.0,6.813
31691,3169.1,6.8128
31692,3169.2,6.8126
31693,3169.3,6.8124
31694,3169.4,6.812200000000001
31695,3169.5,6.812
31696,3169.6,6.811800000000001
31697,3169.7,6.811599999999999
31698,3169.8,6.8114
31699,3169.9,6.8111999999999995
31700,3170.0,6.811
31701,3170.1,6.810700000000001
31702,3170.2,6.8104000000000005
31703,3170.3,6.810099999999999
31704,3170.4,6.809799999999999
31705,3170.5,6.8095
31706,3170.6,6.809200000000001
31707,3170.7,6.8089
31708,3170.8,6.808600000000001
31709,3170.9,6.808299999999999
31710,3171.0,6.808
31711,3171.1,6.8075
31712,3171.2,6.807000000000001
31713,3171.3,6.8065000000000015
31714,3171.4,6.806000000000002
31715,3171.5,6.8055
31716,3171.6,6.805000000000001
31717,3171.7,6.804500000000001
31718,3171.8,6.804000000000002
31719,3171.9,6.803500000000002
31720,3172.0,6.803000000000003
31721,3172.1,6.802500000000003
31722,3172.2,6.8020000000000005
31723,3172.3,6.801500000000001
31724,3172.4,6.801000000000001
31725,3172.5,6.800500000000001
31726,3172.6,6.800000000000002
31727,3172.7,6.799500000000002
31728,3172.8,6.7989999999999995
31729,3172.9,6.7985
31730,3173.0,6.798
31731,3173.1,6.797300000000001
31732,3173.2,6.7966000000000015
31733,3173.3,6.795900000000002
31734,3173.4,6.7951999999999995
31735,3173.5,6.7945
31736,3173.6,6.793800000000001
31737,3173.7,6.793100000000002
31738,3173.8,6.792400000000002
31739,3173.9,6.791700000000003
31740,3174.0,6.791
31741,3174.1,6.790300000000001
31742,3174.2,6.789600000000001
31743,3174.3,6.788900000000002
31744,3174.4,6.788200000000002
31745,3174.5,6.787500000000002
31746,3174.6,6.786800000000002
31747,3174.7,6.7860999999999985
31748,3174.8,6.785399999999999
31749,3174.9,6.784699999999999
31750,3175.0,6.784
31751,3175.1,6.7833000000000006
31752,3175.2,6.782600000000001
31753,3175.3,6.7818999999999985
31754,3175.4,6.781199999999999
31755,3175.5,6.7805
31756,3175.6,6.779800000000001
31757,3175.7,6.7791000000000015
31758,3175.8,6.778400000000002
31759,3175.9,6.777699999999999
31760,3176.0,6.777
31761,3176.1,6.776200000000001
31762,3176.2,6.775400000000002
31763,3176.3,6.774600000000003
31764,3176.4,6.773800000000004
31765,3176.5,6.773000000000001
31766,3176.6,6.772200000000001
31767,3176.7,6.771400000000002
31768,3176.8,6.770600000000003
31769,3176.9,6.769800000000004
31770,3177.0,6.769000000000005
31771,3177.1,6.768300000000004
31772,3177.2,6.767600000000001
31773,3177.3,6.7669000000000015
31774,3177.4,6.766200000000001
31775,3177.5,6.765500000000002
31776,3177.6,6.764800000000002
31777,3177.7,6.764100000000003
31778,3177.8,6.763399999999999
31779,3177.9,6.762699999999999
31780,3178.0,6.762
31781,3178.1,6.7612000000000005
31782,3178.2,6.7604000000000015
31783,3178.3,6.7596000000000025
31784,3178.4,6.758799999999999
31785,3178.5,6.757999999999999
31786,3178.6,6.7572
31787,3178.7,6.756400000000001
31788,3178.8,6.755600000000002
31789,3178.9,6.754800000000003
31790,3179.0,6.754
31791,3179.1,6.7533
31792,3179.2,6.7526
31793,3179.3,6.751900000000001
31794,3179.4,6.751200000000002
31795,3179.5,6.7505000000000015
31796,3179.6,6.749800000000002
31797,3179.7,6.7490999999999985
31798,3179.8,6.748399999999999
31799,3179.9,6.747699999999999
31800,3180.0,6.747
31801,3180.1,6.7464
31802,3180.2,6.745800000000001
31803,3180.3,6.745199999999999
31804,3180.4,6.744599999999999
31805,3180.5,6.744
31806,3180.6,6.7434
31807,3180.7,6.742800000000001
31808,3180.8,6.742200000000002
31809,3180.9,6.741599999999999
31810,3181.0,6.741
31811,3181.1,6.7404
31812,3181.2,6.739800000000002
31813,3181.3,6.739200000000002
31814,3181.4,6.738600000000003
31815,3181.5,6.738
31816,3181.6,6.737400000000001
31817,3181.7,6.7368000000000015
31818,3181.8,6.736200000000002
31819,3181.9,6.735600000000003
31820,3182.0,6.735000000000004
31821,3182.1,6.734600000000003
31822,3182.2,6.7342
31823,3182.3,6.7338000000000005
31824,3182.4,6.733400000000001
31825,3182.5,6.733000000000001
31826,3182.6,6.7326000000000015
31827,3182.7,6.7322000000000015
31828,3182.8,6.7318
31829,3182.9,6.7314
31830,3183.0,6.731
31831,3183.1,6.730600000000001
31832,3183.2,6.730200000000001
31833,3183.3,6.729800000000002
31834,3183.4,6.729399999999999
31835,3183.5,6.729
31836,3183.6,6.728600000000001
31837,3183.7,6.728200000000001
31838,3183.8,6.727800000000002
31839,3183.9,6.727400000000002
31840,3184.0,6.727
31841,3184.1,6.7267
31842,3184.2,6.726400000000001
31843,3184.3,6.726100000000001
31844,3184.4,6.725800000000001
31845,3184.5,6.725500000000001
31846,3184.6,6.725200000000001
31847,3184.7,6.7249
31848,3184.8,6.7246
31849,3184.9,6.7243
31850,3185.0,6.724
31851,3185.1,6.723800000000001
31852,3185.2,6.723600000000001
31853,3185.3,6.7234
31854,3185.4,6.7232
31855,3185.5,6.723000000000001
31856,3185.6,6.7228
31857,3185.7,6.722600000000001
31858,3185.8,6.722400000000001
31859,3185.9,6.7222
31860,3186.0,6.722
31861,3186.1,6.721800000000001
31862,3186.2,6.7216000000000005
31863,3186.3,6.721400000000001
31864,3186.4,6.721200000000001
31865,3186.5,6.721
31866,3186.6,6.7208000000000006
31867,3186.7,6.7206
31868,3186.8,6.720400000000001
31869,3186.9,6.720200000000001
31870,3187.0,6.720000000000001
31871,3187.1,6.72
31872,3187.2,6.72
31873,3187.3,6.72
31874,3187.4,6.72
31875,3187.5,6.72
31876,3187.6,6.72
31877,3187.7,6.72
31878,3187.8,6.72
31879,3187.9,6.72
31880,3188.0,6.72
31881,3188.1,6.72
31882,3188.2,6.72
31883,3188.3,6.72
31884,3188.4,6.72
31885,3188.5,6.72
31886,3188.6,6.72
31887,3188.7,6.72
31888,3188.8,6.72
31889,3188.9,6.72
31890,3189.0,6.72
31891,3189.1,6.7200999999999995
31892,3189.2,6.720199999999999
31893,3189.3,6.7203
31894,3189.4,6.7204
31895,3189.5,6.7204999999999995
31896,3189.6,6.720599999999999
31897,3189.7,6.7207
31898,3189.8,6.7208000000000006
31899,3189.9,6.7209
31900,3190.0,6.721
31901,3190.1,6.7211
31902,3190.2,6.7212
31903,3190.3,6.7213
31904,3190.4,6.7214
31905,3190.5,6.721500000000001
31906,3190.6,6.7216000000000005
31907,3190.7,6.7217
31908,3190.8,6.7218
31909,3190.9,6.721900000000001
31910,3191.0,6.722
31911,3191.1,6.7221
31912,3191.2,6.7222
31913,3191.3,6.7223
31914,3191.4,6.7223999999999995
31915,3191.5,6.7225
31916,3191.6,6.7226
31917,3191.7,6.7227
31918,3191.8,6.722799999999999
31919,3191.9,6.722899999999999
31920,3192.0,6.722999999999999
31921,3192.1,6.7231999999999985
31922,3192.2,6.7234
31923,3192.3,6.723599999999999
31924,3192.4,6.723799999999999
31925,3192.5,6.723999999999999
31926,3192.6,6.724199999999999
31927,3192.7,6.724399999999999
31928,3192.8,6.7246
31929,3192.9,6.7248
31930,3193.0,6.725
31931,3193.1,6.725199999999999
31932,3193.2,6.7254
31933,3193.3,6.725599999999999
31934,3193.4,6.7258000000000004
31935,3193.5,6.726
31936,3193.6,6.7261999999999995
31937,3193.7,6.7264
31938,3193.8,6.7265999999999995
31939,3193.9,6.726799999999999
31940,3194.0,6.727
31941,3194.1,6.7273000000000005
31942,3194.2,6.7276
31943,3194.3,6.7279
31944,3194.4,6.728199999999999
31945,3194.5,6.7284999999999995
31946,3194.6,6.7288
31947,3194.7,6.729100000000001
31948,3194.8,6.729400000000001
31949,3194.9,6.7297
31950,3195.0,6.73
31951,3195.1,6.7302
31952,3195.2,6.7303999999999995
31953,3195.3,6.730600000000001
31954,3195.4,6.7308
31955,3195.5,6.731000000000001
31956,3195.6,6.7312
31957,3195.7,6.7314
31958,3195.8,6.731599999999999
31959,3195.9,6.731800000000001
31960,3196.0,6.732
31961,3196.1,6.7322
31962,3196.2,6.732399999999999
31963,3196.3,6.7326
31964,3196.4,6.732799999999999
31965,3196.5,6.7330000000000005
31966,3196.6,6.7332
31967,3196.7,6.7334
31968,3196.8,6.733599999999999
31969,3196.9,6.733799999999999
31970,3197.0,6.733999999999999
31971,3197.1,6.734199999999999
31972,3197.2,6.7344
31973,3197.3,6.7345999999999995
31974,3197.4,6.734799999999999
31975,3197.5,6.734999999999999
31976,3197.6,6.735199999999999
31977,3197.7,6.735399999999999
31978,3197.8,6.7356
31979,3197.9,6.7358
31980,3198.0,6.736
31981,3198.1,6.736199999999999
31982,3198.2,6.7364
31983,3198.3,6.736599999999999
31984,3198.4,6.736800000000001
31985,3198.5,6.737
31986,3198.6,6.7372
31987,3198.7,6.7374
31988,3198.8,6.7376
31989,3198.9,6.737799999999999
31990,3199.0,6.738
31991,3199.1,6.7382
31992,3199.2,6.7384
31993,3199.3,6.7386
31994,3199.4,6.7387999999999995
31995,3199.5,6.739
31996,3199.6,6.739199999999999
31997,3199.7,6.739400000000001
31998,3199.8,6.7396
31999,3199.9,6.739800000000001
32000,3200.0,6.74
32001,3200.1,6.7402
32002,3200.2,6.740399999999999
32003,3200.3,6.740600000000001
32004,3200.4,6.7408
32005,3200.5,6.7410000000000005
32006,3200.6,6.7412
32007,3200.7,6.7414
32008,3200.8,6.741599999999999
32009,3200.9,6.7418000000000005
32010,3201.0,6.742
32011,3201.1,6.7421
32012,3201.2,6.7421999999999995
32013,3201.3,6.7423
32014,3201.4,6.7424
32015,3201.5,6.742500000000001
32016,3201.6,6.7426
32017,3201.7,6.7427
32018,3201.8,6.7428
32019,3201.9,6.7429
32020,3202.0,6.742999999999999
32021,3202.1,6.743199999999999
32022,3202.2,6.7434
32023,3202.3,6.7436
32024,3202.4,6.743799999999999
32025,3202.5,6.744
32026,3202.6,6.744199999999999
32027,3202.7,6.7444
32028,3202.8,6.7446
32029,3202.9,6.744800000000001
32030,3203.0,6.745
32031,3203.1,6.7452
32032,3203.2,6.745399999999999
32033,3203.3,6.7456
32034,3203.4,6.7458
32035,3203.5,6.746
32036,3203.6,6.7462
32037,3203.7,6.7463999999999995
32038,3203.8,6.746599999999999
32039,3203.9,6.746799999999999
32040,3204.0,6.747
32041,3204.1,6.747199999999999
32042,3204.2,6.7474
32043,3204.3,6.747599999999999
32044,3204.4,6.747799999999999
32045,3204.5,6.747999999999999
32046,3204.6,6.748199999999999
32047,3204.7,6.7484
32048,3204.8,6.7486
32049,3204.9,6.7488
32050,3205.0,6.749
32051,3205.1,6.749199999999999
32052,3205.2,6.7494
32053,3205.3,6.7496
32054,3205.4,6.7498000000000005
32055,3205.5,6.75
32056,3205.6,6.7501999999999995
32057,3205.7,6.7504
32058,3205.8,6.7505999999999995
32059,3205.9,6.750800000000001
32060,3206.0,6.751
32061,3206.1,6.7512
32062,3206.2,6.751399999999999
32063,3206.3,6.7516
32064,3206.4,6.751799999999999
32065,3206.5,6.752000000000001
32066,3206.6,6.7522
32067,3206.7,6.7524
32068,3206.8,6.752599999999999
32069,3206.9,6.752799999999999
32070,3207.0,6.752999999999999
32071,3207.1,6.7532999999999985
32072,3207.2,6.7536
32073,3207.3,6.7539
32074,3207.4,6.754199999999999
32075,3207.5,6.754499999999999
32076,3207.6,6.7547999999999995
32077,3207.7,6.755099999999999
32078,3207.8,6.755400000000001
32079,3207.9,6.7557
32080,3208.0,6.756
32081,3208.1,6.7562999999999995
32082,3208.2,6.7566
32083,3208.3,6.756899999999999
32084,3208.4,6.757200000000001
32085,3208.5,6.7575
32086,3208.6,6.7578
32087,3208.7,6.7581
32088,3208.8,6.758399999999999
32089,3208.9,6.758699999999999
32090,3209.0,6.759
32091,3209.1,6.7592
32092,3209.2,6.7594
32093,3209.3,6.7596
32094,3209.4,6.759799999999999
32095,3209.5,6.76
32096,3209.6,6.760199999999999
32097,3209.7,6.760400000000001
32098,3209.8,6.7606
32099,3209.9,6.760800000000001
32100,3210.0,6.761
32101,3210.1,6.761299999999999
32102,3210.2,6.7616
32103,3210.3,6.761900000000001
32104,3210.4,6.762200000000001
32105,3210.5,6.7625
32106,3210.6,6.7627999999999995
32107,3210.7,6.7631
32108,3210.8,6.763399999999999
32109,3210.9,6.763700000000001
32110,3211.0,6.764
32111,3211.1,6.764399999999999
32112,3211.2,6.764799999999999
32113,3211.3,6.765199999999998
32114,3211.4,6.765599999999998
32115,3211.5,6.766
32116,3211.6,6.766399999999999
32117,3211.7,6.766799999999999
32118,3211.8,6.767199999999998
32119,3211.9,6.767599999999998
32120,3212.0,6.767999999999997
32121,3212.1,6.768299999999998
32122,3212.2,6.768599999999999
32123,3212.3,6.7688999999999995
32124,3212.4,6.769199999999999
32125,3212.5,6.769499999999999
32126,3212.6,6.769799999999999
32127,3212.7,6.7700999999999985
32128,3212.8,6.7704
32129,3212.9,6.7707
32130,3213.0,6.771
32131,3213.1,6.771299999999999
32132,3213.2,6.771599999999999
32133,3213.3,6.771899999999999
32134,3213.4,6.772200000000001
32135,3213.5,6.7725
32136,3213.6,6.772799999999999
32137,3213.7,6.7730999999999995
32138,3213.8,6.773399999999999
32139,3213.9,6.773699999999999
32140,3214.0,6.774
32141,3214.1,6.7743
32142,3214.2,6.7745999999999995
32143,3214.3,6.7749
32144,3214.4,6.775199999999999
32145,3214.5,6.775499999999999
32146,3214.6,6.775799999999999
32147,3214.7,6.7761000000000005
32148,3214.8,6.776400000000001
32149,3214.9,6.7767
32150,3215.0,6.777
32151,3215.1,6.7772
32152,3215.2,6.777399999999999
32153,3215.3,6.7776000000000005
32154,3215.4,6.7778
32155,3215.5,6.7780000000000005
32156,3215.6,6.7782
32157,3215.7,6.7783999999999995
32158,3215.8,6.778599999999999
32159,3215.9,6.7788
32160,3216.0,6.779
32161,3216.1,6.7791999999999994
32162,3216.2,6.779399999999999
32163,3216.3,6.779599999999999
32164,3216.4,6.779799999999999
32165,3216.5,6.779999999999999
32166,3216.6,6.7802
32167,3216.7,6.780399999999999
32168,3216.8,6.780599999999999
32169,3216.9,6.780799999999998
32170,3217.0,6.780999999999999
32171,3217.1,6.781199999999998
32172,3217.2,6.7814
32173,3217.3,6.781599999999999
32174,3217.4,6.7818
32175,3217.5,6.781999999999999
32176,3217.6,6.7822
32177,3217.7,6.782399999999999
32178,3217.8,6.7826
32179,3217.9,6.782800000000001
32180,3218.0,6.783
32181,3218.1,6.7831
32182,3218.2,6.7832
32183,3218.3,6.7833
32184,3218.4,6.7834
32185,3218.5,6.7835
32186,3218.6,6.7836
32187,3218.7,6.7837
32188,3218.8,6.783799999999999
32189,3218.9,6.783899999999999
32190,3219.0,6.784
32191,3219.1,6.784
32192,3219.2,6.784
32193,3219.3,6.784
32194,3219.4,6.784
32195,3219.5,6.784
32196,3219.6,6.784
32197,3219.7,6.784
32198,3219.8,6.784
32199,3219.9,6.784
32200,3220.0,6.784
32201,3220.1,6.784
32202,3220.2,6.784
32203,3220.3,6.784
32204,3220.4,6.784
32205,3220.5,6.784
32206,3220.6,6.784
32207,3220.7,6.784
32208,3220.8,6.784
32209,3220.9,6.784
32210,3221.0,6.784
32211,3221.1,6.7838
32212,3221.2,6.783600000000001
32213,3221.3,6.7834
32214,3221.4,6.783200000000001
32215,3221.5,6.7829999999999995
32216,3221.6,6.7828
32217,3221.7,6.7826
32218,3221.8,6.782400000000001
32219,3221.9,6.782200000000001
32220,3222.0,6.782000000000001
32221,3222.1,6.781800000000001
32222,3222.2,6.7816
32223,3222.3,6.7814000000000005
32224,3222.4,6.781200000000001
32225,3222.5,6.781000000000001
32226,3222.6,6.780800000000001
32227,3222.7,6.780600000000001
32228,3222.8,6.7804
32229,3222.9,6.7802
32230,3223.0,6.78
32231,3223.1,6.779700000000001
32232,3223.2,6.779400000000001
32233,3223.3,6.7791000000000015
32234,3223.4,6.7787999999999995
32235,3223.5,6.7785
32236,3223.6,6.778200000000001
32237,3223.7,6.777900000000001
32238,3223.8,6.777600000000001
32239,3223.9,6.777300000000001
32240,3224.0,6.777
32241,3224.1,6.7766
32242,3224.2,6.7762
32243,3224.3,6.7758
32244,3224.4,6.775400000000001
32245,3224.5,6.775000000000001
32246,3224.6,6.774600000000001
32247,3224.7,6.7741999999999996
32248,3224.8,6.7738
32249,3224.9,6.7734
32250,3225.0,6.773
32251,3225.1,6.7725
32252,3225.2,6.772000000000001
32253,3225.3,6.771499999999999
32254,3225.4,6.770999999999999
32255,3225.5,6.7705
32256,3225.6,6.7700000000000005
32257,3225.7,6.769500000000001
32258,3225.8,6.769000000000002
32259,3225.9,6.7684999999999995
32260,3226.0,6.768
32261,3226.1,6.7675
32262,3226.2,6.767000000000001
32263,3226.3,6.7665000000000015
32264,3226.4,6.766000000000002
32265,3226.5,6.765499999999999
32266,3226.6,6.765000000000001
32267,3226.7,6.764500000000001
32268,3226.8,6.764000000000002
32269,3226.9,6.763500000000002
32270,3227.0,6.763000000000003
32271,3227.1,6.762400000000004
32272,3227.2,6.761800000000001
32273,3227.3,6.7612000000000005
32274,3227.4,6.760600000000001
32275,3227.5,6.760000000000002
32276,3227.6,6.759400000000002
32277,3227.7,6.758800000000002
32278,3227.8,6.758199999999999
32279,3227.9,6.757599999999999
32280,3228.0,6.757
32281,3228.1,6.7565
32282,3228.2,6.756000000000001
32283,3228.3,6.755500000000001
32284,3228.4,6.754999999999999
32285,3228.5,6.754499999999999
32286,3228.6,6.7540000000000004
32287,3228.7,6.753500000000001
32288,3228.8,6.753000000000002
32289,3228.9,6.752500000000002
32290,3229.0,6.752
32291,3229.1,6.7513000000000005
32292,3229.2,6.7506
32293,3229.3,6.749900000000001
32294,3229.4,6.749200000000002
32295,3229.5,6.748500000000002
32296,3229.6,6.7478000000000025
32297,3229.7,6.747099999999999
32298,3229.8,6.7463999999999995
32299,3229.9,6.745699999999999
32300,3230.0,6.745
32301,3230.1,6.744400000000001
32302,3230.2,6.743800000000001
32303,3230.3,6.743199999999999
32304,3230.4,6.7425999999999995
32305,3230.5,6.742
32306,3230.6,6.7414000000000005
32307,3230.7,6.740800000000001
32308,3230.8,6.740200000000002
32309,3230.9,6.739599999999999
32310,3231.0,6.739
32311,3231.1,6.7385
32312,3231.2,6.738000000000001
32313,3231.3,6.737500000000002
32314,3231.4,6.737000000000002
32315,3231.5,6.7364999999999995
32316,3231.6,6.736000000000001
32317,3231.7,6.735500000000001
32318,3231.8,6.735000000000002
32319,3231.9,6.734500000000002
32320,3232.0,6.734000000000003
32321,3232.1,6.733500000000003
32322,3232.2,6.7330000000000005
32323,3232.3,6.732500000000001
32324,3232.4,6.732000000000001
32325,3232.5,6.731500000000001
32326,3232.6,6.731000000000002
32327,3232.7,6.730500000000002
32328,3232.8,6.7299999999999995
32329,3232.9,6.7295
32330,3233.0,6.729
32331,3233.1,6.7285
32332,3233.2,6.7280000000000015
32333,3233.3,6.727500000000002
32334,3233.4,6.726999999999999
32335,3233.5,6.726500000000001
32336,3233.6,6.726000000000001
32337,3233.7,6.725500000000001
32338,3233.8,6.725000000000002
32339,3233.9,6.724500000000003
32340,3234.0,6.724
32341,3234.1,6.7237
32342,3234.2,6.723400000000001
32343,3234.3,6.7231000000000005
32344,3234.4,6.722800000000001
32345,3234.5,6.722500000000001
32346,3234.6,6.722200000000001
32347,3234.7,6.7219
32348,3234.8,6.7216
32349,3234.9,6.7213
32350,3235.0,6.721
32351,3235.1,6.720700000000001
32352,3235.2,6.720400000000001
32353,3235.3,6.7200999999999995
32354,3235.4,6.719799999999999
32355,3235.5,6.7195
32356,3235.6,6.719200000000001
32357,3235.7,6.7189000000000005
32358,3235.8,6.718600000000001
32359,3235.9,6.718299999999999
32360,3236.0,6.718
32361,3236.1,6.7178
32362,3236.2,6.717600000000001
32363,3236.3,6.7174000000000005
32364,3236.4,6.717200000000001
32365,3236.5,6.7170000000000005
32366,3236.6,6.7168
32367,3236.7,6.716600000000001
32368,3236.8,6.716400000000001
32369,3236.9,6.7162000000000015
32370,3237.0,6.716000000000001
32371,3237.1,6.716
32372,3237.2,6.716
32373,3237.3,6.716
32374,3237.4,6.716
32375,3237.5,6.716
32376,3237.6,6.716
32377,3237.7,6.716
32378,3237.8,6.716
32379,3237.9,6.716
32380,3238.0,6.716
32381,3238.1,6.716
32382,3238.2,6.716
32383,3238.3,6.716
32384,3238.4,6.716
32385,3238.5,6.716
32386,3238.6,6.716
32387,3238.7,6.716
32388,3238.8,6.716
32389,3238.9,6.716
32390,3239.0,6.716
32391,3239.1,6.7162
32392,3239.2,6.7164
32393,3239.3,6.7166
32394,3239.4,6.716799999999999
32395,3239.5,6.717
32396,3239.6,6.717199999999999
32397,3239.7,6.7174000000000005
32398,3239.8,6.7176
32399,3239.9,6.7178
32400,3240.0,6.718
32401,3240.1,6.718299999999999
32402,3240.2,6.7185999999999995
32403,3240.3,6.7189000000000005
32404,3240.4,6.719200000000001
32405,3240.5,6.7195
32406,3240.6,6.719799999999999
32407,3240.7,6.7200999999999995
32408,3240.8,6.720399999999999
32409,3240.9,6.720700000000001
32410,3241.0,6.721
32411,3241.1,6.721399999999999
32412,3241.2,6.721799999999999
32413,3241.3,6.722199999999998
32414,3241.4,6.722599999999998
32415,3241.5,6.723
32416,3241.6,6.723399999999999
32417,3241.7,6.723799999999999
32418,3241.8,6.724199999999998
32419,3241.9,6.724599999999998
32420,3242.0,6.724999999999997
32421,3242.1,6.725499999999997
32422,3242.2,6.725999999999999
32423,3242.3,6.726499999999999
32424,3242.4,6.7269999999999985
32425,3242.5,6.727499999999998
32426,3242.6,6.727999999999998
32427,3242.7,6.728499999999999
32428,3242.8,6.729000000000001
32429,3242.9,6.729500000000001
32430,3243.0,6.73
32431,3243.1,6.7305
32432,3243.2,6.730999999999999
32433,3243.3,6.731499999999999
32434,3243.4,6.732000000000001
32435,3243.5,6.7325
32436,3243.6,6.733
32437,3243.7,6.733499999999999
32438,3243.8,6.733999999999998
32439,3243.9,6.734499999999998
32440,3244.0,6.735
32441,3244.1,6.7357
32442,3244.2,6.7364
32443,3244.3,6.737099999999999
32444,3244.4,6.737799999999998
32445,3244.5,6.738499999999998
32446,3244.6,6.739199999999998
32447,3244.7,6.739900000000001
32448,3244.8,6.740600000000001
32449,3244.9,6.741300000000001
32450,3245.0,6.742
32451,3245.1,6.7425999999999995
32452,3245.2,6.743199999999999
32453,3245.3,6.743800000000001
32454,3245.4,6.744400000000001
32455,3245.5,6.745
32456,3245.6,6.7456
32457,3245.7,6.746199999999999
32458,3245.8,6.746799999999998
32459,3245.9,6.747400000000001
32460,3246.0,6.748
32461,3246.1,6.7486
32462,3246.2,6.749199999999998
32463,3246.3,6.749799999999998
32464,3246.4,6.750399999999997
32465,3246.5,6.7509999999999994
32466,3246.6,6.751599999999999
32467,3246.7,6.752199999999998
32468,3246.8,6.752799999999998
32469,3246.9,6.7533999999999965
32470,3247.0,6.753999999999996
32471,3247.1,6.754699999999995
32472,3247.2,6.755399999999999
32473,3247.3,6.756099999999998
32474,3247.4,6.756799999999998
32475,3247.5,6.757499999999998
32476,3247.6,6.758199999999998
32477,3247.7,6.758899999999997
32478,3247.8,6.759600000000001
32479,3247.9,6.760300000000001
32480,3248.0,6.761
32481,3248.1,6.7616
32482,3248.2,6.762199999999999
32483,3248.3,6.762799999999998
32484,3248.4,6.763400000000001
32485,3248.5,6.764
32486,3248.6,6.7646
32487,3248.7,6.765199999999999
32488,3248.8,6.765799999999998
32489,3248.9,6.766399999999997
32490,3249.0,6.767
32491,3249.1,6.7675
32492,3249.2,6.768
32493,3249.3,6.7684999999999995
32494,3249.4,6.768999999999999
32495,3249.5,6.769499999999999
32496,3249.6,6.769999999999999
32497,3249.7,6.770500000000001
32498,3249.8,6.771000000000001
32499,3249.9,6.7715000000000005
32500,3250.0,6.772
32501,3250.1,6.7725
32502,3250.2,6.772999999999999
32503,3250.3,6.773500000000001
32504,3250.4,6.774000000000001
32505,3250.5,6.7745
32506,3250.6,6.7749999999999995
32507,3250.7,6.775499999999999
32508,3250.8,6.775999999999998
32509,3250.9,6.7765
32510,3251.0,6.777
32511,3251.1,6.777399999999999
32512,3251.2,6.777799999999999
32513,3251.3,6.778199999999998
32514,3251.4,6.778599999999998
32515,3251.5,6.779
32516,3251.6,6.779399999999999
32517,3251.7,6.779799999999999
32518,3251.8,6.780199999999998
32519,3251.9,6.780599999999998
32520,3252.0,6.780999999999997
32521,3252.1,6.781199999999998
32522,3252.2,6.7814
32523,3252.3,6.781599999999999
32524,3252.4,6.7818
32525,3252.5,6.781999999999999
32526,3252.6,6.7822
32527,3252.7,6.782399999999999
32528,3252.8,6.7826
32529,3252.9,6.782800000000001
32530,3253.0,6.783
32531,3253.1,6.7832
32532,3253.2,6.783399999999999
32533,3253.3,6.7836
32534,3253.4,6.7838
32535,3253.5,6.784000000000001
32536,3253.6,6.7842
32537,3253.7,6.7844
32538,3253.8,6.784599999999999
32539,3253.9,6.784799999999999
32540,3254.0,6.785
32541,3254.1,6.785
32542,3254.2,6.785
32543,3254.3,6.785
32544,3254.4,6.785
32545,3254.5,6.785
32546,3254.6,6.785
32547,3254.7,6.785
32548,3254.8,6.785
32549,3254.9,6.785
32550,3255.0,6.785
32551,3255.1,6.7849
32552,3255.2,6.784800000000001
32553,3255.3,6.7847
32554,3255.4,6.7846
32555,3255.5,6.7844999999999995
32556,3255.6,6.7844
32557,3255.7,6.7843
32558,3255.8,6.7842
32559,3255.9,6.7841
32560,3256.0,6.784
32561,3256.1,6.7838
32562,3256.2,6.783600000000001
32563,3256.3,6.7834
32564,3256.4,6.783200000000001
32565,3256.5,6.7829999999999995
32566,3256.6,6.7828
32567,3256.7,6.7826
32568,3256.8,6.782400000000001
32569,3256.9,6.782200000000001
32570,3257.0,6.782000000000001
32571,3257.1,6.781600000000003
32572,3257.2,6.7812
32573,3257.3,6.7808
32574,3257.4,6.780400000000001
32575,3257.5,6.780000000000001
32576,3257.6,6.779600000000001
32577,3257.7,6.779200000000001
32578,3257.8,6.7787999999999995
32579,3257.9,6.7783999999999995
32580,3258.0,6.778
32581,3258.1,6.7776000000000005
32582,3258.2,6.777200000000001
32583,3258.3,6.7768000000000015
32584,3258.4,6.776399999999999
32585,3258.5,6.776
32586,3258.6,6.775600000000001
32587,3258.7,6.775200000000001
32588,3258.8,6.774800000000002
32589,3258.9,6.774400000000002
32590,3259.0,6.774
32591,3259.1,6.7735
32592,3259.2,6.773000000000001
32593,3259.3,6.772500000000001
32594,3259.4,6.772000000000001
32595,3259.5,6.771500000000001
32596,3259.6,6.771000000000002
32597,3259.7,6.770499999999999
32598,3259.8,6.77
32599,3259.9,6.7695
32600,3260.0,6.769
32601,3260.1,6.7685
32602,3260.2,6.768000000000002
32603,3260.3,6.767499999999999
32604,3260.4,6.7669999999999995
32605,3260.5,6.766500000000001
32606,3260.6,6.766000000000001
32607,3260.7,6.765500000000001
32608,3260.8,6.765000000000002
32609,3260.9,6.7645
32610,3261.0,6.764
32611,3261.1,6.763400000000001
32612,3261.2,6.762800000000001
32613,3261.3,6.762200000000003
32614,3261.4,6.761600000000003
32615,3261.5,6.761
32616,3261.6,6.760400000000001
32617,3261.7,6.759800000000001
32618,3261.8,6.7592000000000025
32619,3261.9,6.758600000000003
32620,3262.0,6.758000000000004
32621,3262.1,6.757400000000004
32622,3262.2,6.756800000000001
32623,3262.3,6.756200000000001
32624,3262.4,6.755600000000001
32625,3262.5,6.755000000000002
32626,3262.6,6.754400000000002
32627,3262.7,6.753800000000002
32628,3262.8,6.753199999999999
32629,3262.9,6.752599999999999
32630,3263.0,6.752
32631,3263.1,6.7514
32632,3263.2,6.750800000000002
32633,3263.3,6.750200000000002
32634,3263.4,6.749599999999999
32635,3263.5,6.7490000000000006
32636,3263.6,6.748400000000001
32637,3263.7,6.747800000000002
32638,3263.8,6.747200000000002
32639,3263.9,6.7466000000000035
32640,3264.0,6.746
32641,3264.1,6.745400000000001
32642,3264.2,6.7448000000000015
32643,3264.3,6.744200000000001
32644,3264.4,6.743600000000002
32645,3264.5,6.743000000000002
32646,3264.6,6.742400000000003
32647,3264.7,6.7418
32648,3264.8,6.741199999999999
32649,3264.9,6.7406
32650,3265.0,6.74
32651,3265.1,6.7395000000000005
32652,3265.2,6.739000000000002
32653,3265.3,6.738499999999999
32654,3265.4,6.7379999999999995
32655,3265.5,6.737500000000001
32656,3265.6,6.737000000000001
32657,3265.7,6.736500000000001
32658,3265.8,6.736000000000002
32659,3265.9,6.7355
32660,3266.0,6.735
32661,3266.1,6.734500000000001
32662,3266.2,6.734000000000002
32663,3266.3,6.733500000000002
32664,3266.4,6.733000000000002
32665,3266.5,6.732500000000001
32666,3266.6,6.732000000000001
32667,3266.7,6.731500000000001
32668,3266.8,6.7310000000000025
32669,3266.9,6.730500000000003
32670,3267.0,6.730000000000003
32671,3267.1,6.729700000000002
32672,3267.2,6.729400000000001
32673,3267.3,6.729100000000001
32674,3267.4,6.7288000000000014
32675,3267.5,6.728500000000001
32676,3267.6,6.728200000000001
32677,3267.7,6.727900000000002
32678,3267.8,6.7276
32679,3267.9,6.7273000000000005
32680,3268.0,6.727
32681,3268.1,6.726700000000001
32682,3268.2,6.726400000000001
32683,3268.3,6.7261000000000015
32684,3268.4,6.7258
32685,3268.5,6.7255
32686,3268.6,6.725200000000001
32687,3268.7,6.724900000000001
32688,3268.8,6.7246000000000015
32689,3268.9,6.724300000000001
32690,3269.0,6.724
32691,3269.1,6.723800000000001
32692,3269.2,6.7236
32693,3269.3,6.723400000000001
32694,3269.4,6.723200000000001
32695,3269.5,6.723000000000001
32696,3269.6,6.722800000000001
32697,3269.7,6.7226
32698,3269.8,6.7224
32699,3269.9,6.7222
32700,3270.0,6.722
32701,3270.1,6.722
32702,3270.2,6.722
32703,3270.3,6.722
32704,3270.4,6.722
32705,3270.5,6.722
32706,3270.6,6.722
32707,3270.7,6.722
32708,3270.8,6.722
32709,3270.9,6.722
32710,3271.0,6.722
32711,3271.1,6.722
32712,3271.2,6.722
32713,3271.3,6.722
32714,3271.4,6.722
32715,3271.5,6.722
32716,3271.6,6.722
32717,3271.7,6.722
32718,3271.8,6.722
32719,3271.9,6.722
32720,3272.0,6.722
32721,3272.1,6.722199999999999
32722,3272.2,6.7224
32723,3272.3,6.7226
32724,3272.4,6.722799999999999
32725,3272.5,6.723
32726,3272.6,6.723199999999999
32727,3272.7,6.7234
32728,3272.8,6.7236
32729,3272.9,6.723800000000001
32730,3273.0,6.724
32731,3273.1,6.7242
32732,3273.2,6.724399999999999
32733,3273.3,6.7246
32734,3273.4,6.7248
32735,3273.5,6.7250000000000005
32736,3273.6,6.7252
32737,3273.7,6.7254
32738,3273.8,6.725599999999999
32739,3273.9,6.725799999999999
32740,3274.0,6.726
32741,3274.1,6.7264
32742,3274.2,6.7268
32743,3274.3,6.7272
32744,3274.4,6.727599999999999
32745,3274.5,6.727999999999999
32746,3274.6,6.728399999999999
32747,3274.7,6.728800000000001
32748,3274.8,6.7292000000000005
32749,3274.9,6.7296000000000005
32750,3275.0,6.73
32751,3275.1,6.7303999999999995
32752,3275.2,6.7307999999999995
32753,3275.3,6.731200000000001
32754,3275.4,6.731600000000001
32755,3275.5,6.732
32756,3275.6,6.732399999999999
32757,3275.7,6.732799999999999
32758,3275.8,6.733199999999998
32759,3275.9,6.733600000000001
32760,3276.0,6.734
32761,3276.1,6.7345
32762,3276.2,6.7349999999999985
32763,3276.3,6.735499999999998
32764,3276.4,6.735999999999998
32765,3276.5,6.7364999999999995
32766,3276.6,6.736999999999999
32767,3276.7,6.737499999999999
32768,3276.8,6.737999999999998
32769,3276.9,6.7384999999999975
32770,3277.0,6.738999999999997
32771,3277.1,6.739399999999997
32772,3277.2,6.7398
32773,3277.3,6.7402
32774,3277.4,6.740599999999999
32775,3277.5,6.740999999999999
32776,3277.6,6.741399999999999
32777,3277.7,6.741799999999999
32778,3277.8,6.7422
32779,3277.9,6.7426
32780,3278.0,6.743
32781,3278.1,6.7436
32782,3278.2,6.744199999999998
32783,3278.3,6.744799999999998
32784,3278.4,6.745400000000001
32785,3278.5,6.746
32786,3278.6,6.746599999999999
32787,3278.7,6.7471999999999985
32788,3278.8,6.747799999999998
32789,3278.9,6.748399999999997
32790,3279.0,6.749
32791,3279.1,6.749499999999999
32792,3279.2,6.749999999999999
32793,3279.3,6.750499999999999
32794,3279.4,6.750999999999999
32795,3279.5,6.751499999999998
32796,3279.6,6.751999999999998
32797,3279.7,6.7525
32798,3279.8,6.753
32799,3279.9,6.7535
32800,3280.0,6.754
32801,3280.1,6.754499999999999
32802,3280.2,6.754999999999999
32803,3280.3,6.7555000000000005
32804,3280.4,6.756
32805,3280.5,6.7565
32806,3280.6,6.757
32807,3280.7,6.757499999999999
32808,3280.8,6.757999999999998
32809,3280.9,6.758500000000001
32810,3281.0,6.759
32811,3281.1,6.7595
32812,3281.2,6.759999999999999
32813,3281.3,6.760499999999999
32814,3281.4,6.760999999999998
32815,3281.5,6.761500000000001
32816,3281.6,6.762
32817,3281.7,6.762499999999999
32818,3281.8,6.762999999999998
32819,3281.9,6.763499999999998
32820,3282.0,6.763999999999998
32821,3282.1,6.7643999999999975
32822,3282.2,6.764799999999999
32823,3282.3,6.765199999999999
32824,3282.4,6.765599999999999
32825,3282.5,6.765999999999999
32826,3282.6,6.766399999999998
32827,3282.7,6.766799999999998
32828,3282.8,6.767200000000001
32829,3282.9,6.7676
32830,3283.0,6.768
32831,3283.1,6.7684
32832,3283.2,6.768799999999999
32833,3283.3,6.769199999999999
32834,3283.4,6.7696000000000005
32835,3283.5,6.7700000000000005
32836,3283.6,6.7703999999999995
32837,3283.7,6.7707999999999995
32838,3283.8,6.7711999999999986
32839,3283.9,6.7715999999999985
32840,3284.0,6.772
32841,3284.1,6.7723
32842,3284.2,6.7726
32843,3284.3,6.7729
32844,3284.4,6.773199999999999
32845,3284.5,6.773499999999999
32846,3284.6,6.7738
32847,3284.7,6.774100000000001
32848,3284.8,6.774400000000001
32849,3284.9,6.7747
32850,3285.0,6.775
32851,3285.1,6.7752
32852,3285.2,6.775399999999999
32853,3285.3,6.775600000000001
32854,3285.4,6.7758
32855,3285.5,6.776000000000001
32856,3285.6,6.7762
32857,3285.7,6.7764
32858,3285.8,6.776599999999999
32859,3285.9,6.776800000000001
32860,3286.0,6.777
32861,3286.1,6.7772
32862,3286.2,6.777399999999999
32863,3286.3,6.7776
32864,3286.4,6.777799999999999
32865,3286.5,6.7780000000000005
32866,3286.6,6.7782
32867,3286.7,6.7783999999999995
32868,3286.8,6.778599999999999
32869,3286.9,6.778799999999999
32870,3287.0,6.778999999999999
32871,3287.1,6.7791
32872,3287.2,6.7791999999999994
32873,3287.3,6.7793
32874,3287.4,6.7794
32875,3287.5,6.7795
32876,3287.6,6.779599999999999
32877,3287.7,6.7797
32878,3287.8,6.779800000000001
32879,3287.9,6.7799000000000005
32880,3288.0,6.78
32881,3288.1,6.78
32882,3288.2,6.78
32883,3288.3,6.78
32884,3288.4,6.78
32885,3288.5,6.78
32886,3288.6,6.78
32887,3288.7,6.78
32888,3288.8,6.78
32889,3288.9,6.78
32890,3289.0,6.78
32891,3289.1,6.7799000000000005
32892,3289.2,6.779800000000001
32893,3289.3,6.7797
32894,3289.4,6.7796
32895,3289.5,6.7795000000000005
32896,3289.6,6.779400000000001
32897,3289.7,6.7793
32898,3289.8,6.7791999999999994
32899,3289.9,6.7791
32900,3290.0,6.779
32901,3290.1,6.7789
32902,3290.2,6.7788
32903,3290.3,6.7787
32904,3290.4,6.7786
32905,3290.5,6.778499999999999
32906,3290.6,6.7783999999999995
32907,3290.7,6.7783
32908,3290.8,6.7782
32909,3290.9,6.778099999999999
32910,3291.0,6.778
32911,3291.1,6.7778
32912,3291.2,6.7776000000000005
32913,3291.3,6.7774
32914,3291.4,6.777200000000001
32915,3291.5,6.776999999999999
32916,3291.6,6.7768
32917,3291.7,6.7766
32918,3291.8,6.776400000000001
32919,3291.9,6.776200000000001
32920,3292.0,6.776000000000001
32921,3292.1,6.775800000000001
32922,3292.2,6.7756
32923,3292.3,6.7754
32924,3292.4,6.775200000000001
32925,3292.5,6.775
32926,3292.6,6.774800000000001
32927,3292.7,6.7746
32928,3292.8,6.7744
32929,3292.9,6.7741999999999996
32930,3293.0,6.774
32931,3293.1,6.773700000000001
32932,3293.2,6.7734000000000005
32933,3293.3,6.773100000000001
32934,3293.4,6.772799999999999
32935,3293.5,6.7725
32936,3293.6,6.772200000000001
32937,3293.7,6.7719000000000005
32938,3293.8,6.771600000000001
32939,3293.9,6.771300000000001
32940,3294.0,6.771
32941,3294.1,6.7707
32942,3294.2,6.7704
32943,3294.3,6.7701
32944,3294.4,6.769800000000001
32945,3294.5,6.769500000000001
32946,3294.6,6.7692000000000005
32947,3294.7,6.7688999999999995
32948,3294.8,6.768599999999999
32949,3294.9,6.7683
32950,3295.0,6.768
32951,3295.1,6.7677000000000005
32952,3295.2,6.7674
32953,3295.3,6.767099999999999
32954,3295.4,6.766799999999999
32955,3295.5,6.7665
32956,3295.6,6.7662
32957,3295.7,6.7659
32958,3295.8,6.765600000000001
32959,3295.9,6.765299999999999
32960,3296.0,6.765
32961,3296.1,6.7647
32962,3296.2,6.7644
32963,3296.3,6.764100000000001
32964,3296.4,6.763800000000001
32965,3296.5,6.7635
32966,3296.6,6.7632
32967,3296.7,6.7629
32968,3296.8,6.762600000000001
32969,3296.9,6.762300000000001
32970,3297.0,6.762000000000001
32971,3297.1,6.761700000000001
32972,3297.2,6.7614
32973,3297.3,6.7611
32974,3297.4,6.760800000000001
32975,3297.5,6.7605
32976,3297.6,6.760200000000001
32977,3297.7,6.759900000000001
32978,3297.8,6.7596
32979,3297.9,6.7593000000000005
32980,3298.0,6.759
32981,3298.1,6.758700000000001
32982,3298.2,6.758400000000001
32983,3298.3,6.7581000000000016
32984,3298.4,6.7578
32985,3298.5,6.7575
32986,3298.6,6.757200000000001
32987,3298.7,6.756900000000001
32988,3298.8,6.7566000000000015
32989,3298.9,6.756300000000001
32990,3299.0,6.756
32991,3299.1,6.755800000000001
32992,3299.2,6.7556
32993,3299.3,6.755400000000001
32994,3299.4,6.7552
32995,3299.5,6.755000000000001
32996,3299.6,6.7548
32997,3299.7,6.754599999999999
32998,3299.8,6.7543999999999995
32999,3299.9,6.754199999999999
33000,3300.0,6.754
33001,3300.1,6.7537
33002,3300.2,6.7534
33003,3300.3,6.753099999999999
33004,3300.4,6.7528
33005,3300.5,6.7525
33006,3300.6,6.7522
33007,3300.7,6.751900000000001
33008,3300.8,6.751600000000002
33009,3300.9,6.7513
33010,3301.0,6.751
33011,3301.1,6.750700000000001
33012,3301.2,6.750400000000001
33013,3301.3,6.7501000000000015
33014,3301.4,6.749800000000001
33015,3301.5,6.7495
33016,3301.6,6.749200000000001
33017,3301.7,6.748900000000001
33018,3301.8,6.7486000000000015
33019,3301.9,6.748300000000001
33020,3302.0,6.748000000000002
33021,3302.1,6.747800000000002
33022,3302.2,6.7476
33023,3302.3,6.747400000000001
33024,3302.4,6.747200000000001
33025,3302.5,6.747000000000001
33026,3302.6,6.746800000000001
33027,3302.7,6.746600000000001
33028,3302.8,6.7464
33029,3302.9,6.7462
33030,3303.0,6.746
33031,3303.1,6.745800000000001
33032,3303.2,6.7456000000000005
33033,3303.3,6.745400000000001
33034,3303.4,6.7452
33035,3303.5,6.745
33036,3303.6,6.744800000000001
33037,3303.7,6.7446
33038,3303.8,6.744400000000001
33039,3303.9,6.744200000000001
33040,3304.0,6.744
33041,3304.1,6.7438
33042,3304.2,6.7436
33043,3304.3,6.7434
33044,3304.4,6.743200000000001
33045,3304.5,6.743
33046,3304.6,6.742800000000001
33047,3304.7,6.7425999999999995
33048,3304.8,6.7424
33049,3304.9,6.7421999999999995
33050,3305.0,6.742
33051,3305.1,6.7418000000000005
33052,3305.2,6.741600000000001
33053,3305.3,6.7414
33054,3305.4,6.7412
33055,3305.5,6.741
33056,3305.6,6.7408
33057,3305.7,6.740600000000001
33058,3305.8,6.740400000000001
33059,3305.9,6.7402
33060,3306.0,6.74
33061,3306.1,6.739800000000001
33062,3306.2,6.739600000000001
33063,3306.3,6.739400000000001
33064,3306.4,6.739200000000001
33065,3306.5,6.739000000000001
33066,3306.6,6.7388
33067,3306.7,6.738600000000001
33068,3306.8,6.738400000000001
33069,3306.9,6.738200000000002
33070,3307.0,6.738000000000001
33071,3307.1,6.737900000000001
33072,3307.2,6.737800000000001
33073,3307.3,6.7377
33074,3307.4,6.7376000000000005
33075,3307.5,6.737500000000001
33076,3307.6,6.737400000000001
33077,3307.7,6.7373
33078,3307.8,6.7372
33079,3307.9,6.7371
33080,3308.0,6.737
33081,3308.1,6.736800000000001
33082,3308.2,6.736600000000001
33083,3308.3,6.736400000000001
33084,3308.4,6.7362
33085,3308.5,6.736000000000001
33086,3308.6,6.7358
33087,3308.7,6.735600000000001
33088,3308.8,6.735400000000001
33089,3308.9,6.735200000000002
33090,3309.0,6.735
33091,3309.1,6.734800000000001
33092,3309.2,6.7346
33093,3309.3,6.734400000000001
33094,3309.4,6.7342
33095,3309.5,6.734000000000001
33096,3309.6,6.7338000000000005
33097,3309.7,6.733599999999999
33098,3309.8,6.7334
33099,3309.9,6.733199999999999
33100,3310.0,6.733
33101,3310.1,6.7329
33102,3310.2,6.7328
33103,3310.3,6.7326999999999995
33104,3310.4,6.7326
33105,3310.5,6.7325
33106,3310.6,6.7324
33107,3310.7,6.7323
33108,3310.8,6.732200000000001
33109,3310.9,6.7321
33110,3311.0,6.732
33111,3311.1,6.731800000000001
33112,3311.2,6.731600000000001
33113,3311.3,6.731400000000001
33114,3311.4,6.731200000000001
33115,3311.5,6.731
33116,3311.6,6.7308
33117,3311.7,6.730600000000001
33118,3311.8,6.730400000000001
33119,3311.9,6.730200000000002
33120,3312.0,6.730000000000001
33121,3312.1,6.729900000000001
33122,3312.2,6.729800000000001
33123,3312.3,6.7297
33124,3312.4,6.7296000000000005
33125,3312.5,6.729500000000001
33126,3312.6,6.729400000000001
33127,3312.7,6.7293
33128,3312.8,6.7292
33129,3312.9,6.7291
33130,3313.0,6.729
33131,3313.1,6.728800000000001
33132,3313.2,6.728600000000001
33133,3313.3,6.728400000000001
33134,3313.4,6.7282
33135,3313.5,6.728
33136,3313.6,6.7278
33137,3313.7,6.727600000000001
33138,3313.8,6.727400000000001
33139,3313.9,6.727200000000002
33140,3314.0,6.727
33141,3314.1,6.7269000000000005
33142,3314.2,6.726800000000001
33143,3314.3,6.7267
33144,3314.4,6.7266
33145,3314.5,6.726500000000001
33146,3314.6,6.726400000000001
33147,3314.7,6.7263
33148,3314.8,6.7261999999999995
33149,3314.9,6.7261
33150,3315.0,6.726
33151,3315.1,6.726
33152,3315.2,6.726
33153,3315.3,6.726
33154,3315.4,6.726
33155,3315.5,6.726
33156,3315.6,6.726
33157,3315.7,6.726
33158,3315.8,6.726
33159,3315.9,6.726
33160,3316.0,6.726
33161,3316.1,6.7259
33162,3316.2,6.7258000000000004
33163,3316.3,6.7257
33164,3316.4,6.7256
33165,3316.5,6.725499999999999
33166,3316.6,6.7254
33167,3316.7,6.7253
33168,3316.8,6.7252
33169,3316.9,6.7251
33170,3317.0,6.7250000000000005
33171,3317.1,6.725
33172,3317.2,6.725
33173,3317.3,6.725
33174,3317.4,6.725
33175,3317.5,6.725
33176,3317.6,6.725
33177,3317.7,6.725
33178,3317.8,6.725
33179,3317.9,6.725
33180,3318.0,6.725
33181,3318.1,6.725
33182,3318.2,6.725
33183,3318.3,6.725
33184,3318.4,6.725
33185,3318.5,6.725
33186,3318.6,6.725
33187,3318.7,6.725
33188,3318.8,6.725
33189,3318.9,6.725
33190,3319.0,6.725
33191,3319.1,6.725099999999999
33192,3319.2,6.725199999999999
33193,3319.3,6.7253
33194,3319.4,6.7254
33195,3319.5,6.725499999999999
33196,3319.6,6.725599999999999
33197,3319.7,6.7257
33198,3319.8,6.7258000000000004
33199,3319.9,6.7259
33200,3320.0,6.726
33201,3320.1,6.7261999999999995
33202,3320.2,6.726399999999999
33203,3320.3,6.7266
33204,3320.4,6.7268
33205,3320.5,6.727
33206,3320.6,6.7272
33207,3320.7,6.727399999999999
33208,3320.8,6.727599999999999
33209,3320.9,6.7278
33210,3321.0,6.728
33211,3321.1,6.728199999999999
33212,3321.2,6.7284
33213,3321.3,6.728599999999999
33214,3321.4,6.728799999999999
33215,3321.5,6.729
33216,3321.6,6.7292
33217,3321.7,6.7294
33218,3321.8,6.7296
33219,3321.9,6.729799999999999
33220,3322.0,6.7299999999999995
33221,3322.1,6.730399999999998
33222,3322.2,6.7307999999999995
33223,3322.3,6.731199999999999
33224,3322.4,6.731599999999999
33225,3322.5,6.731999999999999
33226,3322.6,6.732399999999998
33227,3322.7,6.732799999999998
33228,3322.8,6.733200000000001
33229,3322.9,6.7336
33230,3323.0,6.734
33231,3323.1,6.734299999999999
33232,3323.2,6.7345999999999995
33233,3323.3,6.734899999999999
33234,3323.4,6.735200000000001
33235,3323.5,6.7355
33236,3323.6,6.735799999999999
33237,3323.7,6.7360999999999995
33238,3323.8,6.736399999999999
33239,3323.9,6.736699999999999
33240,3324.0,6.737
33241,3324.1,6.7375
33242,3324.2,6.7379999999999995
33243,3324.3,6.738499999999999
33244,3324.4,6.738999999999999
33245,3324.5,6.739499999999999
33246,3324.6,6.739999999999998
33247,3324.7,6.740500000000001
33248,3324.8,6.7410000000000005
33249,3324.9,6.7415
33250,3325.0,6.742
33251,3325.1,6.7425999999999995
33252,3325.2,6.743199999999999
33253,3325.3,6.743800000000001
33254,3325.4,6.744400000000001
33255,3325.5,6.745
33256,3325.6,6.7456
33257,3325.7,6.746199999999999
33258,3325.8,6.746799999999998
33259,3325.9,6.747400000000001
33260,3326.0,6.748
33261,3326.1,6.7486
33262,3326.2,6.749199999999998
33263,3326.3,6.749799999999998
33264,3326.4,6.750399999999997
33265,3326.5,6.7509999999999994
33266,3326.6,6.751599999999999
33267,3326.7,6.752199999999998
33268,3326.8,6.752799999999998
33269,3326.9,6.7533999999999965
33270,3327.0,6.753999999999996
33271,3327.1,6.7545999999999955
33272,3327.2,6.7551999999999985
33273,3327.3,6.755799999999999
33274,3327.4,6.756399999999998
33275,3327.5,6.756999999999998
33276,3327.6,6.757599999999997
33277,3327.7,6.758199999999998
33278,3327.8,6.758800000000001
33279,3327.9,6.7594
33280,3328.0,6.76
33281,3328.1,6.760699999999999
33282,3328.2,6.761399999999998
33283,3328.3,6.762099999999998
33284,3328.4,6.7628
33285,3328.5,6.7635000000000005
33286,3328.6,6.7642
33287,3328.7,6.764899999999999
33288,3328.8,6.765599999999998
33289,3328.9,6.7662999999999975
33290,3329.0,6.767
33291,3329.1,6.7678
33292,3329.2,6.768599999999999
33293,3329.3,6.769399999999999
33294,3329.4,6.770199999999998
33295,3329.5,6.770999999999998
33296,3329.6,6.771799999999998
33297,3329.7,6.7726000000000015
33298,3329.8,6.773400000000001
33299,3329.9,6.7742
33300,3330.0,6.775
33301,3330.1,6.7757
33302,3330.2,6.776399999999999
33303,3330.3,6.777100000000002
33304,3330.4,6.777800000000001
33305,3330.5,6.7785
33306,3330.6,6.7791999999999994
33307,3330.7,6.779899999999999
33308,3330.8,6.780599999999998
33309,3330.9,6.781300000000001
33310,3331.0,6.782
33311,3331.1,6.782699999999999
33312,3331.2,6.7833999999999985
33313,3331.3,6.784099999999998
33314,3331.4,6.784799999999997
33315,3331.5,6.7855
33316,3331.6,6.786199999999999
33317,3331.7,6.786899999999998
33318,3331.8,6.787599999999998
33319,3331.9,6.788299999999997
33320,3332.0,6.788999999999996
33321,3332.1,6.789699999999995
33322,3332.2,6.790399999999999
33323,3332.3,6.791099999999998
33324,3332.4,6.7917999999999985
33325,3332.5,6.792499999999998
33326,3332.6,6.793199999999998
33327,3332.7,6.793899999999997
33328,3332.8,6.794600000000001
33329,3332.9,6.795300000000001
33330,3333.0,6.796
33331,3333.1,6.7966
33332,3333.2,6.797199999999998
33333,3333.3,6.797799999999998
33334,3333.4,6.798400000000001
33335,3333.5,6.7989999999999995
33336,3333.6,6.799599999999999
33337,3333.7,6.8001999999999985
33338,3333.8,6.800799999999998
33339,3333.9,6.801399999999997
33340,3334.0,6.802
33341,3334.1,6.802599999999999
33342,3334.2,6.803199999999999
33343,3334.3,6.803799999999999
33344,3334.4,6.8043999999999984
33345,3334.5,6.804999999999998
33346,3334.6,6.805599999999997
33347,3334.7,6.8062000000000005
33348,3334.8,6.806800000000001
33349,3334.9,6.8074
33350,3335.0,6.808
33351,3335.1,6.8084
33352,3335.2,6.808799999999999
33353,3335.3,6.809200000000001
33354,3335.4,6.8096000000000005
33355,3335.5,6.8100000000000005
33356,3335.6,6.8104
33357,3335.7,6.8107999999999995
33358,3335.8,6.811199999999999
33359,3335.9,6.8116
33360,3336.0,6.812
33361,3336.1,6.8123
33362,3336.2,6.8126
33363,3336.3,6.812899999999999
33364,3336.4,6.813199999999999
33365,3336.5,6.8135
33366,3336.6,6.8138
33367,3336.7,6.8141
33368,3336.8,6.814399999999999
33369,3336.9,6.814699999999999
33370,3337.0,6.814999999999999
33371,3337.1,6.815199999999999
33372,3337.2,6.8154
33373,3337.3,6.8156
33374,3337.4,6.815799999999999
33375,3337.5,6.816
33376,3337.6,6.816199999999999
33377,3337.7,6.8164
33378,3337.8,6.8166
33379,3337.9,6.816800000000001
33380,3338.0,6.817
33381,3338.1,6.817
33382,3338.2,6.817
33383,3338.3,6.817
33384,3338.4,6.817
33385,3338.5,6.817
33386,3338.6,6.817
33387,3338.7,6.817
33388,3338.8,6.817
33389,3338.9,6.817
33390,3339.0,6.817
33391,3339.1,6.8169
33392,3339.2,6.816800000000001
33393,3339.3,6.8167
33394,3339.4,6.8166
33395,3339.5,6.8165000000000004
33396,3339.6,6.816400000000001
33397,3339.7,6.8163
33398,3339.8,6.816199999999999
33399,3339.9,6.8161
33400,3340.0,6.816
33401,3340.1,6.8157000000000005
33402,3340.2,6.8154
33403,3340.3,6.815099999999999
33404,3340.4,6.814799999999999
33405,3340.5,6.8145
33406,3340.6,6.8142000000000005
33407,3340.7,6.8139
33408,3340.8,6.813600000000001
33409,3340.9,6.813299999999999
33410,3341.0,6.813
33411,3341.1,6.8125
33412,3341.2,6.812000000000001
33413,3341.3,6.811500000000001
33414,3341.4,6.811000000000002
33415,3341.5,6.810499999999999
33416,3341.6,6.8100000000000005
33417,3341.7,6.809500000000001
33418,3341.8,6.809000000000002
33419,3341.9,6.808500000000002
33420,3342.0,6.8080000000000025
33421,3342.1,6.807500000000003
33422,3342.2,6.807
33423,3342.3,6.806500000000001
33424,3342.4,6.806000000000001
33425,3342.5,6.805500000000001
33426,3342.6,6.8050000000000015
33427,3342.7,6.804500000000002
33428,3342.8,6.803999999999999
33429,3342.9,6.8035
33430,3343.0,6.803
33431,3343.1,6.802200000000001
33432,3343.2,6.801400000000002
33433,3343.3,6.800600000000003
33434,3343.4,6.799799999999999
33435,3343.5,6.7989999999999995
33436,3343.6,6.7982000000000005
33437,3343.7,6.797400000000001
33438,3343.8,6.796600000000002
33439,3343.9,6.795800000000003
33440,3344.0,6.795
33441,3344.1,6.7942
33442,3344.2,6.793400000000001
33443,3344.3,6.792600000000001
33444,3344.4,6.791800000000002
33445,3344.5,6.791000000000002
33446,3344.6,6.790200000000002
33447,3344.7,6.789399999999999
33448,3344.8,6.788599999999999
33449,3344.9,6.7878
33450,3345.0,6.787
33451,3345.1,6.786000000000001
33452,3345.2,6.785000000000002
33453,3345.3,6.783999999999998
33454,3345.4,6.782999999999999
33455,3345.5,6.782
33456,3345.6,6.7810000000000015
33457,3345.7,6.780000000000002
33458,3345.8,6.7790000000000035
33459,3345.9,6.777999999999999
33460,3346.0,6.777
33461,3346.1,6.776000000000002
33462,3346.2,6.775000000000002
33463,3346.3,6.774000000000004
33464,3346.4,6.773000000000005
33465,3346.5,6.772
33466,3346.6,6.771000000000002
33467,3346.7,6.770000000000002
33468,3346.8,6.769000000000004
33469,3346.9,6.768000000000005
33470,3347.0,6.767000000000006
33471,3347.1,6.765900000000007
33472,3347.2,6.764800000000002
33473,3347.3,6.763700000000002
33474,3347.4,6.762600000000003
33475,3347.5,6.761500000000003
33476,3347.6,6.760400000000004
33477,3347.7,6.759300000000005
33478,3347.8,6.758199999999999
33479,3347.9,6.757099999999999
33480,3348.0,6.756
33481,3348.1,6.754900000000002
33482,3348.2,6.753800000000003
33483,3348.3,6.752700000000004
33484,3348.4,6.751599999999999
33485,3348.5,6.750500000000001
33486,3348.6,6.749400000000001
33487,3348.7,6.748300000000003
33488,3348.8,6.747200000000004
33489,3348.9,6.7461000000000055
33490,3349.0,6.745
33491,3349.1,6.744000000000001
33492,3349.2,6.743000000000001
33493,3349.3,6.742000000000002
33494,3349.4,6.741000000000002
33495,3349.5,6.740000000000003
33496,3349.6,6.739000000000003
33497,3349.7,6.737999999999999
33498,3349.8,6.736999999999999
33499,3349.9,6.736
33500,3350.0,6.735
33501,3350.1,6.733900000000002
33502,3350.2,6.732800000000003
33503,3350.3,6.731699999999997
33504,3350.4,6.730599999999999
33505,3350.5,6.7295
33506,3350.6,6.7284000000000015
33507,3350.7,6.727300000000003
33508,3350.8,6.726200000000004
33509,3350.9,6.7250999999999985
33510,3351.0,6.724
33511,3351.1,6.723100000000001
33512,3351.2,6.722200000000003
33513,3351.3,6.721300000000003
33514,3351.4,6.720400000000004
33515,3351.5,6.7195
33516,3351.6,6.718600000000001
33517,3351.7,6.7177000000000024
33518,3351.8,6.716800000000003
33519,3351.9,6.715900000000004
33520,3352.0,6.715000000000005
33521,3352.1,6.7141000000000055
33522,3352.2,6.713200000000001
33523,3352.3,6.712300000000002
33524,3352.4,6.711400000000002
33525,3352.5,6.710500000000002
33526,3352.6,6.709600000000004
33527,3352.7,6.708700000000004
33528,3352.8,6.707799999999999
33529,3352.9,6.7069
33530,3353.0,6.706
33531,3353.1,6.705300000000001
33532,3353.2,6.704600000000002
33533,3353.3,6.703900000000003
33534,3353.4,6.7032
33535,3353.5,6.702500000000001
33536,3353.6,6.7018
33537,3353.7,6.701100000000002
33538,3353.8,6.700400000000002
33539,3353.9,6.699700000000003
33540,3354.0,6.699
33541,3354.1,6.6984
33542,3354.2,6.697800000000001
33543,3354.3,6.6972000000000005
33544,3354.4,6.696600000000001
33545,3354.5,6.6960000000000015
33546,3354.6,6.695400000000002
33547,3354.7,6.694799999999999
33548,3354.8,6.694199999999999
33549,3354.9,6.693599999999999
33550,3355.0,6.693
33551,3355.1,6.6925
33552,3355.2,6.692000000000001
33553,3355.3,6.691499999999999
33554,3355.4,6.690999999999999
33555,3355.5,6.6905
33556,3355.6,6.69
33557,3355.7,6.689500000000001
33558,3355.8,6.689000000000002
33559,3355.9,6.6884999999999994
33560,3356.0,6.688
33561,3356.1,6.6877
33562,3356.2,6.6874
33563,3356.3,6.687100000000001
33564,3356.4,6.686800000000001
33565,3356.5,6.6865
33566,3356.6,6.6862
33567,3356.7,6.6859
33568,3356.8,6.685600000000001
33569,3356.9,6.685300000000001
33570,3357.0,6.685000000000001
33571,3357.1,6.684900000000001
33572,3357.2,6.6848
33573,3357.3,6.6847
33574,3357.4,6.6846
33575,3357.5,6.6845
33576,3357.6,6.6844
33577,3357.7,6.6843
33578,3357.8,6.6842
33579,3357.9,6.6841
33580,3358.0,6.684
33581,3358.1,6.6841
33582,3358.2,6.6842
33583,3358.3,6.6842999999999995
33584,3358.4,6.6844
33585,3358.5,6.6845
33586,3358.6,6.6846
33587,3358.7,6.684699999999999
33588,3358.8,6.684799999999999
33589,3358.9,6.684899999999999
33590,3359.0,6.685
33591,3359.1,6.6853
33592,3359.2,6.685599999999999
33593,3359.3,6.685899999999999
33594,3359.4,6.686199999999999
33595,3359.5,6.686499999999999
33596,3359.6,6.686799999999999
33597,3359.7,6.6871
33598,3359.8,6.6874
33599,3359.9,6.6876999999999995
33600,3360.0,6.688
33601,3360.1,6.6884
33602,3360.2,6.688799999999999
33603,3360.3,6.6892000000000005
33604,3360.4,6.6896
33605,3360.5,6.6899999999999995
33606,3360.6,6.6903999999999995
33607,3360.7,6.690799999999999
33608,3360.8,6.6911999999999985
33609,3360.9,6.6916
33610,3361.0,6.692
33611,3361.1,6.6926
33612,3361.2,6.693199999999999
33613,3361.3,6.693799999999998
33614,3361.4,6.694399999999997
33615,3361.5,6.695
33616,3361.6,6.6956
33617,3361.7,6.696199999999999
33618,3361.8,6.696799999999998
33619,3361.9,6.697399999999997
33620,3362.0,6.697999999999997
33621,3362.1,6.698599999999996
33622,3362.2,6.699199999999999
33623,3362.3,6.699799999999999
33624,3362.4,6.700399999999998
33625,3362.5,6.700999999999999
33626,3362.6,6.701599999999998
33627,3362.7,6.702199999999998
33628,3362.8,6.702800000000001
33629,3362.9,6.7034
33630,3363.0,6.704
33631,3363.1,6.7048999999999985
33632,3363.2,6.705799999999998
33633,3363.3,6.706699999999997
33634,3363.4,6.707600000000001
33635,3363.5,6.7085
33636,3363.6,6.709399999999999
33637,3363.7,6.710299999999998
33638,3363.8,6.711199999999997
33639,3363.9,6.712099999999996
33640,3364.0,6.713
33641,3364.1,6.7139
33642,3364.2,6.714799999999999
33643,3364.3,6.715699999999998
33644,3364.4,6.716599999999998
33645,3364.5,6.717499999999998
33646,3364.6,6.718399999999997
33647,3364.7,6.719300000000002
33648,3364.8,6.720200000000001
33649,3364.9,6.721100000000001
33650,3365.0,6.722
33651,3365.1,6.722899999999999
33652,3365.2,6.723799999999998
33653,3365.3,6.724700000000002
33654,3365.4,6.725600000000001
33655,3365.5,6.726500000000001
33656,3365.6,6.727399999999999
33657,3365.7,6.728299999999998
33658,3365.8,6.729199999999997
33659,3365.9,6.730100000000001
33660,3366.0,6.731
33661,3366.1,6.732099999999998
33662,3366.2,6.733199999999997
33663,3366.3,6.734299999999996
33664,3366.4,6.735399999999995
33665,3366.5,6.7364999999999995
33666,3366.6,6.737599999999999
33667,3366.7,6.738699999999997
33668,3366.8,6.739799999999996
33669,3366.9,6.740899999999995
33670,3367.0,6.741999999999994
33671,3367.1,6.742999999999994
33672,3367.2,6.743999999999999
33673,3367.3,6.744999999999998
33674,3367.4,6.745999999999998
33675,3367.5,6.746999999999997
33676,3367.6,6.747999999999997
33677,3367.7,6.748999999999996
33678,3367.8,6.750000000000001
33679,3367.9,6.751
33680,3368.0,6.752
33681,3368.1,6.752999999999998
33682,3368.2,6.753999999999998
33683,3368.3,6.754999999999996
33684,3368.4,6.756000000000001
33685,3368.5,6.757
33686,3368.6,6.757999999999998
33687,3368.7,6.758999999999998
33688,3368.8,6.759999999999996
33689,3368.9,6.760999999999995
33690,3369.0,6.762
33691,3369.1,6.762899999999999
33692,3369.2,6.763799999999999
33693,3369.3,6.764699999999998
33694,3369.4,6.765599999999997
33695,3369.5,6.766499999999997
33696,3369.6,6.767399999999997
33697,3369.7,6.768300000000002
33698,3369.8,6.7692000000000005
33699,3369.9,6.7701
33700,3370.0,6.771
33701,3370.1,6.771899999999999
33702,3370.2,6.7727999999999975
33703,3370.3,6.7737000000000025
33704,3370.4,6.774600000000001
33705,3370.5,6.7755
33706,3370.6,6.776399999999999
33707,3370.7,6.777299999999998
33708,3370.8,6.778199999999997
33709,3370.9,6.7791000000000015
33710,3371.0,6.78
33711,3371.1,6.780799999999999
33712,3371.2,6.781599999999998
33713,3371.3,6.782399999999997
33714,3371.4,6.783199999999996
33715,3371.5,6.784000000000001
33716,3371.6,6.7848
33717,3371.7,6.785599999999999
33718,3371.8,6.786399999999998
33719,3371.9,6.787199999999997
33720,3372.0,6.787999999999996
33721,3372.1,6.788699999999996
33722,3372.2,6.7894
33723,3372.3,6.790099999999999
33724,3372.4,6.790799999999998
33725,3372.5,6.791499999999998
33726,3372.6,6.792199999999998
33727,3372.7,6.792899999999997
33728,3372.8,6.7936000000000005
33729,3372.9,6.794300000000001
33730,3373.0,6.795
33731,3373.1,6.795599999999999
33732,3373.2,6.796199999999999
33733,3373.3,6.7967999999999975
33734,3373.4,6.7974000000000006
33735,3373.5,6.798
33736,3373.6,6.7985999999999995
33737,3373.7,6.799199999999999
33738,3373.8,6.799799999999998
33739,3373.9,6.800399999999997
33740,3374.0,6.801
33741,3374.1,6.8014
33742,3374.2,6.801799999999999
33743,3374.3,6.802199999999999
33744,3374.4,6.802599999999999
33745,3374.5,6.802999999999999
33746,3374.6,6.803399999999998
33747,3374.7,6.803800000000001
33748,3374.8,6.804200000000001
33749,3374.9,6.8046
33750,3375.0,6.805
33751,3375.1,6.805299999999999
33752,3375.2,6.805599999999999
33753,3375.3,6.8059
33754,3375.4,6.8062000000000005
33755,3375.5,6.8065
33756,3375.6,6.806799999999999
33757,3375.7,6.807099999999999
33758,3375.8,6.807399999999999
33759,3375.9,6.8077000000000005
33760,3376.0,6.808
33761,3376.1,6.8081
33762,3376.2,6.808199999999999
33763,3376.3,6.8083
33764,3376.4,6.8084
33765,3376.5,6.8085
33766,3376.6,6.8086
33767,3376.7,6.8087
33768,3376.8,6.8088
33769,3376.9,6.8088999999999995
33770,3377.0,6.808999999999999
33771,3377.1,6.809099999999999
33772,3377.2,6.8092
33773,3377.3,6.8092999999999995
33774,3377.4,6.8094
33775,3377.5,6.8095
33776,3377.6,6.8096
33777,3377.7,6.809699999999999
33778,3377.8,6.8098
33779,3377.9,6.8099
33780,3378.0,6.81
33781,3378.1,6.8098
33782,3378.2,6.8096000000000005
33783,3378.3,6.8094
33784,3378.4,6.8092
33785,3378.5,6.808999999999999
33786,3378.6,6.8088
33787,3378.7,6.8086
33788,3378.8,6.808400000000001
33789,3378.9,6.808200000000001
33790,3379.0,6.808
33791,3379.1,6.8078
33792,3379.2,6.8076
33793,3379.3,6.8074
33794,3379.4,6.807200000000001
33795,3379.5,6.807
33796,3379.6,6.806800000000001
33797,3379.7,6.8065999999999995
33798,3379.8,6.8064
33799,3379.9,6.8062
33800,3380.0,6.806
33801,3380.1,6.8056
33802,3380.2,6.805200000000001
33803,3380.3,6.804799999999999
33804,3380.4,6.804399999999999
33805,3380.5,6.803999999999999
33806,3380.6,6.8036
33807,3380.7,6.8032
33808,3380.8,6.802800000000001
33809,3380.9,6.8024
33810,3381.0,6.802
33811,3381.1,6.8016000000000005
33812,3381.2,6.801200000000001
33813,3381.3,6.8008000000000015
33814,3381.4,6.8004000000000016
33815,3381.5,6.8
33816,3381.6,6.799600000000001
33817,3381.7,6.799200000000001
33818,3381.8,6.798800000000002
33819,3381.9,6.798400000000002
33820,3382.0,6.798000000000003
33821,3382.1,6.797500000000003
33822,3382.2,6.797000000000001
33823,3382.3,6.796500000000001
33824,3382.4,6.796000000000001
33825,3382.5,6.795500000000001
33826,3382.6,6.795000000000002
33827,3382.7,6.794500000000002
33828,3382.8,6.794
33829,3382.9,6.7935
33830,3383.0,6.793
33831,3383.1,6.792400000000001
33832,3383.2,6.791800000000001
33833,3383.3,6.791200000000003
33834,3383.4,6.7905999999999995
33835,3383.5,6.79
33836,3383.6,6.7894000000000005
33837,3383.7,6.788800000000001
33838,3383.8,6.7882000000000025
33839,3383.9,6.787600000000003
33840,3384.0,6.787
33841,3384.1,6.786300000000001
33842,3384.2,6.7856000000000005
33843,3384.3,6.784900000000001
33844,3384.4,6.784200000000002
33845,3384.5,6.783500000000002
33846,3384.6,6.782800000000003
33847,3384.7,6.782099999999999
33848,3384.8,6.7814
33849,3384.9,6.7806999999999995
33850,3385.0,6.78
33851,3385.1,6.779400000000001
33852,3385.2,6.778800000000001
33853,3385.3,6.778199999999999
33854,3385.4,6.7776
33855,3385.5,6.777
33856,3385.6,6.776400000000001
33857,3385.7,6.775800000000001
33858,3385.8,6.7752000000000026
33859,3385.9,6.7745999999999995
33860,3386.0,6.774
33861,3386.1,6.7734000000000005
33862,3386.2,6.772800000000001
33863,3386.3,6.772200000000002
33864,3386.4,6.771600000000003
33865,3386.5,6.771
33866,3386.6,6.7704
33867,3386.7,6.769800000000001
33868,3386.8,6.769200000000002
33869,3386.9,6.768600000000003
33870,3387.0,6.768000000000003
33871,3387.1,6.767300000000004
33872,3387.2,6.7666
33873,3387.3,6.765900000000001
33874,3387.4,6.765200000000002
33875,3387.5,6.764500000000002
33876,3387.6,6.7638000000000025
33877,3387.7,6.763100000000003
33878,3387.8,6.7623999999999995
33879,3387.9,6.761699999999999
33880,3388.0,6.761
33881,3388.1,6.760400000000001
33882,3388.2,6.759800000000001
33883,3388.3,6.7592000000000025
33884,3388.4,6.7585999999999995
33885,3388.5,6.758
33886,3388.6,6.7574000000000005
33887,3388.7,6.756800000000001
33888,3388.8,6.756200000000002
33889,3388.9,6.755600000000003
33890,3389.0,6.755
33891,3389.1,6.7544
33892,3389.2,6.753800000000001
33893,3389.3,6.7532000000000005
33894,3389.4,6.752600000000001
33895,3389.5,6.752000000000002
33896,3389.6,6.751400000000002
33897,3389.7,6.750799999999999
33898,3389.8,6.750199999999999
33899,3389.9,6.749599999999999
33900,3390.0,6.749
33901,3390.1,6.7485
33902,3390.2,6.748000000000001
33903,3390.3,6.747499999999999
33904,3390.4,6.746999999999999
33905,3390.5,6.746499999999999
33906,3390.6,6.746
33907,3390.7,6.745500000000001
33908,3390.8,6.745000000000002
33909,3390.9,6.7444999999999995
33910,3391.0,6.744
33911,3391.1,6.7435
33912,3391.2,6.743000000000001
33913,3391.3,6.7425000000000015
33914,3391.4,6.742000000000002
33915,3391.5,6.7415
33916,3391.6,6.7410000000000005
33917,3391.7,6.740500000000001
33918,3391.8,6.740000000000002
33919,3391.9,6.739500000000002
33920,3392.0,6.7390000000000025
33921,3392.1,6.738500000000003
33922,3392.2,6.738
33923,3392.3,6.737500000000001
33924,3392.4,6.737000000000001
33925,3392.5,6.736500000000001
33926,3392.6,6.7360000000000015
33927,3392.7,6.735500000000002
33928,3392.8,6.734999999999999
33929,3392.9,6.7345
33930,3393.0,6.734
33931,3393.1,6.733600000000001
33932,3393.2,6.733200000000001
33933,3393.3,6.732800000000002
33934,3393.4,6.732399999999999
33935,3393.5,6.732
33936,3393.6,6.731600000000001
33937,3393.7,6.731200000000001
33938,3393.8,6.730800000000002
33939,3393.9,6.730400000000002
33940,3394.0,6.73
33941,3394.1,6.7297
33942,3394.2,6.729400000000001
33943,3394.3,6.729100000000001
33944,3394.4,6.7288000000000014
33945,3394.5,6.728500000000001
33946,3394.6,6.728200000000001
33947,3394.7,6.7279
33948,3394.8,6.7276
33949,3394.9,6.7273000000000005
33950,3395.0,6.727
33951,3395.1,6.726800000000001
33952,3395.2,6.7266
33953,3395.3,6.7264
33954,3395.4,6.7261999999999995
33955,3395.5,6.726
33956,3395.6,6.7258000000000004
33957,3395.7,6.7256
33958,3395.8,6.7254000000000005
33959,3395.9,6.725199999999999
33960,3396.0,6.725
33961,3396.1,6.7248
33962,3396.2,6.724600000000001
33963,3396.3,6.7244
33964,3396.4,6.724200000000001
33965,3396.5,6.724
33966,3396.6,6.7238
33967,3396.7,6.7236
33968,3396.8,6.723400000000001
33969,3396.9,6.723200000000001
33970,3397.0,6.723000000000001
33971,3397.1,6.722800000000001
33972,3397.2,6.7226
33973,3397.3,6.7224
33974,3397.4,6.722200000000001
33975,3397.5,6.722
33976,3397.6,6.721800000000001
33977,3397.7,6.7216000000000005
33978,3397.8,6.7214
33979,3397.9,6.7212
33980,3398.0,6.721
33981,3398.1,6.7209
33982,3398.2,6.7208000000000006
33983,3398.3,6.7207
33984,3398.4,6.7206
33985,3398.5,6.7204999999999995
33986,3398.6,6.7204
33987,3398.7,6.7203
33988,3398.8,6.7202
33989,3398.9,6.7201
33990,3399.0,6.72
33991,3399.1,6.72
33992,3399.2,6.72
33993,3399.3,6.72
33994,3399.4,6.72
33995,3399.5,6.72
33996,3399.6,6.72
33997,3399.7,6.72
33998,3399.8,6.72
33999,3399.9,6.72
34000,3400.0,6.72
34001,3400.1,6.72
34002,3400.2,6.72
34003,3400.3,6.72
34004,3400.4,6.72
34005,3400.5,6.72
34006,3400.6,6.72
34007,3400.7,6.72
34008,3400.8,6.72
34009,3400.9,6.72
34010,3401.0,6.72
34011,3401.1,6.7200999999999995
34012,3401.2,6.720199999999999
34013,3401.3,6.7203
34014,3401.4,6.7204
34015,3401.5,6.7204999999999995
34016,3401.6,6.7206
34017,3401.7,6.7207
34018,3401.8,6.7208
34019,3401.9,6.720899999999999
34020,3402.0,6.720999999999999
34021,3402.1,6.7211
34022,3402.2,6.7212
34023,3402.3,6.7213
34024,3402.4,6.7214
34025,3402.5,6.7215
34026,3402.6,6.7216
34027,3402.7,6.7217
34028,3402.8,6.721800000000001
34029,3402.9,6.721900000000001
34030,3403.0,6.722
34031,3403.1,6.7221
34032,3403.2,6.7222
34033,3403.3,6.7223
34034,3403.4,6.7224
34035,3403.5,6.7225
34036,3403.6,6.7226
34037,3403.7,6.7227
34038,3403.8,6.722799999999999
34039,3403.9,6.722899999999999
34040,3404.0,6.723
34041,3404.1,6.723199999999999
34042,3404.2,6.7234
34043,3404.3,6.723599999999999
34044,3404.4,6.723799999999999
34045,3404.5,6.723999999999999
34046,3404.6,6.724199999999999
34047,3404.7,6.7244
34048,3404.8,6.7246
34049,3404.9,6.7248
34050,3405.0,6.725
34051,3405.1,6.725199999999999
34052,3405.2,6.7254
34053,3405.3,6.7256
34054,3405.4,6.7258000000000004
34055,3405.5,6.726
34056,3405.6,6.7261999999999995
34057,3405.7,6.7264
34058,3405.8,6.7265999999999995
34059,3405.9,6.726800000000001
34060,3406.0,6.727
34061,3406.1,6.7273
34062,3406.2,6.7276
34063,3406.3,6.727899999999999
34064,3406.4,6.728199999999999
34065,3406.5,6.7285
34066,3406.6,6.7288
34067,3406.7,6.7291
34068,3406.8,6.729399999999999
34069,3406.9,6.729699999999999
34070,3407.0,6.729999999999999
34071,3407.1,6.730299999999999
34072,3407.2,6.7306
34073,3407.3,6.7309
34074,3407.4,6.731199999999999
34075,3407.5,6.7315
34076,3407.6,6.731799999999999
34077,3407.7,6.732099999999999
34078,3407.8,6.7324
34079,3407.9,6.7326999999999995
34080,3408.0,6.733
34081,3408.1,6.7334
34082,3408.2,6.733799999999999
34083,3408.3,6.734199999999999
34084,3408.4,6.7346
34085,3408.5,6.735
34086,3408.6,6.735399999999999
34087,3408.7,6.735799999999999
34088,3408.8,6.736199999999998
34089,3408.9,6.736599999999998
34090,3409.0,6.737
34091,3409.1,6.7373
34092,3409.2,6.7376
34093,3409.3,6.7379
34094,3409.4,6.738199999999999
34095,3409.5,6.738499999999999
34096,3409.6,6.7387999999999995
34097,3409.7,6.7391000000000005
34098,3409.8,6.739400000000001
34099,3409.9,6.7397
34100,3410.0,6.74
34101,3410.1,6.740399999999999
34102,3410.2,6.740799999999999
34103,3410.3,6.741200000000001
34104,3410.4,6.741600000000001
34105,3410.5,6.742
34106,3410.6,6.742399999999999
34107,3410.7,6.742799999999999
34108,3410.8,6.743199999999998
34109,3410.9,6.743600000000001
34110,3411.0,6.744
34111,3411.1,6.7444999999999995
34112,3411.2,6.744999999999998
34113,3411.3,6.745499999999998
34114,3411.4,6.745999999999998
34115,3411.5,6.746499999999999
34116,3411.6,6.746999999999999
34117,3411.7,6.747499999999999
34118,3411.8,6.7479999999999976
34119,3411.9,6.748499999999997
34120,3412.0,6.748999999999997
34121,3412.1,6.749399999999997
34122,3412.2,6.7498
34123,3412.3,6.7501999999999995
34124,3412.4,6.750599999999999
34125,3412.5,6.750999999999999
34126,3412.6,6.7513999999999985
34127,3412.7,6.7517999999999985
34128,3412.8,6.7522
34129,3412.9,6.7526
34130,3413.0,6.753
34131,3413.1,6.7535
34132,3413.2,6.753999999999999
34133,3413.3,6.754499999999998
34134,3413.4,6.755000000000001
34135,3413.5,6.7555000000000005
34136,3413.6,6.755999999999999
34137,3413.7,6.756499999999999
34138,3413.8,6.756999999999998
34139,3413.9,6.757499999999998
34140,3414.0,6.758
34141,3414.1,6.7585
34142,3414.2,6.7589999999999995
34143,3414.3,6.759499999999999
34144,3414.4,6.759999999999999
34145,3414.5,6.760499999999999
34146,3414.6,6.760999999999998
34147,3414.7,6.761500000000001
34148,3414.8,6.7620000000000005
34149,3414.9,6.7625
34150,3415.0,6.763
34151,3415.1,6.7635
34152,3415.2,6.7639999999999985
34153,3415.3,6.764500000000001
34154,3415.4,6.765000000000001
34155,3415.5,6.765499999999999
34156,3415.6,6.765999999999999
34157,3415.7,6.766499999999999
34158,3415.8,6.766999999999998
34159,3415.9,6.7675
34160,3416.0,6.768
34161,3416.1,6.7684999999999995
34162,3416.2,6.768999999999998
34163,3416.3,6.769499999999998
34164,3416.4,6.769999999999998
34165,3416.5,6.7705
34166,3416.6,6.770999999999999
34167,3416.7,6.771499999999999
34168,3416.8,6.771999999999998
34169,3416.9,6.772499999999997
34170,3417.0,6.772999999999997
34171,3417.1,6.773399999999997
34172,3417.2,6.7738
34173,3417.3,6.7741999999999996
34174,3417.4,6.774599999999999
34175,3417.5,6.774999999999999
34176,3417.6,6.7753999999999985
34177,3417.7,6.7757999999999985
34178,3417.8,6.7762
34179,3417.9,6.7766
34180,3418.0,6.777
34181,3418.1,6.7775
34182,3418.2,6.777999999999999
34183,3418.3,6.778499999999998
34184,3418.4,6.779000000000001
34185,3418.5,6.7795000000000005
34186,3418.6,6.779999999999999
34187,3418.7,6.780499999999999
34188,3418.8,6.780999999999998
34189,3418.9,6.781499999999998
34190,3419.0,6.782
34191,3419.1,6.7823
34192,3419.2,6.7825999999999995
34193,3419.3,6.7829
34194,3419.4,6.783199999999999
34195,3419.5,6.783499999999999
34196,3419.6,6.783799999999999
34197,3419.7,6.7841000000000005
34198,3419.8,6.784400000000001
34199,3419.9,6.7847
34200,3420.0,6.785
34201,3420.1,6.785399999999999
34202,3420.2,6.785799999999999
34203,3420.3,6.786200000000001
34204,3420.4,6.786600000000001
34205,3420.5,6.787
34206,3420.6,6.787399999999999
34207,3420.7,6.787799999999999
34208,3420.8,6.788199999999998
34209,3420.9,6.788600000000001
34210,3421.0,6.789
34211,3421.1,6.789199999999999
34212,3421.2,6.7894
34213,3421.3,6.789599999999999
34214,3421.4,6.789799999999999
34215,3421.5,6.79
34216,3421.6,6.7902
34217,3421.7,6.7904
34218,3421.8,6.7905999999999995
34219,3421.9,6.790799999999999
34220,3422.0,6.7909999999999995
34221,3422.1,6.791199999999999
34222,3422.2,6.7914
34223,3422.3,6.7916
34224,3422.4,6.791799999999999
34225,3422.5,6.792
34226,3422.6,6.792199999999999
34227,3422.7,6.7924
34228,3422.8,6.7926
34229,3422.9,6.792800000000001
34230,3423.0,6.793
34231,3423.1,6.7931
34232,3423.2,6.7932
34233,3423.3,6.7932999999999995
34234,3423.4,6.7934
34235,3423.5,6.7935
34236,3423.6,6.7936
34237,3423.7,6.793699999999999
34238,3423.8,6.793799999999999
34239,3423.9,6.793899999999999
34240,3424.0,6.794
34241,3424.1,6.794
34242,3424.2,6.794
34243,3424.3,6.794
34244,3424.4,6.794
34245,3424.5,6.794
34246,3424.6,6.794
34247,3424.7,6.794
34248,3424.8,6.794
34249,3424.9,6.794
34250,3425.0,6.794
34251,3425.1,6.7939
34252,3425.2,6.7938
34253,3425.3,6.793699999999999
34254,3425.4,6.7936
34255,3425.5,6.7935
34256,3425.6,6.7934
34257,3425.7,6.7933
34258,3425.8,6.793200000000001
34259,3425.9,6.7931
34260,3426.0,6.793
34261,3426.1,6.792800000000001
34262,3426.2,6.792600000000001
34263,3426.3,6.792400000000001
34264,3426.4,6.792200000000001
34265,3426.5,6.792
34266,3426.6,6.7918
34267,3426.7,6.791600000000001
34268,3426.8,6.791400000000001
34269,3426.9,6.791200000000002
34270,3427.0,6.791000000000001
34271,3427.1,6.790700000000002
34272,3427.2,6.790400000000001
34273,3427.3,6.790100000000001
34274,3427.4,6.789800000000001
34275,3427.5,6.789500000000001
34276,3427.6,6.789200000000001
34277,3427.7,6.788900000000002
34278,3427.8,6.7886
34279,3427.9,6.7883000000000004
34280,3428.0,6.788
34281,3428.1,6.7876
34282,3428.2,6.787200000000001
34283,3428.3,6.786800000000001
34284,3428.4,6.7863999999999995
34285,3428.5,6.786
34286,3428.6,6.7856000000000005
34287,3428.7,6.785200000000001
34288,3428.8,6.7848000000000015
34289,3428.9,6.7844000000000015
34290,3429.0,6.784
34291,3429.1,6.7835
34292,3429.2,6.783
34293,3429.3,6.782500000000001
34294,3429.4,6.782000000000001
34295,3429.5,6.781500000000001
34296,3429.6,6.7810000000000015
34297,3429.7,6.780499999999999
34298,3429.8,6.779999999999999
34299,3429.9,6.7795
34300,3430.0,6.779
34301,3430.1,6.7785
34302,3430.2,6.778000000000001
34303,3430.3,6.777499999999999
34304,3430.4,6.776999999999999
34305,3430.5,6.7765
34306,3430.6,6.776000000000001
34307,3430.7,6.775500000000001
34308,3430.8,6.775000000000002
34309,3430.9,6.7745
34310,3431.0,6.774
34311,3431.1,6.7734000000000005
34312,3431.2,6.772800000000001
34313,3431.3,6.772200000000002
34314,3431.4,6.771600000000003
34315,3431.5,6.771
34316,3431.6,6.7704
34317,3431.7,6.769800000000001
34318,3431.8,6.769200000000002
34319,3431.9,6.768600000000003
34320,3432.0,6.768000000000003
34321,3432.1,6.767300000000004
34322,3432.2,6.7666
34323,3432.3,6.765900000000001
34324,3432.4,6.765200000000002
34325,3432.5,6.764500000000002
34326,3432.6,6.7638000000000025
34327,3432.7,6.763100000000003
34328,3432.8,6.7623999999999995
34329,3432.9,6.761699999999999
34330,3433.0,6.761
34331,3433.1,6.760300000000001
34332,3433.2,6.759600000000002
34333,3433.3,6.758900000000002
34334,3433.4,6.7581999999999995
34335,3433.5,6.757499999999999
34336,3433.6,6.7568
34337,3433.7,6.756100000000001
34338,3433.8,6.755400000000002
34339,3433.9,6.754700000000002
34340,3434.0,6.754
34341,3434.1,6.7534
34342,3434.2,6.752800000000001
34343,3434.3,6.752200000000001
34344,3434.4,6.751600000000002
34345,3434.5,6.751000000000001
34346,3434.6,6.750400000000002
34347,3434.7,6.749799999999999
34348,3434.8,6.749199999999999
34349,3434.9,6.7486
34350,3435.0,6.748
34351,3435.1,6.747300000000001
34352,3435.2,6.746600000000002
34353,3435.3,6.745899999999999
34354,3435.4,6.7452
34355,3435.5,6.7445
34356,3435.6,6.7438
34357,3435.7,6.743100000000001
34358,3435.8,6.742400000000002
34359,3435.9,6.741699999999999
34360,3436.0,6.741
34361,3436.1,6.7404
34362,3436.2,6.739800000000002
34363,3436.3,6.739200000000002
34364,3436.4,6.738600000000003
34365,3436.5,6.738
34366,3436.6,6.737400000000001
34367,3436.7,6.7368000000000015
34368,3436.8,6.736200000000002
34369,3436.9,6.735600000000003
34370,3437.0,6.735000000000004
34371,3437.1,6.734400000000004
34372,3437.2,6.733800000000001
34373,3437.3,6.733200000000001
34374,3437.4,6.7326000000000015
34375,3437.5,6.732000000000002
34376,3437.6,6.7314000000000025
34377,3437.7,6.730800000000002
34378,3437.8,6.730199999999999
34379,3437.9,6.7296
34380,3438.0,6.729
34381,3438.1,6.7285
34382,3438.2,6.7280000000000015
34383,3438.3,6.727500000000002
34384,3438.4,6.726999999999999
34385,3438.5,6.726500000000001
34386,3438.6,6.726000000000001
34387,3438.7,6.725500000000001
34388,3438.8,6.725000000000002
34389,3438.9,6.724500000000003
34390,3439.0,6.724
34391,3439.1,6.7237
34392,3439.2,6.723400000000001
34393,3439.3,6.7231000000000005
34394,3439.4,6.722800000000001
34395,3439.5,6.722500000000001
34396,3439.6,6.722200000000001
34397,3439.7,6.7219
34398,3439.8,6.7216
34399,3439.9,6.7213
34400,3440.0,6.721
34401,3440.1,6.720700000000001
34402,3440.2,6.720400000000001
34403,3440.3,6.7200999999999995
34404,3440.4,6.719799999999999
34405,3440.5,6.7195
34406,3440.6,6.719200000000001
34407,3440.7,6.7189000000000005
34408,3440.8,6.718600000000001
34409,3440.9,6.718299999999999
34410,3441.0,6.718
34411,3441.1,6.7179
34412,3441.2,6.7178
34413,3441.3,6.7177
34414,3441.4,6.7176
34415,3441.5,6.717499999999999
34416,3441.6,6.7174
34417,3441.7,6.7173
34418,3441.8,6.7172
34419,3441.9,6.7171
34420,3442.0,6.7170000000000005
34421,3442.1,6.716900000000001
34422,3442.2,6.7168
34423,3442.3,6.7167
34424,3442.4,6.7166
34425,3442.5,6.7165
34426,3442.6,6.7164
34427,3442.7,6.7163
34428,3442.8,6.7162
34429,3442.9,6.7161
34430,3443.0,6.716
34431,3443.1,6.7162
34432,3443.2,6.716399999999999
34433,3443.3,6.7166
34434,3443.4,6.7168
34435,3443.5,6.7170000000000005
34436,3443.6,6.7172
34437,3443.7,6.7174
34438,3443.8,6.717599999999999
34439,3443.9,6.717799999999999
34440,3444.0,6.718
34441,3444.1,6.7183
34442,3444.2,6.7185999999999995
34443,3444.3,6.7189
34444,3444.4,6.719199999999999
34445,3444.5,6.719499999999999
34446,3444.6,6.719799999999999
34447,3444.7,6.7201
34448,3444.8,6.720400000000001
34449,3444.9,6.7207
34450,3445.0,6.721
34451,3445.1,6.721399999999999
34452,3445.2,6.721799999999999
34453,3445.3,6.722200000000001
34454,3445.4,6.722600000000001
34455,3445.5,6.723
34456,3445.6,6.723399999999999
34457,3445.7,6.723799999999999
34458,3445.8,6.724199999999998
34459,3445.9,6.724600000000001
34460,3446.0,6.725
34461,3446.1,6.725499999999999
34462,3446.2,6.725999999999999
34463,3446.3,6.726499999999998
34464,3446.4,6.726999999999998
34465,3446.5,6.7275
34466,3446.6,6.728
34467,3446.7,6.7284999999999995
34468,3446.8,6.728999999999998
34469,3446.9,6.729499999999998
34470,3447.0,6.729999999999998
34471,3447.1,6.730599999999996
34472,3447.2,6.731199999999999
34473,3447.3,6.731799999999999
34474,3447.4,6.732399999999998
34475,3447.5,6.732999999999999
34476,3447.6,6.733599999999998
34477,3447.7,6.734199999999998
34478,3447.8,6.734800000000001
34479,3447.9,6.7354
34480,3448.0,6.736
34481,3448.1,6.736699999999999
34482,3448.2,6.737399999999998
34483,3448.3,6.7380999999999975
34484,3448.4,6.7388
34485,3448.5,6.7395
34486,3448.6,6.7402
34487,3448.7,6.740899999999999
34488,3448.8,6.741599999999998
34489,3448.9,6.7422999999999975
34490,3449.0,6.743
34491,3449.1,6.7438
34492,3449.2,6.744599999999999
34493,3449.3,6.745399999999999
34494,3449.4,6.746199999999998
34495,3449.5,6.746999999999998
34496,3449.6,6.747799999999998
34497,3449.7,6.7486000000000015
34498,3449.8,6.749400000000001
34499,3449.9,6.7502
34500,3450.0,6.751
34501,3450.1,6.751799999999999
34502,3450.2,6.752599999999998
34503,3450.3,6.753400000000002
34504,3450.4,6.754200000000001
34505,3450.5,6.755000000000001
34506,3450.6,6.7558
34507,3450.7,6.756599999999999
34508,3450.8,6.757399999999998
34509,3450.9,6.758200000000001
34510,3451.0,6.759
34511,3451.1,6.759899999999999
34512,3451.2,6.760799999999998
34513,3451.3,6.761699999999997
34514,3451.4,6.762599999999996
34515,3451.5,6.7635000000000005
34516,3451.6,6.764399999999999
34517,3451.7,6.765299999999998
34518,3451.8,6.766199999999997
34519,3451.9,6.767099999999996
34520,3452.0,6.7679999999999945
34521,3452.1,6.768799999999994
34522,3452.2,6.769599999999999
34523,3452.3,6.770399999999999
34524,3452.4,6.771199999999998
34525,3452.5,6.771999999999998
34526,3452.6,6.7727999999999975
34527,3452.7,6.7735999999999965
34528,3452.8,6.774400000000001
34529,3452.9,6.7752
34530,3453.0,6.776
34531,3453.1,6.776799999999999
34532,3453.2,6.777599999999998
34533,3453.3,6.778399999999997
34534,3453.4,6.7792
34535,3453.5,6.779999999999999
34536,3453.6,6.780799999999999
34537,3453.7,6.781599999999998
34538,3453.8,6.782399999999997
34539,3453.9,6.783199999999996
34540,3454.0,6.784
34541,3454.1,6.784699999999999
34542,3454.2,6.785399999999999
34543,3454.3,6.7860999999999985
34544,3454.4,6.786799999999999
34545,3454.5,6.787499999999998
34546,3454.6,6.788199999999998
34547,3454.7,6.788900000000002
34548,3454.8,6.789600000000001
34549,3454.9,6.790300000000001
34550,3455.0,6.791
34551,3455.1,6.7917
34552,3455.2,6.792399999999999
34553,3455.3,6.793100000000002
34554,3455.4,6.793800000000001
34555,3455.5,6.7945
34556,3455.6,6.7951999999999995
34557,3455.7,6.795899999999999
34558,3455.8,6.796599999999998
34559,3455.9,6.797300000000001
34560,3456.0,6.798
34561,3456.1,6.7985
34562,3456.2,6.798999999999999
34563,3456.3,6.799499999999998
34564,3456.4,6.799999999999998
34565,3456.5,6.8004999999999995
34566,3456.6,6.800999999999999
34567,3456.7,6.801499999999999
34568,3456.8,6.801999999999998
34569,3456.9,6.8024999999999975
34570,3457.0,6.802999999999997
34571,3457.1,6.803399999999997
34572,3457.2,6.8038
34573,3457.3,6.8042
34574,3457.4,6.804599999999999
34575,3457.5,6.804999999999999
34576,3457.6,6.805399999999999
34577,3457.7,6.805799999999999
34578,3457.8,6.8062000000000005
34579,3457.9,6.8066
34580,3458.0,6.807
34581,3458.1,6.8072
34582,3458.2,6.8073999999999995
34583,3458.3,6.8076
34584,3458.4,6.8078
34585,3458.5,6.808
34586,3458.6,6.8082
34587,3458.7,6.8084
34588,3458.8,6.808599999999999
34589,3458.9,6.808799999999999
34590,3459.0,6.809
34591,3459.1,6.8091
34592,3459.2,6.8092
34593,3459.3,6.8092999999999995
34594,3459.4,6.8094
34595,3459.5,6.8095
34596,3459.6,6.8096
34597,3459.7,6.8097
34598,3459.8,6.8098
34599,3459.9,6.8099
34600,3460.0,6.81
34601,3460.1,6.8099
34602,3460.2,6.8098
34603,3460.3,6.809699999999999
34604,3460.4,6.8096
34605,3460.5,6.8095
34606,3460.6,6.8094
34607,3460.7,6.8093
34608,3460.8,6.809200000000001
34609,3460.9,6.8091
34610,3461.0,6.809
34611,3461.1,6.808800000000001
34612,3461.2,6.808600000000001
34613,3461.3,6.808400000000001
34614,3461.4,6.808200000000001
34615,3461.5,6.808
34616,3461.6,6.8078
34617,3461.7,6.807600000000001
34618,3461.8,6.807400000000001
34619,3461.9,6.807200000000002
34620,3462.0,6.807000000000001
34621,3462.1,6.806600000000003
34622,3462.2,6.8062000000000005
34623,3462.3,6.8058000000000005
34624,3462.4,6.8054000000000014
34625,3462.5,6.8050000000000015
34626,3462.6,6.8046000000000015
34627,3462.7,6.804200000000002
34628,3462.8,6.8038
34629,3462.9,6.8034
34630,3463.0,6.803
34631,3463.1,6.8024000000000004
34632,3463.2,6.801800000000001
34633,3463.3,6.801200000000002
34634,3463.4,6.800599999999999
34635,3463.5,6.8
34636,3463.6,6.7994
34637,3463.7,6.798800000000001
34638,3463.8,6.798200000000001
34639,3463.9,6.797600000000003
34640,3464.0,6.797
34641,3464.1,6.7963000000000005
34642,3464.2,6.7956
34643,3464.3,6.794900000000001
34644,3464.4,6.794200000000002
34645,3464.5,6.793500000000002
34646,3464.6,6.792800000000002
34647,3464.7,6.792099999999999
34648,3464.8,6.791399999999999
34649,3464.9,6.790699999999999
34650,3465.0,6.79
34651,3465.1,6.789200000000001
34652,3465.2,6.788400000000002
34653,3465.3,6.7875999999999985
34654,3465.4,6.7867999999999995
34655,3465.5,6.786
34656,3465.6,6.785200000000001
34657,3465.7,6.7844000000000015
34658,3465.8,6.7836000000000025
34659,3465.9,6.782799999999999
34660,3466.0,6.782
34661,3466.1,6.781100000000001
34662,3466.2,6.7802000000000024
34663,3466.3,6.779300000000003
34664,3466.4,6.778400000000004
34665,3466.5,6.7775
34666,3466.6,6.776600000000001
34667,3466.7,6.775700000000002
34668,3466.8,6.774800000000003
34669,3466.9,6.773900000000004
34670,3467.0,6.773000000000005
34671,3467.1,6.772100000000005
34672,3467.2,6.771200000000001
34673,3467.3,6.7703000000000015
34674,3467.4,6.769400000000002
34675,3467.5,6.768500000000002
34676,3467.6,6.767600000000003
34677,3467.7,6.766700000000004
34678,3467.8,6.765799999999999
34679,3467.9,6.7649
34680,3468.0,6.764
34681,3468.1,6.763000000000002
34682,3468.2,6.762000000000002
34683,3468.3,6.761000000000004
34684,3468.4,6.759999999999999
34685,3468.5,6.7589999999999995
34686,3468.6,6.758000000000001
34687,3468.7,6.757000000000002
34688,3468.8,6.756000000000003
34689,3468.9,6.755000000000004
34690,3469.0,6.754
34691,3469.1,6.753
34692,3469.2,6.752000000000001
34693,3469.3,6.751000000000001
34694,3469.4,6.750000000000002
34695,3469.5,6.749000000000002
34696,3469.6,6.748000000000003
34697,3469.7,6.746999999999998
34698,3469.8,6.745999999999999
34699,3469.9,6.744999999999999
34700,3470.0,6.744
34701,3470.1,6.743000000000001
34702,3470.2,6.742000000000002
34703,3470.3,6.740999999999998
34704,3470.4,6.739999999999998
34705,3470.5,6.739
34706,3470.6,6.738000000000001
34707,3470.7,6.737000000000002
34708,3470.8,6.736000000000003
34709,3470.9,6.7349999999999985
34710,3471.0,6.734
34711,3471.1,6.733100000000001
34712,3471.2,6.732200000000002
34713,3471.3,6.731300000000003
34714,3471.4,6.730400000000004
34715,3471.5,6.7295
34716,3471.6,6.728600000000001
34717,3471.7,6.727700000000002
34718,3471.8,6.7268000000000026
34719,3471.9,6.725900000000004
34720,3472.0,6.725000000000005
34721,3472.1,6.724200000000005
34722,3472.2,6.723400000000001
34723,3472.3,6.722600000000001
34724,3472.4,6.721800000000002
34725,3472.5,6.721000000000002
34726,3472.6,6.720200000000002
34727,3472.7,6.719400000000003
34728,3472.8,6.718599999999999
34729,3472.9,6.7177999999999995
34730,3473.0,6.717
34731,3473.1,6.716200000000001
34732,3473.2,6.715400000000002
34733,3473.3,6.714600000000003
34734,3473.4,6.713799999999999
34735,3473.5,6.712999999999999
34736,3473.6,6.7122
34737,3473.7,6.711400000000001
34738,3473.8,6.710600000000002
34739,3473.9,6.709800000000003
34740,3474.0,6.709
34741,3474.1,6.7084
34742,3474.2,6.707800000000001
34743,3474.3,6.707200000000001
34744,3474.4,6.706600000000002
34745,3474.5,6.706000000000001
34746,3474.6,6.705400000000002
34747,3474.7,6.704799999999999
34748,3474.8,6.704199999999999
34749,3474.9,6.7036
34750,3475.0,6.703
34751,3475.1,6.702500000000001
34752,3475.2,6.702000000000002
34753,3475.3,6.701499999999999
34754,3475.4,6.701
34755,3475.5,6.7005
34756,3475.6,6.700000000000001
34757,3475.7,6.699500000000001
34758,3475.8,6.6990000000000025
34759,3475.9,6.6985
34760,3476.0,6.698
34761,3476.1,6.697700000000001
34762,3476.2,6.697400000000001
34763,3476.3,6.697100000000002
34764,3476.4,6.696800000000001
34765,3476.5,6.6965
34766,3476.6,6.696200000000001
34767,3476.7,6.695900000000001
34768,3476.8,6.6956000000000016
34769,3476.9,6.695300000000001
34770,3477.0,6.695000000000002
34771,3477.1,6.694800000000002
34772,3477.2,6.6946
34773,3477.3,6.694400000000001
34774,3477.4,6.6942
34775,3477.5,6.694000000000001
34776,3477.6,6.6938
34777,3477.7,6.693600000000001
34778,3477.8,6.6934
34779,3477.9,6.693199999999999
34780,3478.0,6.693
34781,3478.1,6.693
34782,3478.2,6.693
34783,3478.3,6.693
34784,3478.4,6.693
34785,3478.5,6.693
34786,3478.6,6.693
34787,3478.7,6.693
34788,3478.8,6.693
34789,3478.9,6.693
34790,3479.0,6.693
34791,3479.1,6.693099999999999
34792,3479.2,6.693199999999999
34793,3479.3,6.6933
34794,3479.4,6.6934
34795,3479.5,6.693499999999999
34796,3479.6,6.693599999999999
34797,3479.7,6.6937
34798,3479.8,6.6938
34799,3479.9,6.6939
34800,3480.0,6.694
34801,3480.1,6.694299999999999
34802,3480.2,6.694599999999999
34803,3480.3,6.6949000000000005
34804,3480.4,6.695200000000001
34805,3480.5,6.6955
34806,3480.6,6.695799999999999
34807,3480.7,6.6960999999999995
34808,3480.8,6.696399999999999
34809,3480.9,6.696700000000001
34810,3481.0,6.697
34811,3481.1,6.697399999999999
34812,3481.2,6.697799999999999
34813,3481.3,6.698199999999998
34814,3481.4,6.698599999999998
34815,3481.5,6.699
34816,3481.6,6.699399999999999
34817,3481.7,6.699799999999999
34818,3481.8,6.700199999999998
34819,3481.9,6.700599999999998
34820,3482.0,6.700999999999997
34821,3482.1,6.701499999999997
34822,3482.2,6.701999999999999
34823,3482.3,6.702499999999999
34824,3482.4,6.7029999999999985
34825,3482.5,6.703499999999998
34826,3482.6,6.703999999999998
34827,3482.7,6.704499999999999
34828,3482.8,6.705000000000001
34829,3482.9,6.705500000000001
34830,3483.0,6.706
34831,3483.1,6.7067
34832,3483.2,6.707399999999999
34833,3483.3,6.708099999999998
34834,3483.4,6.708800000000001
34835,3483.5,6.7095
34836,3483.6,6.7101999999999995
34837,3483.7,6.710899999999999
34838,3483.8,6.711599999999998
34839,3483.9,6.712299999999997
34840,3484.0,6.713
34841,3484.1,6.713699999999999
34842,3484.2,6.7143999999999995
34843,3484.3,6.715099999999999
34844,3484.4,6.715799999999998
34845,3484.5,6.716499999999998
34846,3484.6,6.717199999999997
34847,3484.7,6.717900000000001
34848,3484.8,6.7186
34849,3484.9,6.7193000000000005
34850,3485.0,6.72
34851,3485.1,6.7208999999999985
34852,3485.2,6.721799999999998
34853,3485.3,6.722700000000002
34854,3485.4,6.723600000000001
34855,3485.5,6.7245
34856,3485.6,6.725399999999999
34857,3485.7,6.726299999999998
34858,3485.8,6.727199999999997
34859,3485.9,6.728100000000001
34860,3486.0,6.729
34861,3486.1,6.729799999999999
34862,3486.2,6.730599999999998
34863,3486.3,6.731399999999997
34864,3486.4,6.732199999999996
34865,3486.5,6.7330000000000005
34866,3486.6,6.7338
34867,3486.7,6.734599999999999
34868,3486.8,6.735399999999998
34869,3486.9,6.736199999999997
34870,3487.0,6.736999999999996
34871,3487.1,6.737999999999994
34872,3487.2,6.738999999999999
34873,3487.3,6.739999999999998
34874,3487.4,6.740999999999998
34875,3487.5,6.741999999999997
34876,3487.6,6.742999999999997
34877,3487.7,6.743999999999996
34878,3487.8,6.745000000000001
34879,3487.9,6.746
34880,3488.0,6.747
34881,3488.1,6.747899999999999
34882,3488.2,6.7487999999999975
34883,3488.3,6.749699999999997
34884,3488.4,6.750600000000001
34885,3488.5,6.7515
34886,3488.6,6.752399999999999
34887,3488.7,6.753299999999998
34888,3488.8,6.754199999999997
34889,3488.9,6.755099999999996
34890,3489.0,6.756
34891,3489.1,6.7569
34892,3489.2,6.757799999999999
34893,3489.3,6.758699999999998
34894,3489.4,6.759599999999998
34895,3489.5,6.760499999999998
34896,3489.6,6.7613999999999965
34897,3489.7,6.7623000000000015
34898,3489.8,6.763200000000001
34899,3489.9,6.7641
34900,3490.0,6.765
34901,3490.1,6.7658999999999985
34902,3490.2,6.766799999999997
34903,3490.3,6.767700000000002
34904,3490.4,6.768600000000001
34905,3490.5,6.7695
34906,3490.6,6.770399999999999
34907,3490.7,6.771299999999997
34908,3490.8,6.772199999999997
34909,3490.9,6.773100000000001
34910,3491.0,6.774
34911,3491.1,6.774799999999999
34912,3491.2,6.775599999999998
34913,3491.3,6.776399999999997
34914,3491.4,6.777199999999996
34915,3491.5,6.7780000000000005
34916,3491.6,6.7787999999999995
34917,3491.7,6.7795999999999985
34918,3491.8,6.7803999999999975
34919,3491.9,6.781199999999997
34920,3492.0,6.781999999999996
34921,3492.1,6.782699999999996
34922,3492.2,6.783399999999999
34923,3492.3,6.784099999999999
34924,3492.4,6.784799999999998
34925,3492.5,6.785499999999998
34926,3492.6,6.786199999999997
34927,3492.7,6.786899999999997
34928,3492.8,6.7876
34929,3492.9,6.7883000000000004
34930,3493.0,6.789
34931,3493.1,6.789699999999999
34932,3493.2,6.790399999999998
34933,3493.3,6.7910999999999975
34934,3493.4,6.7918
34935,3493.5,6.7925
34936,3493.6,6.7932
34937,3493.7,6.793899999999999
34938,3493.8,6.794599999999998
34939,3493.9,6.7952999999999975
34940,3494.0,6.796
34941,3494.1,6.7965
34942,3494.2,6.797
34943,3494.3,6.797499999999999
34944,3494.4,6.797999999999999
34945,3494.5,6.798499999999999
34946,3494.6,6.798999999999999
34947,3494.7,6.799500000000001
34948,3494.8,6.800000000000001
34949,3494.9,6.8005
34950,3495.0,6.801
34951,3495.1,6.8015
34952,3495.2,6.801999999999999
34953,3495.3,6.802500000000001
34954,3495.4,6.803000000000001
34955,3495.5,6.8035
34956,3495.6,6.803999999999999
34957,3495.7,6.804499999999999
34958,3495.8,6.804999999999998
34959,3495.9,6.8055
34960,3496.0,6.806
34961,3496.1,6.806299999999999
34962,3496.2,6.8065999999999995
34963,3496.3,6.806899999999999
34964,3496.4,6.807199999999999
34965,3496.5,6.8075
34966,3496.6,6.807799999999999
34967,3496.7,6.8081
34968,3496.8,6.808399999999999
34969,3496.9,6.808699999999999
34970,3497.0,6.808999999999998
34971,3497.1,6.809199999999999
34972,3497.2,6.8094
34973,3497.3,6.8096
34974,3497.4,6.809799999999999
34975,3497.5,6.81
34976,3497.6,6.810199999999999
34977,3497.7,6.8104
34978,3497.8,6.8106
34979,3497.9,6.8108
34980,3498.0,6.811
34981,3498.1,6.8111
34982,3498.2,6.8111999999999995
34983,3498.3,6.8113
34984,3498.4,6.8114
34985,3498.5,6.8115000000000006
34986,3498.6,6.8116
34987,3498.7,6.8117
34988,3498.8,6.8118
34989,3498.9,6.8119
34990,3499.0,6.812
34991,3499.1,6.812
34992,3499.2,6.812
34993,3499.3,6.812
34994,3499.4,6.812
34995,3499.5,6.812
34996,3499.6,6.812
34997,3499.7,6.812
34998,3499.8,6.812
34999,3499.9,6.812
35000,3500.0,6.812
35001,3500.1,6.8119000000000005
35002,3500.2,6.811800000000001
35003,3500.3,6.8117
35004,3500.4,6.8116
35005,3500.5,6.8115
35006,3500.6,6.8114
35007,3500.7,6.8113
35008,3500.8,6.8112
35009,3500.9,6.8111
35010,3501.0,6.811
35011,3501.1,6.8108
35012,3501.2,6.810600000000001
35013,3501.3,6.8104000000000005
35014,3501.4,6.810200000000001
35015,3501.5,6.81
35016,3501.6,6.8098
35017,3501.7,6.8096000000000005
35018,3501.8,6.809400000000001
35019,3501.9,6.8092000000000015
35020,3502.0,6.809000000000001
35021,3502.1,6.808600000000003
35022,3502.2,6.8082
35023,3502.3,6.8078
35024,3502.4,6.807400000000001
35025,3502.5,6.807000000000001
35026,3502.6,6.806600000000001
35027,3502.7,6.806200000000001
35028,3502.8,6.8058
35029,3502.9,6.8054
35030,3503.0,6.805
35031,3503.1,6.804600000000001
35032,3503.2,6.804200000000001
35033,3503.3,6.803800000000002
35034,3503.4,6.803399999999999
35035,3503.5,6.803
35036,3503.6,6.802600000000001
35037,3503.7,6.802200000000001
35038,3503.8,6.801800000000002
35039,3503.9,6.801400000000002
35040,3504.0,6.801
35041,3504.1,6.8005
35042,3504.2,6.800000000000001
35043,3504.3,6.799500000000001
35044,3504.4,6.799000000000001
35045,3504.5,6.7985000000000015
35046,3504.6,6.798000000000002
35047,3504.7,6.797499999999999
35048,3504.8,6.797
35049,3504.9,6.7965
35050,3505.0,6.796
35051,3505.1,6.795400000000001
35052,3505.2,6.794800000000001
35053,3505.3,6.794199999999999
35054,3505.4,6.7936
35055,3505.5,6.793
35056,3505.6,6.792400000000001
35057,3505.7,6.791800000000001
35058,3505.8,6.791200000000002
35059,3505.9,6.7905999999999995
35060,3506.0,6.79
35061,3506.1,6.7894000000000005
35062,3506.2,6.788800000000001
35063,3506.3,6.7882000000000025
35064,3506.4,6.787600000000003
35065,3506.5,6.787
35066,3506.6,6.7864
35067,3506.7,6.785800000000001
35068,3506.8,6.785200000000002
35069,3506.9,6.784600000000003
35070,3507.0,6.784000000000003
35071,3507.1,6.783300000000004
35072,3507.2,6.7826
35073,3507.3,6.781900000000001
35074,3507.4,6.781200000000002
35075,3507.5,6.780500000000002
35076,3507.6,6.7798000000000025
35077,3507.7,6.779100000000003
35078,3507.8,6.7783999999999995
35079,3507.9,6.777699999999999
35080,3508.0,6.777
35081,3508.1,6.776200000000001
35082,3508.2,6.775400000000002
35083,3508.3,6.774600000000003
35084,3508.4,6.7738
35085,3508.5,6.773000000000001
35086,3508.6,6.772200000000001
35087,3508.7,6.771400000000002
35088,3508.8,6.770600000000003
35089,3508.9,6.769800000000004
35090,3509.0,6.769
35091,3509.1,6.768300000000001
35092,3509.2,6.767600000000001
35093,3509.3,6.7669000000000015
35094,3509.4,6.766200000000001
35095,3509.5,6.765500000000002
35096,3509.6,6.764800000000002
35097,3509.7,6.764099999999998
35098,3509.8,6.763399999999999
35099,3509.9,6.762699999999999
35100,3510.0,6.762
35101,3510.1,6.7612000000000005
35102,3510.2,6.7604000000000015
35103,3510.3,6.759599999999998
35104,3510.4,6.758799999999999
35105,3510.5,6.757999999999999
35106,3510.6,6.7572
35107,3510.7,6.756400000000001
35108,3510.8,6.755600000000002
35109,3510.9,6.754799999999999
35110,3511.0,6.754
35111,3511.1,6.7532000000000005
35112,3511.2,6.7524000000000015
35113,3511.3,6.7516000000000025
35114,3511.4,6.7508000000000035
35115,3511.5,6.75
35116,3511.6,6.749200000000001
35117,3511.7,6.748400000000002
35118,3511.8,6.747600000000003
35119,3511.9,6.746800000000004
35120,3512.0,6.746000000000005
35121,3512.1,6.745300000000005
35122,3512.2,6.744600000000001
35123,3512.3,6.743900000000002
35124,3512.4,6.743200000000002
35125,3512.5,6.742500000000002
35126,3512.6,6.741800000000002
35127,3512.7,6.741100000000003
35128,3512.8,6.740399999999999
35129,3512.9,6.739699999999999
35130,3513.0,6.739
35131,3513.1,6.738200000000001
35132,3513.2,6.737400000000002
35133,3513.3,6.736600000000003
35134,3513.4,6.735799999999999
35135,3513.5,6.735
35136,3513.6,6.7342
35137,3513.7,6.733400000000001
35138,3513.8,6.732600000000002
35139,3513.9,6.731800000000003
35140,3514.0,6.731
35141,3514.1,6.730300000000001
35142,3514.2,6.7296000000000005
35143,3514.3,6.728900000000001
35144,3514.4,6.728200000000002
35145,3514.5,6.727500000000002
35146,3514.6,6.7268000000000026
35147,3514.7,6.726099999999999
35148,3514.8,6.7254
35149,3514.9,6.7246999999999995
35150,3515.0,6.724
35151,3515.1,6.723300000000001
35152,3515.2,6.722600000000002
35153,3515.3,6.721899999999999
35154,3515.4,6.7212
35155,3515.5,6.7204999999999995
35156,3515.6,6.719800000000001
35157,3515.7,6.719100000000001
35158,3515.8,6.718400000000002
35159,3515.9,6.717699999999999
35160,3516.0,6.717
35161,3516.1,6.7164
35162,3516.2,6.7158000000000015
35163,3516.3,6.715200000000002
35164,3516.4,6.714600000000003
35165,3516.5,6.714
35166,3516.6,6.713400000000001
35167,3516.7,6.712800000000001
35168,3516.8,6.712200000000002
35169,3516.9,6.711600000000003
35170,3517.0,6.711000000000004
35171,3517.1,6.710500000000003
35172,3517.2,6.710000000000001
35173,3517.3,6.709500000000001
35174,3517.4,6.709000000000001
35175,3517.5,6.708500000000002
35176,3517.6,6.708000000000002
35177,3517.7,6.707500000000002
35178,3517.8,6.707
35179,3517.9,6.7065
35180,3518.0,6.706
35181,3518.1,6.705500000000001
35182,3518.2,6.705000000000001
35183,3518.3,6.704500000000002
35184,3518.4,6.704
35185,3518.5,6.7035
35186,3518.6,6.703
35187,3518.7,6.702500000000001
35188,3518.8,6.702000000000002
35189,3518.9,6.701500000000002
35190,3519.0,6.701
35191,3519.1,6.7006
35192,3519.2,6.700200000000001
35193,3519.3,6.699800000000001
35194,3519.4,6.699400000000001
35195,3519.5,6.699000000000001
35196,3519.6,6.698600000000002
35197,3519.7,6.698199999999999
35198,3519.8,6.697799999999999
35199,3519.9,6.6974
35200,3520.0,6.697
35201,3520.1,6.696700000000001
35202,3520.2,6.696400000000001
35203,3520.3,6.6960999999999995
35204,3520.4,6.695799999999999
35205,3520.5,6.6955
35206,3520.6,6.695200000000001
35207,3520.7,6.6949000000000005
35208,3520.8,6.694600000000001
35209,3520.9,6.694299999999999
35210,3521.0,6.694
35211,3521.1,6.6939
35212,3521.2,6.6938
35213,3521.3,6.6937
35214,3521.4,6.6936
35215,3521.5,6.6935
35216,3521.6,6.6934
35217,3521.7,6.6933
35218,3521.8,6.6932
35219,3521.9,6.6931
35220,3522.0,6.6930000000000005
35221,3522.1,6.6929
35222,3522.2,6.6928
35223,3522.3,6.6927
35224,3522.4,6.6926
35225,3522.5,6.6925
35226,3522.6,6.6924
35227,3522.7,6.6923
35228,3522.8,6.6922
35229,3522.9,6.6921
35230,3523.0,6.692
35231,3523.1,6.6921
35232,3523.2,6.6922
35233,3523.3,6.6922999999999995
35234,3523.4,6.6924
35235,3523.5,6.6925
35236,3523.6,6.6926
35237,3523.7,6.692699999999999
35238,3523.8,6.692799999999999
35239,3523.9,6.692899999999999
35240,3524.0,6.693
35241,3524.1,6.693099999999999
35242,3524.2,6.693199999999999
35243,3524.3,6.6933
35244,3524.4,6.6934
35245,3524.5,6.693499999999999
35246,3524.6,6.693599999999999
35247,3524.7,6.6937
35248,3524.8,6.6938
35249,3524.9,6.6939
35250,3525.0,6.694
35251,3525.1,6.694299999999999
35252,3525.2,6.694599999999999
35253,3525.3,6.6949000000000005
35254,3525.4,6.695200000000001
35255,3525.5,6.6955
35256,3525.6,6.695799999999999
35257,3525.7,6.6960999999999995
35258,3525.8,6.696399999999999
35259,3525.9,6.696700000000001
35260,3526.0,6.697
35261,3526.1,6.6975
35262,3526.2,6.697999999999999
35263,3526.3,6.698499999999998
35264,3526.4,6.698999999999998
35265,3526.5,6.6995000000000005
35266,3526.6,6.699999999999999
35267,3526.7,6.700499999999999
35268,3526.8,6.700999999999998
35269,3526.9,6.701499999999998
35270,3527.0,6.701999999999997
35271,3527.1,6.702499999999997
35272,3527.2,6.702999999999999
35273,3527.3,6.703499999999999
35274,3527.4,6.703999999999999
35275,3527.5,6.704499999999999
35276,3527.6,6.704999999999998
35277,3527.7,6.705499999999998
35278,3527.8,6.706
35279,3527.9,6.7065
35280,3528.0,6.707
35281,3528.1,6.707699999999999
35282,3528.2,6.708399999999998
35283,3528.3,6.709099999999998
35284,3528.4,6.709800000000001
35285,3528.5,6.7105
35286,3528.6,6.7112
35287,3528.7,6.711899999999999
35288,3528.8,6.712599999999998
35289,3528.9,6.713299999999998
35290,3529.0,6.714
35291,3529.1,6.7147
35292,3529.2,6.7154
35293,3529.3,6.716099999999999
35294,3529.4,6.716799999999998
35295,3529.5,6.7174999999999985
35296,3529.6,6.718199999999998
35297,3529.7,6.718900000000001
35298,3529.8,6.719600000000001
35299,3529.9,6.720300000000001
35300,3530.0,6.721
35301,3530.1,6.721899999999999
35302,3530.2,6.722799999999998
35303,3530.3,6.723700000000003
35304,3530.4,6.7246000000000015
35305,3530.5,6.7255
35306,3530.6,6.726399999999999
35307,3530.7,6.727299999999998
35308,3530.8,6.7281999999999975
35309,3530.9,6.729100000000002
35310,3531.0,6.73
35311,3531.1,6.730899999999999
35312,3531.2,6.731799999999998
35313,3531.3,6.732699999999997
35314,3531.4,6.7335999999999965
35315,3531.5,6.734500000000001
35316,3531.6,6.735399999999999
35317,3531.7,6.736299999999998
35318,3531.8,6.737199999999997
35319,3531.9,6.738099999999996
35320,3532.0,6.7389999999999946
35321,3532.1,6.739999999999994
35322,3532.2,6.740999999999999
35323,3532.3,6.741999999999998
35324,3532.4,6.742999999999998
35325,3532.5,6.743999999999997
35326,3532.6,6.7449999999999966
35327,3532.7,6.745999999999996
35328,3532.8,6.747000000000001
35329,3532.9,6.748
35330,3533.0,6.749
35331,3533.1,6.750099999999998
35332,3533.2,6.751199999999997
35333,3533.3,6.7522999999999955
35334,3533.4,6.753400000000001
35335,3533.5,6.7545
35336,3533.6,6.7555999999999985
35337,3533.7,6.756699999999997
35338,3533.8,6.757799999999996
35339,3533.9,6.758899999999994
35340,3534.0,6.76
35341,3534.1,6.761099999999999
35342,3534.2,6.762199999999998
35343,3534.3,6.763299999999998
35344,3534.4,6.7643999999999975
35345,3534.5,6.765499999999997
35346,3534.6,6.766599999999996
35347,3534.7,6.767700000000001
35348,3534.8,6.7688000000000015
35349,3534.9,6.769900000000001
35350,3535.0,6.771
35351,3535.1,6.7719999999999985
35352,3535.2,6.772999999999998
35353,3535.3,6.774000000000002
35354,3535.4,6.775000000000001
35355,3535.5,6.776
35356,3535.6,6.776999999999998
35357,3535.7,6.777999999999998
35358,3535.8,6.778999999999996
35359,3535.9,6.780000000000001
35360,3536.0,6.781
35361,3536.1,6.782099999999998
35362,3536.2,6.783199999999997
35363,3536.3,6.784299999999996
35364,3536.4,6.785399999999995
35365,3536.5,6.7865
35366,3536.6,6.7875999999999985
35367,3536.7,6.788699999999997
35368,3536.8,6.789799999999996
35369,3536.9,6.790899999999994
35370,3537.0,6.791999999999994
35371,3537.1,6.792999999999994
35372,3537.2,6.793999999999999
35373,3537.3,6.794999999999998
35374,3537.4,6.795999999999998
35375,3537.5,6.796999999999997
35376,3537.6,6.7979999999999965
35377,3537.7,6.798999999999996
35378,3537.8,6.800000000000001
35379,3537.9,6.801
35380,3538.0,6.802
35381,3538.1,6.802899999999998
35382,3538.2,6.803799999999997
35383,3538.3,6.804699999999997
35384,3538.4,6.805600000000001
35385,3538.5,6.8065
35386,3538.6,6.807399999999999
35387,3538.7,6.808299999999997
35388,3538.8,6.809199999999997
35389,3538.9,6.810099999999996
35390,3539.0,6.811
35391,3539.1,6.8118
35392,3539.2,6.812599999999999
35393,3539.3,6.813399999999999
35394,3539.4,6.814199999999998
35395,3539.5,6.814999999999998
35396,3539.6,6.815799999999998
35397,3539.7,6.816600000000001
35398,3539.8,6.817400000000001
35399,3539.9,6.8182
35400,3540.0,6.819
35401,3540.1,6.819699999999999
35402,3540.2,6.8203999999999985
35403,3540.3,6.821100000000001
35404,3540.4,6.8218000000000005
35405,3540.5,6.8225
35406,3540.6,6.823199999999999
35407,3540.7,6.823899999999998
35408,3540.8,6.824599999999998
35409,3540.9,6.8253
35410,3541.0,6.826
35411,3541.1,6.826499999999999
35412,3541.2,6.826999999999999
35413,3541.3,6.827499999999998
35414,3541.4,6.827999999999998
35415,3541.5,6.8285
35416,3541.6,6.829
35417,3541.7,6.8294999999999995
35418,3541.8,6.829999999999998
35419,3541.9,6.830499999999998
35420,3542.0,6.830999999999998
35421,3542.1,6.831299999999999
35422,3542.2,6.8316
35423,3542.3,6.8319
35424,3542.4,6.832199999999999
35425,3542.5,6.8325
35426,3542.6,6.832799999999999
35427,3542.7,6.833099999999999
35428,3542.8,6.8334
35429,3542.9,6.833699999999999
35430,3543.0,6.834
35431,3543.1,6.834199999999999
35432,3543.2,6.8344
35433,3543.3,6.834599999999999
35434,3543.4,6.8348
35435,3543.5,6.835
35436,3543.6,6.8351999999999995
35437,3543.7,6.8354
35438,3543.8,6.8355999999999995
35439,3543.9,6.835799999999999
35440,3544.0,6.836
35441,3544.1,6.836
35442,3544.2,6.836
35443,3544.3,6.836
35444,3544.4,6.836
35445,3544.5,6.836
35446,3544.6,6.836
35447,3544.7,6.836
35448,3544.8,6.836
35449,3544.9,6.836
35450,3545.0,6.836
35451,3545.1,6.835800000000001
35452,3545.2,6.8356
35453,3545.3,6.8354
35454,3545.4,6.8351999999999995
35455,3545.5,6.835
35456,3545.6,6.8348
35457,3545.7,6.8346
35458,3545.8,6.8344000000000005
35459,3545.9,6.834199999999999
35460,3546.0,6.834
35461,3546.1,6.833600000000001
35462,3546.2,6.833200000000001
35463,3546.3,6.8328000000000015
35464,3546.4,6.832400000000002
35465,3546.5,6.832
35466,3546.6,6.831600000000001
35467,3546.7,6.831200000000001
35468,3546.8,6.830800000000002
35469,3546.9,6.830400000000002
35470,3547.0,6.830000000000003
35471,3547.1,6.829500000000003
35472,3547.2,6.829000000000001
35473,3547.3,6.828500000000001
35474,3547.4,6.828000000000001
35475,3547.5,6.8275000000000015
35476,3547.6,6.827000000000002
35477,3547.7,6.826500000000002
35478,3547.8,6.826
35479,3547.9,6.8255
35480,3548.0,6.825
35481,3548.1,6.824200000000001
35482,3548.2,6.823400000000002
35483,3548.3,6.822600000000003
35484,3548.4,6.8218
35485,3548.5,6.821
35486,3548.6,6.820200000000001
35487,3548.7,6.819400000000002
35488,3548.8,6.818600000000003
35489,3548.9,6.817800000000004
35490,3549.0,6.817
35491,3549.1,6.8161000000000005
35492,3549.2,6.815200000000001
35493,3549.3,6.814300000000002
35494,3549.4,6.813400000000002
35495,3549.5,6.812500000000003
35496,3549.6,6.811600000000003
35497,3549.7,6.810699999999998
35498,3549.8,6.809799999999999
35499,3549.9,6.8088999999999995
35500,3550.0,6.808
35501,3550.1,6.807000000000001
35502,3550.2,6.806000000000002
35503,3550.3,6.804999999999998
35504,3550.4,6.8039999999999985
35505,3550.5,6.803
35506,3550.6,6.802000000000001
35507,3550.7,6.801000000000002
35508,3550.8,6.800000000000003
35509,3550.9,6.798999999999999
35510,3551.0,6.798
35511,3551.1,6.796900000000002
35512,3551.2,6.7958000000000025
35513,3551.3,6.794700000000004
35514,3551.4,6.793600000000005
35515,3551.5,6.7925
35516,3551.6,6.791400000000001
35517,3551.7,6.790300000000003
35518,3551.8,6.789200000000004
35519,3551.9,6.788100000000005
35520,3552.0,6.787000000000006
35521,3552.1,6.785800000000007
35522,3552.2,6.784600000000001
35523,3552.3,6.783400000000002
35524,3552.4,6.782200000000003
35525,3552.5,6.781000000000003
35526,3552.6,6.779800000000004
35527,3552.7,6.778600000000005
35528,3552.8,6.777399999999999
35529,3552.9,6.776199999999999
35530,3553.0,6.775
35531,3553.1,6.773800000000001
35532,3553.2,6.772600000000003
35533,3553.3,6.771400000000004
35534,3553.4,6.770199999999999
35535,3553.5,6.769
35536,3553.6,6.767800000000001
35537,3553.7,6.766600000000003
35538,3553.8,6.765400000000004
35539,3553.9,6.764200000000005
35540,3554.0,6.763
35541,3554.1,6.7617
35542,3554.2,6.7604000000000015
35543,3554.3,6.759100000000002
35544,3554.4,6.757800000000003
35545,3554.5,6.7565000000000035
35546,3554.6,6.755200000000005
35547,3554.7,6.753899999999998
35548,3554.8,6.752599999999998
35549,3554.9,6.7513
35550,3555.0,6.75
35551,3555.1,6.748800000000001
35552,3555.2,6.747600000000003
35553,3555.3,6.746399999999998
35554,3555.4,6.745199999999999
35555,3555.5,6.744
35556,3555.6,6.742800000000002
35557,3555.7,6.741600000000003
35558,3555.8,6.740400000000005
35559,3555.9,6.739199999999999
35560,3556.0,6.738
35561,3556.1,6.736900000000002
35562,3556.2,6.735800000000003
35563,3556.3,6.734700000000005
35564,3556.4,6.733600000000005
35565,3556.5,6.7325
35566,3556.6,6.731400000000002
35567,3556.7,6.730300000000003
35568,3556.8,6.729200000000004
35569,3556.9,6.728100000000006
35570,3557.0,6.7270000000000065
35571,3557.1,6.725900000000007
35572,3557.2,6.724800000000002
35573,3557.3,6.723700000000002
35574,3557.4,6.722600000000003
35575,3557.5,6.721500000000003
35576,3557.6,6.720400000000004
35577,3557.7,6.719300000000005
35578,3557.8,6.718199999999999
35579,3557.9,6.717099999999999
35580,3558.0,6.716
35581,3558.1,6.715000000000002
35582,3558.2,6.714000000000002
35583,3558.3,6.713000000000004
35584,3558.4,6.711999999999999
35585,3558.5,6.711
35586,3558.6,6.710000000000002
35587,3558.7,6.709000000000002
35588,3558.8,6.708000000000004
35589,3558.9,6.707000000000005
35590,3559.0,6.706
35591,3559.1,6.7052000000000005
35592,3559.2,6.7044000000000015
35593,3559.3,6.703600000000002
35594,3559.4,6.7028000000000025
35595,3559.5,6.702000000000003
35596,3559.6,6.701200000000003
35597,3559.7,6.700399999999999
35598,3559.8,6.699599999999999
35599,3559.9,6.6988
35600,3560.0,6.698
35601,3560.1,6.697300000000001
35602,3560.2,6.696600000000002
35603,3560.3,6.695899999999999
35604,3560.4,6.6952
35605,3560.5,6.6945
35606,3560.6,6.693800000000001
35607,3560.7,6.693100000000001
35608,3560.8,6.692400000000003
35609,3560.9,6.691699999999999
35610,3561.0,6.691
35611,3561.1,6.6905
35612,3561.2,6.690000000000001
35613,3561.3,6.689500000000002
35614,3561.4,6.689000000000002
35615,3561.5,6.6884999999999994
35616,3561.6,6.688000000000001
35617,3561.7,6.687500000000001
35618,3561.8,6.687000000000002
35619,3561.9,6.686500000000002
35620,3562.0,6.686000000000003
35621,3562.1,6.6857000000000015
35622,3562.2,6.6854000000000005
35623,3562.3,6.6851
35624,3562.4,6.684800000000001
35625,3562.5,6.684500000000001
35626,3562.6,6.684200000000001
35627,3562.7,6.683900000000001
35628,3562.8,6.683599999999999
35629,3562.9,6.6833
35630,3563.0,6.683
35631,3563.1,6.6828
35632,3563.2,6.682600000000001
35633,3563.3,6.6824
35634,3563.4,6.6822
35635,3563.5,6.682
35636,3563.6,6.6818
35637,3563.7,6.6816
35638,3563.8,6.681400000000001
35639,3563.9,6.681200000000001
35640,3564.0,6.681
35641,3564.1,6.6811
35642,3564.2,6.6812
35643,3564.3,6.6813
35644,3564.4,6.6814
35645,3564.5,6.6815
35646,3564.6,6.6815999999999995
35647,3564.7,6.6817
35648,3564.8,6.681800000000001
35649,3564.9,6.681900000000001
35650,3565.0,6.682
35651,3565.1,6.6822
35652,3565.2,6.6823999999999995
35653,3565.3,6.682600000000001
35654,3565.4,6.6828
35655,3565.5,6.683
35656,3565.6,6.6832
35657,3565.7,6.6834
35658,3565.8,6.683599999999999
35659,3565.9,6.683800000000001
35660,3566.0,6.684
35661,3566.1,6.6844
35662,3566.2,6.684799999999999
35663,3566.3,6.685199999999998
35664,3566.4,6.685599999999998
35665,3566.5,6.686
35666,3566.6,6.686399999999999
35667,3566.7,6.686799999999999
35668,3566.8,6.687199999999998
35669,3566.9,6.687599999999998
35670,3567.0,6.687999999999997
35671,3567.1,6.688599999999996
35672,3567.2,6.689199999999999
35673,3567.3,6.689799999999999
35674,3567.4,6.690399999999999
35675,3567.5,6.690999999999998
35676,3567.6,6.6915999999999976
35677,3567.7,6.692199999999998
35678,3567.8,6.692800000000001
35679,3567.9,6.6934000000000005
35680,3568.0,6.694
35681,3568.1,6.694699999999999
35682,3568.2,6.6953999999999985
35683,3568.3,6.696099999999998
35684,3568.4,6.6968000000000005
35685,3568.5,6.6975
35686,3568.6,6.698199999999999
35687,3568.7,6.698899999999998
35688,3568.8,6.699599999999998
35689,3568.9,6.700299999999997
35690,3569.0,6.701
35691,3569.1,6.7017999999999995
35692,3569.2,6.702599999999999
35693,3569.3,6.7033999999999985
35694,3569.4,6.7041999999999975
35695,3569.5,6.704999999999997
35696,3569.6,6.705799999999997
35697,3569.7,6.706600000000001
35698,3569.8,6.707400000000001
35699,3569.9,6.7082
35700,3570.0,6.709
35701,3570.1,6.709999999999998
35702,3570.2,6.710999999999998
35703,3570.3,6.712000000000002
35704,3570.4,6.713000000000001
35705,3570.5,6.714
35706,3570.6,6.714999999999999
35707,3570.7,6.7159999999999975
35708,3570.8,6.716999999999997
35709,3570.9,6.718000000000002
35710,3571.0,6.719
35711,3571.1,6.719999999999999
35712,3571.2,6.720999999999998
35713,3571.3,6.721999999999997
35714,3571.4,6.722999999999995
35715,3571.5,6.724
35716,3571.6,6.724999999999999
35717,3571.7,6.725999999999998
35718,3571.8,6.726999999999997
35719,3571.9,6.727999999999995
35720,3572.0,6.728999999999995
35721,3572.1,6.729999999999994
35722,3572.2,6.730999999999999
35723,3572.3,6.731999999999998
35724,3572.4,6.732999999999998
35725,3572.5,6.733999999999997
35726,3572.6,6.734999999999997
35727,3572.7,6.735999999999996
35728,3572.8,6.737000000000001
35729,3572.9,6.738
35730,3573.0,6.739
35731,3573.1,6.740099999999998
35732,3573.2,6.741199999999997
35733,3573.3,6.742299999999996
35734,3573.4,6.743400000000001
35735,3573.5,6.7445
35736,3573.6,6.745599999999999
35737,3573.7,6.746699999999997
35738,3573.8,6.747799999999996
35739,3573.9,6.748899999999995
35740,3574.0,6.75
35741,3574.1,6.7509999999999994
35742,3574.2,6.751999999999999
35743,3574.3,6.752999999999998
35744,3574.4,6.753999999999998
35745,3574.5,6.754999999999997
35746,3574.6,6.755999999999997
35747,3574.7,6.7570000000000014
35748,3574.8,6.758000000000001
35749,3574.9,6.759
35750,3575.0,6.76
35751,3575.1,6.760999999999998
35752,3575.2,6.761999999999998
35753,3575.3,6.763000000000002
35754,3575.4,6.764000000000001
35755,3575.5,6.765
35756,3575.6,6.765999999999998
35757,3575.7,6.766999999999998
35758,3575.8,6.767999999999996
35759,3575.9,6.769000000000001
35760,3576.0,6.77
35761,3576.1,6.770999999999998
35762,3576.2,6.771999999999998
35763,3576.3,6.772999999999996
35764,3576.4,6.773999999999996
35765,3576.5,6.775
35766,3576.6,6.775999999999999
35767,3576.7,6.7769999999999975
35768,3576.8,6.777999999999997
35769,3576.9,6.7789999999999955
35770,3577.0,6.779999999999995
35771,3577.1,6.780799999999995
35772,3577.2,6.781599999999999
35773,3577.3,6.782399999999999
35774,3577.4,6.783199999999998
35775,3577.5,6.783999999999998
35776,3577.6,6.784799999999998
35777,3577.7,6.785599999999997
35778,3577.8,6.786400000000001
35779,3577.9,6.7872
35780,3578.0,6.788
35781,3578.1,6.7886999999999995
35782,3578.2,6.789399999999999
35783,3578.3,6.790099999999998
35784,3578.4,6.790800000000001
35785,3578.5,6.7915
35786,3578.6,6.792199999999999
35787,3578.7,6.792899999999999
35788,3578.8,6.793599999999998
35789,3578.9,6.794299999999997
35790,3579.0,6.795
35791,3579.1,6.795699999999999
35792,3579.2,6.796399999999999
35793,3579.3,6.797099999999999
35794,3579.4,6.797799999999998
35795,3579.5,6.798499999999998
35796,3579.6,6.799199999999997
35797,3579.7,6.799900000000001
35798,3579.8,6.8006
35799,3579.9,6.8013
35800,3580.0,6.802
35801,3580.1,6.8024
35802,3580.2,6.802799999999999
35803,3580.3,6.8032
35804,3580.4,6.8036
35805,3580.5,6.804
35806,3580.6,6.804399999999999
35807,3580.7,6.804799999999999
35808,3580.8,6.805199999999998
35809,3580.9,6.8056
35810,3581.0,6.806
35811,3581.1,6.806299999999999
35812,3581.2,6.8065999999999995
35813,3581.3,6.806899999999999
35814,3581.4,6.807199999999999
35815,3581.5,6.8075
35816,3581.6,6.807799999999999
35817,3581.7,6.8081
35818,3581.8,6.808399999999999
35819,3581.9,6.808699999999999
35820,3582.0,6.808999999999998
35821,3582.1,6.809199999999999
35822,3582.2,6.8094
35823,3582.3,6.8096
35824,3582.4,6.809799999999999
35825,3582.5,6.81
35826,3582.6,6.810199999999999
35827,3582.7,6.8104
35828,3582.8,6.8106
35829,3582.9,6.8108
35830,3583.0,6.811
35831,3583.1,6.811
35832,3583.2,6.811
35833,3583.3,6.811
35834,3583.4,6.811
35835,3583.5,6.811
35836,3583.6,6.811
35837,3583.7,6.811
35838,3583.8,6.811
35839,3583.9,6.811
35840,3584.0,6.811
35841,3584.1,6.8108
35842,3584.2,6.8106
35843,3584.3,6.8104000000000005
35844,3584.4,6.810200000000001
35845,3584.5,6.8100000000000005
35846,3584.6,6.809800000000001
35847,3584.7,6.8096
35848,3584.8,6.8094
35849,3584.9,6.8092
35850,3585.0,6.809
35851,3585.1,6.808700000000001
35852,3585.2,6.808400000000001
35853,3585.3,6.8081
35854,3585.4,6.807799999999999
35855,3585.5,6.8075
35856,3585.6,6.807200000000001
35857,3585.7,6.806900000000001
35858,3585.8,6.806600000000001
35859,3585.9,6.806299999999999
35860,3586.0,6.806
35861,3586.1,6.8056
35862,3586.2,6.805200000000001
35863,3586.3,6.804800000000001
35864,3586.4,6.804400000000002
35865,3586.5,6.803999999999999
35866,3586.6,6.8036
35867,3586.7,6.8032
35868,3586.8,6.802800000000001
35869,3586.9,6.802400000000001
35870,3587.0,6.802000000000002
35871,3587.1,6.8015000000000025
35872,3587.2,6.801
35873,3587.3,6.8005
35874,3587.4,6.800000000000001
35875,3587.5,6.799500000000001
35876,3587.6,6.799000000000001
35877,3587.7,6.7985000000000015
35878,3587.8,6.797999999999999
35879,3587.9,6.797499999999999
35880,3588.0,6.797
35881,3588.1,6.7963000000000005
35882,3588.2,6.795600000000001
35883,3588.3,6.794900000000002
35884,3588.4,6.794199999999999
35885,3588.5,6.7935
35886,3588.6,6.792800000000001
35887,3588.7,6.792100000000001
35888,3588.8,6.791400000000002
35889,3588.9,6.790700000000003
35890,3589.0,6.79
35891,3589.1,6.789300000000001
35892,3589.2,6.788600000000001
35893,3589.3,6.787900000000001
35894,3589.4,6.787200000000002
35895,3589.5,6.786500000000002
35896,3589.6,6.785800000000003
35897,3589.7,6.785099999999999
35898,3589.8,6.7844
35899,3589.9,6.7837
35900,3590.0,6.783
35901,3590.1,6.782300000000001
35902,3590.2,6.781600000000002
35903,3590.3,6.780899999999999
35904,3590.4,6.7802
35905,3590.5,6.7795000000000005
35906,3590.6,6.7788
35907,3590.7,6.778100000000001
35908,3590.8,6.777400000000002
35909,3590.9,6.776699999999999
35910,3591.0,6.776
35911,3591.1,6.775200000000001
35912,3591.2,6.774400000000002
35913,3591.3,6.773600000000003
35914,3591.4,6.772800000000004
35915,3591.5,6.772
35916,3591.6,6.7712
35917,3591.7,6.770400000000001
35918,3591.8,6.769600000000002
35919,3591.9,6.768800000000003
35920,3592.0,6.768000000000004
35921,3592.1,6.767200000000005
35922,3592.2,6.766400000000001
35923,3592.3,6.765600000000001
35924,3592.4,6.764800000000002
35925,3592.5,6.764000000000002
35926,3592.6,6.763200000000002
35927,3592.7,6.762400000000003
35928,3592.8,6.761599999999999
35929,3592.9,6.7608
35930,3593.0,6.76
35931,3593.1,6.759200000000001
35932,3593.2,6.758400000000002
35933,3593.3,6.757600000000003
35934,3593.4,6.756799999999999
35935,3593.5,6.755999999999999
35936,3593.6,6.7552
35937,3593.7,6.754400000000001
35938,3593.8,6.753600000000002
35939,3593.9,6.752800000000003
35940,3594.0,6.752
35941,3594.1,6.7513000000000005
35942,3594.2,6.7506
35943,3594.3,6.749900000000001
35944,3594.4,6.749200000000002
35945,3594.5,6.748500000000002
35946,3594.6,6.7478000000000025
35947,3594.7,6.747099999999999
35948,3594.8,6.7463999999999995
35949,3594.9,6.745699999999999
35950,3595.0,6.745
35951,3595.1,6.744300000000001
35952,3595.2,6.743600000000002
35953,3595.3,6.742899999999999
35954,3595.4,6.7421999999999995
35955,3595.5,6.7415
35956,3595.6,6.740800000000001
35957,3595.7,6.740100000000002
35958,3595.8,6.7394000000000025
35959,3595.9,6.7387
35960,3596.0,6.738
35961,3596.1,6.737300000000001
35962,3596.2,6.736600000000002
35963,3596.3,6.735900000000003
35964,3596.4,6.735200000000003
35965,3596.5,6.734500000000001
35966,3596.6,6.7338000000000005
35967,3596.7,6.733100000000001
35968,3596.8,6.732400000000002
35969,3596.9,6.731700000000003
35970,3597.0,6.731000000000003
35971,3597.1,6.730500000000003
35972,3597.2,6.73
35973,3597.3,6.729500000000001
35974,3597.4,6.729000000000001
35975,3597.5,6.728500000000001
35976,3597.6,6.7280000000000015
35977,3597.7,6.727500000000002
35978,3597.8,6.726999999999999
35979,3597.9,6.7265
35980,3598.0,6.726
35981,3598.1,6.7255
35982,3598.2,6.725000000000001
35983,3598.3,6.724500000000002
35984,3598.4,6.723999999999999
35985,3598.5,6.7235
35986,3598.6,6.723000000000001
35987,3598.7,6.722500000000001
35988,3598.8,6.722000000000002
35989,3598.9,6.7215000000000025
35990,3599.0,6.721
35991,3599.1,6.7206
35992,3599.2,6.7202
35993,3599.3,6.7198
35994,3599.4,6.719400000000001
35995,3599.5,6.719000000000001
35996,3599.6,6.718600000000001
35997,3599.7,6.7181999999999995
35998,3599.8,6.7177999999999995
35999,3599.9,6.7174
36000,3600.0,6.717
36001,3600.1,6.7167
36002,3600.2,6.7164
36003,3600.3,6.716099999999999
36004,3600.4,6.7158
36005,3600.5,6.7155000000000005
36006,3600.6,6.7152
36007,3600.7,6.714900000000001
36008,3600.8,6.714600000000002
36009,3600.9,6.7143
36010,3601.0,6.714
36011,3601.1,6.713800000000001
36012,3601.2,6.7136000000000005
36013,3601.3,6.713400000000001
36014,3601.4,6.713200000000001
36015,3601.5,6.713
36016,3601.6,6.7128000000000005
36017,3601.7,6.7126
36018,3601.8,6.712400000000001
36019,3601.9,6.712200000000001
36020,3602.0,6.712000000000001
36021,3602.1,6.7119
36022,3602.2,6.7118
36023,3602.3,6.7117
36024,3602.4,6.7116
36025,3602.5,6.7115
36026,3602.6,6.7114
36027,3602.7,6.7113000000000005
36028,3602.8,6.7112
36029,3602.9,6.7111
36030,3603.0,6.711
36031,3603.1,6.711
36032,3603.2,6.711
36033,3603.3,6.711
36034,3603.4,6.711
36035,3603.5,6.711
36036,3603.6,6.711
36037,3603.7,6.711
36038,3603.8,6.711
36039,3603.9,6.711
36040,3604.0,6.711
36041,3604.1,6.7111
36042,3604.2,6.7112
36043,3604.3,6.7113
36044,3604.4,6.7114
36045,3604.5,6.7115
36046,3604.6,6.7116
36047,3604.7,6.7117
36048,3604.8,6.7118
36049,3604.9,6.7119
36050,3605.0,6.712
36051,3605.1,6.712199999999999
36052,3605.2,6.7124
36053,3605.3,6.7126
36054,3605.4,6.7128000000000005
36055,3605.5,6.713
36056,3605.6,6.7132
36057,3605.7,6.7134
36058,3605.8,6.7136
36059,3605.9,6.713800000000001
36060,3606.0,6.714
36061,3606.1,6.7143
36062,3606.2,6.7146
36063,3606.3,6.714899999999999
36064,3606.4,6.7151999999999985
36065,3606.5,6.7155000000000005
36066,3606.6,6.7158
36067,3606.7,6.716099999999999
36068,3606.8,6.716399999999998
36069,3606.9,6.716699999999999
36070,3607.0,6.716999999999998
36071,3607.1,6.717399999999997
36072,3607.2,6.7177999999999995
36073,3607.3,6.7181999999999995
36074,3607.4,6.718599999999999
36075,3607.5,6.7189999999999985
36076,3607.6,6.7193999999999985
36077,3607.7,6.719799999999998
36078,3607.8,6.7202
36079,3607.9,6.7206
36080,3608.0,6.721
36081,3608.1,6.721399999999999
36082,3608.2,6.721799999999999
36083,3608.3,6.722199999999998
36084,3608.4,6.722600000000001
36085,3608.5,6.723
36086,3608.6,6.723399999999999
36087,3608.7,6.723799999999999
36088,3608.8,6.724199999999998
36089,3608.9,6.724599999999998
36090,3609.0,6.725
36091,3609.1,6.725499999999999
36092,3609.2,6.725999999999999
36093,3609.3,6.726499999999999
36094,3609.4,6.7269999999999985
36095,3609.5,6.727499999999998
36096,3609.6,6.727999999999998
36097,3609.7,6.728500000000001
36098,3609.8,6.729000000000001
36099,3609.9,6.729500000000001
36100,3610.0,6.73
36101,3610.1,6.7306
36102,3610.2,6.7311999999999985
36103,3610.3,6.731800000000002
36104,3610.4,6.732400000000001
36105,3610.5,6.7330000000000005
36106,3610.6,6.733599999999999
36107,3610.7,6.734199999999999
36108,3610.8,6.734799999999998
36109,3610.9,6.7354
36110,3611.0,6.736
36111,3611.1,6.736599999999999
36112,3611.2,6.737199999999999
36113,3611.3,6.737799999999997
36114,3611.4,6.738399999999997
36115,3611.5,6.739
36116,3611.6,6.739599999999999
36117,3611.7,6.740199999999999
36118,3611.8,6.7407999999999975
36119,3611.9,6.741399999999997
36120,3612.0,6.741999999999996
36121,3612.1,6.742599999999996
36122,3612.2,6.743199999999999
36123,3612.3,6.743799999999999
36124,3612.4,6.744399999999999
36125,3612.5,6.744999999999998
36126,3612.6,6.745599999999998
36127,3612.7,6.746199999999998
36128,3612.8,6.746800000000001
36129,3612.9,6.747400000000001
36130,3613.0,6.748
36131,3613.1,6.7486
36132,3613.2,6.749199999999998
36133,3613.3,6.749799999999998
36134,3613.4,6.750400000000001
36135,3613.5,6.7509999999999994
36136,3613.6,6.751599999999999
36137,3613.7,6.752199999999998
36138,3613.8,6.752799999999998
36139,3613.9,6.7533999999999965
36140,3614.0,6.754
36141,3614.1,6.754599999999999
36142,3614.2,6.7551999999999985
36143,3614.3,6.755799999999999
36144,3614.4,6.756399999999998
36145,3614.5,6.756999999999998
36146,3614.6,6.757599999999997
36147,3614.7,6.7582
36148,3614.8,6.758800000000001
36149,3614.9,6.7594
36150,3615.0,6.76
36151,3615.1,6.760699999999999
36152,3615.2,6.761399999999998
36153,3615.3,6.762100000000001
36154,3615.4,6.7628
36155,3615.5,6.7635000000000005
36156,3615.6,6.7642
36157,3615.7,6.764899999999999
36158,3615.8,6.765599999999998
36159,3615.9,6.766300000000001
36160,3616.0,6.767
36161,3616.1,6.7676
36162,3616.2,6.768199999999998
36163,3616.3,6.768799999999998
36164,3616.4,6.769399999999997
36165,3616.5,6.77
36166,3616.6,6.770599999999999
36167,3616.7,6.7711999999999986
36168,3616.8,6.771799999999998
36169,3616.9,6.772399999999997
36170,3617.0,6.772999999999996
36171,3617.1,6.773499999999997
36172,3617.2,6.773999999999999
36173,3617.3,6.774499999999999
36174,3617.4,6.774999999999999
36175,3617.5,6.775499999999998
36176,3617.6,6.775999999999998
36177,3617.7,6.776499999999998
36178,3617.8,6.777
36179,3617.9,6.7775
36180,3618.0,6.778
36181,3618.1,6.778499999999999
36182,3618.2,6.778999999999999
36183,3618.3,6.779499999999998
36184,3618.4,6.78
36185,3618.5,6.7805
36186,3618.6,6.781
36187,3618.7,6.781499999999999
36188,3618.8,6.781999999999998
36189,3618.9,6.782499999999998
36190,3619.0,6.783
36191,3619.1,6.7835
36192,3619.2,6.784
36193,3619.3,6.7844999999999995
36194,3619.4,6.784999999999999
36195,3619.5,6.785499999999999
36196,3619.6,6.785999999999999
36197,3619.7,6.786500000000001
36198,3619.8,6.787000000000001
36199,3619.9,6.7875000000000005
36200,3620.0,6.788
36201,3620.1,6.7883
36202,3620.2,6.7886
36203,3620.3,6.788900000000001
36204,3620.4,6.789200000000001
36205,3620.5,6.7895
36206,3620.6,6.7898
36207,3620.7,6.7901
36208,3620.8,6.790399999999999
36209,3620.9,6.790700000000001
36210,3621.0,6.791
36211,3621.1,6.7913
36212,3621.2,6.7916
36213,3621.3,6.791899999999999
36214,3621.4,6.7921999999999985
36215,3621.5,6.7925
36216,3621.6,6.7928
36217,3621.7,6.793099999999999
36218,3621.8,6.793399999999998
36219,3621.9,6.7936999999999985
36220,3622.0,6.793999999999998
36221,3622.1,6.794199999999998
36222,3622.2,6.7943999999999996
36223,3622.3,6.794599999999999
36224,3622.4,6.7947999999999995
36225,3622.5,6.794999999999999
36226,3622.6,6.7951999999999995
36227,3622.7,6.795399999999999
36228,3622.8,6.7956
36229,3622.9,6.795800000000001
36230,3623.0,6.796
36231,3623.1,6.7961
36232,3623.2,6.7962
36233,3623.3,6.7963
36234,3623.4,6.7964
36235,3623.5,6.7965
36236,3623.6,6.7966
36237,3623.7,6.7966999999999995
36238,3623.8,6.796799999999999
36239,3623.9,6.796899999999999
36240,3624.0,6.797
36241,3624.1,6.797
36242,3624.2,6.797
36243,3624.3,6.797
36244,3624.4,6.797
36245,3624.5,6.797
36246,3624.6,6.797
36247,3624.7,6.797
36248,3624.8,6.797
36249,3624.9,6.797
36250,3625.0,6.797
36251,3625.1,6.7968
36252,3625.2,6.796600000000001
36253,3625.3,6.796399999999999
36254,3625.4,6.7962
36255,3625.5,6.795999999999999
36256,3625.6,6.7958
36257,3625.7,6.7956
36258,3625.8,6.795400000000001
36259,3625.9,6.7951999999999995
36260,3626.0,6.795
36261,3626.1,6.7948
36262,3626.2,6.794600000000001
36263,3626.3,6.7944
36264,3626.4,6.794200000000001
36265,3626.5,6.7940000000000005
36266,3626.6,6.7938
36267,3626.7,6.7936000000000005
36268,3626.8,6.793400000000001
36269,3626.9,6.7932000000000015
36270,3627.0,6.793000000000001
36271,3627.1,6.792700000000002
36272,3627.2,6.792400000000001
36273,3627.3,6.7921000000000005
36274,3627.4,6.791800000000001
36275,3627.5,6.791500000000001
36276,3627.6,6.791200000000001
36277,3627.7,6.7909000000000015
36278,3627.8,6.7905999999999995
36279,3627.9,6.7903
36280,3628.0,6.79
36281,3628.1,6.7895
36282,3628.2,6.7890000000000015
36283,3628.3,6.788500000000002
36284,3628.4,6.787999999999999
36285,3628.5,6.7875
36286,3628.6,6.787000000000001
36287,3628.7,6.786500000000001
36288,3628.8,6.786000000000002
36289,3628.9,6.7855000000000025
36290,3629.0,6.785
36291,3629.1,6.7845
36292,3629.2,6.784000000000001
36293,3629.3,6.783500000000001
36294,3629.4,6.783000000000001
36295,3629.5,6.7825000000000015
36296,3629.6,6.782000000000002
36297,3629.7,6.781499999999999
36298,3629.8,6.781
36299,3629.9,6.7805
36300,3630.0,6.78
36301,3630.1,6.779400000000001
36302,3630.2,6.778800000000001
36303,3630.3,6.778199999999999
36304,3630.4,6.7776
36305,3630.5,6.777
36306,3630.6,6.776400000000001
36307,3630.7,6.775800000000001
36308,3630.8,6.7752000000000026
36309,3630.9,6.7745999999999995
36310,3631.0,6.774
36311,3631.1,6.773300000000001
36312,3631.2,6.7726000000000015
36313,3631.3,6.771900000000002
36314,3631.4,6.771200000000003
36315,3631.5,6.7705
36316,3631.6,6.769800000000001
36317,3631.7,6.769100000000002
36318,3631.8,6.768400000000002
36319,3631.9,6.767700000000003
36320,3632.0,6.767000000000004
36321,3632.1,6.766200000000006
36322,3632.2,6.765400000000001
36323,3632.3,6.7646000000000015
36324,3632.4,6.7638000000000025
36325,3632.5,6.763000000000003
36326,3632.6,6.762200000000003
36327,3632.7,6.761400000000004
36328,3632.8,6.760599999999999
36329,3632.9,6.7598
36330,3633.0,6.759
36331,3633.1,6.758300000000001
36332,3633.2,6.757600000000002
36333,3633.3,6.756900000000003
36334,3633.4,6.7562
36335,3633.5,6.7555
36336,3633.6,6.7548
36337,3633.7,6.754100000000001
36338,3633.8,6.753400000000002
36339,3633.9,6.752700000000003
36340,3634.0,6.752
36341,3634.1,6.7512
36342,3634.2,6.750400000000001
36343,3634.3,6.749600000000001
36344,3634.4,6.748800000000002
36345,3634.5,6.748000000000002
36346,3634.6,6.747200000000002
36347,3634.7,6.746399999999999
36348,3634.8,6.745599999999999
36349,3634.9,6.7448
36350,3635.0,6.744
36351,3635.1,6.743200000000001
36352,3635.2,6.742400000000002
36353,3635.3,6.741599999999998
36354,3635.4,6.740799999999999
36355,3635.5,6.74
36356,3635.6,6.7392
36357,3635.7,6.738400000000001
36358,3635.8,6.737600000000002
36359,3635.9,6.736799999999999
36360,3636.0,6.736
36361,3636.1,6.735200000000001
36362,3636.2,6.734400000000002
36363,3636.3,6.733600000000003
36364,3636.4,6.732800000000004
36365,3636.5,6.731999999999999
36366,3636.6,6.7312
36367,3636.7,6.730400000000001
36368,3636.8,6.729600000000002
36369,3636.9,6.728800000000003
36370,3637.0,6.728000000000004
36371,3637.1,6.727200000000005
36372,3637.2,6.726400000000001
36373,3637.3,6.725600000000001
36374,3637.4,6.724800000000002
36375,3637.5,6.724000000000002
36376,3637.6,6.723200000000002
36377,3637.7,6.722400000000003
36378,3637.8,6.721599999999999
36379,3637.9,6.7208
36380,3638.0,6.72
36381,3638.1,6.7194
36382,3638.2,6.718800000000002
36383,3638.3,6.718200000000002
36384,3638.4,6.717599999999999
36385,3638.5,6.7170000000000005
36386,3638.6,6.716400000000001
36387,3638.7,6.7158000000000015
36388,3638.8,6.715200000000002
36389,3638.9,6.7146000000000035
36390,3639.0,6.714
36391,3639.1,6.713400000000001
36392,3639.2,6.712800000000001
36393,3639.3,6.712200000000001
36394,3639.4,6.711600000000002
36395,3639.5,6.711000000000002
36396,3639.6,6.710400000000003
36397,3639.7,6.7097999999999995
36398,3639.8,6.709199999999999
36399,3639.9,6.7086
36400,3640.0,6.708
36401,3640.1,6.7075000000000005
36402,3640.2,6.707000000000002
36403,3640.3,6.706499999999999
36404,3640.4,6.7059999999999995
36405,3640.5,6.7055
36406,3640.6,6.705000000000001
36407,3640.7,6.704500000000001
36408,3640.8,6.704000000000002
36409,3640.9,6.7035
36410,3641.0,6.703
36411,3641.1,6.7026
36412,3641.2,6.702200000000001
36413,3641.3,6.701800000000001
36414,3641.4,6.701400000000002
36415,3641.5,6.7010000000000005
36416,3641.6,6.7006000000000006
36417,3641.7,6.700200000000001
36418,3641.8,6.6998000000000015
36419,3641.9,6.699400000000002
36420,3642.0,6.6990000000000025
36421,3642.1,6.698700000000001
36422,3642.2,6.6984
36423,3642.3,6.6981
36424,3642.4,6.697800000000001
36425,3642.5,6.697500000000001
36426,3642.6,6.6972000000000005
36427,3642.7,6.696900000000001
36428,3642.8,6.696599999999999
36429,3642.9,6.6963
36430,3643.0,6.696
36431,3643.1,6.6959
36432,3643.2,6.6958
36433,3643.3,6.6957
36434,3643.4,6.6956
36435,3643.5,6.6955
36436,3643.6,6.6954
36437,3643.7,6.6953000000000005
36438,3643.8,6.695200000000001
36439,3643.9,6.695100000000001
36440,3644.0,6.695
36441,3644.1,6.695
36442,3644.2,6.695
36443,3644.3,6.695
36444,3644.4,6.695
36445,3644.5,6.695
36446,3644.6,6.695
36447,3644.7,6.695
36448,3644.8,6.695
36449,3644.9,6.695
36450,3645.0,6.695
36451,3645.1,6.6951
36452,3645.2,6.6952
36453,3645.3,6.6953000000000005
36454,3645.4,6.6954
36455,3645.5,6.6955
36456,3645.6,6.6956
36457,3645.7,6.6956999999999995
36458,3645.8,6.695799999999999
36459,3645.9,6.6959
36460,3646.0,6.696
36461,3646.1,6.696299999999999
36462,3646.2,6.696599999999999
36463,3646.3,6.6968999999999985
36464,3646.4,6.697199999999999
36465,3646.5,6.6975
36466,3646.6,6.697799999999999
36467,3646.7,6.698099999999999
36468,3646.8,6.698399999999999
36469,3646.9,6.698699999999999
36470,3647.0,6.698999999999998
36471,3647.1,6.699499999999997
36472,3647.2,6.699999999999999
36473,3647.3,6.700499999999999
36474,3647.4,6.700999999999999
36475,3647.5,6.7014999999999985
36476,3647.6,6.701999999999998
36477,3647.7,6.702499999999998
36478,3647.8,6.703
36479,3647.9,6.7035
36480,3648.0,6.704
36481,3648.1,6.704599999999999
36482,3648.2,6.705199999999999
36483,3648.3,6.705799999999998
36484,3648.4,6.7064
36485,3648.5,6.707
36486,3648.6,6.707599999999999
36487,3648.7,6.708199999999999
36488,3648.8,6.708799999999997
36489,3648.9,6.709399999999997
36490,3649.0,6.71
36491,3649.1,6.710699999999999
36492,3649.2,6.711399999999999
36493,3649.3,6.712099999999999
36494,3649.4,6.712799999999998
36495,3649.5,6.713499999999998
36496,3649.6,6.714199999999997
36497,3649.7,6.714900000000001
36498,3649.8,6.7156
36499,3649.9,6.7163
36500,3650.0,6.717
36501,3650.1,6.717799999999999
36502,3650.2,6.718599999999998
36503,3650.3,6.719400000000001
36504,3650.4,6.7202
36505,3650.5,6.721
36506,3650.6,6.721799999999999
36507,3650.7,6.722599999999998
36508,3650.8,6.723399999999997
36509,3650.9,6.724200000000001
36510,3651.0,6.725
36511,3651.1,6.725999999999998
36512,3651.2,6.726999999999998
36513,3651.3,6.727999999999996
36514,3651.4,6.728999999999996
36515,3651.5,6.73
36516,3651.6,6.730999999999999
36517,3651.7,6.7319999999999975
36518,3651.8,6.732999999999997
36519,3651.9,6.7339999999999955
36520,3652.0,6.734999999999995
36521,3652.1,6.735999999999994
36522,3652.2,6.736999999999999
36523,3652.3,6.737999999999999
36524,3652.4,6.738999999999998
36525,3652.5,6.7399999999999975
36526,3652.6,6.740999999999997
36527,3652.7,6.741999999999996
36528,3652.8,6.743000000000001
36529,3652.9,6.744000000000001
36530,3653.0,6.745
36531,3653.1,6.745999999999999
36532,3653.2,6.746999999999998
36533,3653.3,6.747999999999997
36534,3653.4,6.749000000000001
36535,3653.5,6.75
36536,3653.6,6.750999999999999
36537,3653.7,6.751999999999998
36538,3653.8,6.752999999999997
36539,3653.9,6.753999999999995
36540,3654.0,6.755
36541,3654.1,6.756099999999999
36542,3654.2,6.757199999999998
36543,3654.3,6.758299999999998
36544,3654.4,6.759399999999998
36545,3654.5,6.760499999999997
36546,3654.6,6.761599999999996
36547,3654.7,6.7627000000000015
36548,3654.8,6.763800000000002
36549,3654.9,6.764900000000001
36550,3655.0,6.766
36551,3655.1,6.767099999999998
36552,3655.2,6.7681999999999976
36553,3655.3,6.769300000000003
36554,3655.4,6.770400000000001
36555,3655.5,6.7715
36556,3655.6,6.772599999999999
36557,3655.7,6.773699999999997
36558,3655.8,6.774799999999996
36559,3655.9,6.775900000000002
36560,3656.0,6.777
36561,3656.1,6.777999999999999
36562,3656.2,6.778999999999998
36563,3656.3,6.779999999999997
36564,3656.4,6.780999999999995
36565,3656.5,6.782
36566,3656.6,6.782999999999999
36567,3656.7,6.783999999999998
36568,3656.8,6.784999999999997
36569,3656.9,6.785999999999995
36570,3657.0,6.786999999999995
36571,3657.1,6.787999999999994
36572,3657.2,6.788999999999999
36573,3657.3,6.789999999999998
36574,3657.4,6.790999999999998
36575,3657.5,6.791999999999997
36576,3657.6,6.792999999999997
36577,3657.7,6.793999999999996
36578,3657.8,6.795000000000001
36579,3657.9,6.796
36580,3658.0,6.797
36581,3658.1,6.7978999999999985
36582,3658.2,6.798799999999997
36583,3658.3,6.799699999999997
36584,3658.4,6.800600000000001
36585,3658.5,6.8015
36586,3658.6,6.802399999999999
36587,3658.7,6.8032999999999975
36588,3658.8,6.804199999999997
36589,3658.9,6.805099999999996
36590,3659.0,6.806
36591,3659.1,6.806699999999999
36592,3659.2,6.8073999999999995
36593,3659.3,6.808099999999999
36594,3659.4,6.808799999999998
36595,3659.5,6.809499999999998
36596,3659.6,6.810199999999997
36597,3659.7,6.810900000000001
36598,3659.8,6.8116
36599,3659.9,6.8123000000000005
36600,3660.0,6.813
36601,3660.1,6.813699999999999
36602,3660.2,6.814399999999998
36603,3660.3,6.815100000000001
36604,3660.4,6.8158
36605,3660.5,6.8165000000000004
36606,3660.6,6.8172
36607,3660.7,6.817899999999998
36608,3660.8,6.818599999999998
36609,3660.9,6.819300000000001
36610,3661.0,6.82
36611,3661.1,6.8205
36612,3661.2,6.820999999999999
36613,3661.3,6.821499999999999
36614,3661.4,6.821999999999998
36615,3661.5,6.8225
36616,3661.6,6.8229999999999995
36617,3661.7,6.823499999999999
36618,3661.8,6.823999999999998
36619,3661.9,6.824499999999998
36620,3662.0,6.8249999999999975
36621,3662.1,6.825299999999999
36622,3662.2,6.8256
36623,3662.3,6.8259
36624,3662.4,6.826199999999999
36625,3662.5,6.826499999999999
36626,3662.6,6.8267999999999995
36627,3662.7,6.827099999999999
36628,3662.8,6.827400000000001
36629,3662.9,6.8277
36630,3663.0,6.828
36631,3663.1,6.8281
36632,3663.2,6.8282
36633,3663.3,6.8283
36634,3663.4,6.8284
36635,3663.5,6.8285
36636,3663.6,6.8286
36637,3663.7,6.8286999999999995
36638,3663.8,6.828799999999999
36639,3663.9,6.828899999999999
36640,3664.0,6.829
36641,3664.1,6.829
36642,3664.2,6.829
36643,3664.3,6.829
36644,3664.4,6.829
36645,3664.5,6.829
36646,3664.6,6.829
36647,3664.7,6.829
36648,3664.8,6.829
36649,3664.9,6.829
36650,3665.0,6.829
36651,3665.1,6.8288
36652,3665.2,6.8286
36653,3665.3,6.828399999999999
36654,3665.4,6.8282
36655,3665.5,6.827999999999999
36656,3665.6,6.8278
36657,3665.7,6.8276
36658,3665.8,6.827400000000001
36659,3665.9,6.8271999999999995
36660,3666.0,6.827
36661,3666.1,6.8265
36662,3666.2,6.826000000000001
36663,3666.3,6.825500000000002
36664,3666.4,6.825000000000002
36665,3666.5,6.8245000000000005
36666,3666.6,6.824000000000001
36667,3666.7,6.823500000000001
36668,3666.8,6.823000000000002
36669,3666.9,6.8225000000000025
36670,3667.0,6.822000000000003
36671,3667.1,6.821500000000003
36672,3667.2,6.821000000000001
36673,3667.3,6.820500000000001
36674,3667.4,6.820000000000001
36675,3667.5,6.8195000000000014
36676,3667.6,6.819000000000002
36677,3667.7,6.818500000000002
36678,3667.8,6.818
36679,3667.9,6.8175
36680,3668.0,6.817
36681,3668.1,6.816200000000001
36682,3668.2,6.815400000000002
36683,3668.3,6.814600000000003
36684,3668.4,6.8138
36685,3668.5,6.813000000000001
36686,3668.6,6.812200000000001
36687,3668.7,6.811400000000002
36688,3668.8,6.810600000000003
36689,3668.9,6.809800000000004
36690,3669.0,6.809
36691,3669.1,6.8081000000000005
36692,3669.2,6.807200000000001
36693,3669.3,6.806300000000002
36694,3669.4,6.805400000000002
36695,3669.5,6.804500000000003
36696,3669.6,6.803600000000003
36697,3669.7,6.802699999999998
36698,3669.8,6.801799999999999
36699,3669.9,6.8008999999999995
36700,3670.0,6.8
36701,3670.1,6.799000000000001
36702,3670.2,6.798000000000002
36703,3670.3,6.796999999999998
36704,3670.4,6.7959999999999985
36705,3670.5,6.795
36706,3670.6,6.794000000000001
36707,3670.7,6.793000000000002
36708,3670.8,6.792000000000003
36709,3670.9,6.790999999999999
36710,3671.0,6.79
36711,3671.1,6.7890000000000015
36712,3671.2,6.788000000000002
36713,3671.3,6.7870000000000035
36714,3671.4,6.786000000000005
36715,3671.5,6.785
36716,3671.6,6.784000000000002
36717,3671.7,6.783000000000002
36718,3671.8,6.782000000000004
36719,3671.9,6.781000000000005
36720,3672.0,6.780000000000006
36721,3672.1,6.7788000000000075
36722,3672.2,6.777600000000001
36723,3672.3,6.776400000000002
36724,3672.4,6.7752000000000026
36725,3672.5,6.774000000000004
36726,3672.6,6.772800000000004
36727,3672.7,6.771600000000005
36728,3672.8,6.770399999999999
36729,3672.9,6.769199999999999
36730,3673.0,6.768
36731,3673.1,6.766800000000001
36732,3673.2,6.765600000000003
36733,3673.3,6.764400000000004
36734,3673.4,6.7631999999999985
36735,3673.5,6.7620000000000005
36736,3673.6,6.7608000000000015
36737,3673.7,6.7596000000000025
36738,3673.8,6.758400000000004
36739,3673.9,6.757200000000005
36740,3674.0,6.756
36741,3674.1,6.754800000000001
36742,3674.2,6.753600000000001
36743,3674.3,6.752400000000002
36744,3674.4,6.7512000000000025
36745,3674.5,6.7500000000000036
36746,3674.6,6.748800000000004
36747,3674.7,6.747599999999998
36748,3674.8,6.746399999999999
36749,3674.9,6.745199999999999
36750,3675.0,6.744
36751,3675.1,6.7429000000000014
36752,3675.2,6.741800000000002
36753,3675.3,6.740699999999997
36754,3675.4,6.7395999999999985
36755,3675.5,6.7385
36756,3675.6,6.737400000000001
36757,3675.7,6.736300000000003
36758,3675.8,6.735200000000003
36759,3675.9,6.734099999999998
36760,3676.0,6.733
36761,3676.1,6.731800000000001
36762,3676.2,6.730600000000003
36763,3676.3,6.729400000000004
36764,3676.4,6.7282000000000055
36765,3676.5,6.727
36766,3676.6,6.725800000000001
36767,3676.7,6.724600000000002
36768,3676.8,6.723400000000004
36769,3676.9,6.722200000000005
36770,3677.0,6.721000000000007
36771,3677.1,6.720000000000006
36772,3677.2,6.719000000000001
36773,3677.3,6.718000000000002
36774,3677.4,6.717000000000002
36775,3677.5,6.716000000000003
36776,3677.6,6.715000000000003
36777,3677.7,6.714000000000004
36778,3677.8,6.712999999999999
36779,3677.9,6.712
36780,3678.0,6.711
36781,3678.1,6.710000000000002
36782,3678.2,6.709000000000002
36783,3678.3,6.708000000000004
36784,3678.4,6.706999999999999
36785,3678.5,6.7059999999999995
36786,3678.6,6.705000000000001
36787,3678.7,6.704000000000002
36788,3678.8,6.703000000000003
36789,3678.9,6.702000000000004
36790,3679.0,6.701
36791,3679.1,6.7002
36792,3679.2,6.699400000000001
36793,3679.3,6.698600000000001
36794,3679.4,6.697800000000002
36795,3679.5,6.697000000000002
36796,3679.6,6.696200000000002
36797,3679.7,6.6953999999999985
36798,3679.8,6.6945999999999986
36799,3679.9,6.6937999999999995
36800,3680.0,6.693
36801,3680.1,6.6923
36802,3680.2,6.691600000000001
36803,3680.3,6.690899999999998
36804,3680.4,6.690199999999999
36805,3680.5,6.6895
36806,3680.6,6.6888000000000005
36807,3680.7,6.688100000000001
36808,3680.8,6.687400000000002
36809,3680.9,6.686699999999999
36810,3681.0,6.686
36811,3681.1,6.6855
36812,3681.2,6.685000000000001
36813,3681.3,6.684500000000002
36814,3681.4,6.684000000000002
36815,3681.5,6.6835
36816,3681.6,6.683000000000001
36817,3681.7,6.682500000000001
36818,3681.8,6.682000000000002
36819,3681.9,6.681500000000002
36820,3682.0,6.681000000000003
36821,3682.1,6.680600000000003
36822,3682.2,6.6802
36823,3682.3,6.6798
36824,3682.4,6.679400000000001
36825,3682.5,6.679000000000001
36826,3682.6,6.678600000000001
36827,3682.7,6.678200000000001
36828,3682.8,6.6777999999999995
36829,3682.9,6.6774
36830,3683.0,6.677
36831,3683.1,6.6768
36832,3683.2,6.6766000000000005
36833,3683.3,6.6764
36834,3683.4,6.6762
36835,3683.5,6.676
36836,3683.6,6.6758
36837,3683.7,6.6756
36838,3683.8,6.675400000000001
36839,3683.9,6.675200000000001
36840,3684.0,6.675
36841,3684.1,6.675
36842,3684.2,6.675
36843,3684.3,6.675
36844,3684.4,6.675
36845,3684.5,6.675
36846,3684.6,6.675
36847,3684.7,6.675
36848,3684.8,6.675
36849,3684.9,6.675
36850,3685.0,6.675
36851,3685.1,6.6751
36852,3685.2,6.675199999999999
36853,3685.3,6.6753
36854,3685.4,6.6754
36855,3685.5,6.6754999999999995
36856,3685.6,6.6756
36857,3685.7,6.6757
36858,3685.8,6.6758
36859,3685.9,6.6759
36860,3686.0,6.676
36861,3686.1,6.6762999999999995
36862,3686.2,6.6766
36863,3686.3,6.676899999999999
36864,3686.4,6.677199999999999
36865,3686.5,6.6775
36866,3686.6,6.6777999999999995
36867,3686.7,6.6781
36868,3686.8,6.678399999999999
36869,3686.9,6.678699999999999
36870,3687.0,6.6789999999999985
36871,3687.1,6.679499999999997
36872,3687.2,6.68
36873,3687.3,6.680499999999999
36874,3687.4,6.680999999999999
36875,3687.5,6.681499999999999
36876,3687.6,6.681999999999999
36877,3687.7,6.682499999999998
36878,3687.8,6.683000000000001
36879,3687.9,6.6835
36880,3688.0,6.684
36881,3688.1,6.6846
36882,3688.2,6.685199999999999
36883,3688.3,6.685799999999999
36884,3688.4,6.686400000000001
36885,3688.5,6.687
36886,3688.6,6.6876
36887,3688.7,6.688199999999999
36888,3688.8,6.688799999999999
36889,3688.9,6.689399999999997
36890,3689.0,6.69
36891,3689.1,6.6908
36892,3689.2,6.691599999999999
36893,3689.3,6.692399999999999
36894,3689.4,6.693199999999998
36895,3689.5,6.693999999999998
36896,3689.6,6.694799999999998
36897,3689.7,6.6956000000000016
36898,3689.8,6.6964000000000015
36899,3689.9,6.6972000000000005
36900,3690.0,6.698
36901,3690.1,6.698899999999999
36902,3690.2,6.699799999999998
36903,3690.3,6.700700000000002
36904,3690.4,6.701600000000001
36905,3690.5,6.702500000000001
36906,3690.6,6.703399999999999
36907,3690.7,6.704299999999998
36908,3690.8,6.705199999999997
36909,3690.9,6.706100000000001
36910,3691.0,6.707
36911,3691.1,6.707999999999998
36912,3691.2,6.708999999999998
36913,3691.3,6.709999999999996
36914,3691.4,6.710999999999995
36915,3691.5,6.712
36916,3691.6,6.712999999999998
36917,3691.7,6.713999999999998
36918,3691.8,6.714999999999996
36919,3691.9,6.715999999999995
36920,3692.0,6.716999999999994
36921,3692.1,6.718099999999993
36922,3692.2,6.719199999999998
36923,3692.3,6.720299999999998
36924,3692.4,6.721399999999997
36925,3692.5,6.722499999999997
36926,3692.6,6.723599999999996
36927,3692.7,6.724699999999995
36928,3692.8,6.725800000000001
36929,3692.9,6.7269000000000005
36930,3693.0,6.728
36931,3693.1,6.729099999999998
36932,3693.2,6.730199999999997
36933,3693.3,6.731299999999996
36934,3693.4,6.732400000000001
36935,3693.5,6.7335
36936,3693.6,6.734599999999999
36937,3693.7,6.735699999999997
36938,3693.8,6.736799999999996
36939,3693.9,6.7378999999999944
36940,3694.0,6.739
36941,3694.1,6.740199999999999
36942,3694.2,6.741399999999999
36943,3694.3,6.742599999999998
36944,3694.4,6.743799999999998
36945,3694.5,6.7449999999999966
36946,3694.6,6.746199999999996
36947,3694.7,6.7474000000000025
36948,3694.8,6.7486000000000015
36949,3694.9,6.749800000000001
36950,3695.0,6.751
36951,3695.1,6.752099999999999
36952,3695.2,6.753199999999998
36953,3695.3,6.754300000000002
36954,3695.4,6.755400000000002
36955,3695.5,6.7565
36956,3695.6,6.757599999999998
36957,3695.7,6.7586999999999975
36958,3695.8,6.759799999999996
36959,3695.9,6.760900000000001
36960,3696.0,6.762
36961,3696.1,6.7631999999999985
36962,3696.2,6.764399999999997
36963,3696.3,6.765599999999996
36964,3696.4,6.766799999999995
36965,3696.5,6.768
36966,3696.6,6.769199999999999
36967,3696.7,6.770399999999997
36968,3696.8,6.771599999999996
36969,3696.9,6.772799999999995
36970,3697.0,6.773999999999993
36971,3697.1,6.775099999999993
36972,3697.2,6.7761999999999984
36973,3697.3,6.7772999999999985
36974,3697.4,6.778399999999998
36975,3697.5,6.779499999999997
36976,3697.6,6.780599999999996
36977,3697.7,6.781699999999995
36978,3697.8,6.782800000000002
36979,3697.9,6.783900000000001
36980,3698.0,6.785
36981,3698.1,6.7860999999999985
36982,3698.2,6.787199999999998
36983,3698.3,6.788299999999996
36984,3698.4,6.789400000000001
36985,3698.5,6.7905
36986,3698.6,6.791599999999999
36987,3698.7,6.792699999999997
36988,3698.8,6.7937999999999965
36989,3698.9,6.794899999999995
36990,3699.0,6.796
36991,3699.1,6.7969
36992,3699.2,6.797799999999999
36993,3699.3,6.798699999999998
36994,3699.4,6.799599999999998
36995,3699.5,6.800499999999998
36996,3699.6,6.801399999999997
36997,3699.7,6.802300000000002
36998,3699.8,6.803200000000001
36999,3699.9,6.8041
37000,3700.0,6.805
37001,3700.1,6.8058999999999985
37002,3700.2,6.806799999999997
37003,3700.3,6.807700000000002
37004,3700.4,6.808600000000001
37005,3700.5,6.8095
37006,3700.6,6.810399999999999
37007,3700.7,6.8112999999999975
37008,3700.8,6.812199999999997
37009,3700.9,6.813100000000001
37010,3701.0,6.814
37011,3701.1,6.814799999999999
37012,3701.2,6.815599999999998
37013,3701.3,6.816399999999997
37014,3701.4,6.817199999999996
37015,3701.5,6.8180000000000005
37016,3701.6,6.8187999999999995
37017,3701.7,6.8195999999999986
37018,3701.8,6.820399999999998
37019,3701.9,6.821199999999997
37020,3702.0,6.821999999999996
37021,3702.1,6.822599999999996
37022,3702.2,6.823199999999999
37023,3702.3,6.823799999999999
37024,3702.4,6.824399999999999
37025,3702.5,6.824999999999998
37026,3702.6,6.825599999999998
37027,3702.7,6.826199999999998
37028,3702.8,6.826800000000001
37029,3702.9,6.827400000000001
37030,3703.0,6.828
37031,3703.1,6.828399999999999
37032,3703.2,6.828799999999999
37033,3703.3,6.829199999999998
37034,3703.4,6.829600000000001
37035,3703.5,6.83
37036,3703.6,6.830399999999999
37037,3703.7,6.830799999999999
37038,3703.8,6.831199999999998
37039,3703.9,6.831599999999998
37040,3704.0,6.832
37041,3704.1,6.8323
37042,3704.2,6.832599999999999
37043,3704.3,6.8328999999999995
37044,3704.4,6.833199999999999
37045,3704.5,6.833499999999999
37046,3704.6,6.833799999999999
37047,3704.7,6.8341
37048,3704.8,6.8344000000000005
37049,3704.9,6.8347
37050,3705.0,6.835
37051,3705.1,6.8351
37052,3705.2,6.8351999999999995
37053,3705.3,6.8353
37054,3705.4,6.8354
37055,3705.5,6.8355
37056,3705.6,6.8356
37057,3705.7,6.8357
37058,3705.8,6.8358
37059,3705.9,6.8359000000000005
37060,3706.0,6.836
37061,3706.1,6.836
37062,3706.2,6.836
37063,3706.3,6.836
37064,3706.4,6.836
37065,3706.5,6.836
37066,3706.6,6.836
37067,3706.7,6.836
37068,3706.8,6.836
37069,3706.9,6.836
37070,3707.0,6.836
37071,3707.1,6.835800000000002
37072,3707.2,6.8356
37073,3707.3,6.835400000000001
37074,3707.4,6.8352
37075,3707.5,6.835000000000001
37076,3707.6,6.8348
37077,3707.7,6.834600000000001
37078,3707.8,6.8344
37079,3707.9,6.834199999999999
37080,3708.0,6.834
37081,3708.1,6.833600000000001
37082,3708.2,6.833200000000001
37083,3708.3,6.8328000000000015
37084,3708.4,6.832399999999999
37085,3708.5,6.832
37086,3708.6,6.831600000000001
37087,3708.7,6.831200000000001
37088,3708.8,6.830800000000002
37089,3708.9,6.830400000000002
37090,3709.0,6.83
37091,3709.1,6.8295
37092,3709.2,6.829000000000001
37093,3709.3,6.828500000000001
37094,3709.4,6.828000000000001
37095,3709.5,6.8275000000000015
37096,3709.6,6.827000000000002
37097,3709.7,6.826499999999999
37098,3709.8,6.826
37099,3709.9,6.8255
37100,3710.0,6.825
37101,3710.1,6.824300000000001
37102,3710.2,6.823600000000002
37103,3710.3,6.822899999999999
37104,3710.4,6.822199999999999
37105,3710.5,6.8215
37106,3710.6,6.8208
37107,3710.7,6.820100000000002
37108,3710.8,6.819400000000002
37109,3710.9,6.818699999999999
37110,3711.0,6.818
37111,3711.1,6.8173
37112,3711.2,6.816600000000001
37113,3711.3,6.815900000000002
37114,3711.4,6.815200000000003
37115,3711.5,6.8145
37116,3711.6,6.8138000000000005
37117,3711.7,6.813100000000001
37118,3711.8,6.812400000000002
37119,3711.9,6.811700000000003
37120,3712.0,6.8110000000000035
37121,3712.1,6.810100000000006
37122,3712.2,6.809200000000001
37123,3712.3,6.808300000000002
37124,3712.4,6.807400000000002
37125,3712.5,6.806500000000002
37126,3712.6,6.805600000000003
37127,3712.7,6.804700000000003
37128,3712.8,6.803799999999999
37129,3712.9,6.802899999999999
37130,3713.0,6.802
37131,3713.1,6.801000000000001
37132,3713.2,6.800000000000002
37133,3713.3,6.799000000000003
37134,3713.4,6.797999999999998
37135,3713.5,6.797
37136,3713.6,6.796000000000001
37137,3713.7,6.795000000000002
37138,3713.8,6.794000000000003
37139,3713.9,6.793000000000005
37140,3714.0,6.792
37141,3714.1,6.791
37142,3714.2,6.790000000000001
37143,3714.3,6.7890000000000015
37144,3714.4,6.788000000000002
37145,3714.5,6.787000000000003
37146,3714.6,6.786000000000003
37147,3714.7,6.784999999999998
37148,3714.8,6.783999999999999
37149,3714.9,6.7829999999999995
37150,3715.0,6.782
37151,3715.1,6.780900000000002
37152,3715.2,6.7798000000000025
37153,3715.3,6.778699999999997
37154,3715.4,6.777599999999999
37155,3715.5,6.7765
37156,3715.6,6.775400000000001
37157,3715.7,6.774300000000003
37158,3715.8,6.773200000000004
37159,3715.9,6.772099999999998
37160,3716.0,6.771
37161,3716.1,6.769900000000002
37162,3716.2,6.768800000000002
37163,3716.3,6.767700000000004
37164,3716.4,6.766600000000005
37165,3716.5,6.765499999999999
37166,3716.6,6.764400000000001
37167,3716.7,6.763300000000003
37168,3716.8,6.7622000000000035
37169,3716.9,6.761100000000005
37170,3717.0,6.760000000000006
37171,3717.1,6.759000000000006
37172,3717.2,6.758000000000001
37173,3717.3,6.7570000000000014
37174,3717.4,6.756000000000002
37175,3717.5,6.755000000000003
37176,3717.6,6.754000000000003
37177,3717.7,6.753000000000004
37178,3717.8,6.751999999999999
37179,3717.9,6.7509999999999994
37180,3718.0,6.75
37181,3718.1,6.748900000000002
37182,3718.2,6.7478000000000025
37183,3718.3,6.746700000000004
37184,3718.4,6.745599999999999
37185,3718.5,6.7445
37186,3718.6,6.743400000000001
37187,3718.7,6.742300000000003
37188,3718.8,6.741200000000004
37189,3718.9,6.740100000000005
37190,3719.0,6.739
37191,3719.1,6.738
37192,3719.2,6.737000000000001
37193,3719.3,6.7360000000000015
37194,3719.4,6.735000000000002
37195,3719.5,6.734000000000003
37196,3719.6,6.733000000000003
37197,3719.7,6.731999999999998
37198,3719.8,6.730999999999999
37199,3719.9,6.7299999999999995
37200,3720.0,6.729
37201,3720.1,6.728100000000001
37202,3720.2,6.7272000000000025
37203,3720.3,6.7262999999999975
37204,3720.4,6.725399999999999
37205,3720.5,6.7245
37206,3720.6,6.723600000000001
37207,3720.7,6.7227000000000015
37208,3720.8,6.721800000000003
37209,3720.9,6.7208999999999985
37210,3721.0,6.72
37211,3721.1,6.719200000000001
37212,3721.2,6.718400000000002
37213,3721.3,6.717600000000003
37214,3721.4,6.716800000000004
37215,3721.5,6.715999999999999
37216,3721.6,6.7152
37217,3721.7,6.714400000000001
37218,3721.8,6.713600000000002
37219,3721.9,6.712800000000003
37220,3722.0,6.712000000000004
37221,3722.1,6.711200000000005
37222,3722.2,6.710400000000001
37223,3722.3,6.709600000000001
37224,3722.4,6.708800000000002
37225,3722.5,6.708000000000002
37226,3722.6,6.707200000000002
37227,3722.7,6.706400000000003
37228,3722.8,6.705599999999999
37229,3722.9,6.7048
37230,3723.0,6.704
37231,3723.1,6.7034
37232,3723.2,6.702800000000002
37233,3723.3,6.702200000000002
37234,3723.4,6.701599999999999
37235,3723.5,6.7010000000000005
37236,3723.6,6.700400000000001
37237,3723.7,6.6998000000000015
37238,3723.8,6.699200000000002
37239,3723.9,6.698600000000003
37240,3724.0,6.698
37241,3724.1,6.6976
37242,3724.2,6.6972000000000005
37243,3724.3,6.6968000000000005
37244,3724.4,6.6964000000000015
37245,3724.5,6.6960000000000015
37246,3724.6,6.6956000000000016
37247,3724.7,6.6952
37248,3724.8,6.6948
37249,3724.9,6.6944
37250,3725.0,6.694
37251,3725.1,6.693700000000001
37252,3725.2,6.6934000000000005
37253,3725.3,6.693099999999999
37254,3725.4,6.692799999999999
37255,3725.5,6.6925
37256,3725.6,6.692200000000001
37257,3725.7,6.6919
37258,3725.8,6.691600000000001
37259,3725.9,6.691299999999999
37260,3726.0,6.691
37261,3726.1,6.6908
37262,3726.2,6.690600000000001
37263,3726.3,6.6904
37264,3726.4,6.690200000000001
37265,3726.5,6.6899999999999995
37266,3726.6,6.6898
37267,3726.7,6.6896
37268,3726.8,6.689400000000001
37269,3726.9,6.689200000000001
37270,3727.0,6.689000000000001
37271,3727.1,6.689
37272,3727.2,6.689
37273,3727.3,6.689
37274,3727.4,6.689
37275,3727.5,6.689
37276,3727.6,6.689
37277,3727.7,6.689
37278,3727.8,6.689
37279,3727.9,6.689
37280,3728.0,6.689
37281,3728.1,6.6892
37282,3728.2,6.689399999999999
37283,3728.3,6.6895999999999995
37284,3728.4,6.6898
37285,3728.5,6.6899999999999995
37286,3728.6,6.6902
37287,3728.7,6.6903999999999995
37288,3728.8,6.690599999999999
37289,3728.9,6.6907999999999985
37290,3729.0,6.691
37291,3729.1,6.6913
37292,3729.2,6.691599999999999
37293,3729.3,6.6918999999999995
37294,3729.4,6.692199999999999
37295,3729.5,6.692499999999999
37296,3729.6,6.692799999999999
37297,3729.7,6.6931
37298,3729.8,6.6934000000000005
37299,3729.9,6.6937
37300,3730.0,6.694
37301,3730.1,6.6945
37302,3730.2,6.6949999999999985
37303,3730.3,6.695500000000001
37304,3730.4,6.696000000000001
37305,3730.5,6.6965
37306,3730.6,6.696999999999999
37307,3730.7,6.697499999999999
37308,3730.8,6.697999999999998
37309,3730.9,6.6985
37310,3731.0,6.699
37311,3731.1,6.6995
37312,3731.2,6.699999999999998
37313,3731.3,6.700499999999998
37314,3731.4,6.700999999999998
37315,3731.5,6.701499999999999
37316,3731.6,6.701999999999999
37317,3731.7,6.702499999999999
37318,3731.8,6.702999999999998
37319,3731.9,6.703499999999997
37320,3732.0,6.703999999999997
37321,3732.1,6.704699999999995
37322,3732.2,6.705399999999999
37323,3732.3,6.706099999999998
37324,3732.4,6.7067999999999985
37325,3732.5,6.707499999999998
37326,3732.6,6.708199999999998
37327,3732.7,6.708899999999997
37328,3732.8,6.709600000000001
37329,3732.9,6.710300000000001
37330,3733.0,6.711
37331,3733.1,6.711799999999999
37332,3733.2,6.712599999999998
37333,3733.3,6.713399999999997
37334,3733.4,6.714200000000001
37335,3733.5,6.715
37336,3733.6,6.7158
37337,3733.7,6.716599999999999
37338,3733.8,6.717399999999998
37339,3733.9,6.718199999999997
37340,3734.0,6.719
37341,3734.1,6.7199
37342,3734.2,6.720799999999999
37343,3734.3,6.7216999999999985
37344,3734.4,6.722599999999998
37345,3734.5,6.723499999999998
37346,3734.6,6.724399999999997
37347,3734.7,6.725300000000002
37348,3734.8,6.726200000000001
37349,3734.9,6.7271
37350,3735.0,6.728
37351,3735.1,6.728999999999998
37352,3735.2,6.729999999999998
37353,3735.3,6.7310000000000025
37354,3735.4,6.732000000000001
37355,3735.5,6.7330000000000005
37356,3735.6,6.733999999999999
37357,3735.7,6.734999999999998
37358,3735.8,6.735999999999997
37359,3735.9,6.737000000000002
37360,3736.0,6.738
37361,3736.1,6.738899999999999
37362,3736.2,6.739799999999998
37363,3736.3,6.740699999999997
37364,3736.4,6.7415999999999965
37365,3736.5,6.742500000000001
37366,3736.6,6.743399999999999
37367,3736.7,6.744299999999998
37368,3736.8,6.745199999999997
37369,3736.9,6.746099999999996
37370,3737.0,6.746999999999995
37371,3737.1,6.747999999999994
37372,3737.2,6.748999999999999
37373,3737.3,6.749999999999998
37374,3737.4,6.750999999999998
37375,3737.5,6.751999999999997
37376,3737.6,6.752999999999997
37377,3737.7,6.753999999999996
37378,3737.8,6.755000000000001
37379,3737.9,6.756
37380,3738.0,6.757
37381,3738.1,6.757999999999998
37382,3738.2,6.758999999999998
37383,3738.3,6.759999999999996
37384,3738.4,6.761000000000001
37385,3738.5,6.7620000000000005
37386,3738.6,6.762999999999999
37387,3738.7,6.763999999999998
37388,3738.8,6.764999999999997
37389,3738.9,6.765999999999996
37390,3739.0,6.767
37391,3739.1,6.7679
37392,3739.2,6.768799999999999
37393,3739.3,6.7696999999999985
37394,3739.4,6.770599999999998
37395,3739.5,6.771499999999998
37396,3739.6,6.772399999999997
37397,3739.7,6.773300000000002
37398,3739.8,6.774200000000001
37399,3739.9,6.7751
37400,3740.0,6.776
37401,3740.1,6.776899999999999
37402,3740.2,6.777799999999997
37403,3740.3,6.778700000000002
37404,3740.4,6.779600000000001
37405,3740.5,6.7805
37406,3740.6,6.781399999999999
37407,3740.7,6.7822999999999976
37408,3740.8,6.783199999999997
37409,3740.9,6.784100000000001
37410,3741.0,6.785
37411,3741.1,6.785799999999999
37412,3741.2,6.786599999999998
37413,3741.3,6.787399999999997
37414,3741.4,6.788199999999996
37415,3741.5,6.789000000000001
37416,3741.6,6.7898
37417,3741.7,6.790599999999999
37418,3741.8,6.791399999999998
37419,3741.9,6.792199999999997
37420,3742.0,6.792999999999996
37421,3742.1,6.793699999999996
37422,3742.2,6.7943999999999996
37423,3742.3,6.795099999999999
37424,3742.4,6.795799999999998
37425,3742.5,6.796499999999998
37426,3742.6,6.7971999999999975
37427,3742.7,6.797899999999997
37428,3742.8,6.7986
37429,3742.9,6.799300000000001
37430,3743.0,6.8
37431,3743.1,6.800599999999999
37432,3743.2,6.801199999999999
37433,3743.3,6.801799999999997
37434,3743.4,6.8024000000000004
37435,3743.5,6.803
37436,3743.6,6.803599999999999
37437,3743.7,6.804199999999999
37438,3743.8,6.8047999999999975
37439,3743.9,6.805399999999997
37440,3744.0,6.806
37441,3744.1,6.8064
37442,3744.2,6.806799999999999
37443,3744.3,6.807199999999999
37444,3744.4,6.807599999999999
37445,3744.5,6.807999999999999
37446,3744.6,6.808399999999998
37447,3744.7,6.808800000000001
37448,3744.8,6.809200000000001
37449,3744.9,6.8096
37450,3745.0,6.81
37451,3745.1,6.810299999999999
37452,3745.2,6.810599999999999
37453,3745.3,6.8109
37454,3745.4,6.8112
37455,3745.5,6.8115
37456,3745.6,6.811799999999999
37457,3745.7,6.812099999999999
37458,3745.8,6.8123999999999985
37459,3745.9,6.8127
37460,3746.0,6.813
37461,3746.1,6.813199999999999
37462,3746.2,6.8134
37463,3746.3,6.813599999999999
37464,3746.4,6.813799999999999
37465,3746.5,6.814
37466,3746.6,6.8142
37467,3746.7,6.8144
37468,3746.8,6.8145999999999995
37469,3746.9,6.814799999999999
37470,3747.0,6.8149999999999995
37471,3747.1,6.815
37472,3747.2,6.815
37473,3747.3,6.815
37474,3747.4,6.815
37475,3747.5,6.815
37476,3747.6,6.815
37477,3747.7,6.815
37478,3747.8,6.815
37479,3747.9,6.815
37480,3748.0,6.815
37481,3748.1,6.814900000000001
37482,3748.2,6.814800000000001
37483,3748.3,6.8147
37484,3748.4,6.8146
37485,3748.5,6.814500000000001
37486,3748.6,6.8144
37487,3748.7,6.8143
37488,3748.8,6.8142000000000005
37489,3748.9,6.814100000000001
37490,3749.0,6.814
37491,3749.1,6.8137
37492,3749.2,6.813400000000001
37493,3749.3,6.8131
37494,3749.4,6.812800000000001
37495,3749.5,6.812500000000001
37496,3749.6,6.812200000000001
37497,3749.7,6.8119
37498,3749.8,6.811599999999999
37499,3749.9,6.8113
37500,3750.0,6.811
37501,3750.1,6.810600000000001
37502,3750.2,6.810200000000001
37503,3750.3,6.809799999999999
37504,3750.4,6.809399999999999
37505,3750.5,6.809
37506,3750.6,6.808600000000001
37507,3750.7,6.808200000000001
37508,3750.8,6.807800000000002
37509,3750.9,6.8073999999999995
37510,3751.0,6.807
37511,3751.1,6.806500000000001
37512,3751.2,6.806000000000001
37513,3751.3,6.805500000000002
37514,3751.4,6.805000000000002
37515,3751.5,6.8045
37516,3751.6,6.804
37517,3751.7,6.8035000000000005
37518,3751.8,6.803000000000002
37519,3751.9,6.802500000000002
37520,3752.0,6.802000000000002
37521,3752.1,6.801300000000004
37522,3752.2,6.8006
37523,3752.3,6.799900000000001
37524,3752.4,6.799200000000002
37525,3752.5,6.7985000000000015
37526,3752.6,6.797800000000002
37527,3752.7,6.797100000000003
37528,3752.8,6.796399999999999
37529,3752.9,6.795699999999999
37530,3753.0,6.795
37531,3753.1,6.794300000000001
37532,3753.2,6.793600000000001
37533,3753.3,6.792900000000002
37534,3753.4,6.792199999999999
37535,3753.5,6.7915
37536,3753.6,6.790800000000001
37537,3753.7,6.790100000000002
37538,3753.8,6.789400000000002
37539,3753.9,6.788700000000003
37540,3754.0,6.788
37541,3754.1,6.7872
37542,3754.2,6.786400000000001
37543,3754.3,6.785600000000001
37544,3754.4,6.784800000000002
37545,3754.5,6.7840000000000025
37546,3754.6,6.783200000000003
37547,3754.7,6.782399999999999
37548,3754.8,6.781599999999999
37549,3754.9,6.7808
37550,3755.0,6.78
37551,3755.1,6.779200000000001
37552,3755.2,6.778400000000002
37553,3755.3,6.777599999999999
37554,3755.4,6.7768
37555,3755.5,6.776
37556,3755.6,6.775200000000001
37557,3755.7,6.774400000000002
37558,3755.8,6.773600000000003
37559,3755.9,6.772799999999999
37560,3756.0,6.772
37561,3756.1,6.7711000000000015
37562,3756.2,6.770200000000003
37563,3756.3,6.769300000000003
37564,3756.4,6.768400000000004
37565,3756.5,6.7675
37566,3756.6,6.766600000000001
37567,3756.7,6.7657000000000025
37568,3756.8,6.764800000000003
37569,3756.9,6.763900000000004
37570,3757.0,6.763000000000005
37571,3757.1,6.762200000000005
37572,3757.2,6.761400000000001
37573,3757.3,6.760600000000001
37574,3757.4,6.759800000000002
37575,3757.5,6.759000000000002
37576,3757.6,6.758200000000002
37577,3757.7,6.757400000000003
37578,3757.8,6.756599999999999
37579,3757.9,6.7558
37580,3758.0,6.755
37581,3758.1,6.754200000000001
37582,3758.2,6.753400000000002
37583,3758.3,6.752600000000003
37584,3758.4,6.751799999999999
37585,3758.5,6.7509999999999994
37586,3758.6,6.7502
37587,3758.7,6.749400000000001
37588,3758.8,6.748600000000002
37589,3758.9,6.747800000000003
37590,3759.0,6.747
37591,3759.1,6.7462
37592,3759.2,6.745400000000001
37593,3759.3,6.744600000000001
37594,3759.4,6.743800000000002
37595,3759.5,6.743000000000002
37596,3759.6,6.742200000000002
37597,3759.7,6.741399999999999
37598,3759.8,6.740599999999999
37599,3759.9,6.7398
37600,3760.0,6.739
37601,3760.1,6.738200000000001
37602,3760.2,6.737400000000002
37603,3760.3,6.736599999999998
37604,3760.4,6.735799999999999
37605,3760.5,6.735
37606,3760.6,6.7342
37607,3760.7,6.733400000000001
37608,3760.8,6.732600000000002
37609,3760.9,6.731799999999999
37610,3761.0,6.731
37611,3761.1,6.730300000000001
37612,3761.2,6.729600000000001
37613,3761.3,6.728900000000002
37614,3761.4,6.728200000000003
37615,3761.5,6.7275
37616,3761.6,6.726800000000001
37617,3761.7,6.7261000000000015
37618,3761.8,6.725400000000002
37619,3761.9,6.724700000000003
37620,3762.0,6.724000000000004
37621,3762.1,6.723400000000004
37622,3762.2,6.722800000000001
37623,3762.3,6.722200000000001
37624,3762.4,6.721600000000001
37625,3762.5,6.721000000000002
37626,3762.6,6.720400000000002
37627,3762.7,6.719800000000002
37628,3762.8,6.719199999999999
37629,3762.9,6.7185999999999995
37630,3763.0,6.718
37631,3763.1,6.717600000000001
37632,3763.2,6.717200000000001
37633,3763.3,6.716800000000002
37634,3763.4,6.716399999999999
37635,3763.5,6.716
37636,3763.6,6.715600000000001
37637,3763.7,6.715200000000001
37638,3763.8,6.714800000000002
37639,3763.9,6.714400000000002
37640,3764.0,6.714
37641,3764.1,6.7136000000000005
37642,3764.2,6.7132000000000005
37643,3764.3,6.7128000000000005
37644,3764.4,6.7124000000000015
37645,3764.5,6.7120000000000015
37646,3764.6,6.711600000000002
37647,3764.7,6.7112
37648,3764.8,6.7108
37649,3764.9,6.7104
37650,3765.0,6.71
37651,3765.1,6.709700000000001
37652,3765.2,6.7094000000000005
37653,3765.3,6.709099999999999
37654,3765.4,6.708799999999999
37655,3765.5,6.7085
37656,3765.6,6.708200000000001
37657,3765.7,6.7079
37658,3765.8,6.707600000000001
37659,3765.9,6.707299999999999
37660,3766.0,6.707
37661,3766.1,6.7069
37662,3766.2,6.7068
37663,3766.3,6.7067000000000005
37664,3766.4,6.706600000000001
37665,3766.5,6.7065
37666,3766.6,6.7064
37667,3766.7,6.706300000000001
37668,3766.8,6.706200000000001
37669,3766.9,6.706100000000001
37670,3767.0,6.706000000000001
37671,3767.1,6.706
37672,3767.2,6.706
37673,3767.3,6.706
37674,3767.4,6.706
37675,3767.5,6.706
37676,3767.6,6.706
37677,3767.7,6.706
37678,3767.8,6.706
37679,3767.9,6.706
37680,3768.0,6.706
37681,3768.1,6.7061
37682,3768.2,6.7062
37683,3768.3,6.7063
37684,3768.4,6.7064
37685,3768.5,6.7065
37686,3768.6,6.7066
37687,3768.7,6.7067
37688,3768.8,6.706799999999999
37689,3768.9,6.706899999999999
37690,3769.0,6.707
37691,3769.1,6.707199999999999
37692,3769.2,6.7074
37693,3769.3,6.707599999999999
37694,3769.4,6.707799999999999
37695,3769.5,6.707999999999999
37696,3769.6,6.708199999999999
37697,3769.7,6.7084
37698,3769.8,6.7086
37699,3769.9,6.7088
37700,3770.0,6.709
37701,3770.1,6.709299999999999
37702,3770.2,6.709599999999999
37703,3770.3,6.7099
37704,3770.4,6.7102
37705,3770.5,6.7105
37706,3770.6,6.710799999999999
37707,3770.7,6.711099999999999
37708,3770.8,6.7113999999999985
37709,3770.9,6.7117
37710,3771.0,6.712
37711,3771.1,6.7124
37712,3771.2,6.712799999999999
37713,3771.3,6.713199999999999
37714,3771.4,6.713599999999998
37715,3771.5,6.714
37716,3771.6,6.7143999999999995
37717,3771.7,6.714799999999999
37718,3771.8,6.7151999999999985
37719,3771.9,6.7155999999999985
37720,3772.0,6.7159999999999975
37721,3772.1,6.716599999999996
37722,3772.2,6.717199999999999
37723,3772.3,6.7177999999999995
37724,3772.4,6.718399999999999
37725,3772.5,6.7189999999999985
37726,3772.6,6.719599999999998
37727,3772.7,6.720199999999998
37728,3772.8,6.720800000000001
37729,3772.9,6.721400000000001
37730,3773.0,6.722
37731,3773.1,6.7225
37732,3773.2,6.722999999999999
37733,3773.3,6.723499999999999
37734,3773.4,6.724000000000001
37735,3773.5,6.724500000000001
37736,3773.6,6.725
37737,3773.7,6.725499999999999
37738,3773.8,6.725999999999998
37739,3773.9,6.726499999999998
37740,3774.0,6.727
37741,3774.1,6.7277
37742,3774.2,6.7284
37743,3774.3,6.729099999999999
37744,3774.4,6.729799999999998
37745,3774.5,6.730499999999998
37746,3774.6,6.731199999999998
37747,3774.7,6.731900000000001
37748,3774.8,6.732600000000001
37749,3774.9,6.733300000000001
37750,3775.0,6.734
37751,3775.1,6.734699999999999
37752,3775.2,6.7353999999999985
37753,3775.3,6.736100000000001
37754,3775.4,6.736800000000001
37755,3775.5,6.7375
37756,3775.6,6.738199999999999
37757,3775.7,6.738899999999998
37758,3775.8,6.739599999999998
37759,3775.9,6.7403
37760,3776.0,6.741
37761,3776.1,6.741699999999999
37762,3776.2,6.742399999999998
37763,3776.3,6.743099999999997
37764,3776.4,6.743799999999997
37765,3776.5,6.7445
37766,3776.6,6.7452
37767,3776.7,6.745899999999999
37768,3776.8,6.746599999999998
37769,3776.9,6.747299999999997
37770,3777.0,6.747999999999997
37771,3777.1,6.748699999999996
37772,3777.2,6.7494
37773,3777.3,6.750099999999999
37774,3777.4,6.750799999999998
37775,3777.5,6.751499999999998
37776,3777.6,6.7521999999999975
37777,3777.7,6.752899999999997
37778,3777.8,6.7536000000000005
37779,3777.9,6.754300000000001
37780,3778.0,6.755
37781,3778.1,6.755799999999999
37782,3778.2,6.756599999999998
37783,3778.3,6.757399999999997
37784,3778.4,6.7582
37785,3778.5,6.759
37786,3778.6,6.759799999999999
37787,3778.7,6.760599999999998
37788,3778.8,6.761399999999997
37789,3778.9,6.762199999999996
37790,3779.0,6.763
37791,3779.1,6.763599999999999
37792,3779.2,6.764199999999999
37793,3779.3,6.764799999999999
37794,3779.4,6.765399999999999
37795,3779.5,6.765999999999998
37796,3779.6,6.766599999999998
37797,3779.7,6.767200000000001
37798,3779.8,6.767800000000001
37799,3779.9,6.768400000000001
37800,3780.0,6.769
37801,3780.1,6.769699999999999
37802,3780.2,6.770399999999999
37803,3780.3,6.7711000000000015
37804,3780.4,6.771800000000001
37805,3780.5,6.7725
37806,3780.6,6.773199999999999
37807,3780.7,6.7738999999999985
37808,3780.8,6.774599999999998
37809,3780.9,6.7753000000000005
37810,3781.0,6.776
37811,3781.1,6.776599999999999
37812,3781.2,6.777199999999999
37813,3781.3,6.777799999999997
37814,3781.4,6.778399999999997
37815,3781.5,6.779
37816,3781.6,6.779599999999999
37817,3781.7,6.780199999999999
37818,3781.8,6.7807999999999975
37819,3781.9,6.781399999999997
37820,3782.0,6.7819999999999965
37821,3782.1,6.782499999999997
37822,3782.2,6.7829999999999995
37823,3782.3,6.783499999999999
37824,3782.4,6.783999999999999
37825,3782.5,6.784499999999999
37826,3782.6,6.784999999999998
37827,3782.7,6.785499999999998
37828,3782.8,6.7860000000000005
37829,3782.9,6.7865
37830,3783.0,6.787
37831,3783.1,6.7875
37832,3783.2,6.7879999999999985
37833,3783.3,6.788499999999998
37834,3783.4,6.789000000000001
37835,3783.5,6.7895
37836,3783.6,6.789999999999999
37837,3783.7,6.790499999999999
37838,3783.8,6.790999999999998
37839,3783.9,6.791499999999997
37840,3784.0,6.792
37841,3784.1,6.7923
37842,3784.2,6.792599999999999
37843,3784.3,6.7928999999999995
37844,3784.4,6.793199999999999
37845,3784.5,6.793499999999999
37846,3784.6,6.793799999999999
37847,3784.7,6.7941
37848,3784.8,6.7944
37849,3784.9,6.7947
37850,3785.0,6.795
37851,3785.1,6.7951999999999995
37852,3785.2,6.795399999999999
37853,3785.3,6.7956
37854,3785.4,6.7958
37855,3785.5,6.795999999999999
37856,3785.6,6.7962
37857,3785.7,6.796399999999999
37858,3785.8,6.796599999999999
37859,3785.9,6.7968
37860,3786.0,6.797
37861,3786.1,6.797199999999999
37862,3786.2,6.7974
37863,3786.3,6.797599999999999
37864,3786.4,6.797799999999999
37865,3786.5,6.798
37866,3786.6,6.7982
37867,3786.7,6.7984
37868,3786.8,6.7985999999999995
37869,3786.9,6.798799999999999
37870,3787.0,6.7989999999999995
37871,3787.1,6.799
37872,3787.2,6.799
37873,3787.3,6.799
37874,3787.4,6.799
37875,3787.5,6.799
37876,3787.6,6.799
37877,3787.7,6.799
37878,3787.8,6.799
37879,3787.9,6.799
37880,3788.0,6.799
37881,3788.1,6.798900000000001
37882,3788.2,6.798800000000001
37883,3788.3,6.7987
37884,3788.4,6.7986
37885,3788.5,6.7985
37886,3788.6,6.7984
37887,3788.7,6.7983
37888,3788.8,6.7982000000000005
37889,3788.9,6.798100000000001
37890,3789.0,6.798
37891,3789.1,6.7977
37892,3789.2,6.7974000000000006
37893,3789.3,6.7971
37894,3789.4,6.796800000000001
37895,3789.5,6.796500000000001
37896,3789.6,6.796200000000001
37897,3789.7,6.7959
37898,3789.8,6.795599999999999
37899,3789.9,6.7953
37900,3790.0,6.795
37901,3790.1,6.794700000000001
37902,3790.2,6.7944
37903,3790.3,6.794099999999999
37904,3790.4,6.793799999999999
37905,3790.5,6.7935
37906,3790.6,6.793200000000001
37907,3790.7,6.7929
37908,3790.8,6.792600000000001
37909,3790.9,6.792299999999999
37910,3791.0,6.792
37911,3791.1,6.791600000000001
37912,3791.2,6.791200000000001
37913,3791.3,6.790800000000002
37914,3791.4,6.790400000000002
37915,3791.5,6.79
37916,3791.6,6.789600000000001
37917,3791.7,6.789200000000001
37918,3791.8,6.788800000000002
37919,3791.9,6.788400000000002
37920,3792.0,6.788000000000003
37921,3792.1,6.787400000000004
37922,3792.2,6.786800000000001
37923,3792.3,6.786200000000001
37924,3792.4,6.785600000000001
37925,3792.5,6.785000000000002
37926,3792.6,6.784400000000002
37927,3792.7,6.783800000000002
37928,3792.8,6.783199999999999
37929,3792.9,6.7825999999999995
37930,3793.0,6.782
37931,3793.1,6.7814000000000005
37932,3793.2,6.780800000000001
37933,3793.3,6.7802000000000024
37934,3793.4,6.779599999999999
37935,3793.5,6.779
37936,3793.6,6.7784
37937,3793.7,6.777800000000001
37938,3793.8,6.777200000000002
37939,3793.9,6.776600000000003
37940,3794.0,6.776
37941,3794.1,6.7753000000000005
37942,3794.2,6.7746
37943,3794.3,6.773900000000001
37944,3794.4,6.773200000000002
37945,3794.5,6.772500000000002
37946,3794.6,6.7718000000000025
37947,3794.7,6.771099999999999
37948,3794.8,6.7703999999999995
37949,3794.9,6.769699999999999
37950,3795.0,6.769
37951,3795.1,6.768300000000001
37952,3795.2,6.767600000000002
37953,3795.3,6.766899999999999
37954,3795.4,6.7661999999999995
37955,3795.5,6.765499999999999
37956,3795.6,6.7648
37957,3795.7,6.764100000000001
37958,3795.8,6.763400000000002
37959,3795.9,6.762699999999999
37960,3796.0,6.762
37961,3796.1,6.7613
37962,3796.2,6.760600000000001
37963,3796.3,6.759900000000002
37964,3796.4,6.7592000000000025
37965,3796.5,6.7585
37966,3796.6,6.7578000000000005
37967,3796.7,6.757100000000001
37968,3796.8,6.756400000000002
37969,3796.9,6.755700000000003
37970,3797.0,6.7550000000000034
37971,3797.1,6.754200000000005
37972,3797.2,6.753400000000001
37973,3797.3,6.752600000000001
37974,3797.4,6.751800000000002
37975,3797.5,6.751000000000002
37976,3797.6,6.750200000000002
37977,3797.7,6.749400000000003
37978,3797.8,6.748599999999999
37979,3797.9,6.7478
37980,3798.0,6.747
37981,3798.1,6.746300000000001
37982,3798.2,6.745600000000001
37983,3798.3,6.744900000000002
37984,3798.4,6.744199999999999
37985,3798.5,6.7435
37986,3798.6,6.742800000000001
37987,3798.7,6.7421000000000015
37988,3798.8,6.741400000000002
37989,3798.9,6.740700000000003
37990,3799.0,6.74
37991,3799.1,6.7392
37992,3799.2,6.738400000000001
37993,3799.3,6.737600000000001
37994,3799.4,6.736800000000002
37995,3799.5,6.736000000000002
37996,3799.6,6.7352000000000025
37997,3799.7,6.734399999999999
37998,3799.8,6.733599999999999
37999,3799.9,6.7328
38000,3800.0,6.732
38001,3800.1,6.731400000000001
38002,3800.2,6.730800000000001
38003,3800.3,6.730199999999999
38004,3800.4,6.7296
38005,3800.5,6.729
38006,3800.6,6.728400000000001
38007,3800.7,6.727800000000001
38008,3800.8,6.7272000000000025
38009,3800.9,6.7265999999999995
38010,3801.0,6.726
38011,3801.1,6.725300000000001
38012,3801.2,6.7246000000000015
38013,3801.3,6.723900000000002
38014,3801.4,6.723200000000003
38015,3801.5,6.7225
38016,3801.6,6.721800000000001
38017,3801.7,6.721100000000002
38018,3801.8,6.720400000000002
38019,3801.9,6.719700000000003
38020,3802.0,6.719000000000004
38021,3802.1,6.718500000000003
38022,3802.2,6.718000000000001
38023,3802.3,6.717500000000001
38024,3802.4,6.717000000000001
38025,3802.5,6.716500000000002
38026,3802.6,6.716000000000002
38027,3802.7,6.715500000000002
38028,3802.8,6.715
38029,3802.9,6.7145
38030,3803.0,6.714
38031,3803.1,6.7136000000000005
38032,3803.2,6.713200000000001
38033,3803.3,6.712800000000001
38034,3803.4,6.7124
38035,3803.5,6.712
38036,3803.6,6.711600000000001
38037,3803.7,6.711200000000001
38038,3803.8,6.710800000000002
38039,3803.9,6.710400000000002
38040,3804.0,6.71
38041,3804.1,6.7097
38042,3804.2,6.7094000000000005
38043,3804.3,6.7091
38044,3804.4,6.708800000000001
38045,3804.5,6.708500000000001
38046,3804.6,6.708200000000001
38047,3804.7,6.7078999999999995
38048,3804.8,6.707599999999999
38049,3804.9,6.7073
38050,3805.0,6.707
38051,3805.1,6.7068
38052,3805.2,6.706600000000001
38053,3805.3,6.7063999999999995
38054,3805.4,6.7062
38055,3805.5,6.7059999999999995
38056,3805.6,6.7058
38057,3805.7,6.7056000000000004
38058,3805.8,6.705400000000001
38059,3805.9,6.7052
38060,3806.0,6.705
38061,3806.1,6.7049
38062,3806.2,6.7048000000000005
38063,3806.3,6.7047
38064,3806.4,6.7046
38065,3806.5,6.7044999999999995
38066,3806.6,6.7044
38067,3806.7,6.7043
38068,3806.8,6.7042
38069,3806.9,6.7041
38070,3807.0,6.704000000000001
38071,3807.1,6.7040999999999995
38072,3807.2,6.704199999999999
38073,3807.3,6.7043
38074,3807.4,6.7044
38075,3807.5,6.7044999999999995
38076,3807.6,6.704599999999999
38077,3807.7,6.7047
38078,3807.8,6.7048000000000005
38079,3807.9,6.7049
38080,3808.0,6.705
38081,3808.1,6.7052
38082,3808.2,6.705399999999999
38083,3808.3,6.7056
38084,3808.4,6.7058
38085,3808.5,6.7059999999999995
38086,3808.6,6.7062
38087,3808.7,6.7063999999999995
38088,3808.8,6.706599999999999
38089,3808.9,6.7067999999999985
38090,3809.0,6.707
38091,3809.1,6.7074
38092,3809.2,6.7078
38093,3809.3,6.7082
38094,3809.4,6.708599999999999
38095,3809.5,6.708999999999999
38096,3809.6,6.709399999999999
38097,3809.7,6.7098
38098,3809.8,6.7102
38099,3809.9,6.7106
38100,3810.0,6.711
38101,3810.1,6.711399999999999
38102,3810.2,6.711799999999999
38103,3810.3,6.712200000000001
38104,3810.4,6.712600000000001
38105,3810.5,6.713
38106,3810.6,6.713399999999999
38107,3810.7,6.713799999999999
38108,3810.8,6.714199999999998
38109,3810.9,6.714600000000001
38110,3811.0,6.715
38111,3811.1,6.715599999999999
38112,3811.2,6.716199999999999
38113,3811.3,6.716799999999997
38114,3811.4,6.717399999999997
38115,3811.5,6.718
38116,3811.6,6.7185999999999995
38117,3811.7,6.719199999999999
38118,3811.8,6.7197999999999976
38119,3811.9,6.720399999999997
38120,3812.0,6.7209999999999965
38121,3812.1,6.721799999999995
38122,3812.2,6.722599999999999
38123,3812.3,6.723399999999999
38124,3812.4,6.724199999999998
38125,3812.5,6.724999999999998
38126,3812.6,6.725799999999998
38127,3812.7,6.726599999999997
38128,3812.8,6.727400000000001
38129,3812.9,6.7282
38130,3813.0,6.729
38131,3813.1,6.729799999999999
38132,3813.2,6.730599999999998
38133,3813.3,6.731399999999997
38134,3813.4,6.732200000000001
38135,3813.5,6.7330000000000005
38136,3813.6,6.7338
38137,3813.7,6.734599999999999
38138,3813.8,6.735399999999998
38139,3813.9,6.736199999999997
38140,3814.0,6.737
38141,3814.1,6.7379
38142,3814.2,6.7387999999999995
38143,3814.3,6.739699999999998
38144,3814.4,6.740599999999998
38145,3814.5,6.741499999999998
38146,3814.6,6.742399999999997
38147,3814.7,6.743300000000002
38148,3814.8,6.744200000000001
38149,3814.9,6.745100000000001
38150,3815.0,6.746
38151,3815.1,6.746899999999999
38152,3815.2,6.747799999999998
38153,3815.3,6.748700000000002
38154,3815.4,6.749600000000001
38155,3815.5,6.750500000000001
38156,3815.6,6.751399999999999
38157,3815.7,6.752299999999998
38158,3815.8,6.753199999999997
38159,3815.9,6.754100000000001
38160,3816.0,6.755
38161,3816.1,6.7559999999999985
38162,3816.2,6.756999999999998
38163,3816.3,6.7579999999999965
38164,3816.4,6.758999999999995
38165,3816.5,6.76
38166,3816.6,6.760999999999998
38167,3816.7,6.761999999999998
38168,3816.8,6.762999999999996
38169,3816.9,6.763999999999995
38170,3817.0,6.764999999999994
38171,3817.1,6.765999999999994
38172,3817.2,6.766999999999999
38173,3817.3,6.767999999999998
38174,3817.4,6.7689999999999975
38175,3817.5,6.769999999999997
38176,3817.6,6.770999999999996
38177,3817.7,6.771999999999996
38178,3817.8,6.7730000000000015
38179,3817.9,6.774000000000001
38180,3818.0,6.775
38181,3818.1,6.775999999999999
38182,3818.2,6.776999999999998
38183,3818.3,6.777999999999997
38184,3818.4,6.779000000000002
38185,3818.5,6.78
38186,3818.6,6.780999999999999
38187,3818.7,6.781999999999998
38188,3818.8,6.782999999999997
38189,3818.9,6.783999999999995
38190,3819.0,6.785
38191,3819.1,6.786
38192,3819.2,6.786999999999999
38193,3819.3,6.7879999999999985
38194,3819.4,6.788999999999998
38195,3819.5,6.789999999999997
38196,3819.6,6.790999999999997
38197,3819.7,6.792000000000002
38198,3819.8,6.793000000000001
38199,3819.9,6.7940000000000005
38200,3820.0,6.795
38201,3820.1,6.795899999999999
38202,3820.2,6.7967999999999975
38203,3820.3,6.7977000000000025
38204,3820.4,6.798600000000001
38205,3820.5,6.7995
38206,3820.6,6.800399999999999
38207,3820.7,6.801299999999998
38208,3820.8,6.802199999999997
38209,3820.9,6.8031000000000015
38210,3821.0,6.804
38211,3821.1,6.804799999999999
38212,3821.2,6.805599999999998
38213,3821.3,6.806399999999997
38214,3821.4,6.807199999999996
38215,3821.5,6.808
38216,3821.6,6.8088
38217,3821.7,6.809599999999999
38218,3821.8,6.810399999999998
38219,3821.9,6.811199999999997
38220,3822.0,6.811999999999996
38221,3822.1,6.812699999999996
38222,3822.2,6.8134
38223,3822.3,6.814099999999999
38224,3822.4,6.814799999999998
38225,3822.5,6.815499999999998
38226,3822.6,6.816199999999998
38227,3822.7,6.816899999999997
38228,3822.8,6.8176000000000005
38229,3822.9,6.818300000000001
38230,3823.0,6.819
38231,3823.1,6.819599999999999
38232,3823.2,6.820199999999999
38233,3823.3,6.820799999999998
38234,3823.4,6.821400000000001
38235,3823.5,6.822
38236,3823.6,6.8225999999999996
38237,3823.7,6.823199999999999
38238,3823.8,6.8237999999999985
38239,3823.9,6.824399999999997
38240,3824.0,6.825
38241,3824.1,6.8254
38242,3824.2,6.825799999999999
38243,3824.3,6.826199999999999
38244,3824.4,6.826599999999999
38245,3824.5,6.826999999999999
38246,3824.6,6.827400000000001
38247,3824.7,6.827800000000001
38248,3824.8,6.828200000000001
38249,3824.9,6.8286
38250,3825.0,6.829
38251,3825.1,6.829299999999999
38252,3825.2,6.829599999999999
38253,3825.3,6.8299
38254,3825.4,6.8302000000000005
38255,3825.5,6.8305
38256,3825.6,6.830799999999999
38257,3825.7,6.831099999999999
38258,3825.8,6.831399999999999
38259,3825.9,6.8317000000000005
38260,3826.0,6.832
38261,3826.1,6.8321
38262,3826.2,6.832199999999999
38263,3826.3,6.8323
38264,3826.4,6.8324
38265,3826.5,6.8325
38266,3826.6,6.8326
38267,3826.7,6.8327
38268,3826.8,6.8328
38269,3826.9,6.8328999999999995
38270,3827.0,6.832999999999999
38271,3827.1,6.8329
38272,3827.2,6.832800000000001
38273,3827.3,6.8327
38274,3827.4,6.8326
38275,3827.5,6.8325000000000005
38276,3827.6,6.832400000000001
38277,3827.7,6.8323
38278,3827.8,6.832199999999999
38279,3827.9,6.8321
38280,3828.0,6.832
38281,3828.1,6.8318
38282,3828.2,6.831600000000001
38283,3828.3,6.8314
38284,3828.4,6.8312
38285,3828.5,6.8309999999999995
38286,3828.6,6.8308
38287,3828.7,6.8306000000000004
38288,3828.8,6.830400000000001
38289,3828.9,6.830200000000001
38290,3829.0,6.83
38291,3829.1,6.8296
38292,3829.2,6.8292
38293,3829.3,6.8288
38294,3829.4,6.828400000000001
38295,3829.5,6.828000000000001
38296,3829.6,6.827599999999999
38297,3829.7,6.8271999999999995
38298,3829.8,6.8267999999999995
38299,3829.9,6.8264
38300,3830.0,6.826
38301,3830.1,6.8254
38302,3830.2,6.8248000000000015
38303,3830.3,6.8241999999999985
38304,3830.4,6.823599999999999
38305,3830.5,6.823
38306,3830.6,6.822400000000001
38307,3830.7,6.821800000000001
38308,3830.8,6.821200000000002
38309,3830.9,6.8206
38310,3831.0,6.82
38311,3831.1,6.819300000000001
38312,3831.2,6.818600000000002
38313,3831.3,6.8179000000000025
38314,3831.4,6.817200000000003
38315,3831.5,6.8165
38316,3831.6,6.8158
38317,3831.7,6.815100000000001
38318,3831.8,6.814400000000002
38319,3831.9,6.8137000000000025
38320,3832.0,6.813000000000003
38321,3832.1,6.8121
38322,3832.2,6.811200000000001
38323,3832.3,6.810300000000002
38324,3832.4,6.809400000000002
38325,3832.5,6.808500000000002
38326,3832.6,6.807600000000003
38327,3832.7,6.806700000000004
38328,3832.8,6.805799999999999
38329,3832.9,6.8049
38330,3833.0,6.804
38331,3833.1,6.8031000000000015
38332,3833.2,6.802200000000003
38333,3833.3,6.801300000000003
38334,3833.4,6.800399999999999
38335,3833.5,6.7995
38336,3833.6,6.798600000000001
38337,3833.7,6.7977000000000025
38338,3833.8,6.796800000000003
38339,3833.9,6.795900000000004
38340,3834.0,6.795
38341,3834.1,6.793900000000001
38342,3834.2,6.7928000000000015
38343,3834.3,6.791700000000001
38344,3834.4,6.790600000000002
38345,3834.5,6.789500000000003
38346,3834.6,6.7883999999999975
38347,3834.7,6.787299999999998
38348,3834.8,6.786199999999998
38349,3834.9,6.785099999999999
38350,3835.0,6.784
38351,3835.1,6.7829000000000015
38352,3835.2,6.781800000000002
38353,3835.3,6.780699999999997
38354,3835.4,6.7795999999999985
38355,3835.5,6.778499999999999
38356,3835.6,6.777400000000001
38357,3835.7,6.776300000000003
38358,3835.8,6.775200000000003
38359,3835.9,6.774099999999998
38360,3836.0,6.773
38361,3836.1,6.771900000000001
38362,3836.2,6.770800000000002
38363,3836.3,6.769700000000004
38364,3836.4,6.768600000000005
38365,3836.5,6.7675
38366,3836.6,6.766400000000001
38367,3836.7,6.7653000000000025
38368,3836.8,6.764200000000003
38369,3836.9,6.763100000000005
38370,3837.0,6.762000000000006
38371,3837.1,6.7609
38372,3837.2,6.759800000000001
38373,3837.3,6.758700000000002
38374,3837.4,6.757600000000003
38375,3837.5,6.7565000000000035
38376,3837.6,6.755400000000003
38377,3837.7,6.754300000000004
38378,3837.8,6.753199999999999
38379,3837.9,6.7520999999999995
38380,3838.0,6.751
38381,3838.1,6.749900000000002
38382,3838.2,6.748800000000003
38383,3838.3,6.7477000000000045
38384,3838.4,6.746599999999999
38385,3838.5,6.7455
38386,3838.6,6.7444000000000015
38387,3838.7,6.743300000000003
38388,3838.8,6.742200000000004
38389,3838.9,6.741100000000006
38390,3839.0,6.74
38391,3839.1,6.739000000000001
38392,3839.2,6.738000000000001
38393,3839.3,6.737000000000002
38394,3839.4,6.736000000000002
38395,3839.5,6.735000000000003
38396,3839.6,6.733999999999998
38397,3839.7,6.732999999999999
38398,3839.8,6.731999999999999
38399,3839.9,6.731
38400,3840.0,6.73
38401,3840.1,6.729000000000002
38402,3840.2,6.728000000000002
38403,3840.3,6.726999999999998
38404,3840.4,6.725999999999999
38405,3840.5,6.7250000000000005
38406,3840.6,6.724000000000001
38407,3840.7,6.7230000000000025
38408,3840.8,6.722000000000003
38409,3840.9,6.720999999999998
38410,3841.0,6.72
38411,3841.1,6.719100000000001
38412,3841.2,6.718200000000002
38413,3841.3,6.717300000000003
38414,3841.4,6.716400000000004
38415,3841.5,6.7155
38416,3841.6,6.714600000000001
38417,3841.7,6.713700000000002
38418,3841.8,6.712800000000003
38419,3841.9,6.711900000000004
38420,3842.0,6.711000000000006
38421,3842.1,6.710300000000001
38422,3842.2,6.709600000000001
38423,3842.3,6.708900000000002
38424,3842.4,6.7082000000000015
38425,3842.5,6.707500000000002
38426,3842.6,6.706800000000002
38427,3842.7,6.706100000000003
38428,3842.8,6.705399999999999
38429,3842.9,6.704699999999999
38430,3843.0,6.704
38431,3843.1,6.7034
38432,3843.2,6.702800000000002
38433,3843.3,6.702200000000002
38434,3843.4,6.701599999999999
38435,3843.5,6.7010000000000005
38436,3843.6,6.700400000000001
38437,3843.7,6.6998000000000015
38438,3843.8,6.699200000000002
38439,3843.9,6.698600000000003
38440,3844.0,6.698
38441,3844.1,6.697500000000001
38442,3844.2,6.697000000000001
38443,3844.3,6.696500000000001
38444,3844.4,6.6960000000000015
38445,3844.5,6.695500000000002
38446,3844.6,6.6949999999999985
38447,3844.7,6.694499999999999
38448,3844.8,6.693999999999999
38449,3844.9,6.693499999999999
38450,3845.0,6.693
38451,3845.1,6.6927
38452,3845.2,6.6924
38453,3845.3,6.692099999999999
38454,3845.4,6.6918
38455,3845.5,6.6915
38456,3845.6,6.6912
38457,3845.7,6.690900000000001
38458,3845.8,6.690600000000002
38459,3845.9,6.6903
38460,3846.0,6.69
38461,3846.1,6.689900000000001
38462,3846.2,6.689800000000001
38463,3846.3,6.6897
38464,3846.4,6.6896
38465,3846.5,6.689500000000001
38466,3846.6,6.6894
38467,3846.7,6.6893
38468,3846.8,6.6892000000000005
38469,3846.9,6.689100000000001
38470,3847.0,6.689000000000001
38471,3847.1,6.689
38472,3847.2,6.689
38473,3847.3,6.689
38474,3847.4,6.689
38475,3847.5,6.689
38476,3847.6,6.689
38477,3847.7,6.689
38478,3847.8,6.689
38479,3847.9,6.689
38480,3848.0,6.689
38481,3848.1,6.6892
38482,3848.2,6.689399999999999
38483,3848.3,6.6895999999999995
38484,3848.4,6.6898
38485,3848.5,6.6899999999999995
38486,3848.6,6.6902
38487,3848.7,6.6903999999999995
38488,3848.8,6.690599999999999
38489,3848.9,6.6907999999999985
38490,3849.0,6.691
38491,3849.1,6.6913
38492,3849.2,6.691599999999999
38493,3849.3,6.6918999999999995
38494,3849.4,6.692199999999999
38495,3849.5,6.692499999999999
38496,3849.6,6.692800000000001
38497,3849.7,6.6931
38498,3849.8,6.6934000000000005
38499,3849.9,6.6937
38500,3850.0,6.694
38501,3850.1,6.6945
38502,3850.2,6.6949999999999985
38503,3850.3,6.695500000000001
38504,3850.4,6.696000000000001
38505,3850.5,6.6965
38506,3850.6,6.696999999999999
38507,3850.7,6.697499999999999
38508,3850.8,6.697999999999998
38509,3850.9,6.6985
38510,3851.0,6.699
38511,3851.1,6.699599999999999
38512,3851.2,6.700199999999999
38513,3851.3,6.700799999999997
38514,3851.4,6.701399999999997
38515,3851.5,6.702
38516,3851.6,6.7025999999999994
38517,3851.7,6.703199999999999
38518,3851.8,6.7037999999999975
38519,3851.9,6.704399999999997
38520,3852.0,6.7049999999999965
38521,3852.1,6.705699999999999
38522,3852.2,6.7063999999999995
38523,3852.3,6.707099999999999
38524,3852.4,6.707799999999998
38525,3852.5,6.708499999999998
38526,3852.6,6.709199999999997
38527,3852.7,6.709899999999997
38528,3852.8,6.7106
38529,3852.9,6.7113000000000005
38530,3853.0,6.712
38531,3853.1,6.712799999999999
38532,3853.2,6.713599999999998
38533,3853.3,6.714399999999997
38534,3853.4,6.7152
38535,3853.5,6.715999999999999
38536,3853.6,6.716799999999999
38537,3853.7,6.717599999999998
38538,3853.8,6.718399999999997
38539,3853.9,6.719199999999996
38540,3854.0,6.72
38541,3854.1,6.720899999999999
38542,3854.2,6.721799999999999
38543,3854.3,6.722699999999998
38544,3854.4,6.723599999999998
38545,3854.5,6.724499999999997
38546,3854.6,6.725400000000002
38547,3854.7,6.726300000000002
38548,3854.8,6.727200000000001
38549,3854.9,6.7281
38550,3855.0,6.729
38551,3855.1,6.729899999999999
38552,3855.2,6.730799999999998
38553,3855.3,6.731700000000003
38554,3855.4,6.7326000000000015
38555,3855.5,6.7335
38556,3855.6,6.734399999999999
38557,3855.7,6.735299999999999
38558,3855.8,6.7361999999999975
38559,3855.9,6.737100000000002
38560,3856.0,6.738
38561,3856.1,6.738999999999999
38562,3856.2,6.739999999999998
38563,3856.3,6.740999999999997
38564,3856.4,6.7419999999999956
38565,3856.5,6.743
38566,3856.6,6.743999999999999
38567,3856.7,6.744999999999998
38568,3856.8,6.745999999999997
38569,3856.9,6.7469999999999954
38570,3857.0,6.747999999999995
38571,3857.1,6.7489
38572,3857.2,6.749799999999999
38573,3857.3,6.750699999999998
38574,3857.4,6.751599999999998
38575,3857.5,6.752499999999998
38576,3857.6,6.7533999999999965
38577,3857.7,6.754299999999996
38578,3857.8,6.755200000000001
38579,3857.9,6.7561
38580,3858.0,6.757
38581,3858.1,6.757999999999998
38582,3858.2,6.758999999999998
38583,3858.3,6.759999999999996
38584,3858.4,6.761000000000001
38585,3858.5,6.7620000000000005
38586,3858.6,6.762999999999999
38587,3858.7,6.763999999999998
38588,3858.8,6.764999999999997
38589,3858.9,6.765999999999996
38590,3859.0,6.767
38591,3859.1,6.7679
38592,3859.2,6.768799999999999
38593,3859.3,6.7696999999999985
38594,3859.4,6.770599999999998
38595,3859.5,6.771499999999998
38596,3859.6,6.772400000000002
38597,3859.7,6.773300000000002
38598,3859.8,6.774200000000001
38599,3859.9,6.7751
38600,3860.0,6.776
38601,3860.1,6.776899999999999
38602,3860.2,6.777799999999997
38603,3860.3,6.778700000000002
38604,3860.4,6.779600000000001
38605,3860.5,6.7805
38606,3860.6,6.781399999999999
38607,3860.7,6.7822999999999976
38608,3860.8,6.783199999999997
38609,3860.9,6.784100000000001
38610,3861.0,6.785
38611,3861.1,6.785899999999999
38612,3861.2,6.786799999999998
38613,3861.3,6.7876999999999965
38614,3861.4,6.788599999999996
38615,3861.5,6.7895
38616,3861.6,6.790399999999999
38617,3861.7,6.791299999999998
38618,3861.8,6.792199999999997
38619,3861.9,6.7930999999999955
38620,3862.0,6.793999999999994
38621,3862.1,6.794699999999999
38622,3862.2,6.795399999999999
38623,3862.3,6.796099999999998
38624,3862.4,6.796799999999998
38625,3862.5,6.797499999999998
38626,3862.6,6.798199999999998
38627,3862.7,6.798899999999997
38628,3862.8,6.799600000000001
38629,3862.9,6.800300000000001
38630,3863.0,6.801
38631,3863.1,6.8016
38632,3863.2,6.802199999999999
38633,3863.3,6.802799999999998
38634,3863.4,6.803400000000001
38635,3863.5,6.804
38636,3863.6,6.8046
38637,3863.7,6.805199999999999
38638,3863.8,6.805799999999998
38639,3863.9,6.806399999999997
38640,3864.0,6.807
38641,3864.1,6.8075
38642,3864.2,6.808
38643,3864.3,6.8084999999999996
38644,3864.4,6.808999999999999
38645,3864.5,6.809499999999999
38646,3864.6,6.810000000000001
38647,3864.7,6.810500000000001
38648,3864.8,6.811000000000001
38649,3864.9,6.8115000000000006
38650,3865.0,6.812
38651,3865.1,6.812399999999999
38652,3865.2,6.812799999999999
38653,3865.3,6.813200000000001
38654,3865.4,6.813600000000001
38655,3865.5,6.814
38656,3865.6,6.814399999999999
38657,3865.7,6.814799999999999
38658,3865.8,6.815199999999998
38659,3865.9,6.815600000000001
38660,3866.0,6.816
38661,3866.1,6.816299999999999
38662,3866.2,6.816599999999999
38663,3866.3,6.816899999999999
38664,3866.4,6.817199999999999
38665,3866.5,6.8175
38666,3866.6,6.817799999999999
38667,3866.7,6.818099999999999
38668,3866.8,6.818399999999999
38669,3866.9,6.818699999999999
38670,3867.0,6.818999999999998
38671,3867.1,6.8191
38672,3867.2,6.8191999999999995
38673,3867.3,6.8193
38674,3867.4,6.8194
38675,3867.5,6.8195
38676,3867.6,6.819599999999999
38677,3867.7,6.8197
38678,3867.8,6.819800000000001
38679,3867.9,6.8199000000000005
38680,3868.0,6.82
38681,3868.1,6.8201
38682,3868.2,6.8202
38683,3868.3,6.8203
38684,3868.4,6.8204
38685,3868.5,6.8205
38686,3868.6,6.8206
38687,3868.7,6.8206999999999995
38688,3868.8,6.820799999999999
38689,3868.9,6.820899999999999
38690,3869.0,6.821
38691,3869.1,6.8208
38692,3869.2,6.8206
38693,3869.3,6.8204
38694,3869.4,6.820200000000001
38695,3869.5,6.82
38696,3869.6,6.819799999999999
38697,3869.7,6.819599999999999
38698,3869.8,6.8194
38699,3869.9,6.8191999999999995
38700,3870.0,6.819
38701,3870.1,6.8188
38702,3870.2,6.818600000000001
38703,3870.3,6.8184
38704,3870.4,6.8182
38705,3870.5,6.8180000000000005
38706,3870.6,6.8178
38707,3870.7,6.8176000000000005
38708,3870.8,6.817400000000001
38709,3870.9,6.8172
38710,3871.0,6.817
38711,3871.1,6.816700000000001
38712,3871.2,6.816400000000001
38713,3871.3,6.816100000000001
38714,3871.4,6.815800000000001
38715,3871.5,6.8155
38716,3871.6,6.815200000000001
38717,3871.7,6.814900000000001
38718,3871.8,6.814600000000001
38719,3871.9,6.814300000000001
38720,3872.0,6.814000000000002
38721,3872.1,6.8135
38722,3872.2,6.813000000000001
38723,3872.3,6.812500000000001
38724,3872.4,6.812000000000001
38725,3872.5,6.811500000000001
38726,3872.6,6.811000000000002
38727,3872.7,6.810500000000002
38728,3872.8,6.81
38729,3872.9,6.8095
38730,3873.0,6.809
38731,3873.1,6.808400000000001
38732,3873.2,6.807800000000001
38733,3873.3,6.807200000000003
38734,3873.4,6.8065999999999995
38735,3873.5,6.806
38736,3873.6,6.805400000000001
38737,3873.7,6.804800000000001
38738,3873.8,6.804200000000002
38739,3873.9,6.803600000000003
38740,3874.0,6.803
38741,3874.1,6.8024000000000004
38742,3874.2,6.801800000000001
38743,3874.3,6.801200000000001
38744,3874.4,6.800600000000001
38745,3874.5,6.800000000000002
38746,3874.6,6.799399999999999
38747,3874.7,6.798799999999999
38748,3874.8,6.798199999999999
38749,3874.9,6.797599999999999
38750,3875.0,6.797
38751,3875.1,6.7963000000000005
38752,3875.2,6.795600000000001
38753,3875.3,6.794899999999998
38754,3875.4,6.794199999999999
38755,3875.5,6.7935
38756,3875.6,6.792800000000001
38757,3875.7,6.792100000000001
38758,3875.8,6.791400000000002
38759,3875.9,6.790699999999999
38760,3876.0,6.79
38761,3876.1,6.789200000000001
38762,3876.2,6.788400000000002
38763,3876.3,6.787600000000003
38764,3876.4,6.786800000000004
38765,3876.5,6.786
38766,3876.6,6.785200000000001
38767,3876.7,6.7844000000000015
38768,3876.8,6.7836000000000025
38769,3876.9,6.7828000000000035
38770,3877.0,6.7820000000000045
38771,3877.1,6.7812
38772,3877.2,6.780400000000001
38773,3877.3,6.779600000000001
38774,3877.4,6.778800000000002
38775,3877.5,6.778000000000002
38776,3877.6,6.777200000000002
38777,3877.7,6.776400000000003
38778,3877.8,6.775599999999999
38779,3877.9,6.7748
38780,3878.0,6.774
38781,3878.1,6.773100000000001
38782,3878.2,6.772200000000002
38783,3878.3,6.771300000000003
38784,3878.4,6.770399999999999
38785,3878.5,6.7695
38786,3878.6,6.768600000000001
38787,3878.7,6.767700000000002
38788,3878.8,6.766800000000003
38789,3878.9,6.765900000000004
38790,3879.0,6.765
38791,3879.1,6.7642
38792,3879.2,6.763400000000001
38793,3879.3,6.762600000000001
38794,3879.4,6.761800000000002
38795,3879.5,6.761000000000002
38796,3879.6,6.7601999999999975
38797,3879.7,6.7593999999999985
38798,3879.8,6.758599999999999
38799,3879.9,6.7578
38800,3880.0,6.757
38801,3880.1,6.756100000000001
38802,3880.2,6.755200000000002
38803,3880.3,6.754299999999998
38804,3880.4,6.753399999999999
38805,3880.5,6.7525
38806,3880.6,6.751600000000001
38807,3880.7,6.750700000000002
38808,3880.8,6.749800000000003
38809,3880.9,6.748899999999999
38810,3881.0,6.748
38811,3881.1,6.747200000000001
38812,3881.2,6.746400000000002
38813,3881.3,6.745600000000003
38814,3881.4,6.744800000000004
38815,3881.5,6.744
38816,3881.6,6.743200000000001
38817,3881.7,6.742400000000002
38818,3881.8,6.741600000000003
38819,3881.9,6.740800000000004
38820,3882.0,6.740000000000005
38821,3882.1,6.7391000000000005
38822,3882.2,6.738200000000001
38823,3882.3,6.737300000000002
38824,3882.4,6.736400000000002
38825,3882.5,6.735500000000003
38826,3882.6,6.734600000000003
38827,3882.7,6.733700000000003
38828,3882.8,6.732799999999999
38829,3882.9,6.7318999999999996
38830,3883.0,6.731
38831,3883.1,6.730300000000001
38832,3883.2,6.729600000000001
38833,3883.3,6.728900000000002
38834,3883.4,6.728199999999999
38835,3883.5,6.7275
38836,3883.6,6.726800000000001
38837,3883.7,6.7261000000000015
38838,3883.8,6.725400000000002
38839,3883.9,6.724700000000003
38840,3884.0,6.724
38841,3884.1,6.723300000000001
38842,3884.2,6.722600000000001
38843,3884.3,6.7219000000000015
38844,3884.4,6.721200000000001
38845,3884.5,6.720500000000002
38846,3884.6,6.719799999999998
38847,3884.7,6.719099999999998
38848,3884.8,6.718399999999999
38849,3884.9,6.717699999999999
38850,3885.0,6.717
38851,3885.1,6.7163
38852,3885.2,6.715600000000001
38853,3885.3,6.714899999999998
38854,3885.4,6.714199999999999
38855,3885.5,6.7135
38856,3885.6,6.7128000000000005
38857,3885.7,6.712100000000001
38858,3885.8,6.711400000000002
38859,3885.9,6.710699999999999
38860,3886.0,6.71
38861,3886.1,6.7095
38862,3886.2,6.709000000000001
38863,3886.3,6.708500000000002
38864,3886.4,6.708000000000002
38865,3886.5,6.7075
38866,3886.6,6.707000000000001
38867,3886.7,6.706500000000001
38868,3886.8,6.706000000000002
38869,3886.9,6.7055000000000025
38870,3887.0,6.705000000000003
38871,3887.1,6.7045
38872,3887.2,6.704000000000001
38873,3887.3,6.703500000000001
38874,3887.4,6.703000000000001
38875,3887.5,6.7025000000000015
38876,3887.6,6.702000000000002
38877,3887.7,6.701500000000002
38878,3887.8,6.701
38879,3887.9,6.7005
38880,3888.0,6.7
38881,3888.1,6.699700000000001
38882,3888.2,6.699400000000001
38883,3888.3,6.699100000000001
38884,3888.4,6.698799999999999
38885,3888.5,6.6985
38886,3888.6,6.698200000000001
38887,3888.7,6.697900000000001
38888,3888.8,6.697600000000001
38889,3888.9,6.697300000000001
38890,3889.0,6.697
38891,3889.1,6.6968000000000005
38892,3889.2,6.6966
38893,3889.3,6.696400000000001
38894,3889.4,6.696200000000001
38895,3889.5,6.696000000000001
38896,3889.6,6.695799999999999
38897,3889.7,6.6956
38898,3889.8,6.6954
38899,3889.9,6.6952
38900,3890.0,6.695
38901,3890.1,6.694800000000001
38902,3890.2,6.6946
38903,3890.3,6.6944
38904,3890.4,6.6941999999999995
38905,3890.5,6.694
38906,3890.6,6.6938
38907,3890.7,6.6936
38908,3890.8,6.6934000000000005
38909,3890.9,6.693199999999999
38910,3891.0,6.693
38911,3891.1,6.693
38912,3891.2,6.693
38913,3891.3,6.693
38914,3891.4,6.693
38915,3891.5,6.693
38916,3891.6,6.693
38917,3891.7,6.693
38918,3891.8,6.693
38919,3891.9,6.693
38920,3892.0,6.693
38921,3892.1,6.693199999999999
38922,3892.2,6.6934
38923,3892.3,6.693599999999999
38924,3892.4,6.6937999999999995
38925,3892.5,6.693999999999999
38926,3892.6,6.6941999999999995
38927,3892.7,6.694399999999999
38928,3892.8,6.6946
38929,3892.9,6.694800000000001
38930,3893.0,6.695
38931,3893.1,6.6952
38932,3893.2,6.695399999999999
38933,3893.3,6.6956
38934,3893.4,6.6958
38935,3893.5,6.696
38936,3893.6,6.6962
38937,3893.7,6.6964
38938,3893.8,6.696599999999999
38939,3893.9,6.696799999999999
38940,3894.0,6.697
38941,3894.1,6.6974
38942,3894.2,6.697799999999999
38943,3894.3,6.698199999999999
38944,3894.4,6.698599999999999
38945,3894.5,6.698999999999999
38946,3894.6,6.699400000000001
38947,3894.7,6.699800000000001
38948,3894.8,6.700200000000001
38949,3894.9,6.7006
38950,3895.0,6.701
38951,3895.1,6.7014
38952,3895.2,6.701799999999999
38953,3895.3,6.7022
38954,3895.4,6.7026
38955,3895.5,6.702999999999999
38956,3895.6,6.703399999999999
38957,3895.7,6.703799999999999
38958,3895.8,6.704199999999998
38959,3895.9,6.7046
38960,3896.0,6.705
38961,3896.1,6.7056
38962,3896.2,6.706199999999999
38963,3896.3,6.706799999999998
38964,3896.4,6.707399999999997
38965,3896.5,6.708
38966,3896.6,6.7086
38967,3896.7,6.709199999999999
38968,3896.8,6.709799999999998
38969,3896.9,6.710399999999997
38970,3897.0,6.710999999999997
38971,3897.1,6.7116999999999996
38972,3897.2,6.7124
38973,3897.3,6.713099999999999
38974,3897.4,6.713799999999998
38975,3897.5,6.714499999999998
38976,3897.6,6.715199999999998
38977,3897.7,6.715899999999997
38978,3897.8,6.716600000000001
38979,3897.9,6.717300000000001
38980,3898.0,6.718
38981,3898.1,6.718699999999999
38982,3898.2,6.7193999999999985
38983,3898.3,6.720099999999998
38984,3898.4,6.7208000000000006
38985,3898.5,6.7215
38986,3898.6,6.722199999999999
38987,3898.7,6.722899999999998
38988,3898.8,6.723599999999998
38989,3898.9,6.724299999999997
38990,3899.0,6.725
38991,3899.1,6.725899999999999
38992,3899.2,6.726799999999999
38993,3899.3,6.727699999999998
38994,3899.4,6.7285999999999975
38995,3899.5,6.729499999999997
38996,3899.6,6.730400000000002
38997,3899.7,6.731300000000002
38998,3899.8,6.732200000000001
38999,3899.9,6.7331
39000,3900.0,6.734
39001,3900.1,6.734799999999999
39002,3900.2,6.735599999999998
39003,3900.3,6.7364000000000015
39004,3900.4,6.7372000000000005
39005,3900.5,6.7379999999999995
39006,3900.6,6.7387999999999995
39007,3900.7,6.7395999999999985
39008,3900.8,6.7403999999999975
39009,3900.9,6.741200000000001
39010,3901.0,6.742
39011,3901.1,6.742899999999999
39012,3901.2,6.743799999999998
39013,3901.3,6.744699999999997
39014,3901.4,6.745599999999996
39015,3901.5,6.7465
39016,3901.6,6.747399999999999
39017,3901.7,6.748299999999998
39018,3901.8,6.749199999999997
39019,3901.9,6.750099999999996
39020,3902.0,6.750999999999995
39021,3902.1,6.752
39022,3902.2,6.752999999999999
39023,3902.3,6.753999999999999
39024,3902.4,6.754999999999998
39025,3902.5,6.755999999999998
39026,3902.6,6.756999999999997
39027,3902.7,6.7579999999999965
39028,3902.8,6.759000000000001
39029,3902.9,6.760000000000001
39030,3903.0,6.761
39031,3903.1,6.761899999999999
39032,3903.2,6.762799999999998
39033,3903.3,6.7636999999999965
39034,3903.4,6.764600000000001
39035,3903.5,6.765499999999999
39036,3903.6,6.766399999999999
39037,3903.7,6.767299999999998
39038,3903.8,6.768199999999997
39039,3903.9,6.7690999999999955
39040,3904.0,6.77
39041,3904.1,6.7707999999999995
39042,3904.2,6.7715999999999985
39043,3904.3,6.772399999999998
39044,3904.4,6.7731999999999974
39045,3904.5,6.773999999999997
39046,3904.6,6.774800000000002
39047,3904.7,6.775600000000001
39048,3904.8,6.776400000000001
39049,3904.9,6.7772
39050,3905.0,6.778
39051,3905.1,6.778899999999998
39052,3905.2,6.779799999999997
39053,3905.3,6.780700000000002
39054,3905.4,6.781600000000001
39055,3905.5,6.7825
39056,3905.6,6.7833999999999985
39057,3905.7,6.784299999999998
39058,3905.8,6.785199999999997
39059,3905.9,6.786100000000001
39060,3906.0,6.787
39061,3906.1,6.787699999999999
39062,3906.2,6.788399999999998
39063,3906.3,6.789099999999998
39064,3906.4,6.789799999999997
39065,3906.5,6.7905
39066,3906.6,6.791199999999999
39067,3906.7,6.791899999999998
39068,3906.8,6.7925999999999975
39069,3906.9,6.793299999999997
39070,3907.0,6.793999999999996
39071,3907.1,6.794699999999999
39072,3907.2,6.795399999999999
39073,3907.3,6.796099999999998
39074,3907.4,6.796799999999998
39075,3907.5,6.797499999999998
39076,3907.6,6.798199999999998
39077,3907.7,6.798899999999997
39078,3907.8,6.799600000000001
39079,3907.9,6.800300000000001
39080,3908.0,6.801
39081,3908.1,6.8015
39082,3908.2,6.801999999999999
39083,3908.3,6.802499999999998
39084,3908.4,6.803000000000001
39085,3908.5,6.8035
39086,3908.6,6.803999999999999
39087,3908.7,6.804499999999999
39088,3908.8,6.804999999999998
39089,3908.9,6.805499999999998
39090,3909.0,6.806
39091,3909.1,6.8064
39092,3909.2,6.806799999999999
39093,3909.3,6.807199999999999
39094,3909.4,6.807599999999999
39095,3909.5,6.807999999999999
39096,3909.6,6.808400000000001
39097,3909.7,6.808800000000001
39098,3909.8,6.809200000000001
39099,3909.9,6.8096
39100,3910.0,6.81
39101,3910.1,6.810299999999999
39102,3910.2,6.810599999999999
39103,3910.3,6.8109
39104,3910.4,6.8112
39105,3910.5,6.8115
39106,3910.6,6.811799999999999
39107,3910.7,6.812099999999999
39108,3910.8,6.8123999999999985
39109,3910.9,6.8127
39110,3911.0,6.813
39111,3911.1,6.813199999999999
39112,3911.2,6.8134
39113,3911.3,6.813599999999999
39114,3911.4,6.813799999999999
39115,3911.5,6.814
39116,3911.6,6.8142
39117,3911.7,6.8144
39118,3911.8,6.8145999999999995
39119,3911.9,6.814799999999999
39120,3912.0,6.8149999999999995
39121,3912.1,6.815
39122,3912.2,6.815
39123,3912.3,6.815
39124,3912.4,6.815
39125,3912.5,6.815
39126,3912.6,6.815
39127,3912.7,6.815
39128,3912.8,6.815
39129,3912.9,6.815
39130,3913.0,6.815
39131,3913.1,6.814800000000001
39132,3913.2,6.8146
39133,3913.3,6.814400000000001
39134,3913.4,6.8142
39135,3913.5,6.814
39136,3913.6,6.8138000000000005
39137,3913.7,6.8136
39138,3913.8,6.813400000000001
39139,3913.9,6.813200000000001
39140,3914.0,6.813
39141,3914.1,6.8126999999999995
39142,3914.2,6.8124
39143,3914.3,6.8121
39144,3914.4,6.811800000000001
39145,3914.5,6.8115000000000006
39146,3914.6,6.811199999999999
39147,3914.7,6.810899999999999
39148,3914.8,6.810599999999999
39149,3914.9,6.8103
39150,3915.0,6.81
39151,3915.1,6.8096000000000005
39152,3915.2,6.809200000000001
39153,3915.3,6.808799999999999
39154,3915.4,6.808399999999999
39155,3915.5,6.808
39156,3915.6,6.807600000000001
39157,3915.7,6.807200000000001
39158,3915.8,6.806800000000002
39159,3915.9,6.806399999999999
39160,3916.0,6.806
39161,3916.1,6.8055
39162,3916.2,6.8050000000000015
39163,3916.3,6.804500000000002
39164,3916.4,6.804000000000002
39165,3916.5,6.8035
39166,3916.6,6.803000000000001
39167,3916.7,6.802500000000001
39168,3916.8,6.802000000000002
39169,3916.9,6.8015000000000025
39170,3917.0,6.801000000000003
39171,3917.1,6.800300000000001
39172,3917.2,6.799600000000001
39173,3917.3,6.7989000000000015
39174,3917.4,6.798200000000001
39175,3917.5,6.797500000000002
39176,3917.6,6.796800000000002
39177,3917.7,6.796100000000003
39178,3917.8,6.795399999999999
39179,3917.9,6.794699999999999
39180,3918.0,6.794
39181,3918.1,6.7933
39182,3918.2,6.792600000000001
39183,3918.3,6.791900000000002
39184,3918.4,6.791199999999999
39185,3918.5,6.7905
39186,3918.6,6.7898000000000005
39187,3918.7,6.789100000000001
39188,3918.8,6.788400000000002
39189,3918.9,6.787700000000003
39190,3919.0,6.787
39191,3919.1,6.7862
39192,3919.2,6.785400000000001
39193,3919.3,6.784600000000001
39194,3919.4,6.783800000000002
39195,3919.5,6.783000000000002
39196,3919.6,6.782199999999998
39197,3919.7,6.781399999999999
39198,3919.8,6.780599999999999
39199,3919.9,6.7798
39200,3920.0,6.779
39201,3920.1,6.778100000000001
39202,3920.2,6.777200000000002
39203,3920.3,6.776299999999997
39204,3920.4,6.7753999999999985
39205,3920.5,6.7745
39206,3920.6,6.773600000000001
39207,3920.7,6.772700000000002
39208,3920.8,6.7718000000000025
39209,3920.9,6.770899999999998
39210,3921.0,6.77
39211,3921.1,6.769100000000001
39212,3921.2,6.768200000000002
39213,3921.3,6.767300000000003
39214,3921.4,6.7664000000000035
39215,3921.5,6.765499999999999
39216,3921.6,6.764600000000001
39217,3921.7,6.763700000000002
39218,3921.8,6.762800000000003
39219,3921.9,6.761900000000004
39220,3922.0,6.7610000000000054
39221,3922.1,6.7602
39222,3922.2,6.759400000000001
39223,3922.3,6.758600000000001
39224,3922.4,6.757800000000002
39225,3922.5,6.757000000000002
39226,3922.6,6.756200000000002
39227,3922.7,6.755400000000003
39228,3922.8,6.754599999999999
39229,3922.9,6.7538
39230,3923.0,6.753
39231,3923.1,6.752100000000001
39232,3923.2,6.7512000000000025
39233,3923.3,6.750300000000003
39234,3923.4,6.749399999999999
39235,3923.5,6.7485
39236,3923.6,6.747600000000001
39237,3923.7,6.746700000000002
39238,3923.8,6.745800000000003
39239,3923.9,6.744900000000004
39240,3924.0,6.744
39241,3924.1,6.7433000000000005
39242,3924.2,6.7426
39243,3924.3,6.741900000000001
39244,3924.4,6.741200000000002
39245,3924.5,6.740500000000002
39246,3924.6,6.739799999999998
39247,3924.7,6.739099999999999
39248,3924.8,6.7383999999999995
39249,3924.9,6.737699999999999
39250,3925.0,6.737
39251,3925.1,6.736300000000001
39252,3925.2,6.735600000000002
39253,3925.3,6.734899999999999
39254,3925.4,6.7341999999999995
39255,3925.5,6.7335
39256,3925.6,6.732800000000001
39257,3925.7,6.732100000000002
39258,3925.8,6.7314000000000025
39259,3925.9,6.7307
39260,3926.0,6.73
39261,3926.1,6.729300000000001
39262,3926.2,6.728600000000002
39263,3926.3,6.727900000000003
39264,3926.4,6.727200000000003
39265,3926.5,6.726500000000001
39266,3926.6,6.725800000000001
39267,3926.7,6.725100000000001
39268,3926.8,6.724400000000002
39269,3926.9,6.723700000000003
39270,3927.0,6.723000000000003
39271,3927.1,6.7225
39272,3927.2,6.722
39273,3927.3,6.721500000000001
39274,3927.4,6.721000000000001
39275,3927.5,6.720500000000001
39276,3927.6,6.7200000000000015
39277,3927.7,6.719500000000002
39278,3927.8,6.718999999999999
39279,3927.9,6.7185
39280,3928.0,6.718
39281,3928.1,6.717700000000001
39282,3928.2,6.7174000000000005
39283,3928.3,6.717100000000001
39284,3928.4,6.716799999999999
39285,3928.5,6.7165
39286,3928.6,6.716200000000001
39287,3928.7,6.7159
39288,3928.8,6.715600000000001
39289,3928.9,6.715300000000001
39290,3929.0,6.715
39291,3929.1,6.7147
39292,3929.2,6.7144
39293,3929.3,6.7141
39294,3929.4,6.713800000000001
39295,3929.5,6.713500000000001
39296,3929.6,6.713199999999999
39297,3929.7,6.712899999999999
39298,3929.8,6.712599999999999
39299,3929.9,6.7123
39300,3930.0,6.712
39301,3930.1,6.7119
39302,3930.2,6.7118
39303,3930.3,6.7116999999999996
39304,3930.4,6.7116
39305,3930.5,6.7115
39306,3930.6,6.7114
39307,3930.7,6.7113000000000005
39308,3930.8,6.711200000000001
39309,3930.9,6.7111
39310,3931.0,6.711
39311,3931.1,6.711
39312,3931.2,6.711
39313,3931.3,6.711
39314,3931.4,6.711
39315,3931.5,6.711
39316,3931.6,6.711
39317,3931.7,6.711
39318,3931.8,6.711
39319,3931.9,6.711
39320,3932.0,6.711
39321,3932.1,6.7112
39322,3932.2,6.7114
39323,3932.3,6.7116
39324,3932.4,6.711799999999999
39325,3932.5,6.712
39326,3932.6,6.712199999999999
39327,3932.7,6.7124
39328,3932.8,6.7126
39329,3932.9,6.7128000000000005
39330,3933.0,6.713
39331,3933.1,6.713299999999999
39332,3933.2,6.7136
39333,3933.3,6.713899999999999
39334,3933.4,6.714200000000001
39335,3933.5,6.7145
39336,3933.6,6.714799999999999
39337,3933.7,6.7151
39338,3933.8,6.715399999999999
39339,3933.9,6.715699999999999
39340,3934.0,6.716
39341,3934.1,6.7164
39342,3934.2,6.716799999999999
39343,3934.3,6.717199999999999
39344,3934.4,6.717599999999999
39345,3934.5,6.717999999999999
39346,3934.6,6.718400000000001
39347,3934.7,6.718800000000001
39348,3934.8,6.719200000000001
39349,3934.9,6.7196
39350,3935.0,6.72
39351,3935.1,6.7204999999999995
39352,3935.2,6.720999999999998
39353,3935.3,6.721500000000001
39354,3935.4,6.722
39355,3935.5,6.7225
39356,3935.6,6.722999999999999
39357,3935.7,6.723499999999999
39358,3935.8,6.7239999999999975
39359,3935.9,6.7245
39360,3936.0,6.725
39361,3936.1,6.725699999999999
39362,3936.2,6.726399999999998
39363,3936.3,6.727099999999997
39364,3936.4,6.727799999999997
39365,3936.5,6.7285
39366,3936.6,6.7292
39367,3936.7,6.729899999999999
39368,3936.8,6.730599999999998
39369,3936.9,6.731299999999997
39370,3937.0,6.731999999999997
39371,3937.1,6.7326
39372,3937.2,6.733199999999999
39373,3937.3,6.7338
39374,3937.4,6.734399999999999
39375,3937.5,6.7349999999999985
39376,3937.6,6.735599999999998
39377,3937.7,6.736199999999998
39378,3937.8,6.7368000000000015
39379,3937.9,6.737400000000001
39380,3938.0,6.738
39381,3938.1,6.7387999999999995
39382,3938.2,6.7395999999999985
39383,3938.3,6.7403999999999975
39384,3938.4,6.741200000000001
39385,3938.5,6.742000000000001
39386,3938.6,6.7428
39387,3938.7,6.743599999999999
39388,3938.8,6.744399999999998
39389,3938.9,6.745199999999997
39390,3939.0,6.746
39391,3939.1,6.7467
39392,3939.2,6.7474
39393,3939.3,6.748099999999999
39394,3939.4,6.748799999999998
39395,3939.5,6.7494999999999985
39396,3939.6,6.750200000000002
39397,3939.7,6.7509000000000015
39398,3939.8,6.751600000000001
39399,3939.9,6.752300000000001
39400,3940.0,6.753
39401,3940.1,6.753799999999999
39402,3940.2,6.754599999999998
39403,3940.3,6.755400000000002
39404,3940.4,6.756200000000001
39405,3940.5,6.757000000000001
39406,3940.6,6.7578
39407,3940.7,6.758599999999999
39408,3940.8,6.759399999999998
39409,3940.9,6.760200000000001
39410,3941.0,6.761
39411,3941.1,6.761699999999999
39412,3941.2,6.762399999999999
39413,3941.3,6.763099999999998
39414,3941.4,6.763799999999997
39415,3941.5,6.7645
39416,3941.6,6.765199999999999
39417,3941.7,6.7658999999999985
39418,3941.8,6.766599999999998
39419,3941.9,6.767299999999997
39420,3942.0,6.767999999999996
39421,3942.1,6.768699999999999
39422,3942.2,6.769399999999999
39423,3942.3,6.7700999999999985
39424,3942.4,6.770799999999999
39425,3942.5,6.771499999999998
39426,3942.6,6.772199999999998
39427,3942.7,6.772899999999997
39428,3942.8,6.773600000000001
39429,3942.9,6.774300000000001
39430,3943.0,6.775
39431,3943.1,6.7756
39432,3943.2,6.7761999999999984
39433,3943.3,6.776799999999998
39434,3943.4,6.777400000000001
39435,3943.5,6.7780000000000005
39436,3943.6,6.778599999999999
39437,3943.7,6.779199999999999
39438,3943.8,6.779799999999998
39439,3943.9,6.780399999999997
39440,3944.0,6.781
39441,3944.1,6.781499999999999
39442,3944.2,6.781999999999999
39443,3944.3,6.782499999999999
39444,3944.4,6.782999999999999
39445,3944.5,6.783499999999998
39446,3944.6,6.784000000000001
39447,3944.7,6.7845
39448,3944.8,6.785
39449,3944.9,6.7855
39450,3945.0,6.786
39451,3945.1,6.7863999999999995
39452,3945.2,6.786799999999999
39453,3945.3,6.7872
39454,3945.4,6.7876
39455,3945.5,6.788
39456,3945.6,6.788399999999999
39457,3945.7,6.788799999999999
39458,3945.8,6.789199999999998
39459,3945.9,6.7896
39460,3946.0,6.79
39461,3946.1,6.790399999999999
39462,3946.2,6.790799999999999
39463,3946.3,6.791199999999998
39464,3946.4,6.791599999999998
39465,3946.5,6.792
39466,3946.6,6.792399999999999
39467,3946.7,6.792799999999999
39468,3946.8,6.793199999999998
39469,3946.9,6.793599999999998
39470,3947.0,6.793999999999997
39471,3947.1,6.794099999999999
39472,3947.2,6.794199999999999
39473,3947.3,6.7943
39474,3947.4,6.7943999999999996
39475,3947.5,6.794499999999999
39476,3947.6,6.794599999999999
39477,3947.7,6.7947
39478,3947.8,6.7948
39479,3947.9,6.7949
39480,3948.0,6.795
39481,3948.1,6.7951
39482,3948.2,6.7951999999999995
39483,3948.3,6.7953
39484,3948.4,6.7954
39485,3948.5,6.7955000000000005
39486,3948.6,6.7956
39487,3948.7,6.7957
39488,3948.8,6.7958
39489,3948.9,6.7959
39490,3949.0,6.796
39491,3949.1,6.7959000000000005
39492,3949.2,6.795800000000001
39493,3949.3,6.7957
39494,3949.4,6.7956
39495,3949.5,6.7955000000000005
39496,3949.6,6.7954
39497,3949.7,6.7953
39498,3949.8,6.7951999999999995
39499,3949.9,6.7951
39500,3950.0,6.795
39501,3950.1,6.7948
39502,3950.2,6.794600000000001
39503,3950.3,6.7943999999999996
39504,3950.4,6.7942
39505,3950.5,6.7940000000000005
39506,3950.6,6.7938
39507,3950.7,6.7936000000000005
39508,3950.8,6.793400000000001
39509,3950.9,6.7932
39510,3951.0,6.793
39511,3951.1,6.792700000000001
39512,3951.2,6.792400000000001
39513,3951.3,6.792100000000001
39514,3951.4,6.791800000000001
39515,3951.5,6.7915
39516,3951.6,6.791200000000001
39517,3951.7,6.790900000000001
39518,3951.8,6.790600000000001
39519,3951.9,6.790300000000001
39520,3952.0,6.790000000000002
39521,3952.1,6.7896
39522,3952.2,6.7892
39523,3952.3,6.7888
39524,3952.4,6.788400000000001
39525,3952.5,6.788000000000001
39526,3952.6,6.787600000000001
39527,3952.7,6.787200000000001
39528,3952.8,6.7867999999999995
39529,3952.9,6.7863999999999995
39530,3953.0,6.786
39531,3953.1,6.7855
39532,3953.2,6.785000000000001
39533,3953.3,6.784500000000001
39534,3953.4,6.783999999999999
39535,3953.5,6.7835
39536,3953.6,6.783
39537,3953.7,6.782500000000001
39538,3953.8,6.782000000000002
39539,3953.9,6.781500000000002
39540,3954.0,6.781
39541,3954.1,6.7805
39542,3954.2,6.78
39543,3954.3,6.7795000000000005
39544,3954.4,6.779000000000001
39545,3954.5,6.778500000000001
39546,3954.6,6.777999999999999
39547,3954.7,6.777499999999999
39548,3954.8,6.776999999999999
39549,3954.9,6.7764999999999995
39550,3955.0,6.776
39551,3955.1,6.7754
39552,3955.2,6.774800000000001
39553,3955.3,6.774199999999999
39554,3955.4,6.773599999999999
39555,3955.5,6.773
39556,3955.6,6.7724
39557,3955.7,6.771800000000001
39558,3955.8,6.771200000000002
39559,3955.9,6.770599999999999
39560,3956.0,6.77
39561,3956.1,6.7693
39562,3956.2,6.768600000000001
39563,3956.3,6.767900000000002
39564,3956.4,6.7672000000000025
39565,3956.5,6.7665
39566,3956.6,6.7658000000000005
39567,3956.7,6.765100000000001
39568,3956.8,6.764400000000002
39569,3956.9,6.763700000000003
39570,3957.0,6.7630000000000035
39571,3957.1,6.7624
39572,3957.2,6.761800000000001
39573,3957.3,6.7612000000000005
39574,3957.4,6.760600000000001
39575,3957.5,6.760000000000002
39576,3957.6,6.759400000000002
39577,3957.7,6.758800000000002
39578,3957.8,6.758199999999999
39579,3957.9,6.757599999999999
39580,3958.0,6.757
39581,3958.1,6.7563
39582,3958.2,6.755600000000001
39583,3958.3,6.754900000000002
39584,3958.4,6.754199999999999
39585,3958.5,6.7535
39586,3958.6,6.752800000000001
39587,3958.7,6.752100000000001
39588,3958.8,6.751400000000002
39589,3958.9,6.750700000000003
39590,3959.0,6.75
39591,3959.1,6.7494000000000005
39592,3959.2,6.748800000000001
39593,3959.3,6.748200000000001
39594,3959.4,6.747600000000001
39595,3959.5,6.747000000000002
39596,3959.6,6.746399999999999
39597,3959.7,6.745799999999999
39598,3959.8,6.745199999999999
39599,3959.9,6.744599999999999
39600,3960.0,6.744
39601,3960.1,6.7435
39602,3960.2,6.743000000000001
39603,3960.3,6.742499999999999
39604,3960.4,6.741999999999999
39605,3960.5,6.7415
39606,3960.6,6.7410000000000005
39607,3960.7,6.740500000000001
39608,3960.8,6.740000000000002
39609,3960.9,6.7395
39610,3961.0,6.739
39611,3961.1,6.7385
39612,3961.2,6.738000000000001
39613,3961.3,6.737500000000002
39614,3961.4,6.737000000000002
39615,3961.5,6.7364999999999995
39616,3961.6,6.736000000000001
39617,3961.7,6.735500000000001
39618,3961.8,6.735000000000002
39619,3961.9,6.734500000000002
39620,3962.0,6.734000000000003
39621,3962.1,6.7335
39622,3962.2,6.7330000000000005
39623,3962.3,6.732500000000001
39624,3962.4,6.732000000000001
39625,3962.5,6.731500000000001
39626,3962.6,6.731000000000002
39627,3962.7,6.730500000000002
39628,3962.8,6.7299999999999995
39629,3962.9,6.7295
39630,3963.0,6.729
39631,3963.1,6.728700000000001
39632,3963.2,6.728400000000001
39633,3963.3,6.728100000000001
39634,3963.4,6.727799999999999
39635,3963.5,6.7275
39636,3963.6,6.727200000000001
39637,3963.7,6.7269000000000005
39638,3963.8,6.726600000000001
39639,3963.9,6.726300000000001
39640,3964.0,6.726
39641,3964.1,6.7257
39642,3964.2,6.7254000000000005
39643,3964.3,6.7251
39644,3964.4,6.724800000000001
39645,3964.5,6.724500000000001
39646,3964.6,6.724199999999999
39647,3964.7,6.7238999999999995
39648,3964.8,6.723599999999999
39649,3964.9,6.7233
39650,3965.0,6.723
39651,3965.1,6.7228
39652,3965.2,6.722600000000001
39653,3965.3,6.7223999999999995
39654,3965.4,6.7222
39655,3965.5,6.7219999999999995
39656,3965.6,6.7218
39657,3965.7,6.7216000000000005
39658,3965.8,6.721400000000001
39659,3965.9,6.7212
39660,3966.0,6.721
39661,3966.1,6.7209
39662,3966.2,6.7208000000000006
39663,3966.3,6.7207
39664,3966.4,6.7206
39665,3966.5,6.7204999999999995
39666,3966.6,6.7204
39667,3966.7,6.7203
39668,3966.8,6.7202
39669,3966.9,6.7201
39670,3967.0,6.720000000000001
39671,3967.1,6.72
39672,3967.2,6.72
39673,3967.3,6.72
39674,3967.4,6.72
39675,3967.5,6.72
39676,3967.6,6.72
39677,3967.7,6.72
39678,3967.8,6.72
39679,3967.9,6.72
39680,3968.0,6.72
39681,3968.1,6.7200999999999995
39682,3968.2,6.720199999999999
39683,3968.3,6.7203
39684,3968.4,6.7204
39685,3968.5,6.7204999999999995
39686,3968.6,6.7206
39687,3968.7,6.7207
39688,3968.8,6.7208
39689,3968.9,6.720899999999999
39690,3969.0,6.721
39691,3969.1,6.7211
39692,3969.2,6.7212
39693,3969.3,6.7213
39694,3969.4,6.7214
39695,3969.5,6.7215
39696,3969.6,6.7216000000000005
39697,3969.7,6.7217
39698,3969.8,6.721800000000001
39699,3969.9,6.721900000000001
39700,3970.0,6.722
39701,3970.1,6.7223
39702,3970.2,6.7226
39703,3970.3,6.722900000000001
39704,3970.4,6.7232
39705,3970.5,6.7235
39706,3970.6,6.7238
39707,3970.7,6.724099999999999
39708,3970.8,6.724399999999998
39709,3970.9,6.7247
39710,3971.0,6.725
39711,3971.1,6.725299999999999
39712,3971.2,6.725599999999999
39713,3971.3,6.725899999999998
39714,3971.4,6.726199999999999
39715,3971.5,6.7265
39716,3971.6,6.726799999999999
39717,3971.7,6.727099999999999
39718,3971.8,6.7273999999999985
39719,3971.9,6.727699999999999
39720,3972.0,6.727999999999998
39721,3972.1,6.7283
39722,3972.2,6.728599999999999
39723,3972.3,6.728899999999999
39724,3972.4,6.729199999999999
39725,3972.5,6.729499999999999
39726,3972.6,6.729799999999999
39727,3972.7,6.730099999999998
39728,3972.8,6.7304
39729,3972.9,6.7307
39730,3973.0,6.731
39731,3973.1,6.7314
39732,3973.2,6.731799999999999
39733,3973.3,6.732199999999999
39734,3973.4,6.732600000000001
39735,3973.5,6.7330000000000005
39736,3973.6,6.7334
39737,3973.7,6.7338
39738,3973.8,6.734199999999999
39739,3973.9,6.734599999999999
39740,3974.0,6.735
39741,3974.1,6.7354
39742,3974.2,6.735799999999999
39743,3974.3,6.736199999999999
39744,3974.4,6.736599999999999
39745,3974.5,6.736999999999999
39746,3974.6,6.737400000000001
39747,3974.7,6.737800000000001
39748,3974.8,6.738200000000001
39749,3974.9,6.7386
39750,3975.0,6.739
39751,3975.1,6.7394
39752,3975.2,6.739799999999999
39753,3975.3,6.740200000000001
39754,3975.4,6.740600000000001
39755,3975.5,6.7410000000000005
39756,3975.6,6.7414
39757,3975.7,6.7418
39758,3975.8,6.742199999999999
39759,3975.9,6.7426
39760,3976.0,6.743
39761,3976.1,6.7435
39762,3976.2,6.743999999999999
39763,3976.3,6.744499999999999
39764,3976.4,6.744999999999998
39765,3976.5,6.7455
39766,3976.6,6.7459999999999996
39767,3976.7,6.746499999999999
39768,3976.8,6.746999999999998
39769,3976.9,6.747499999999998
39770,3977.0,6.7479999999999976
39771,3977.1,6.7484
39772,3977.2,6.748799999999999
39773,3977.3,6.749199999999999
39774,3977.4,6.749599999999999
39775,3977.5,6.749999999999999
39776,3977.6,6.750399999999998
39777,3977.7,6.750799999999998
39778,3977.8,6.751200000000001
39779,3977.9,6.7516
39780,3978.0,6.752
39781,3978.1,6.7524999999999995
39782,3978.2,6.752999999999998
39783,3978.3,6.753499999999998
39784,3978.4,6.7540000000000004
39785,3978.5,6.7545
39786,3978.6,6.754999999999999
39787,3978.7,6.755499999999999
39788,3978.8,6.755999999999998
39789,3978.9,6.756499999999997
39790,3979.0,6.757
39791,3979.1,6.7574
39792,3979.2,6.7578
39793,3979.3,6.7581999999999995
39794,3979.4,6.758599999999999
39795,3979.5,6.758999999999999
39796,3979.6,6.759400000000001
39797,3979.7,6.7598
39798,3979.8,6.7602
39799,3979.9,6.7606
39800,3980.0,6.761
39801,3980.1,6.761399999999999
39802,3980.2,6.761799999999999
39803,3980.3,6.762200000000001
39804,3980.4,6.762600000000001
39805,3980.5,6.763
39806,3980.6,6.763399999999999
39807,3980.7,6.763799999999999
39808,3980.8,6.764199999999998
39809,3980.9,6.764600000000001
39810,3981.0,6.765
39811,3981.1,6.7654
39812,3981.2,6.765799999999999
39813,3981.3,6.766199999999999
39814,3981.4,6.766599999999998
39815,3981.5,6.7669999999999995
39816,3981.6,6.767399999999999
39817,3981.7,6.767799999999999
39818,3981.8,6.768199999999998
39819,3981.9,6.768599999999998
39820,3982.0,6.7689999999999975
39821,3982.1,6.7693
39822,3982.2,6.7696
39823,3982.3,6.7699
39824,3982.4,6.770199999999999
39825,3982.5,6.770499999999999
39826,3982.6,6.7707999999999995
39827,3982.7,6.771099999999999
39828,3982.8,6.771400000000001
39829,3982.9,6.7717
39830,3983.0,6.772
39831,3983.1,6.7722999999999995
39832,3983.2,6.7726
39833,3983.3,6.772899999999999
39834,3983.4,6.773200000000001
39835,3983.5,6.7735
39836,3983.6,6.7738
39837,3983.7,6.7741
39838,3983.8,6.774399999999999
39839,3983.9,6.774699999999999
39840,3984.0,6.775
39841,3984.1,6.7753000000000005
39842,3984.2,6.7756
39843,3984.3,6.7759
39844,3984.4,6.776199999999999
39845,3984.5,6.7764999999999995
39846,3984.6,6.776800000000001
39847,3984.7,6.7771
39848,3984.8,6.7774
39849,3984.9,6.777699999999999
39850,3985.0,6.778
39851,3985.1,6.778199999999999
39852,3985.2,6.7783999999999995
39853,3985.3,6.7786
39854,3985.4,6.7788
39855,3985.5,6.779
39856,3985.6,6.7791999999999994
39857,3985.7,6.7794
39858,3985.8,6.779599999999999
39859,3985.9,6.779800000000001
39860,3986.0,6.78
39861,3986.1,6.7802
39862,3986.2,6.780399999999999
39863,3986.3,6.7806
39864,3986.4,6.780799999999999
39865,3986.5,6.781000000000001
39866,3986.6,6.7812
39867,3986.7,6.7814
39868,3986.8,6.781599999999999
39869,3986.9,6.781799999999999
39870,3987.0,6.781999999999999
39871,3987.1,6.7821
39872,3987.2,6.7822
39873,3987.3,6.7823
39874,3987.4,6.7824
39875,3987.5,6.7825
39876,3987.6,6.7825999999999995
39877,3987.7,6.7827
39878,3987.8,6.782800000000001
39879,3987.9,6.782900000000001
39880,3988.0,6.783
39881,3988.1,6.7831
39882,3988.2,6.7832
39883,3988.3,6.7833
39884,3988.4,6.7834
39885,3988.5,6.7835
39886,3988.6,6.7836
39887,3988.7,6.7837
39888,3988.8,6.783799999999999
39889,3988.9,6.783899999999999
39890,3989.0,6.784
39891,3989.1,6.7841
39892,3989.2,6.784199999999999
39893,3989.3,6.7843
39894,3989.4,6.7844
39895,3989.5,6.7844999999999995
39896,3989.6,6.7846
39897,3989.7,6.7847
39898,3989.8,6.784800000000001
39899,3989.9,6.7849
39900,3990.0,6.785
39901,3990.1,6.785
39902,3990.2,6.785
39903,3990.3,6.785
39904,3990.4,6.785
39905,3990.5,6.785
39906,3990.6,6.785
39907,3990.7,6.785
39908,3990.8,6.785
39909,3990.9,6.785
39910,3991.0,6.785
39911,3991.1,6.7849
39912,3991.2,6.784800000000001
39913,3991.3,6.7847
39914,3991.4,6.7846
39915,3991.5,6.7844999999999995
39916,3991.6,6.7844
39917,3991.7,6.7843
39918,3991.8,6.7842
39919,3991.9,6.7841000000000005
39920,3992.0,6.784000000000001
39921,3992.1,6.7839
39922,3992.2,6.7838
39923,3992.3,6.7837000000000005
39924,3992.4,6.7836
39925,3992.5,6.7835
39926,3992.6,6.7834
39927,3992.7,6.7833000000000006
39928,3992.8,6.7832
39929,3992.9,6.7831
39930,3993.0,6.783
39931,3993.1,6.782900000000001
39932,3993.2,6.782800000000001
39933,3993.3,6.7827
39934,3993.4,6.7826
39935,3993.5,6.782500000000001
39936,3993.6,6.7824
39937,3993.7,6.7823
39938,3993.8,6.7822000000000005
39939,3993.9,6.782100000000001
39940,3994.0,6.782
39941,3994.1,6.7817
39942,3994.2,6.7814000000000005
39943,3994.3,6.7811
39944,3994.4,6.780800000000001
39945,3994.5,6.780500000000001
39946,3994.6,6.780199999999999
39947,3994.7,6.7799
39948,3994.8,6.779599999999999
39949,3994.9,6.7793
39950,3995.0,6.779
39951,3995.1,6.7788
39952,3995.2,6.778600000000001
39953,3995.3,6.7783999999999995
39954,3995.4,6.7782
39955,3995.5,6.7780000000000005
39956,3995.6,6.7778
39957,3995.7,6.7776000000000005
39958,3995.8,6.777400000000001
39959,3995.9,6.7772
39960,3996.0,6.777
39961,3996.1,6.776700000000001
39962,3996.2,6.776400000000001
39963,3996.3,6.776100000000001
39964,3996.4,6.775800000000001
39965,3996.5,6.7755
39966,3996.6,6.775200000000001
39967,3996.7,6.774900000000001
39968,3996.8,6.774600000000001
39969,3996.9,6.774300000000001
39970,3997.0,6.774000000000002
39971,3997.1,6.7736
39972,3997.2,6.7732
39973,3997.3,6.7728
39974,3997.4,6.772400000000001
39975,3997.5,6.772000000000001
39976,3997.6,6.771600000000001
39977,3997.7,6.771200000000001
39978,3997.8,6.7707999999999995
39979,3997.9,6.7703999999999995
39980,3998.0,6.77
39981,3998.1,6.7696000000000005
39982,3998.2,6.7692000000000005
39983,3998.3,6.7688000000000015
39984,3998.4,6.768399999999999
39985,3998.5,6.768
39986,3998.6,6.767600000000001
39987,3998.7,6.767200000000001
39988,3998.8,6.766800000000002
39989,3998.9,6.766400000000002
39990,3999.0,6.766
39991,3999.1,6.7655
39992,3999.2,6.765000000000001
39993,3999.3,6.764500000000001
39994,3999.4,6.764000000000001
39995,3999.5,6.763500000000001
39996,3999.6,6.762999999999999
39997,3999.7,6.762499999999999
39998,3999.8,6.762
39999,3999.9,6.7615
