,age_kyrBP,Y
0,0.0,0.0
1,1.0,-0.00027231649562910074
2,2.0,-0.0019101377628433487
3,3.0,-0.005654421252465935
4,4.0,-0.011779097630480394
5,5.0,-0.020298976578310736
6,6.0,-0.031102547360514366
7,7.0,-0.04403698333778591
8,8.0,-0.05895181998212802
9,9.0,-0.0757189822020649
10,10.0,-0.09425161193869175
11,11.0,-0.1145159295726772
12,12.0,-0.13652077421464157
13,13.0,-0.16031077321748183
14,14.0,-0.18602306758929044
15,15.0,-0.2138250963929914
16,16.0,-0.24390900864595177
17,17.0,-0.27649166331998104
18,18.0,-0.3118146293413316
19,19.0,-0.35016731309831517
20,20.0,-0.3919482592621813
21,21.0,-0.43753766293749446
22,22.0,-0.4872882795805366
23,23.0,-0.5415271913698615
24,24.0,-0.6005489701908692
25,25.0,-0.664536491227544
26,26.0,-0.7335337149415011
27,27.0,-0.8072064835207448
28,28.0,-0.8847973871129431
29,29.0,-0.965125763825428
30,30.0,-1.0466177649078854
31,31.0,-1.126295353571424
32,32.0,-1.1999727777198985
33,33.0,-1.2628654850861314
34,34.0,-1.3095919767851216
35,35.0,-1.3341738073140466
36,36.0,-1.329799964031845
37,37.0,-1.29081583648934
38,38.0,-1.214662213155239
39,39.0,-1.100818437297415
40,40.0,-0.9507827697345013
41,41.0,-0.7680723888358877
42,42.0,-0.5585358022557104
43,43.0,-0.33316593858234983
44,44.0,-0.09956311561581821
45,45.0,0.13693804357790174
46,46.0,0.37200172765895756
47,47.0,0.6022909370136096
48,48.0,0.8254674837542488
49,49.0,1.041215419292743
50,50.0,-0.011779097630480394
51,51.0,1.4704227811179602
52,52.0,1.689627865389606
53,53.0,1.9106075529162323
54,54.0,2.1285519054238975
55,55.0,2.3359222621609397
56,56.0,2.5205308495269683
57,57.0,2.6622964798254505
58,58.0,2.743573632032502
59,59.0,2.750305880327228
60,60.0,2.67202589409173
61,61.0,2.50554863724435
62,62.0,2.2726657764739238
63,63.0,2.0005477175562416
64,64.0,1.719039768825048
65,65.0,1.4590704356294752
66,66.0,1.2344928524200636
67,67.0,1.0499019403044523
68,68.0,0.9046254257194305
69,69.0,0.7927537890142156
70,70.0,0.7072667575567055
71,71.0,0.6394077205811175
72,72.0,0.5833427506823489
73,73.0,0.5368872765202578
74,74.0,0.5005342036633513
75,75.0,0.46969967020369496
76,76.0,0.4419078589723892
77,77.0,0.4161258437490216
78,78.0,0.3919079093669367
79,79.0,0.3693780181753086
80,80.0,0.3481301825859519
81,81.0,0.3277011050420159
82,82.0,0.30800634342508937
83,83.0,0.28897288535429966
84,84.0,0.2705391481863102
85,85.0,0.25274138707178806
86,86.0,0.23567431383362555
87,87.0,0.21931211800766282
88,88.0,0.20371532770592682
89,89.0,0.18903524515821454
90,90.0,0.1755110329316092
91,91.0,0.16317923175369178
92,92.0,0.15173921016745984
93,93.0,0.14093795452611657
94,94.0,0.13058044178602718
95,95.0,0.1205296395067195
96,96.0,0.11047406344081158
97,97.0,0.09987080469305536
98,98.0,0.08831224116300504
99,99.0,0.07542531790201176
100,100.0,-0.0757189822020649
101,101.0,0.04434476612179489
102,102.0,0.025632893156002264
103,103.0,0.004652984999862893
104,104.0,-0.018570588735916584
105,105.0,-0.04390631347721872
106,106.0,-0.0711155296865156
107,107.0,-0.099822330924063
108,108.0,-0.12933991370453518
109,109.0,-0.15898384098520552
110,110.0,-0.18783905692038505
111,111.0,-0.21470224631461768
112,112.0,-0.23809804464360723
113,113.0,-0.25668889149334045
114,114.0,-0.2693170985511405
115,115.0,-0.27486992461066684
116,116.0,-0.2723129986874313
117,117.0,-0.26078575692697786
118,118.0,-0.24018119341061972
119,119.0,-0.2107482522856761
120,120.0,-0.17311647805193608
121,121.0,-0.1283256438476096
122,122.0,-0.07765711848179688
123,123.0,-0.02272107659812135
124,124.0,0.03480957023359349
125,125.0,0.09340883322571578
126,126.0,0.15169764637280644
127,127.0,0.2083947797793275
128,128.0,0.2622309316410927
129,129.0,0.31226079809547264
130,130.0,0.35766713284898666
131,131.0,0.39773755777312214
132,132.0,0.43187227123339156
133,133.0,0.4597083837139888
134,134.0,0.4811003018664634
135,135.0,0.4960154775198533
136,136.0,0.5045312700826836
137,137.0,0.5069562869987373
138,138.0,0.5039557406218479
139,139.0,0.49628042219239343
140,140.0,0.48475840741451554
141,141.0,0.4702860595895423
142,142.0,0.4537226629532603
143,143.0,0.435818561687749
144,144.0,0.41720155697776135
145,145.0,0.39837477164034824
146,146.0,0.3797168237912648
147,147.0,0.361495025802623
148,148.0,0.34390069489850666
149,149.0,0.3271473908361255
150,150.0,-0.18602306758929044
151,151.0,0.29724819036318895
152,152.0,0.28476925799079744
153,153.0,0.27455491294676937
154,154.0,0.2670849104559333
155,155.0,0.26292141373652306
156,156.0,0.2627434002182953
157,157.0,0.26721338264266054
158,158.0,0.27666378889621734
159,159.0,0.291297396284501
160,160.0,0.3112165978006013
161,161.0,0.3363655826793245
162,162.0,0.36619330071620715
163,163.0,0.3999436417087011
164,164.0,0.43667557192670037
165,165.0,0.47524727788801957
166,166.0,0.5143473218208958
167,167.0,0.5525853031333506
168,168.0,0.5885064142191694
169,169.0,0.620616661415938
170,170.0,0.6475561573435259
171,171.0,0.6681380903735301
172,172.0,0.6813466066735716
173,173.0,0.6863368102073008
174,174.0,0.6826813105828968
175,175.0,0.6709255180680022
176,176.0,0.652025555897698
177,177.0,0.6272229332058981
178,178.0,0.5980445451212673
179,179.0,0.5663164161301033
180,180.0,0.533829687705064
181,181.0,0.5018173768721496
182,182.0,0.4712173406358351
183,183.0,0.4426958798286198
184,184.0,0.41664279442793295
185,185.0,0.3928634972761164
186,186.0,0.3708007507491342
187,187.0,0.34998830495170374
188,188.0,0.33001568575509255
189,189.0,0.3105281947971235
190,190.0,0.2912592228417957
191,191.0,0.2719909455525004
192,192.0,0.25246842888878784
193,193.0,0.23264631029570854
194,194.0,0.2127023540586832
195,195.0,0.1930374513035077
196,196.0,0.17403291192391793
197,197.0,0.15574354357070802
198,198.0,0.1383779901264061
199,199.0,0.12218391769196299
200,200.0,-0.35016731309831517
201,201.0,0.0943088555978458
202,202.0,0.0826521897987959
203,203.0,0.07231612069659625
204,204.0,0.06308916027592781
205,205.0,0.054642554828685436
206,206.0,0.04649485810160675
207,207.0,0.03815791136092196
208,208.0,0.029124307955136174
209,209.0,0.018881250326677628
210,210.0,0.006969120494525003
211,211.0,-0.006987896727667399
212,212.0,-0.023270032288346926
213,213.0,-0.042061557170180806
214,214.0,-0.06344797553061883
215,215.0,-0.08743913889087243
216,216.0,-0.11398736207034876
217,217.0,-0.14298773487328
218,218.0,-0.17431545777419524
219,219.0,-0.20795725645374719
220,220.0,-0.24393310682903746
221,221.0,-0.2823079737616816
222,222.0,-0.32319436463606277
223,223.0,-0.3667788705314223
224,224.0,-0.413257297938722
225,225.0,-0.46272597797645976
226,226.0,-0.5151754418988379
227,227.0,-0.5704813325749557
228,228.0,-0.6281662510583449
229,229.0,-0.6873655356572795
230,230.0,-0.7466567180425586
231,231.0,-0.8039859675600937
232,232.0,-0.8566685254807833
233,233.0,-0.9013086167362336
234,234.0,-0.9338537900178385
235,235.0,-0.9502001193683611
236,236.0,-0.9462906664569317
237,237.0,-0.9181154805790419
238,238.0,-0.8621107354665016
239,239.0,-0.777866638122162
240,240.0,-0.667064061740205
241,241.0,-0.5323794550708998
242,242.0,-0.3774821777901697
243,243.0,-0.20711238389122416
244,244.0,-0.027426619284911996
245,245.0,0.15705185601583505
246,246.0,0.3430751184851084
247,247.0,0.5283093429880676
248,248.0,0.7113348027809595
249,249.0,0.8916354144421464
250,250.0,-0.6005489701908692
251,251.0,1.2461492045402796
252,252.0,1.4214504202555975
253,253.0,1.5927562620927036
254,254.0,1.7551168956904026
255,255.0,1.9014418507383377
256,256.0,2.0212475731881527
257,257.0,2.1027870967518183
258,258.0,2.1364801098801403
259,259.0,2.1149939562909097
260,260.0,2.033714308794343
261,261.0,1.9005659851146837
262,262.0,1.730821648100779
263,263.0,1.5407606434883256
264,264.0,1.3484695731523235
265,265.0,1.1733391129934312
266,266.0,1.0228428580217392
267,267.0,0.8968491003804033
268,268.0,0.794617945859315
269,269.0,0.7133198368039259
270,270.0,0.6482450280586031
271,271.0,0.595568905933566
272,272.0,0.5515946808884303
273,273.0,0.5135491569140946
274,274.0,0.4800059423664673
275,275.0,0.4507344099665479
276,276.0,0.42450591972843854
277,277.0,0.4003108319742239
278,278.0,0.37771622006070577
279,279.0,0.35660042770842576
280,280.0,0.3371530690016711
281,281.0,0.3194873234139755
282,282.0,0.3031095938790091
283,283.0,0.28770385458741654
284,284.0,0.2729749785083275
285,285.0,0.25864574606628904
286,286.0,0.2444285394104329
287,287.0,0.2298191549539408
288,288.0,0.21439697190756252
289,289.0,0.19788665495326213
290,290.0,0.1801400590837871
291,291.0,0.1611373484191587
292,292.0,0.14106622664678395
293,293.0,0.12024480988343986
294,294.0,0.09907383798873777
295,295.0,0.07807084264023555
296,296.0,0.05787014733343136
297,297.0,0.039103253391854796
298,298.0,0.021971179394001714
299,299.0,0.006564506291987897
300,300.0,-0.965125763825428
301,301.0,-0.019559212872596286
302,302.0,-0.031095621386539228
303,303.0,-0.04244028434304609
304,304.0,-0.05430031735215992
305,305.0,-0.06742177201427134
306,306.0,-0.08254336296931497
307,307.0,-0.10032095048484371
308,308.0,-0.12127174707070576
309,309.0,-0.14577406047707295
310,310.0,-0.17401535609999713
311,311.0,-0.20586917302581864
312,312.0,-0.24131716973043052
313,313.0,-0.27986749107269443
314,314.0,-0.3204694024124524
315,315.0,-0.3615132896105171
316,316.0,-0.40083065902868265
317,317.0,-0.43571077301604977
318,318.0,-0.46331246569159895
319,319.0,-0.48067768677253936
320,320.0,-0.4847848328616435
321,321.0,-0.4726254494855403
322,322.0,-0.4415658480704422
323,323.0,-0.39087486433536683
324,324.0,-0.32096178048812884
325,325.0,-0.23309388201890402
326,326.0,-0.12942256781448963
327,327.0,-0.013312535625014
328,328.0,0.11155755993461636
329,329.0,0.24196782857567545
330,330.0,0.3751562893617646
331,331.0,0.5087318438729838
332,332.0,0.6408921558160445
333,333.0,0.7710953224078994
334,334.0,0.8983308365386864
335,335.0,1.0209329847960753
336,336.0,1.1365808474652122
337,337.0,1.2422982985287583
338,338.0,1.3343804959229368
339,339.0,1.4077480419633408
340,340.0,1.4575991134347166
341,341.0,1.4803417827777139
342,342.0,1.473564318268433
343,343.0,1.4361368024882295
344,344.0,1.3717553781942873
345,345.0,1.2875427090343632
346,346.0,1.1907287483796378
347,347.0,1.0889338057177094
348,348.0,0.990094081168556
349,349.0,0.8990373558291631
350,350.0,-1.3095919767851216
351,351.0,0.7461389671390628
352,352.0,0.6850801752779374
353,353.0,0.6330296479226377
354,354.0,0.5883150718143281
355,355.0,0.5496156084207079
356,356.0,0.5155203238743079
357,357.0,0.48507476113415904
358,358.0,0.4577859496117212
359,359.0,0.4335009629445835
360,360.0,0.4116596349553913
361,361.0,0.3918607462479784
362,362.0,0.37390933110564517
363,363.0,0.35778257295629473
364,364.0,0.3435864979746027
365,365.0,0.33105394331834653
366,366.0,0.31982565345450914
367,367.0,0.30958907860717955
368,368.0,0.3000436524524269
369,369.0,0.290894057031421
370,370.0,0.2817126859968383
371,371.0,0.272075183006315
372,372.0,0.26164198320778953
373,373.0,0.25013662214537613
374,374.0,0.2373457357593661
375,375.0,0.22314393669306692
376,376.0,0.20752044614101756
377,377.0,0.1905233246982924
378,378.0,0.17226064236753086
379,379.0,0.1529004960510323
380,380.0,0.13266897570602734
381,381.0,0.11173884383467884
382,382.0,0.09014305022196714
383,383.0,0.06789777739990999
384,384.0,0.045013989907968385
385,385.0,0.021497434293048318
386,386.0,-0.002706118728245152
387,387.0,-0.027865191653828385
388,388.0,-0.05418994123120438
389,389.0,-0.08186218626435628
390,390.0,-0.11104302595974008
391,391.0,-0.14185299556943415
392,392.0,-0.17430252626411577
393,393.0,-0.20840467954304104
394,394.0,-0.2439838131338264
395,395.0,-0.2806484695375351
396,396.0,-0.31779137602868757
397,397.0,-0.3546255962740113
398,398.0,-0.39029209140029414
399,399.0,-0.4237448915383941
400,400.0,-1.100818437297415
401,401.0,-0.47885673255920785
402,402.0,-0.49769524476596827
403,403.0,-0.5091767093204637
404,404.0,-0.5123919772185018
405,405.0,-0.5065973408005181
406,406.0,-0.4913321652606608
407,407.0,-0.46696919673274284
408,408.0,-0.43427472605625017
409,409.0,-0.3943402597242927
410,410.0,-0.3485940024808992
411,411.0,-0.2987534054650966
412,412.0,-0.24665480525824351
413,413.0,-0.1940851720275201
414,414.0,-0.14260003489050183
415,415.0,-0.09351780827204265
416,416.0,-0.047919791904261266
417,417.0,-0.006650170826562163
418,418.0,0.029683242200011284
419,419.0,0.06074533700372527
420,420.0,0.08653315854135266
421,421.0,0.1071999804965849
422,422.0,0.12302394291452559
423,423.0,0.13445106850489286
424,424.0,0.14205966965543793
425,425.0,0.14646163317832078
426,426.0,0.1482983083486533
427,427.0,0.14825696089487125
428,428.0,0.14703732337241257
429,429.0,0.1453496442635298
430,430.0,0.14391755667985218
431,431.0,0.14353308217308824
432,432.0,0.14510844374381865
433,433.0,0.14963207344765392
434,434.0,0.15816577457084013
435,435.0,0.17189168527183973
436,436.0,0.1920662629087792
437,437.0,0.21986795842196286
438,438.0,0.25648006700551806
439,439.0,0.3029724096938686
440,440.0,0.35993167428224004
441,441.0,0.4276312277838517
442,442.0,0.5060625701362798
443,443.0,0.594877738403405
444,444.0,0.6930761222976574
445,445.0,0.7993947926027372
446,446.0,0.9124970622475466
447,447.0,1.030895284417402
448,448.0,1.1524769628798373
449,449.0,1.2746179324402265
450,450.0,-0.09956311561581821
451,451.0,1.5054129533859621
452,452.0,1.6036885144569877
453,453.0,1.680044911474505
454,454.0,1.7267464806870763
455,455.0,1.737312160929564
456,456.0,1.706515493623134
457,457.0,1.6310839760732068
458,458.0,1.5172714122560709
459,459.0,1.3769801902164598
460,460.0,1.2229874591150371
461,461.0,1.0689834259090154
462,462.0,0.9294683535860787
463,463.0,0.8121728679303527
464,464.0,0.7173201423040735
465,465.0,0.6439356449596869
466,466.0,0.5888533010577786
467,467.0,0.547037031023939
468,468.0,0.5148764918470069
469,469.0,0.4889297226362937
470,470.0,0.4666353698499216
471,471.0,0.44668800026377914
472,472.0,0.4285128556770173
473,473.0,0.4106334281384052
474,474.0,0.3923719718636236
475,475.0,0.3734434186428529
476,476.0,0.3539002508983943
477,477.0,0.3341026242655589
478,478.0,0.3141193666201522
479,479.0,0.2939873340308811
480,480.0,0.2739438706536347
481,481.0,0.25435894876581
482,482.0,0.235733050013182
483,483.0,0.21844160869986481
484,484.0,0.20267223887504943
485,485.0,0.18862479588875314
486,486.0,0.17646299279579392
487,487.0,0.16631440035579634
488,488.0,0.1581583841680884
489,489.0,0.15172488027350473
490,490.0,0.14670668967784964
491,491.0,0.1427070064249297
492,492.0,0.1392389764845444
493,493.0,0.1357320255780657
494,494.0,0.13161357428388926
495,495.0,0.12633484915798893
496,496.0,0.1194191162951748
497,497.0,0.11047259859815028
498,498.0,0.0991844757775108
499,499.0,0.08533223199597516
500,500.0,1.041215419292743
501,501.0,0.04997408219872273
502,502.0,0.02869843319480153
503,503.0,0.005340464696959563
504,504.0,-0.019724446699646264
505,505.0,-0.04606010166325275
506,506.0,-0.07349406917834352
507,507.0,-0.10197414481115057
508,508.0,-0.13148135876154576
509,509.0,-0.16203326304950738
510,510.0,-0.19372399065402315
511,511.0,-0.2270075386853435
512,512.0,-0.26237218336836815
513,513.0,-0.3002759050549215
514,514.0,-0.3411656431190696
515,515.0,-0.38545718978043847
516,516.0,-0.4333800326146745
517,517.0,-0.4848276281693532
518,518.0,-0.5393294213811254
519,519.0,-0.5960506353480974
520,520.0,-0.6536736595318292
521,521.0,-0.709940053426817
522,522.0,-0.7621184206147711
523,523.0,-0.8067429682121496
524,524.0,-0.8395755028764005
525,525.0,-0.8557161221244742
526,526.0,-0.8509170458653863
527,527.0,-0.8220918138916946
528,528.0,-0.7672637922412319
529,529.0,-0.6855935844206539
530,530.0,-0.5775086556635809
531,531.0,-0.446716660443655
532,532.0,-0.29852938641488697
533,533.0,-0.13795425221375024
534,534.0,0.03026028184541596
535,535.0,0.2015592010734079
536,536.0,0.3718833557715944
537,537.0,0.540621497386641
538,538.0,0.70769279316944
539,539.0,0.8728267104706425
540,540.0,1.0355630167406464
541,541.0,1.1952517795296425
542,542.0,1.3510490762371408
543,543.0,1.5009225456517292
544,544.0,1.6407379136486544
545,545.0,1.7648437885785502
546,546.0,1.8659084259457663
547,547.0,1.9352100717440501
548,548.0,1.965991288856897
549,549.0,1.9544286780343922
550,550.0,2.1285519054238975
551,551.0,1.808833629146804
552,552.0,1.6880041874695138
553,553.0,1.5495481901955168
554,554.0,1.4037491945814706
555,555.0,1.2601440891391262
556,556.0,1.1275269037403484
557,557.0,1.0112558573066996
558,558.0,0.9102990758383215
559,559.0,0.8240887511356825
560,560.0,0.7512965305380446
561,561.0,0.6898025933035987
562,562.0,0.6373085132657069
563,563.0,0.5921460879720439
564,564.0,0.5524347981049739
565,565.0,0.5168739887496541
566,566.0,0.48476031965629485
567,567.0,0.45590858967045417
568,568.0,0.42939282805912476
569,569.0,0.4045411788602441
570,570.0,0.38100640367015004
571,571.0,0.35852700516315944
572,572.0,0.3369272270915781
573,573.0,0.3161170294262151
574,574.0,0.29603372273371137
575,575.0,0.2765694309979822
576,576.0,0.25765561500904155
577,577.0,0.23926332338095435
578,578.0,0.221403192551831
579,579.0,0.20412227544787714
580,580.0,0.1873595107583474
581,581.0,0.17090732656918464
582,582.0,0.15459010587692362
583,583.0,0.13827368516569521
584,584.0,0.1218645868024535
585,585.0,0.10516112738856033
586,586.0,0.08786788507189355
587,587.0,0.06975483714752728
588,588.0,0.050617270568823175
589,589.0,0.030275781947431663
590,590.0,0.008576265781412414
591,591.0,-0.014645179767381958
592,592.0,-0.039521445005211875
593,593.0,-0.06611955126241659
594,594.0,-0.09444053059027081
595,595.0,-0.1244194257609827
596,596.0,-0.15592637458161857
597,597.0,-0.1888031042520608
598,598.0,-0.2228301138682919
599,599.0,-0.25766045990046693
600,600.0,2.750305880327228
601,601.0,-0.32769470486064206
602,602.0,-0.3616194850711594
603,603.0,-0.39382050797809753
604,604.0,-0.42343885568129147
605,605.0,-0.44954733897559884
606,606.0,-0.47115049735090675
607,607.0,-0.48722568731300026
608,608.0,-0.49697946039769647
609,609.0,-0.49984901579088775
610,610.0,-0.49545286674853434
611,611.0,-0.4835907996225514
612,612.0,-0.4642515583707668
613,613.0,-0.4379513948644922
614,614.0,-0.4057990473931645
615,615.0,-0.3689818687554779
616,616.0,-0.32872637255661175
617,617.0,-0.28629823320824677
618,618.0,-0.24312128143245926
619,619.0,-0.2007173245415122
620,620.0,-0.16027610586256374
621,621.0,-0.12282947866054067
622,622.0,-0.08925583958530067
623,623.0,-0.060276970222834944
624,624.0,-0.03631813830664034
625,625.0,-0.017504577399329972
626,626.0,-0.0038393132796141205
627,627.0,0.00479183516169884
628,628.0,0.008688450963987085
629,629.0,0.00833537806063113
630,630.0,0.004251477099486336
631,631.0,-0.0030002072839221197
632,632.0,-0.01283146267281492
633,633.0,-0.024668854658883608
634,634.0,-0.03793404566909971
635,635.0,-0.052028088530505986
636,636.0,-0.0662967462130496
637,637.0,-0.08001905228224081
638,638.0,-0.09231676707291347
639,639.0,-0.10213342534239492
640,640.0,-0.10825480035772726
641,641.0,-0.10924806592946719
642,642.0,-0.10355002769915665
643,643.0,-0.08946873675668866
644,644.0,-0.06525665556368287
645,645.0,-0.029548196913447677
646,646.0,0.018659301940445197
647,647.0,0.08007283099417467
648,648.0,0.15495739969498235
649,649.0,0.2425601408951945
650,650.0,1.719039768825048
651,651.0,0.45115996684946336
652,652.0,0.5693137888950929
653,653.0,0.694492433169418
654,654.0,0.8251007626304994
655,655.0,0.9595645803104902
656,656.0,1.0963264935359178
657,657.0,1.2336068202948736
658,658.0,1.3685063914511724
659,659.0,1.4968346210900951
660,660.0,1.6131395258851862
661,661.0,1.710707725098377
662,662.0,1.7814379190118015
663,663.0,1.816472686604177
664,664.0,1.810247736465863
665,665.0,1.7609179326302251
666,666.0,1.6702816476191331
667,667.0,1.544153814706635
668,668.0,1.3971702957053835
669,669.0,1.241924352375253
670,670.0,1.0889825618915236
671,671.0,0.9486591618396667
672,672.0,0.8310160502155123
673,673.0,0.7386195403164624
674,674.0,0.6643155699133174
675,675.0,0.6047079358167045
676,676.0,0.556909976329167
677,677.0,0.5185397948196434
678,678.0,0.48719326239393057
679,679.0,0.46017847562315206
680,680.0,0.4357589396880803
681,681.0,0.4128983699861161
682,682.0,0.3912583363172346
683,683.0,0.3708184262235299
684,684.0,0.3507962210422612
685,685.0,0.33091129843882033
686,686.0,0.3110313162659209
687,687.0,0.29113113266356416
688,688.0,0.27129280605901934
689,689.0,0.2516048514792793
690,690.0,0.23196685864441907
691,691.0,0.2123542322062519
692,692.0,0.19276866022180805
693,693.0,0.17323517140916775
694,694.0,0.15380213514746965
695,695.0,0.13448781258752165
696,696.0,0.1152303157208745
697,697.0,0.09598793592836867
698,698.0,0.07671443780976699
699,699.0,0.05735884819468859
700,700.0,0.7927537890142156
701,701.0,0.018115571986704982
702,702.0,-0.0019904538835960398
703,703.0,-0.02256349866788125
704,704.0,-0.04375264644438301
705,705.0,-0.06574641797060357
706,706.0,-0.08876290642041712
707,707.0,-0.11298046715939855
708,708.0,-0.13860918638493316
709,709.0,-0.16586527256761935
710,710.0,-0.19496115465315264
711,711.0,-0.22610549712746686
712,712.0,-0.2595039925976792
713,713.0,-0.29535432568628106
714,714.0,-0.33384368329265185
715,715.0,-0.37514950857480966
716,716.0,-0.4194399926557543
717,717.0,-0.4668854923615242
718,718.0,-0.5176338488795067
719,719.0,-0.5717828237379166
720,720.0,-0.6293797037827711
721,721.0,-0.6903594441625042
722,722.0,-0.754498851354177
723,723.0,-0.8212624907747511
724,724.0,-0.8897273312479079
725,725.0,-0.9585497843831221
726,726.0,-1.0256280263781627
727,727.0,-1.0880729500782989
728,728.0,-1.14232354293072
729,729.0,-1.1841479425764245
730,730.0,-1.2086434368502066
731,731.0,-1.2102415938393434
732,732.0,-1.1836917392163404
733,733.0,-1.126104812831666
734,734.0,-1.0362344030519488
735,735.0,-0.9143018702223789
736,736.0,-0.761996346666607
737,737.0,-0.583178066874526
738,738.0,-0.3857589052049781
739,739.0,-0.1766323458103971
740,740.0,0.038422796698403205
741,741.0,0.25462476366149933
742,742.0,0.4681848740947048
743,743.0,0.6769114382943426
744,744.0,0.8826939144899819
745,745.0,1.0878343431425974
746,746.0,1.2938553300355273
747,747.0,1.5015000462742383
748,748.0,1.7107322282865314
749,749.0,1.9207361778224534
750,750.0,0.5005342036633513
751,751.0,2.3240303680692507
752,752.0,2.4976080783274046
753,753.0,2.634538522400479
754,754.0,2.717623637303759
755,755.0,2.7318319770215473
756,756.0,2.669953303835351
757,757.0,2.5335383205530677
758,758.0,2.3343080137878753
759,759.0,2.0943317859213817
760,760.0,1.8409631215082234
761,761.0,1.5916510021946144
762,762.0,1.3606526582898875
763,763.0,1.1605599734756815
764,764.0,1.0016443817563274
765,765.0,0.8772142206686138
766,766.0,0.7777388515749013
767,767.0,0.697966176351501
768,768.0,0.6340561650869371
769,769.0,0.5829931412350295
770,770.0,0.5406471080075355
771,771.0,0.5041981109747007
772,772.0,0.4718902935431005
773,773.0,0.44296122655497244
774,774.0,0.417399939382702
775,775.0,0.39397813046622737
776,776.0,0.372117221870216
777,777.0,0.35153805310874725
778,778.0,0.33200566113859276
779,779.0,0.3133292803592399
780,780.0,0.2953623426128722
781,781.0,0.2780486105257786
782,782.0,0.26129003239176446
783,783.0,0.24489187521672753
784,784.0,0.22871196017012074
785,785.0,0.21266192800681016
786,786.0,0.1967072390670821
787,787.0,0.18086052704916641
788,788.0,0.16491381296032964
789,789.0,0.14862521407269655
790,790.0,0.13183878931637164
791,791.0,0.11440875712438335
792,792.0,0.09619949543269177
793,793.0,0.07708554168017111
794,794.0,0.056953838777687824
795,795.0,0.035694071219658334
796,796.0,0.013182911865268834
797,797.0,-0.010680454926472155
798,798.0,-0.03597139859994708
799,799.0,-0.0627398424029022
800,800.0,0.3693780181753086
801,801.0,-0.12079171030281066
802,802.0,-0.15212464208825985
803,803.0,-0.18500874029905767
804,804.0,-0.2193718956564691
805,805.0,-0.2550704912871473
806,806.0,-0.29188940272311986
807,807.0,-0.32954199790177297
808,808.0,-0.36765492176593095
809,809.0,-0.4056321359621586
810,810.0,-0.44267339812055734
811,811.0,-0.47782671037424485
812,812.0,-0.5099886184485409
813,813.0,-0.5379042116610021
814,814.0,-0.560141428496554
815,815.0,-0.5750385946712556
816,816.0,-0.5812108578097946
817,817.0,-0.5774306138049385
818,818.0,-0.5625840135220797
819,819.0,-0.5356709627992402
820,820.0,-0.4960694656051806
821,821.0,-0.4445495781675525
822,822.0,-0.38232139358820627
823,823.0,-0.31083455545881294
824,824.0,-0.23178864093791185
825,825.0,-0.14715019720687464
826,826.0,-0.05927779048844732
827,827.0,0.0299186066361129
828,828.0,0.11884946405883595
829,829.0,0.20611396513253621
830,830.0,0.2905000066709007
831,831.0,0.37098419894844936
832,832.0,0.44677933994543834
833,833.0,0.5174656817417908
834,834.0,0.5826026439836037
835,835.0,0.6416670838931968
836,836.0,0.694058613339323
837,837.0,0.7391844694455515
838,838.0,0.7766724348516261
839,839.0,0.8062969541831099
840,840.0,0.8279824949952894
841,841.0,0.8418075321260775
842,842.0,0.8482720857963489
843,843.0,0.8483688013614284
844,844.0,0.8431685473105585
845,845.0,0.8337950468197904
846,846.0,0.8214263474963093
847,847.0,0.8073328629367307
848,848.0,0.7924950071395513
849,849.0,0.7776916978649903
850,850.0,0.2705391481863102
851,851.0,0.7508695009175308
852,852.0,0.7399711324613625
853,853.0,0.731191236311454
854,854.0,0.7245847625194503
855,855.0,0.7201615044538039
856,856.0,0.7178712539673144
857,857.0,0.7176038013971276
858,858.0,0.7191792504384779
859,859.0,0.7221509806803414
860,860.0,0.7259406536282667
861,861.0,0.7300154760303792
862,862.0,0.7338901286025974
863,863.0,0.7370816433632371
864,864.0,0.7388513430983836
865,865.0,0.7385562390811589
866,866.0,0.7356847284885335
867,867.0,0.7298386350958461
868,868.0,0.7207275949005808
869,869.0,0.708165833248558
870,870.0,0.692299205663628
871,871.0,0.673398761189639
872,872.0,0.6518028232051598
873,873.0,0.6279169894234603
874,874.0,0.6022141318925357
875,875.0,0.5752789665275386
876,876.0,0.5477618871326739
877,877.0,0.5201478838173731
878,878.0,0.49283835607974547
879,879.0,0.46615445630572283
880,880.0,0.44033708976903235
881,881.0,0.4155456173918023
882,882.0,0.3918056711232838
883,883.0,0.3690318802507919
884,884.0,0.3471232817978952
885,885.0,0.32596819910337405
886,886.0,0.3054442418212302
887,887.0,0.2854183059206956
888,888.0,0.265746573686212
889,889.0,0.24628877706462063
890,890.0,0.22689654274593907
891,891.0,0.20741584065360183
892,892.0,0.1877215398893109
893,893.0,0.16771761769254614
894,894.0,0.1473371594405878
895,895.0,0.12654235864849683
896,896.0,0.10531658259164502
897,897.0,0.08358473359990612
898,898.0,0.061377409738642225
899,899.0,0.038764497392350425
900,900.0,0.18903524515821454
901,901.0,-0.0073748571725107265
902,902.0,-0.03073783657723933
903,903.0,-0.05411158228605001
904,904.0,-0.07728293686389262
905,905.0,-0.1001058345419466
906,906.0,-0.12239685972064358
907,907.0,-0.14393402916842712
908,908.0,-0.164548562764091
909,909.0,-0.18422740852452768
910,910.0,-0.20298697965969756
911,911.0,-0.22088250070330034
912,912.0,-0.23805173860970913
913,913.0,-0.2547811650619883
914,914.0,-0.2714047052147105
915,915.0,-0.2882998331486996
916,916.0,-0.3058959401790728
917,917.0,-0.32463188577022006
918,918.0,-0.34492172112249136
919,919.0,-0.36718076306600234
920,920.0,-0.39180174949006424
921,921.0,-0.41907353748372567
922,922.0,-0.44921861137566194
923,923.0,-0.48238220590083136
924,924.0,-0.5186361347858031
925,925.0,-0.5579482220563204
926,926.0,-0.6001544267503227
927,927.0,-0.6450082176806556
928,928.0,-0.692152110153572
929,929.0,-0.741000076602094
930,930.0,-0.7907481933818734
931,931.0,-0.8402412710544969
932,932.0,-0.887952413500439
933,933.0,-0.9319142478423486
934,934.0,-0.9697819643870905
935,935.0,-0.9988661664854772
936,936.0,-1.0161316114634826
937,937.0,-1.0181972106222403
938,938.0,-1.001313342321625
939,939.0,-0.9623854008510905
940,940.0,-0.9009998529851592
941,941.0,-0.8175559848297853
942,942.0,-0.7129636936963973
943,943.0,-0.5886434881018081
944,944.0,-0.44652648776833204
945,945.0,-0.2905959149096808
946,946.0,-0.12657423733427214
947,947.0,0.04178119447583856
948,948.0,0.21154620662075552
949,949.0,0.38062321513108277
950,950.0,0.13058044178602718
951,951.0,0.7122406089846559
952,952.0,0.8747662102622961
953,953.0,1.036133443297469
954,954.0,1.1961582971680564
955,955.0,1.3536535753722527
956,956.0,1.5064275649268444
957,957.0,1.6508703319733447
958,958.0,1.781371233204227
959,959.0,1.8911653006863438
960,960.0,1.972478473811599
961,961.0,2.016647384739251
962,962.0,2.0178503190277897
963,963.0,1.975000581694382
964,964.0,1.890892368603318
965,965.0,1.772456581383033
966,966.0,1.6308800873832414
967,967.0,1.4793282680940136
968,968.0,1.326953891635345
969,969.0,1.1813748801383537
970,970.0,1.0491032514877738
971,971.0,0.9355451193220289
972,972.0,0.8419124242155926
973,973.0,0.7632394864971748
974,974.0,0.6968847924520266
975,975.0,0.6406732889791835
976,976.0,0.5928581991467994
977,977.0,0.5520816709917784
978,978.0,0.5166133523997949
979,979.0,0.48496199493716485
980,980.0,0.45613529625901433
981,981.0,0.4295090186148962
982,982.0,0.4048269888487992
983,983.0,0.38182044855364106
984,984.0,0.3599252657304877
985,985.0,0.3388694385203819
986,986.0,0.31843025185478485
987,987.0,0.29843291719778975
988,988.0,0.2787408308371868
989,989.0,0.25919490795724087
990,990.0,0.23966805037872374
991,991.0,0.22006743905621592
992,992.0,0.20033094108188126
993,993.0,0.18042710968544742
994,994.0,0.1603567602323744
995,995.0,0.1401534825209401
996,996.0,0.11982156797589943
997,997.0,0.09937210906574377
998,998.0,0.07883429672774954
999,999.0,0.058255420368001215
1000,1000.0,0.07542531790201176
1001,1001.0,0.017198844772804305
1002,1002.0,-0.003408014199786348
1003,1003.0,-0.02430405189822918
1004,1004.0,-0.04566271589756282
1005,1005.0,-0.06764668357851525
1006,1006.0,-0.09048483930030607
1007,1007.0,-0.11458488042653855
1008,1008.0,-0.14031621001531622
1009,1009.0,-0.16804428778998143
1010,1010.0,-0.19813223597261465
1011,1011.0,-0.23095114804849093
1012,1012.0,-0.2668035586664009
1013,1013.0,-0.30584693733728857
1014,1014.0,-0.3481012584506895
1015,1015.0,-0.39344900127476856
1016,1016.0,-0.4415642728596401
1017,1017.0,-0.49163457329493665
1018,1018.0,-0.5425621176821459
1019,1019.0,-0.5926431958003381
1020,1020.0,-0.6395327957286336
1021,1021.0,-0.6803994159978489
1022,1022.0,-0.7120647552455841
1023,1023.0,-0.7311377161593596
1024,1024.0,-0.7340872766332819
1025,1025.0,-0.7174250544798753
1026,1026.0,-0.6790309817007085
1027,1027.0,-0.6181305979241387
1028,1028.0,-0.5351415770445613
1029,1029.0,-0.4316870848393162
1030,1030.0,-0.3106177691502553
1031,1031.0,-0.17616632027191328
1032,1032.0,-0.03277503454790964
1033,1033.0,0.11577256627782967
1034,1034.0,0.2663754482762962
1035,1035.0,0.4166150653335443
1036,1036.0,0.564707175270854
1037,1037.0,0.709462637158402
1038,1038.0,0.851026630713604
1039,1039.0,0.9889095734362794
1040,1040.0,1.1216278174520937
1041,1041.0,1.246703649512495
1042,1042.0,1.3606677599447314
1043,1043.0,1.4588034098191762
1044,1044.0,1.5353513328163144
1045,1045.0,1.585010604752152
1046,1046.0,1.60313282473083
1047,1047.0,1.5859029241704576
1048,1048.0,1.534504968835168
1049,1049.0,1.454811786365311
1050,1050.0,-0.018570588735916584
1051,1051.0,1.2414674367757725
1052,1052.0,1.1267736729104991
1053,1053.0,1.0172870695619716
1054,1054.0,0.9169767361866286
1055,1055.0,0.828302555278697
1056,1056.0,0.7521841193867469
1057,1057.0,0.6880007325115456
1058,1058.0,0.6339511638915226
1059,1059.0,0.5878988286710533
1060,1060.0,0.5479632327785752
1061,1061.0,0.5127906337906802
1062,1062.0,0.48155404093212567
1063,1063.0,0.4538433174719166
1064,1064.0,0.42880357096391125
1065,1065.0,0.40578940662352253
1066,1066.0,0.3844442856860618
1067,1067.0,0.3646424054373
1068,1068.0,0.3464666402749539
1069,1069.0,0.3296867430644703
1070,1070.0,0.3139391988876051
1071,1071.0,0.2989587307778464
1072,1072.0,0.28451787140278456
1073,1073.0,0.270425392426883
1074,1074.0,0.25638548265274835
1075,1075.0,0.24205184324093745
1076,1076.0,0.2271670224247216
1077,1077.0,0.21152946137822837
1078,1078.0,0.1949934942164268
1079,1079.0,0.17747898056547934
1080,1080.0,0.158950923135697
1081,1081.0,0.1394109744376092
1082,1082.0,0.1189239030779853
1083,1083.0,0.09761777969312503
1084,1084.0,0.07564274954238812
1085,1085.0,0.05301004988372877
1086,1086.0,0.029704484687683524
1087,1087.0,0.005694833954478562
1088,1088.0,-0.019068172558640087
1089,1089.0,-0.044674953671639345
1090,1090.0,-0.07136060833147104
1091,1091.0,-0.09935750444942797
1092,1092.0,-0.12889066930940812
1093,1093.0,-0.1601836519047444
1094,1094.0,-0.19345838565394483
1095,1095.0,-0.2288934480199806
1096,1096.0,-0.2665653163547077
1097,1097.0,-0.30643526364287627
1098,1098.0,-0.3483355391436307
1099,1099.0,-0.3919693683904647
1100,1100.0,-0.15898384098520552
1101,1101.0,-0.48234381480484984
1102,1102.0,-0.52749314006214
1103,1103.0,-0.5712049828190503
1104,1104.0,-0.6120651237851411
1105,1105.0,-0.6484628699443188
1106,1106.0,-0.6788169928974346
1107,1107.0,-0.7015326259876655
1108,1108.0,-0.7151134481924832
1109,1109.0,-0.7181629154184261
1110,1110.0,-0.7094855805342876
1111,1111.0,-0.6889479108295973
1112,1112.0,-0.6569375701432688
1113,1113.0,-0.6140984129586315
1114,1114.0,-0.5613304844034666
1115,1115.0,-0.4997900202499682
1116,1116.0,-0.43141894310577344
1117,1117.0,-0.3584517285063734
1118,1118.0,-0.28250818506150366
1119,1119.0,-0.20514990466393718
1120,1120.0,-0.12788108919463492
1121,1121.0,-0.052148550522778836
1122,1122.0,0.021068727655033245
1123,1123.0,0.09160936615029991
1124,1124.0,0.1593120678341256
1125,1125.0,0.2241065471212194
1126,1126.0,0.28601384859567996
1127,1127.0,0.345166024154591
1128,1128.0,0.4019253757207415
1129,1129.0,0.456703904961243
1130,1130.0,0.5099015254029655
1131,1131.0,0.5619119046431232
1132,1132.0,0.6131990898128048
1133,1133.0,0.6643065125100754
1134,1134.0,0.7157627740489305
1135,1135.0,0.7680829066781034
1136,1136.0,0.8217922477608998
1137,1137.0,0.877468944419088
1138,1138.0,0.9356282552018504
1139,1139.0,0.9967124848820983
1140,1140.0,1.0610922292329314
1141,1141.0,1.1290442618127468
1142,1142.0,1.2005122863634667
1143,1143.0,1.2751735380872646
1144,1144.0,1.3524905856134783
1145,1145.0,1.4315814189582483
1146,1146.0,1.5108283808146568
1147,1147.0,1.5880385303544136
1148,1148.0,1.6604788519858247
1149,1149.0,1.725059712510688
1150,1150.0,-0.2693170985511405
1151,1151.0,1.8118246307292893
1152,1152.0,1.823920319130704
1153,1153.0,1.8100065096166391
1154,1154.0,1.7670826027563553
1155,1155.0,1.6937114931625479
1156,1156.0,1.5930285131277697
1157,1157.0,1.4701815719424927
1158,1158.0,1.3321248598788733
1159,1159.0,1.1876702019484762
1160,1160.0,1.0473844398238288
1161,1161.0,0.9187313519396141
1162,1162.0,0.8065430890791817
1163,1163.0,0.7136566012806647
1164,1164.0,0.6409129452873462
1165,1165.0,0.5859612519335865
1166,1166.0,0.5452209082496114
1167,1167.0,0.5157835053965854
1168,1168.0,0.49441818616290023
1169,1169.0,0.4777914516495921
1170,1170.0,0.46426134846450245
1171,1171.0,0.4524585275124621
1172,1172.0,0.4412357021800571
1173,1173.0,0.42981871586998777
1174,1174.0,0.4177231257903996
1175,1175.0,0.4045316591366178
1176,1176.0,0.3899800014516694
1177,1177.0,0.37398457730702594
1178,1178.0,0.3566425503025886
1179,1179.0,0.33822631506343387
1180,1180.0,0.31897975790867295
1181,1181.0,0.2990902920961241
1182,1182.0,0.2789598146710165
1183,1183.0,0.2592219661207051
1184,1184.0,0.24074184604687346
1185,1185.0,0.22434767578915296
1186,1186.0,0.21060802072924578
1187,1187.0,0.20014782212402596
1188,1188.0,0.19360798534898987
1189,1189.0,0.1915929564648009
1190,1190.0,0.19419871560392815
1191,1191.0,0.2012456968080319
1192,1192.0,0.21236340789607605
1193,1193.0,0.22693403917988567
1194,1194.0,0.2439981018068662
1195,1195.0,0.26246369931815644
1196,1196.0,0.2811605530045975
1197,1197.0,0.29886870574834284
1198,1198.0,0.31444604334207293
1199,1199.0,0.326917384314586
1200,1200.0,-0.2107482522856761
1201,1201.0,0.3395513952472894
1202,1202.0,0.3388446465928789
1203,1203.0,0.33346210804770543
1204,1204.0,0.323746442922155
1205,1205.0,0.3102847570986264
1206,1206.0,0.2939085990315313
1207,1207.0,0.2756466234063787
1208,1208.0,0.25631839540588636
1209,1209.0,0.23656299125917452
1210,1210.0,0.21693859005909588
1211,1211.0,0.19792247537108726
1212,1212.0,0.17975861990336425
1213,1213.0,0.16206681233399087
1214,1214.0,0.14448700197385755
1215,1215.0,0.1266553705167413
1216,1216.0,0.10819370860872617
1217,1217.0,0.08875471151771466
1218,1218.0,0.06808346956659332
1219,1219.0,0.04594365207422475
1220,1220.0,0.022355357160646128
1221,1221.0,-0.0023904027927616756
1222,1222.0,-0.027731701143262844
1223,1223.0,-0.0528880229698973
1224,1224.0,-0.07704954578545695
1225,1225.0,-0.09915789173999055
1226,1226.0,-0.11789722776918246
1227,1227.0,-0.13174949527523708
1228,1228.0,-0.13935162595441813
1229,1229.0,-0.1395014468873728
1230,1230.0,-0.1311590756821236
1231,1231.0,-0.11350710414329773
1232,1232.0,-0.08639641746307916
1233,1233.0,-0.050180376689558756
1234,1234.0,-0.005586334269280152
1235,1235.0,0.04627382522445833
1236,1236.0,0.10388195551532714
1237,1237.0,0.16555848567895692
1238,1238.0,0.229676876978951
1239,1239.0,0.2946722184141615
1240,1240.0,0.3590444451755056
1241,1241.0,0.4214659275392733
1242,1242.0,0.4807994592032981
1243,1243.0,0.5359653318845399
1244,1244.0,0.5859329078448247
1245,1245.0,0.6297458208149068
1246,1246.0,0.6666316242379356
1247,1247.0,0.6959761818339382
1248,1248.0,0.7173041379461995
1249,1249.0,0.7302941354628706
1250,1250.0,0.03480957023359349
1251,1251.0,0.7325405521337923
1252,1252.0,0.7233699282893388
1253,1253.0,0.708648068038951
1254,1254.0,0.6895697904619036
1255,1255.0,0.6675429657568143
1256,1256.0,0.6438005278482875
1257,1257.0,0.6193819249793647
1258,1258.0,0.5951483371257936
1259,1259.0,0.5717777550436057
1260,1260.0,0.5497130756263863
1261,1261.0,0.5292678342487264
1262,1262.0,0.5107160909198335
1263,1263.0,0.494293709296846
1264,1264.0,0.48019835668485444
1265,1265.0,0.46858950403688426
1266,1266.0,0.4596233078384195
1267,1267.0,0.45355668183529024
1268,1268.0,0.45046974987245403
1269,1269.0,0.45044480450100344
1270,1270.0,0.4535956642032546
1271,1271.0,0.45987401153533625
1272,1272.0,0.4689028132236458
1273,1273.0,0.48022949534315323
1274,1274.0,0.4933180085532523
1275,1275.0,0.5075340929199943
1276,1276.0,0.5219884710117272
1277,1277.0,0.5356865325428063
1278,1278.0,0.5476987676620514
1279,1279.0,0.5571641686436839
1280,1280.0,0.5632592256693859
1281,1281.0,0.5652539002389415
1282,1282.0,0.5627690715440604
1283,1283.0,0.5556563807763428
1284,1284.0,0.5439890171712265
1285,1285.0,0.5280682054660619
1286,1286.0,0.50864053911349
1287,1287.0,0.48660028515701353
1288,1288.0,0.46279493419268314
1289,1289.0,0.4380828102090732
1290,1290.0,0.41333307058730573
1291,1291.0,0.38941893528248744
1292,1292.0,0.3666673905280151
1293,1293.0,0.34492382104331926
1294,1294.0,0.3240701920701174
1295,1295.0,0.303933063024822
1296,1296.0,0.28428358749853344
1297,1297.0,0.26484669773370567
1298,1298.0,0.24540957380509962
1299,1299.0,0.22581592354699187
1300,1300.0,0.31226079809547264
1301,1301.0,0.18646770866303497
1302,1302.0,0.16739149287215752
1303,1303.0,0.1495112130993797
1304,1304.0,0.13354785687277212
1305,1305.0,0.12023701771456319
1306,1306.0,0.11045447857233229
1307,1307.0,0.10522419293306019
1308,1308.0,0.10545891718171232
1309,1309.0,0.11155590247338336
1310,1310.0,0.12369877121137163
1311,1311.0,0.14180466971385705
1312,1312.0,0.16547658560140355
1313,1313.0,0.1937333714403468
1314,1314.0,0.22532723999359078
1315,1315.0,0.25885641105860246
1316,1316.0,0.2927667750702259
1317,1317.0,0.3254465531336182
1318,1318.0,0.3553846968163533
1319,1319.0,0.3812297725810445
1320,1320.0,0.4017914846037609
1321,1321.0,0.41612258539462804
1322,1322.0,0.4238117134394505
1323,1323.0,0.42484812929618426
1324,1324.0,0.4195627005216184
1325,1325.0,0.40862790167136476
1326,1326.0,0.39312308048552974
1327,1327.0,0.3745038490802718
1328,1328.0,0.3539507449170879
1329,1329.0,0.3325775759446941
1330,1330.0,0.3114579322029299
1331,1331.0,0.2915976112244697
1332,1332.0,0.2731057608783567
1333,1333.0,0.255597602610242
1334,1334.0,0.23873386425237036
1335,1335.0,0.22210858598581684
1336,1336.0,0.20525591715938768
1337,1337.0,0.1877635113081114
1338,1338.0,0.16928198534321903
1339,1339.0,0.14968285506636164
1340,1340.0,0.1291002012876073
1341,1341.0,0.10793066982543616
1342,1342.0,0.08679721434538078
1343,1343.0,0.06648509067040007
1344,1344.0,0.04805407193766076
1345,1345.0,0.032840585529876246
1346,1346.0,0.022382070617490944
1347,1347.0,0.01813932289246371
1348,1348.0,0.021521182859876333
1349,1349.0,0.03382900515855938
1350,1350.0,0.4811003018664634
1351,1351.0,0.08820327683366788
1352,1352.0,0.13059136171621574
1353,1353.0,0.18247591977258504
1354,1354.0,0.2425856071813337
1355,1355.0,0.3094371987193116
1356,1356.0,0.38139295075238266
1357,1357.0,0.45662682179715625
1358,1358.0,0.5332258674237941
1359,1359.0,0.6093134268520127
1360,1360.0,0.6829753676817987
1361,1361.0,0.7522586997811038
1362,1362.0,0.8149619907588737
1363,1363.0,0.8688479757462123
1364,1364.0,0.9118380615866292
1365,1365.0,0.9418751357944428
1366,1366.0,0.9569235665548002
1367,1367.0,0.9550664697276519
1368,1368.0,0.9365585541253975
1369,1369.0,0.9036383364786346
1370,1370.0,0.8591312858535737
1371,1371.0,0.806484069813217
1372,1372.0,0.7497744883531838
1373,1373.0,0.693297369671405
1374,1374.0,0.6396575990857921
1375,1375.0,0.5905348204835901
1376,1376.0,0.5469807346029906
1377,1377.0,0.5094190990331227
1378,1378.0,0.47740024315590196
1379,1379.0,0.44935256024888615
1380,1380.0,0.4240814919357925
1381,1381.0,0.4006638013568177
1382,1382.0,0.37842685809690974
1383,1383.0,0.35695510227171734
1384,1384.0,0.3359604898446317
1385,1385.0,0.31519125989093005
1386,1386.0,0.29475965562586565
1387,1387.0,0.27517165801752475
1388,1388.0,0.25731806521277895
1389,1389.0,0.24196335107851064
1390,1390.0,0.2296887540775967
1391,1391.0,0.22121198223608976
1392,1392.0,0.2173156240146645
1393,1393.0,0.21879149556383018
1394,1394.0,0.22579063515007483
1395,1395.0,0.23809467008240257
1396,1396.0,0.2552477561014346
1397,1397.0,0.2764879121716977
1398,1398.0,0.3005983107173412
1399,1399.0,0.32616385606772846
1400,1400.0,0.49628042219239343
1401,1401.0,0.37571439788546057
1402,1402.0,0.39670256951531924
1403,1403.0,0.4134053693184472
1404,1404.0,0.42478150346798693
1405,1405.0,0.43026463580087854
1406,1406.0,0.4296790850698277
1407,1407.0,0.4232079888071848
1408,1408.0,0.4114190185574262
1409,1409.0,0.3954176201271385
1410,1410.0,0.3764088376603973
1411,1411.0,0.35561127848931934
1412,1412.0,0.3342789335034367
1413,1413.0,0.31356578774306965
1414,1414.0,0.29382503820552625
1415,1415.0,0.2751045990994047
1416,1416.0,0.2573015033285913
1417,1417.0,0.24015173149890529
1418,1418.0,0.22322221668174522
1419,1419.0,0.20597926179891726
1420,1420.0,0.18802650302179474
1421,1421.0,0.16915158478887274
1422,1422.0,0.14932601467539686
1423,1423.0,0.12871717413997294
1424,1424.0,0.10768116175439418
1425,1425.0,0.08669678777996852
1426,1426.0,0.0664920944467541
1427,1427.0,0.048052630299612396
1428,1428.0,0.032360006057856626
1429,1429.0,0.020235220821950683
1430,1430.0,0.012483656836915963
1431,1431.0,0.009810513920246124
1432,1432.0,0.012478369065580294
1433,1433.0,0.020408949199336675
1434,1434.0,0.033254861252978565
1435,1435.0,0.05026882144611375
1436,1436.0,0.07036379009077294
1437,1437.0,0.09230672193199617
1438,1438.0,0.11473803142905817
1439,1439.0,0.13630033041259743
1440,1440.0,0.15577698589509878
1441,1441.0,0.17211007738736045
1442,1442.0,0.18441920329798986
1443,1443.0,0.19215025668449567
1444,1444.0,0.19504922381438186
1445,1445.0,0.19311763135761706
1446,1446.0,0.1866131708878476
1447,1447.0,0.17603684914730053
1448,1448.0,0.16201107552545377
1449,1449.0,0.14518148749449705
1450,1450.0,0.41720155697776135
1451,1451.0,0.10577472830008744
1452,1452.0,0.08427637138330188
1453,1453.0,0.061897659385511936
1454,1454.0,0.038732235188492295
1455,1455.0,0.014768781088709965
1456,1456.0,-0.010101393128664935
1457,1457.0,-0.03603948173066376
1458,1458.0,-0.06315281087610085
1459,1459.0,-0.09139861909528123
1460,1460.0,-0.12057955129361417
1461,1461.0,-0.15030464447004568
1462,1462.0,-0.17988146485090734
1463,1463.0,-0.20846673491616835
1464,1464.0,-0.23481427071453742
1465,1465.0,-0.2572476793170164
1466,1466.0,-0.2737699480759408
1467,1467.0,-0.2825079878964405
1468,1468.0,-0.2815825582346662
1469,1469.0,-0.26924746546541317
1470,1470.0,-0.2439025327763628
1471,1471.0,-0.20445176554476496
1472,1472.0,-0.15105717766885768
1473,1473.0,-0.08444585536481528
1474,1474.0,-0.0057480583825248455
1475,1475.0,0.08349616415378786
1476,1476.0,0.1810284450944244
1477,1477.0,0.2844010715495515
1478,1478.0,0.39142594667088154
1479,1479.0,0.5000899665661509
1480,1480.0,0.6085467577747753
1481,1481.0,0.7149732292173749
1482,1482.0,0.8179022256207461
1483,1483.0,0.9154497180796605
1484,1484.0,1.005059772096074
1485,1485.0,1.0835045475790075
1486,1486.0,1.1469065655079154
1487,1487.0,1.1912700499238176
1488,1488.0,1.2135612831264233
1489,1489.0,1.2119790910594042
1490,1490.0,1.1859571228755004
1491,1491.0,1.136256384343931
1492,1492.0,1.068129782621811
1493,1493.0,0.9887541329495273
1494,1494.0,0.9045250274017945
1495,1495.0,0.8216001083136518
1496,1496.0,0.7458621180582076
1497,1497.0,0.6798419021922323
1498,1498.0,0.6229912017391002
1499,1499.0,0.5746968924725071
1500,1500.0,0.3271473908361255
1501,1501.0,0.49863146560610433
1502,1502.0,0.467643143658499
1503,1503.0,0.4396377709477546
1504,1504.0,0.41374022924549303
1505,1505.0,0.3896355867410753
1506,1506.0,0.3675666187489116
1507,1507.0,0.34798762535135297
1508,1508.0,0.33134091867568044
1509,1509.0,0.3184486631869033
1510,1510.0,0.31050743012224535
1511,1511.0,0.30885628615200184
1512,1512.0,0.31423644737844947
1513,1513.0,0.327208120155067
1514,1514.0,0.34807939744187916
1515,1515.0,0.3766616380492381
1516,1516.0,0.41203232123363537
1517,1517.0,0.4528920304766828
1518,1518.0,0.49752832942128744
1519,1519.0,0.543849969402177
1520,1520.0,0.589623824515024
1521,1521.0,0.6325030144212971
1522,1522.0,0.6701594128605081
1523,1523.0,0.7004193671529287
1524,1524.0,0.7212465395182972
1525,1525.0,0.7308544089744646
1526,1526.0,0.7285399709494053
1527,1527.0,0.7146397237660596
1528,1528.0,0.6902954281193154
1529,1529.0,0.657453274339219
1530,1530.0,0.619284721136084
1531,1531.0,0.5791820027829335
1532,1532.0,0.5397348159184645
1533,1533.0,0.5031626331849638
1534,1534.0,0.4713147136805475
1535,1535.0,0.4450452163877448
1536,1536.0,0.4230200314042942
1537,1537.0,0.4041089349298922
1538,1538.0,0.38726442576251574
1539,1539.0,0.37149739858005454
1540,1540.0,0.35592169041419314
1541,1541.0,0.3398780383694293
1542,1542.0,0.3228265352309153
1543,1543.0,0.30459427389811466
1544,1544.0,0.28539776819292917
1545,1545.0,0.2657936171000429
1546,1546.0,0.2461988702964949
1547,1547.0,0.22714544638915157
1548,1548.0,0.20948961932433507
1549,1549.0,0.19440066311350493
1550,1550.0,0.2670849104559333
1551,1551.0,0.17667665576586936
1552,1552.0,0.17570651424486994
1553,1553.0,0.1809744234040642
1554,1554.0,0.19299396258136844
1555,1555.0,0.21167984735963136
1556,1556.0,0.23662095773935762
1557,1557.0,0.26711563909449126
1558,1558.0,0.30216121624946457
1559,1559.0,0.3404832323444043
1560,1560.0,0.38070498372070954
1561,1561.0,0.42141720854133413
1562,1562.0,0.46117918227534965
1563,1563.0,0.4985815267012625
1564,1564.0,0.5323885153393395
1565,1565.0,0.561498316697433
1566,1566.0,0.5849324961208617
1567,1567.0,0.6018368610622606
1568,1568.0,0.6116487219892912
1569,1569.0,0.6143472596260469
1570,1570.0,0.6101988656545422
1571,1571.0,0.5997144258646037
1572,1572.0,0.5836571283522691
1573,1573.0,0.563206745924278
1574,1574.0,0.5396701137599657
1575,1575.0,0.5142254215725223
1576,1576.0,0.4879355101806322
1577,1577.0,0.4617370685941455
1578,1578.0,0.4361998151611601
1579,1579.0,0.411566785681306
1580,1580.0,0.38796175796409726
1581,1581.0,0.3653895660215419
1582,1582.0,0.3437361000681672
1583,1583.0,0.3228417402864066
1584,1584.0,0.3026203310838395
1585,1585.0,0.28290049306047194
1586,1586.0,0.26370271281130286
1587,1587.0,0.24525607513255573
1588,1588.0,0.22799826302164522
1589,1589.0,0.21252236971544342
1590,1590.0,0.19926468776496029
1591,1591.0,0.1887825797411665
1592,1592.0,0.1817171145821211
1593,1593.0,0.1787699985094279
1594,1594.0,0.18052733181504307
1595,1595.0,0.18723899005435993
1596,1596.0,0.1989925928796486
1597,1597.0,0.2157146554447659
1598,1598.0,0.23695248651639816
1599,1599.0,0.261889228822429
1600,1600.0,0.291297396284501
1601,1601.0,0.3186306730009856
1602,1602.0,0.34791006209533176
1603,1603.0,0.3759823972473842
1604,1604.0,0.4015492720895838
1605,1605.0,0.4234353220443323
1606,1606.0,0.44058119345475205
1607,1607.0,0.45215334544790864
1608,1608.0,0.45775551273510023
1609,1609.0,0.45733361806149325
1610,1610.0,0.45116585615379395
1611,1611.0,0.4398741506397135
1612,1612.0,0.42445868758501426
1613,1613.0,0.4060003991824095
1614,1614.0,0.3855667068786955
1615,1615.0,0.36421703411463957
1616,1616.0,0.342902639813315
1617,1617.0,0.3219426464867342
1618,1618.0,0.30144296888084476
1619,1619.0,0.2813999161685248
1620,1620.0,0.2616890852461442
1621,1621.0,0.24211533757186052
1622,1622.0,0.22250000729465821
1623,1623.0,0.20280310565339724
1624,1624.0,0.18328382469972876
1625,1625.0,0.16450317314549306
1626,1626.0,0.14732435087567136
1627,1627.0,0.13290436060862354
1628,1628.0,0.12253459929782531
1629,1629.0,0.11774798415111715
1630,1630.0,0.12035661808877479
1631,1631.0,0.131913371434347
1632,1632.0,0.15344075899465828
1633,1633.0,0.18561786691909993
1634,1634.0,0.22869587800713853
1635,1635.0,0.281982991624407
1636,1636.0,0.3441942939347169
1637,1637.0,0.41362541995296864
1638,1638.0,0.4882093547380162
1639,1639.0,0.5655847370936778
1640,1640.0,0.643291370814264
1641,1641.0,0.7189084990640244
1642,1642.0,0.789987130138824
1643,1643.0,0.8536973655005345
1644,1644.0,0.9072079829121809
1645,1645.0,0.9476197943148164
1646,1646.0,0.9719424667140828
1647,1647.0,0.9779176195343455
1648,1648.0,0.9654253142601662
1649,1649.0,0.9356845122196887
1650,1650.0,0.43667557192670037
1651,1651.0,0.8354777214486852
1652,1652.0,0.7745168391919761
1653,1653.0,0.7127301665655907
1654,1654.0,0.6537041559263037
1655,1655.0,0.6003860083554544
1656,1656.0,0.554989457861787
1657,1657.0,0.5168816657666935
1658,1658.0,0.4843252958447938
1659,1659.0,0.45600664307624733
1660,1660.0,0.430776900590599
1661,1661.0,0.40765215966677343
1662,1662.0,0.3858672947254408
1663,1663.0,0.36462723062664154
1664,1664.0,0.3433547359935122
1665,1665.0,0.32199197717149
1666,1666.0,0.30100130239440936
1667,1667.0,0.28131354465192543
1668,1668.0,0.26338174895784766
1669,1669.0,0.24765608910279804
1670,1670.0,0.23491048989627122
1671,1671.0,0.226132131887392
1672,1672.0,0.2223967466669525
1673,1673.0,0.22422230053615774
1674,1674.0,0.23196123320472636
1675,1675.0,0.24576349525471772
1676,1676.0,0.2655535211320111
1677,1677.0,0.29089795234741905
1678,1678.0,0.32087136795364674
1679,1679.0,0.35437639303265733
1680,1680.0,0.3901464321867024
1681,1681.0,0.4267468743338678
1682,1682.0,0.46264872707063787
1683,1683.0,0.4963715006546122
1684,1684.0,0.5264968635241573
1685,1685.0,0.5516680249528128
1686,1686.0,0.5705949641991004
1687,1687.0,0.5823237339457328
1688,1688.0,0.5864353753424311
1689,1689.0,0.5828707989093637
1690,1690.0,0.571920934537488
1691,1691.0,0.5542386569476395
1692,1692.0,0.5313125681484262
1693,1693.0,0.5049796559387835
1694,1694.0,0.47693853455613866
1695,1695.0,0.4488456470292049
1696,1696.0,0.4223061993918613
1697,1697.0,0.3982674773837762
1698,1698.0,0.376765735085702
1699,1699.0,0.3576381476634616
1700,1700.0,0.620616661415938
1701,1701.0,0.32496870473058
1702,1702.0,0.31020913512048653
1703,1703.0,0.2955004582638113
1704,1704.0,0.28025226409753634
1705,1705.0,0.26407578813386057
1706,1706.0,0.24678377028083903
1707,1707.0,0.22841348240376838
1708,1708.0,0.20917896577978295
1709,1709.0,0.18937894591397564
1710,1710.0,0.1696864551605485
1711,1711.0,0.1511706061824119
1712,1712.0,0.1352799492769852
1713,1713.0,0.12339347662617156
1714,1714.0,0.1168553373068553
1715,1715.0,0.11710245370329997
1716,1716.0,0.12557005469654645
1717,1717.0,0.14315193733786657
1718,1718.0,0.1701242332771501
1719,1719.0,0.20632299843897148
1720,1720.0,0.25108458139416173
1721,1721.0,0.3029693558256591
1722,1722.0,0.3601713099921577
1723,1723.0,0.42071864923528457
1724,1724.0,0.4824749018738915
1725,1725.0,0.5432174978673153
1726,1726.0,0.6007782049948687
1727,1727.0,0.6530687120692052
1728,1728.0,0.6980550242860727
1729,1729.0,0.7337500895823923
1730,1730.0,0.758710754367349
1731,1731.0,0.7719016603380854
1732,1732.0,0.7726575526143472
1733,1733.0,0.7609049456504859
1734,1734.0,0.7383760805384441
1735,1735.0,0.7074550397311118
1736,1736.0,0.6707546385180849
1737,1737.0,0.6311372130514236
1738,1738.0,0.5913606920041368
1739,1739.0,0.553057778562025
1740,1740.0,0.5172442380635933
1741,1741.0,0.48447768286436854
1742,1742.0,0.4548574102501608
1743,1743.0,0.42794632212501577
1744,1744.0,0.403001702173298
1745,1745.0,0.37947137286448174
1746,1746.0,0.3570252365147151
1747,1747.0,0.33555536171080186
1748,1748.0,0.3151084818786444
1749,1749.0,0.29573047246062834
1750,1750.0,0.6826813105828968
1751,1751.0,0.261444321731603
1752,1752.0,0.24778893310879888
1753,1753.0,0.23717840400299411
1754,1754.0,0.2298411189060785
1755,1755.0,0.22598824557514413
1756,1756.0,0.22577844523335328
1757,1757.0,0.22903644250429236
1758,1758.0,0.2351225356893603
1759,1759.0,0.24329343470043546
1760,1760.0,0.25270552547430475
1761,1761.0,0.2623662269221397
1762,1762.0,0.2711923275318191
1763,1763.0,0.27822928498152993
1764,1764.0,0.2826483918014332
1765,1765.0,0.2837750664442509
1766,1766.0,0.28123887544726084
1767,1767.0,0.2749358287964423
1768,1768.0,0.26499610558721687
1769,1769.0,0.25178422717367627
1770,1770.0,0.2359147065737328
1771,1771.0,0.21803203881930572
1772,1772.0,0.19874611310358173
1773,1773.0,0.17869777799608472
1774,1774.0,0.15855289166223302
1775,1775.0,0.13863564259484348
1776,1776.0,0.11890906015403498
1777,1777.0,0.09928844115590449
1778,1778.0,0.07960244007513563
1779,1779.0,0.05958987690945546
1780,1780.0,0.038875284285663475
1781,1781.0,0.017086290840967994
1782,1782.0,-0.006061082602355772
1783,1783.0,-0.030760600551800035
1784,1784.0,-0.05711314743739071
1785,1785.0,-0.08508133451159572
1786,1786.0,-0.11453499267733415
1787,1787.0,-0.14516587825998778
1788,1788.0,-0.17645767284160724
1789,1789.0,-0.20768598326087884
1790,1790.0,-0.23791985369887034
1791,1791.0,-0.26611777214099785
1792,1792.0,-0.2912266156643321
1793,1793.0,-0.312088102866905
1794,1794.0,-0.32742863288418866
1795,1795.0,-0.33603952805436665
1796,1796.0,-0.33716904006927795
1797,1797.0,-0.33028251802583874
1798,1798.0,-0.31528872911913053
1799,1799.0,-0.2924961799635941
1800,1800.0,0.5663164161301033
1801,1801.0,-0.22735109679937454
1802,1802.0,-0.1879163344273096
1803,1803.0,-0.14605071639891476
1804,1804.0,-0.1035597245804763
1805,1805.0,-0.062390054508808676
1806,1806.0,-0.024172852479245943
1807,1807.0,0.009659163137387156
1808,1808.0,0.03786051855885458
1809,1809.0,0.05943566740463948
1810,1810.0,0.07389016553068911
1811,1811.0,0.08105503408467227
1812,1812.0,0.08109099539407832
1813,1813.0,0.0744933757122905
1814,1814.0,0.06207915302708509
1815,1815.0,0.04486165043472548
1816,1816.0,0.023881276814756908
1817,1817.0,0.0001806031286797627
1818,1818.0,-0.025219774757694234
1819,1819.0,-0.051765913826391494
1820,1820.0,-0.07932752363800658
1821,1821.0,-0.1079386763172811
1822,1822.0,-0.13780680496544537
1823,1823.0,-0.16931117578779378
1824,1824.0,-0.2029335181412118
1825,1825.0,-0.23891961431610254
1826,1826.0,-0.27712452886609684
1827,1827.0,-0.31700792896769303
1828,1828.0,-0.357335693695617
1829,1829.0,-0.39616735160697314
1830,1830.0,-0.43076227206488216
1831,1831.0,-0.4574045113777433
1832,1832.0,-0.47140281279920604
1833,1833.0,-0.4674133537005295
1834,1834.0,-0.4410280616915506
1835,1835.0,-0.3888789599651229
1836,1836.0,-0.3089240076612115
1837,1837.0,-0.2005221960710611
1838,1838.0,-0.06606797156321936
1839,1839.0,0.08949955181880509
1840,1840.0,0.2611004393244246
1841,1841.0,0.4436198192733338
1842,1842.0,0.6320271213968869
1843,1843.0,0.8235292932340766
1844,1844.0,1.0167150124207969
1845,1845.0,1.210431290649765
1846,1846.0,1.4037813063707802
1847,1847.0,1.5957088042409049
1848,1848.0,1.7819576766696257
1849,1849.0,1.9545349891405501
1850,1850.0,0.41664279442793295
1851,1851.0,2.202206212228789
1852,1852.0,2.237340791524127
1853,1853.0,2.1926691660068816
1854,1854.0,2.0688375591104724
1855,1855.0,1.8766593682754742
1856,1856.0,1.6370718179931363
1857,1857.0,1.3857456178142507
1858,1858.0,1.1540045035418676
1859,1859.0,0.9594997188866968
1860,1860.0,0.8120923514590612
1861,1861.0,0.7067907882205275
1862,1862.0,0.6329010139534141
1863,1863.0,0.5817851751941134
1864,1864.0,0.5452737298000447
1865,1865.0,0.517371276948791
1866,1866.0,0.4941209085234014
1867,1867.0,0.4732149948043042
1868,1868.0,0.4535354256032921
1869,1869.0,0.43387038652679244
1870,1870.0,0.413641025245807
1871,1871.0,0.3927614345975889
1872,1872.0,0.3716329658450101
1873,1873.0,0.35056978515557863
1874,1874.0,0.32955064837483267
1875,1875.0,0.3088178445527803
1876,1876.0,0.28876721584115095
1877,1877.0,0.2699420729369804
1878,1878.0,0.25264930922861367
1879,1879.0,0.23690416642739012
1880,1880.0,0.22272443877618348
1881,1881.0,0.2100869897212878
1882,1882.0,0.19891907393153566
1883,1883.0,0.1888862142897079
1884,1884.0,0.17950973652565927
1885,1885.0,0.1703126686297934
1886,1886.0,0.1607980305162795
1887,1887.0,0.1504518699964708
1888,1888.0,0.13880622941759668
1889,1889.0,0.1254574090900694
1890,1890.0,0.11013172125798593
1891,1891.0,0.09270490567644075
1892,1892.0,0.07320212961154623
1893,1893.0,0.05179798784040292
1894,1894.0,0.02881007404996692
1895,1895.0,0.00455985624356503
1896,1896.0,-0.020689867651355887
1897,1897.0,-0.04665158760384737
1898,1898.0,-0.07300925984494332
1899,1899.0,-0.09949189401402858
1900,1900.0,0.3105281947971235
1901,1901.0,-0.15340637761285886
1902,1902.0,-0.18137313459778437
1903,1903.0,-0.21050126802897054
1904,1904.0,-0.24130738416836067
1905,1905.0,-0.2744461882022294
1906,1906.0,-0.31051466923392523
1907,1907.0,-0.3500298858521173
1908,1908.0,-0.39342896613085654
1909,1909.0,-0.4409736065233199
1910,1910.0,-0.4926830227936549
1911,1911.0,-0.5484399029762576
1912,1912.0,-0.607475735869031
1913,1913.0,-0.6683451043554345
1914,1914.0,-0.7289256854044195
1915,1915.0,-0.7864213662986083
1916,1916.0,-0.8374885245775
1917,1917.0,-0.8782763140846739
1918,1918.0,-0.9043985705988575
1919,1919.0,-0.910961650813866
1920,1920.0,-0.8939541117592547
1921,1921.0,-0.8511630495514764
1922,1922.0,-0.7817758843536375
1923,1923.0,-0.6865097288311475
1924,1924.0,-0.5676842570764985
1925,1925.0,-0.42999739626501543
1926,1926.0,-0.27894153004851374
1927,1927.0,-0.11948034336919822
1928,1928.0,0.04396620452072675
1929,1929.0,0.20752188005888728
1930,1930.0,0.36781609506229085
1931,1931.0,0.5237812884914328
1932,1932.0,0.6761864616822935
1933,1933.0,0.825281827852808
1934,1934.0,0.9707304035105724
1935,1935.0,1.111608008452888
1936,1936.0,1.2464032657667985
1937,1937.0,1.3729451660347336
1938,1938.0,1.4878227244396347
1939,1939.0,1.5867592614159172
1940,1940.0,1.6649815929308187
1941,1941.0,1.7172256532987757
1942,1942.0,1.7396105955821135
1943,1943.0,1.7314705879138927
1944,1944.0,1.6942153404927849
1945,1945.0,1.631799457180106
1946,1946.0,1.5507468956362747
1947,1947.0,1.4585181209883318
1948,1948.0,1.360725989807341
1949,1949.0,1.2623211835437096
1950,1950.0,0.2127023540586832
1951,1951.0,1.0809167599061018
1952,1952.0,1.0050604578887519
1953,1953.0,0.9390491981986816
1954,1954.0,0.8815208770768871
1955,1955.0,0.831775420808929
1956,1956.0,0.7889374521968255
1957,1957.0,0.7519562905590994
1958,1958.0,0.7196610524342714
1959,1959.0,0.691378409715179
1960,1960.0,0.6661767098524464
1961,1961.0,0.6431636378096051
1962,1962.0,0.6216585841552965
1963,1963.0,0.6011926450632326
1964,1964.0,0.5812626744464582
1965,1965.0,0.5610937429581782
1966,1966.0,0.5402634699195834
1967,1967.0,0.5185232607631678
1968,1968.0,0.4957937798900343
1969,1969.0,0.47216830147351824
1970,1970.0,0.4479454757740476
1971,1971.0,0.42352479354956435
1972,1972.0,0.39936412700309654
1973,1973.0,0.3759852061885367
1974,1974.0,0.3539736190106693
1975,1975.0,0.3338688992874941
1976,1976.0,0.3157116061682781
1977,1977.0,0.2993694580186675
1978,1978.0,0.28469254290383406
1979,1979.0,0.27151332699936936
1980,1980.0,0.2596124861160385
1981,1981.0,0.24838869940093716
1982,1982.0,0.23724954629770512
1983,1983.0,0.22572229433385482
1984,1984.0,0.2134213038620117
1985,1985.0,0.20004720242076082
1986,1986.0,0.18532953777449573
1987,1987.0,0.16909514280186272
1988,1988.0,0.1513081065154372
1989,1989.0,0.13204379390160026
1990,1990.0,0.11148884592053486
1991,1991.0,0.08995168605182031
1992,1992.0,0.06793457780179488
1993,1993.0,0.04599494072726458
1994,1994.0,0.02487969885372389
1995,1995.0,0.0055605979797058724
1996,1996.0,-0.010874052692985291
1997,1997.0,-0.023435176606066747
1998,1998.0,-0.031094400591896325
1999,1999.0,-0.03284516263147094
2000,2000.0,0.12218391769196299
2001,2001.0,-0.015654854622783456
2002,2002.0,0.00399815159777666
2003,2003.0,0.031014160150199095
2004,2004.0,0.06485342336737625
2005,2005.0,0.1046177789841303
2006,2006.0,0.14922109140477458
2007,2007.0,0.1973940355373037
2008,2008.0,0.24767866862688429
2009,2009.0,0.29859845201487833
2010,2010.0,0.3487552768632016
2011,2011.0,0.39682960495712233
2012,2012.0,0.44152953621450275
2013,2013.0,0.4816961340247086
2014,2014.0,0.5163326694078052
2015,2015.0,0.5445729281870638
2016,2016.0,0.5656812129230508
2017,2017.0,0.5791441532143629
2018,2018.0,0.5849603984590046
2019,2019.0,0.5834578491716982
2020,2020.0,0.5752271600560175
2021,2021.0,0.5611225109039611
2022,2022.0,0.5423576323954069
2023,2023.0,0.5203146933048266
2024,2024.0,0.4962264193506738
2025,2025.0,0.47118002677696347
2026,2026.0,0.44611475332959394
2027,2027.0,0.42162612020357626
2028,2028.0,0.39792180459202386
2029,2029.0,0.37511318456560006
2030,2030.0,0.3532261639658545
2031,2031.0,0.33220117240521774
2032,2032.0,0.3118931921234871
2033,2033.0,0.29229855053740894
2034,2034.0,0.2735158419870488
2035,2035.0,0.25569329892705966
2036,2036.0,0.23923269572575684
2037,2037.0,0.22478934866513633
2038,2038.0,0.2131949256985051
2039,2039.0,0.2050973179153193
2040,2040.0,0.2012175857716656
2041,2041.0,0.20230053114748517
2042,2042.0,0.2090851466187722
2043,2043.0,0.2220029376396609
2044,2044.0,0.24116847287026766
2045,2045.0,0.2664810474442672
2046,2046.0,0.29758046920590964
2047,2047.0,0.3337148973241259
2048,2048.0,0.3739069263799478
2049,2049.0,0.4170401313952866
2050,2050.0,0.06308916027592781
2051,2051.0,0.5069176311855536
2052,2052.0,0.5508852086923557
2053,2053.0,0.592310601834668
2054,2054.0,0.6297922079116973
2055,2055.0,0.6621177405640564
2056,2056.0,0.6881583079817194
2057,2057.0,0.706856387692234
2058,2058.0,0.7173098530748294
2059,2059.0,0.7193305798680145
2060,2060.0,0.7132072086903631
2061,2061.0,0.6995522920824205
2062,2062.0,0.6793079975402543
2063,2063.0,0.6537839919666779
2064,2064.0,0.6246291369869065
2065,2065.0,0.5933356824817777
2066,2066.0,0.5612077836875674
2067,2067.0,0.5293673954806204
2068,2068.0,0.4987536670784261
2069,2069.0,0.4698419273016674
2070,2070.0,0.442605598287719
2071,2071.0,0.41698259330401344
2072,2072.0,0.3928359407648806
2073,2073.0,0.3699537842315036
2074,2074.0,0.3480924710139395
2075,2075.0,0.3271190813657735
2076,2076.0,0.30675980892033083
2077,2077.0,0.2868476397839933
2078,2078.0,0.26735739734352826
2079,2079.0,0.24840574226611198
2080,2080.0,0.23025117249932364
2081,2081.0,0.21325036245287526
2082,2082.0,0.19741447089405242
2083,2083.0,0.18275544909760444
2084,2084.0,0.16936275037946455
2085,2085.0,0.1573630128078044
2086,2086.0,0.14691008363294353
2087,2087.0,0.13793378615213936
2088,2088.0,0.13023257451932954
2089,2089.0,0.12359209176593591
2090,2090.0,0.11775397589577272
2091,2091.0,0.11241386623158627
2092,2092.0,0.10718004800499988
2093,2093.0,0.10162988433414148
2094,2094.0,0.09537328294839789
2095,2095.0,0.08805177252383259
2096,2096.0,0.07933850268318303
2097,2097.0,0.0689460170550397
2098,2098.0,0.056688177968102896
2099,2099.0,0.04245546265232792
2100,2100.0,0.018881250326677628
2101,2101.0,0.007864585328936668
2102,2102.0,-0.012466952031549027
2103,2103.0,-0.0347394349887891
2104,2104.0,-0.05888552050610818
2105,2105.0,-0.08484099644718773
2106,2106.0,-0.11255223390434602
2107,2107.0,-0.14201625044524202
2108,2108.0,-0.17324681503873685
2109,2109.0,-0.20625460358194825
2110,2110.0,-0.24104720703224988
2111,2111.0,-0.27762990968154594
2112,2112.0,-0.3159232515915984
2113,2113.0,-0.35569234223345175
2114,2114.0,-0.39656569345136683
2115,2115.0,-0.4380355062392315
2116,2116.0,-0.4793966146414324
2117,2117.0,-0.5195443511030466
2118,2118.0,-0.5572591425626242
2119,2119.0,-0.5910008493392662
2120,2120.0,-0.6188817813572347
2121,2121.0,-0.6387253794491292
2122,2122.0,-0.6486143777083202
2123,2123.0,-0.6469604592527162
2124,2124.0,-0.632441608975589
2125,2125.0,-0.604010338604738
2126,2126.0,-0.5609946181005562
2127,2127.0,-0.5041254878760351
2128,2128.0,-0.4349729008232065
2129,2129.0,-0.3553055766776759
2130,2130.0,-0.2670954673685997
2131,2131.0,-0.17253868929957883
2132,2132.0,-0.07420564114025757
2133,2133.0,0.025842072903488666
2134,2134.0,0.12593201372565638
2135,2135.0,0.22465223470011336
2136,2136.0,0.32085128168062627
2137,2137.0,0.41363961192240667
2138,2138.0,0.502502700828852
2139,2139.0,0.5871578649809175
2140,2140.0,0.6671554003436452
2141,2141.0,0.741846901532472
2142,2142.0,0.8103904087288263
2143,2143.0,0.8719241307754145
2144,2144.0,0.9256804848973018
2145,2145.0,0.9708836208497209
2146,2146.0,1.0067461114103684
2147,2147.0,1.0324992988903747
2148,2148.0,1.048115959951412
2149,2149.0,1.0541439373397485
2150,2150.0,-0.06344797553061883
2151,2151.0,1.0409737701747361
2152,2152.0,1.0243571910855669
2153,2153.0,1.0031338864431136
2154,2154.0,0.9787871241549291
2155,2155.0,0.9526475567237016
2156,2156.0,0.9258914027037525
2157,2157.0,0.8995404467010669
2158,2158.0,0.8744620393732483
2159,2159.0,0.8512841043257413
2160,2160.0,0.8301560089136076
2161,2161.0,0.8111383993242385
2162,2162.0,0.7942376847980659
2163,2163.0,0.779401552141417
2164,2164.0,0.7665189657265358
2165,2165.0,0.7554186260302226
2166,2166.0,0.7456346713959485
2167,2167.0,0.7365789742424136
2168,2168.0,0.7277423935898615
2169,2169.0,0.7186958239413432
2170,2170.0,0.7090901814552114
2171,2171.0,0.6984264435513066
2172,2172.0,0.6859828113305305
2173,2173.0,0.6712732735252207
2174,2174.0,0.6540057854928182
2175,2175.0,0.6340822692158646
2176,2176.0,0.6115814522794996
2177,2177.0,0.5866648419994194
2178,2178.0,0.5598110478011187
2179,2179.0,0.5316229475454699
2180,2180.0,0.5027792913924308
2181,2181.0,0.47403470180103635
2182,2182.0,0.44622283726586603
2183,2183.0,0.42009256982191406
2184,2184.0,0.3959765521944006
2185,2185.0,0.37408106429609317
2186,2186.0,0.35453478547098105
2187,2187.0,0.33738879449429626
2188,2188.0,0.3224849708089879
2189,2189.0,0.3092151771612186
2190,2190.0,0.29702107166082864
2191,2191.0,0.285400919556831
2192,2192.0,0.2739064178737932
2193,2193.0,0.262139335408476
2194,2194.0,0.24968995698449942
2195,2195.0,0.23622503414600846
2196,2196.0,0.22152272844636944
2197,2197.0,0.20545968029604714
2198,2198.0,0.18801100896257972
2199,2199.0,0.16927266448121941
2200,2200.0,-0.20795725645374719
2201,2201.0,0.12886998356770268
2202,2202.0,0.10778223235026096
2203,2203.0,0.0868212334446781
2204,2204.0,0.06679148254089394
2205,2205.0,0.04866452831491151
2206,2206.0,0.03316795946256239
2207,2207.0,0.021084204596302752
2208,2208.0,0.013204783559614817
2209,2209.0,0.01025417343248385
2210,2210.0,0.012674764453947883
2211,2211.0,0.020643769453167732
2212,2212.0,0.034094886488024626
2213,2213.0,0.052691846736109785
2214,2214.0,0.07572115270319321
2215,2215.0,0.10226425659331585
2216,2216.0,0.13128302812857345
2217,2217.0,0.16160489496654168
2218,2218.0,0.1920180795181931
2219,2219.0,0.22140044142252302
2220,2220.0,0.24869780527773133
2221,2221.0,0.27293083785091143
2222,2222.0,0.2933446608983086
2223,2223.0,0.3094344803751754
2224,2224.0,0.32086589065928245
2225,2225.0,0.3274765169421065
2226,2226.0,0.3293010359345026
2227,2227.0,0.3266501594797106
2228,2228.0,0.31997455456364143
2229,2229.0,0.3098196800836137
2230,2230.0,0.29682521044181764
2231,2231.0,0.28164547429243336
2232,2232.0,0.2648470759118719
2233,2233.0,0.24690750152584984
2234,2234.0,0.22820319660314603
2235,2235.0,0.2090094232691304
2236,2236.0,0.18946929366442994
2237,2237.0,0.16959719058379352
2238,2238.0,0.14938869081443507
2239,2239.0,0.1288337113992376
2240,2240.0,0.10791650963674798
2241,2241.0,0.0866579698311984
2242,2242.0,0.06512277644891934
2243,2243.0,0.04341854927431506
2244,2244.0,0.021770376038752634
2245,2245.0,0.00052124852891057
2246,2246.0,-0.01990527736863672
2247,2247.0,-0.03913414953304961
2248,2248.0,-0.05674813605543373
2249,2249.0,-0.07228150606162481
2250,2250.0,-0.413257297938722
2251,2251.0,-0.09520736968461437
2252,2252.0,-0.10200365584253818
2253,2253.0,-0.10546479859887713
2254,2254.0,-0.10550276497228284
2255,2255.0,-0.10218268619248784
2256,2256.0,-0.09584954392849428
2257,2257.0,-0.08693113170913584
2258,2258.0,-0.07593387807629395
2259,2259.0,-0.06344159474585725
2260,2260.0,-0.05019389012922521
2261,2261.0,-0.03695713230897268
2262,2262.0,-0.024437202253492586
2263,2263.0,-0.013280380989091354
2264,2264.0,-0.0041204774568172255
2265,2265.0,0.0025146853977665133
2266,2266.0,0.0062217980169523845
2267,2267.0,0.006693325509593024
2268,2268.0,0.003721421259807639
2269,2269.0,-0.002755247702593649
2270,2270.0,-0.012687692200810091
2271,2271.0,-0.025964142233947638
2272,2272.0,-0.042411453985025396
2273,2273.0,-0.06180158576466237
2274,2274.0,-0.08389425577280558
2275,2275.0,-0.10847580880714854
2276,2276.0,-0.135362078715323
2277,2277.0,-0.1644083591070946
2278,2278.0,-0.19550693205755526
2279,2279.0,-0.22857519603878612
2280,2280.0,-0.2635551393539276
2281,2281.0,-0.3003822288249634
2282,2282.0,-0.3388937814831799
2283,2283.0,-0.3787961325398576
2284,2284.0,-0.41964630956592475
2285,2285.0,-0.4608519875385296
2286,2286.0,-0.5016070039100888
2287,2287.0,-0.5407316248251594
2288,2288.0,-0.5768271913304749
2289,2289.0,-0.6083114205707083
2290,2290.0,-0.6334183777858264
2291,2291.0,-0.6501956852348418
2292,2292.0,-0.6569393543319126
2293,2293.0,-0.6524007473365012
2294,2294.0,-0.6356076558981282
2295,2295.0,-0.6058622099872967
2296,2296.0,-0.5629617927424331
2297,2297.0,-0.5081243230323551
2298,2298.0,-0.44298334963158004
2299,2299.0,-0.3693577235570549
2300,2300.0,-0.6873655356572795
2301,2301.0,-0.20495983107476667
2302,2302.0,-0.11868276408858924
2303,2303.0,-0.03206147933161943
2304,2304.0,0.05356234549762473
2305,2305.0,0.13709658807403358
2306,2306.0,0.21769868144592863
2307,2307.0,0.29477561403497154
2308,2308.0,0.368051617956967
2309,2309.0,0.4375920892307593
2310,2310.0,0.5034234167620586
2311,2311.0,0.565577393224481
2312,2312.0,0.6240922080350698
2313,2313.0,0.6790309224001524
2314,2314.0,0.7305115906666738
2315,2315.0,0.7786523135740033
2316,2316.0,0.8235700683589924
2317,2317.0,0.8654958204071383
2318,2318.0,0.9047865138102287
2319,2319.0,0.9418206765501332
2320,2320.0,0.9769974588375019
2321,2321.0,1.0107576920188335
2322,2322.0,1.0436114883910934
2323,2323.0,1.0759144115291144
2324,2324.0,1.1079569880835873
2325,2325.0,1.1399802828395453
2326,2326.0,1.172177223208055
2327,2327.0,1.2046161212457367
2328,2328.0,1.2367479873308929
2329,2329.0,1.2678318408768534
2330,2330.0,1.2971013302540375
2331,2331.0,1.3237647327899635
2332,2332.0,1.3468772944455245
2333,2333.0,1.364668125196458
2334,2334.0,1.3752773526616764
2335,2335.0,1.3771154194892632
2336,2336.0,1.3688596693719535
2337,2337.0,1.3493594898317265
2338,2338.0,1.3176725663478766
2339,2339.0,1.2738569743838488
2340,2340.0,1.2186827355076757
2341,2341.0,1.1536019919772917
2342,2342.0,1.0807490067406094
2343,2343.0,1.0029724451079924
2344,2344.0,0.9236467528990191
2345,2345.0,0.8457316503522321
2346,2346.0,0.7717224930415509
2347,2347.0,0.7036677202173911
2348,2348.0,0.6431688548065368
2349,2349.0,0.5912058566774446
2350,2350.0,-0.9338537900178385
2351,2351.0,0.5105338366928698
2352,2352.0,0.48010649971497743
2353,2353.0,0.4550118403207445
2354,2354.0,0.4341844268238544
2355,2355.0,0.4165377071754679
2356,2356.0,0.401171883483763
2357,2357.0,0.3871948744910649
2358,2358.0,0.373901025791902
2359,2359.0,0.36078731743033643
2360,2360.0,0.3475519095018749
2361,2361.0,0.33387038989021045
2362,2362.0,0.31940078536662253
2363,2363.0,0.30396462620580683
2364,2364.0,0.28748239853486246
2365,2365.0,0.26997354433328813
2366,2366.0,0.251556461432977
2367,2367.0,0.23243474444843334
2368,2368.0,0.21284909191293633
2369,2369.0,0.193144171069922
2370,2370.0,0.17379461652151904
2371,2371.0,0.1554050389811184
2372,2372.0,0.1387067274849035
2373,2373.0,0.12441454727200901
2374,2374.0,0.11312265927907783
2375,2375.0,0.10543337010569523
2376,2376.0,0.10196726676580051
2377,2377.0,0.10318388123169189
2378,2378.0,0.10903795895049147
2379,2379.0,0.11928926403915147
2380,2380.0,0.13349148774807273
2381,2381.0,0.15093955647690493
2382,2382.0,0.17055443719173147
2383,2383.0,0.19115878422577315
2384,2384.0,0.21151455301700645
2385,2385.0,0.2303573354324343
2386,2386.0,0.2465239778751702
2387,2387.0,0.2589887664794386
2388,2388.0,0.26696119048570977
2389,2389.0,0.2699657742246589
2390,2390.0,0.2678489821170737
2391,2391.0,0.26078615381676196
2392,2392.0,0.24933475461479693
2393,2393.0,0.2342693907863667
2394,2394.0,0.21650458869616712
2395,2395.0,0.1971013139145842
2396,2396.0,0.17719884672934907
2397,2397.0,0.15740788745332107
2398,2398.0,0.13797850473225798
2399,2399.0,0.11903718822638844
2400,2400.0,-0.777866638122162
2401,2401.0,0.08236401326349263
2402,2402.0,0.063734538139159
2403,2403.0,0.04417088931345887
2404,2404.0,0.023244702264445
2405,2405.0,0.0006239640084932229
2406,2406.0,-0.023811621005112228
2407,2407.0,-0.05007721423709925
2408,2408.0,-0.07789813415587236
2409,2409.0,-0.10662228587827922
2410,2410.0,-0.13522016116961746
2411,2411.0,-0.1623909558466089
2412,2412.0,-0.18673618869545192
2413,2413.0,-0.2066105568832486
2414,2414.0,-0.22017027335819983
2415,2415.0,-0.2255500877625033
2416,2416.0,-0.22129990605502506
2417,2417.0,-0.20632253785805005
2418,2418.0,-0.17999922237996124
2419,2419.0,-0.14221022759153176
2420,2420.0,-0.0937439087152822
2421,2421.0,-0.03594190512799306
2422,2422.0,0.029676287420499797
2423,2423.0,0.10141614798674933
2424,2424.0,0.17739304857258595
2425,2425.0,0.2556436621530356
2426,2426.0,0.33467711369006353
2427,2427.0,0.41313931402692494
2428,2428.0,0.4897428641934819
2429,2429.0,0.5632670554061125
2430,2430.0,0.6325760907971584
2431,2431.0,0.6967271930023298
2432,2432.0,0.7547573395873951
2433,2433.0,0.8055666513469422
2434,2434.0,0.8479190081835907
2435,2435.0,0.8806864378647014
2436,2436.0,0.9032618574792817
2437,2437.0,0.9153556634853168
2438,2438.0,0.9169913982570581
2439,2439.0,0.9085457141105642
2440,2440.0,0.8912114235182749
2441,2441.0,0.8666493708761606
2442,2442.0,0.8365544967420596
2443,2443.0,0.8026501519071875
2444,2444.0,0.7666718000871718
2445,2445.0,0.7300945644373319
2446,2446.0,0.6940240348760276
2447,2447.0,0.6592930039725416
2448,2448.0,0.6264620209813021
2449,2449.0,0.5958193918419228
2450,2450.0,-0.027426619284911996
2451,2451.0,0.541280617287273
2452,2452.0,0.517352822011058
2453,2453.0,0.49556418888700005
2454,2454.0,0.4758572080608232
2455,2455.0,0.45818478585072914
2456,2456.0,0.4425102447473922
2457,2457.0,0.42880732341397687
2458,2458.0,0.41708383668967225
2459,2459.0,0.4072949287704648
2460,2460.0,0.3993239182338764
2461,2461.0,0.3930524117694549
2462,2462.0,0.3883605275523637
2463,2463.0,0.3850645900080702
2464,2464.0,0.3827503138988197
2465,2465.0,0.3809794566123407
2466,2466.0,0.3793512609785859
2467,2467.0,0.3774811483354782
2468,2468.0,0.37483738128676386
2469,2469.0,0.3709257795432677
2470,2470.0,0.3653623807035381
2471,2471.0,0.35786566906974726
2472,2472.0,0.34823401779904767
2473,2473.0,0.3364319284662079
2474,2474.0,0.3225689035371475
2475,2475.0,0.30685863337271324
2476,2476.0,0.28961899622867376
2477,2477.0,0.27126797904199995
2478,2478.0,0.2521913836516209
2479,2479.0,0.23265426436866626
2480,2480.0,0.2128829814418956
2481,2481.0,0.19306984307079894
2482,2482.0,0.17334423704610977
2483,2483.0,0.1535416280069551
2484,2484.0,0.1334526583856427
2485,2485.0,0.11289304697815201
2486,2486.0,0.09168809009692308
2487,2487.0,0.06968590180659409
2488,2488.0,0.04686398191658618
2489,2489.0,0.023285369120394694
2490,2490.0,-0.0007646513944198491
2491,2491.0,-0.024751762865541108
2492,2492.0,-0.047892616955869396
2493,2493.0,-0.06919583646255215
2494,2494.0,-0.08756862895189954
2495,2495.0,-0.10179564642796604
2496,2496.0,-0.11055181980857284
2497,2497.0,-0.11256279838553516
2498,2498.0,-0.10702751279385656
2499,2499.0,-0.09345849802760516
2500,2500.0,0.8916354144421464
2501,2501.0,-0.041958503830578094
2502,2502.0,-0.005522839892709797
2503,2503.0,0.03630168461065965
2504,2504.0,0.08190188886026151
2505,2505.0,0.12940919699432246
2506,2506.0,0.17692030167166872
2507,2507.0,0.2226991596996254
2508,2508.0,0.26518471926027726
2509,2509.0,0.30296243108231463
2510,2510.0,0.3350013756979128
2511,2511.0,0.36057359243416004
2512,2512.0,0.37919216100977354
2513,2513.0,0.390611201535143
2514,2514.0,0.3949670224108
2515,2515.0,0.3929140160859535
2516,2516.0,0.3852899238812826
2517,2517.0,0.373113528416247
2518,2518.0,0.35758055813968076
2519,2519.0,0.33983113771814544
2520,2520.0,0.32071195030367705
2521,2521.0,0.3008986656714968
2522,2522.0,0.28089952330622037
2523,2523.0,0.26105182226552476
2524,2524.0,0.24136968584041188
2525,2525.0,0.22169826393361164
2526,2526.0,0.20195114249592327
2527,2527.0,0.1820971733574262
2528,2528.0,0.16216494344239019
2529,2529.0,0.14236715011558732
2530,2530.0,0.12297895087992339
2531,2531.0,0.10447159797251483
2532,2532.0,0.08758967201326125
2533,2533.0,0.07334166117327703
2534,2534.0,0.06269821851400337
2535,2535.0,0.056578035681398305
2536,2536.0,0.05595807415405026
2537,2537.0,0.061801744795187394
2538,2538.0,0.07474366917162746
2539,2539.0,0.09512274464763694
2540,2540.0,0.12297038925551111
2541,2541.0,0.1580000943917397
2542,2542.0,0.19946508911210234
2543,2543.0,0.24630410167055186
2544,2544.0,0.2973283705619645
2545,2545.0,0.3512238954108452
2546,2546.0,0.4065143207789468
2547,2547.0,0.4616642964128542
2548,2548.0,0.5152231528678668
2549,2549.0,0.565671319553008
2550,2550.0,1.7551168956904026
2551,2551.0,0.6511083708768216
2552,2552.0,0.6833334064337766
2553,2553.0,0.706903772116238
2554,2554.0,0.720743113441748
2555,2555.0,0.7242523126590446
2556,2556.0,0.7176678498382614
2557,2557.0,0.7017320527999701
2558,2558.0,0.6776604705608236
2559,2559.0,0.6471542087435276
2560,2560.0,0.6126363028101443
2561,2561.0,0.5763233667292188
2562,2562.0,0.5400212701395305
2563,2563.0,0.5052667943792312
2564,2564.0,0.47332763248597975
2565,2565.0,0.4448971465793269
2566,2566.0,0.41942687162521064
2567,2567.0,0.3963849976982232
2568,2568.0,0.37521711794326995
2569,2569.0,0.35533065390957996
2570,2570.0,0.3361071590029683
2571,2571.0,0.3171088108667936
2572,2572.0,0.2979152758103324
2573,2573.0,0.27832050653713036
2574,2574.0,0.2584181442370484
2575,2575.0,0.23860151858623066
2576,2576.0,0.21955378277861248
2577,2577.0,0.20197548914650568
2578,2578.0,0.18657889967322722
2579,2579.0,0.17434988681945335
2580,2580.0,0.16655418392901597
2581,2581.0,0.1646224683869337
2582,2582.0,0.16942604481643553
2583,2583.0,0.1815985155105607
2584,2584.0,0.20150350660329003
2585,2585.0,0.22920357637282265
2586,2586.0,0.26421207647765965
2587,2587.0,0.3054132232218994
2588,2588.0,0.351455075933099
2589,2589.0,0.4007530152993209
2590,2590.0,0.45147683273206274
2591,2591.0,0.5017258319647889
2592,2592.0,0.549616191930892
2593,2593.0,0.5932635639338554
2594,2594.0,0.6308708467381561
2595,2595.0,0.6609659091012007
2596,2596.0,0.6822877988737984
2597,2597.0,0.6937752370473163
2598,2598.0,0.6947179934915556
2599,2599.0,0.68564092805188
2600,2600.0,2.1149939562909097
2601,2601.0,0.6426820451068496
2602,2602.0,0.6123841654068831
2603,2603.0,0.5792238120387572
2604,2604.0,0.5452528432419952
2605,2605.0,0.5119034643486311
2606,2606.0,0.48024797903215
2607,2607.0,0.4510027747790507
2608,2608.0,0.4243758658959685
2609,2609.0,0.3997934780990595
2610,2610.0,0.3767412753764746
2611,2611.0,0.3547950637385683
2612,2612.0,0.3336123626765058
2613,2613.0,0.31297274206412806
2614,2614.0,0.29276515590883934
2615,2615.0,0.27292505234134123
2616,2616.0,0.25367853446350597
2617,2617.0,0.23555391662842878
2618,2618.0,0.21927554670340224
2619,2619.0,0.20522948888994677
2620,2620.0,0.19383079720903765
2621,2621.0,0.18554492697763872
2622,2622.0,0.18086407785392
2623,2623.0,0.17994739572375323
2624,2624.0,0.18258617236218674
2625,2625.0,0.18844772424670464
2626,2626.0,0.19704110114770687
2627,2627.0,0.2076069281445435
2628,2628.0,0.21922185597468166
2629,2629.0,0.23093916616575966
2630,2630.0,0.24179165687598803
2631,2631.0,0.25087257602029206
2632,2632.0,0.2574366393240397
2633,2633.0,0.2608973664569182
2634,2634.0,0.26082685019083884
2635,2635.0,0.25703007633982355
2636,2636.0,0.2495890503230692
2637,2637.0,0.23875055290274733
2638,2638.0,0.22492334409503195
2639,2639.0,0.2086780275635039
2640,2640.0,0.19064517573109685
2641,2641.0,0.17130767646324516
2642,2642.0,0.1510795759283557
2643,2643.0,0.1303156960714933
2644,2644.0,0.10931042423833653
2645,2645.0,0.08812759965557289
2646,2646.0,0.06660399815671791
2647,2647.0,0.044565829318782973
2648,2648.0,0.02180467838720243
2649,2649.0,-0.001920719872075732
2650,2650.0,1.3484695731523235
2651,2651.0,-0.053102734245306205
2652,2652.0,-0.08094875537448319
2653,2653.0,-0.11032741988682242
2654,2654.0,-0.14105111265942977
2655,2655.0,-0.17276621903344125
2656,2656.0,-0.20503589199758307
2657,2657.0,-0.2373466531181173
2658,2658.0,-0.2689632924625437
2659,2659.0,-0.29891730032796593
2660,2660.0,-0.3260147306800559
2661,2661.0,-0.3491104536251438
2662,2662.0,-0.3672660798035232
2663,2663.0,-0.3796001444069229
2664,2664.0,-0.38528937075804454
2665,2665.0,-0.38359719109142804
2666,2666.0,-0.3744785694057362
2667,2667.0,-0.35847931226965896
2668,2668.0,-0.3363943354324291
2669,2669.0,-0.3092972810687424
2670,2670.0,-0.2785664759547181
2671,2671.0,-0.2460063979009017
2672,2672.0,-0.21346729506326625
2673,2673.0,-0.1826429435855329
2674,2674.0,-0.15506905159056622
2675,2675.0,-0.1321246365087192
2676,2676.0,-0.11495415430579617
2677,2677.0,-0.10429082291687636
2678,2678.0,-0.10054542543427757
2679,2679.0,-0.10382308968044285
2680,2680.0,-0.1139209045890667
2681,2681.0,-0.13033331652821303
2682,2682.0,-0.15240314630288584
2683,2683.0,-0.17939516188068688
2684,2684.0,-0.21050985136796174
2685,2685.0,-0.24513544175252105
2686,2686.0,-0.28288980628021254
2687,2687.0,-0.32354409717669474
2688,2688.0,-0.367032695441065
2689,2689.0,-0.4134510147801618
2690,2690.0,-0.4628895372492882
2691,2691.0,-0.5151280653141338
2692,2692.0,-0.569579245125127
2693,2693.0,-0.6249201918022649
2694,2694.0,-0.6790544204039812
2695,2695.0,-0.7285827736388075
2696,2696.0,-0.7686622469197832
2697,2697.0,-0.7930710740947362
2698,2698.0,-0.7948098528665202
2699,2699.0,-0.767100454083616
2700,2700.0,0.7133198368039259
2701,2701.0,-0.6022710786001292
2702,2702.0,-0.45888891455989284
2703,2703.0,-0.27917431438380436
2704,2704.0,-0.07060576139796848
2705,2705.0,0.15872000248984575
2706,2706.0,0.40007584050605693
2707,2707.0,0.6450410870108231
2708,2708.0,0.8898340052138987
2709,2709.0,1.1332577622770508
2710,2710.0,1.3758021219974004
2711,2711.0,1.6196389794311676
2712,2712.0,1.8672059827317598
2713,2713.0,2.121137565309562
2714,2714.0,2.377405887756658
2715,2715.0,2.622319404391695
2716,2716.0,2.832522863260298
2717,2717.0,2.9749356808317122
2718,2718.0,3.007997800972336
2719,2719.0,2.9027562274813077
2720,2720.0,2.651844363389887
2721,2721.0,2.288794952244575
2722,2722.0,1.874458946282021
2723,2723.0,1.4795194817577206
2724,2724.0,1.1579125999920303
2725,2725.0,0.9239578306453323
2726,2726.0,0.7719953154812353
2727,2727.0,0.6748013558247102
2728,2728.0,0.6147053600196641
2729,2729.0,0.5782495628150853
2730,2730.0,0.5537141063398803
2731,2731.0,0.5353314492644085
2732,2732.0,0.5194045542985676
2733,2733.0,0.5039372574195364
2734,2734.0,0.48792163457785215
2735,2735.0,0.47090342918024386
2736,2736.0,0.45280936168390007
2737,2737.0,0.43352100609989347
2738,2738.0,0.41308118360696855
2739,2739.0,0.39175818019380404
2740,2740.0,0.37004574665898216
2741,2741.0,0.3485355724283917
2742,2742.0,0.32744156455595586
2743,2743.0,0.30705890073880693
2744,2744.0,0.28778823431563105
2745,2745.0,0.2701261945593825
2746,2746.0,0.2545626087891358
2747,2747.0,0.24111442823284848
2748,2748.0,0.22968571478626598
2749,2749.0,0.22011735388724812
2750,2750.0,0.4800059423664673
2751,2751.0,0.20551700978755455
2752,2752.0,0.1994647221637098
2753,2753.0,0.19333202582861028
2754,2754.0,0.1864815541258164
2755,2755.0,0.17832281295046784
2756,2756.0,0.1683236523315343
2757,2757.0,0.15608674532917122
2758,2758.0,0.14141218031323502
2759,2759.0,0.12430990890581559
2760,2760.0,0.10499986803898358
2761,2761.0,0.08391424452392977
2762,2762.0,0.061600680751334014
2763,2763.0,0.03861491628121582
2764,2764.0,0.015564637281851437
2765,2765.0,-0.0068935254221890625
2766,2766.0,-0.028346576751172643
2767,2767.0,-0.04879752524706315
2768,2768.0,-0.06837542440530388
2769,2769.0,-0.08732299000683147
2770,2770.0,-0.10606253168506397
2771,2771.0,-0.12538141911641257
2772,2772.0,-0.14608029477166498
2773,2773.0,-0.16890109086499638
2774,2774.0,-0.19452829844793115
2775,2775.0,-0.22360064258474394
2776,2776.0,-0.2566046132262619
2777,2777.0,-0.29370912939886856
2778,2778.0,-0.3347529385739575
2779,2779.0,-0.3792113174336291
2780,2780.0,-0.42597613347768537
2781,2781.0,-0.473583200509679
2782,2782.0,-0.5197979098607701
2783,2783.0,-0.561532592186966
2784,2784.0,-0.5949133334924036
2785,2785.0,-0.6160466302466315
2786,2786.0,-0.621247355858386
2787,2787.0,-0.6072590646567686
2788,2788.0,-0.5713092101606673
2789,2789.0,-0.5116728042737351
2790,2790.0,-0.4296446385806689
2791,2791.0,-0.3277922703400344
2792,2792.0,-0.20943464114469557
2793,2793.0,-0.07865436967151121
2794,2794.0,0.059799103412934984
2795,2795.0,0.2020369734115105
2796,2796.0,0.34504962847086273
2797,2797.0,0.4865107055968065
2798,2798.0,0.6247770906549686
2799,2799.0,0.7587817179181608
2800,2800.0,0.35660042770842576
2801,2801.0,1.0115851406031346
2802,2802.0,1.1276861793967832
2803,2803.0,1.2333132233294395
2804,2804.0,1.3247901917368101
2805,2805.0,1.3980570248389543
2806,2806.0,1.449195922102466
2807,2807.0,1.4745422605664453
2808,2808.0,1.4715559570983694
2809,2809.0,1.4418583534027638
2810,2810.0,1.389060931553618
2811,2811.0,1.3182642721941336
2812,2812.0,1.236079494290346
2813,2813.0,1.149643774848509
2814,2814.0,1.0635338603875948
2815,2815.0,0.9811303245738088
2816,2816.0,0.9050375111346638
2817,2817.0,0.8370835338592995
2818,2818.0,0.7783202765981414
2819,2819.0,0.7283476619599066
2820,2820.0,0.6852003448976176
2821,2821.0,0.647781817407482
2822,2822.0,0.6152873806092045
2823,2823.0,0.5871870786277649
2824,2824.0,0.5631369513134101
2825,2825.0,0.5424098733757513
2826,2826.0,0.5243049048124474
2827,2827.0,0.5082960131121493
2828,2828.0,0.4940180983004237
2829,2829.0,0.48119047792799596
2830,2830.0,0.46912362443277783
2831,2831.0,0.45722387915305945
2832,2832.0,0.4450008021615755
2833,2833.0,0.4320300514663572
2834,2834.0,0.41795270430485276
2835,2835.0,0.402533368163537
2836,2836.0,0.3857367536435271
2837,2837.0,0.36764734330865584
2838,2838.0,0.34846011317937714
2839,2839.0,0.32848053273283634
2840,2840.0,0.30812456490284146
2841,2841.0,0.2879162119105269
2842,2842.0,0.268298543960795
2843,2843.0,0.24944718546885974
2844,2844.0,0.23148158697748317
2845,2845.0,0.21448717118688054
2846,2846.0,0.19851527940642388
2847,2847.0,0.1834039270881843
2848,2848.0,0.16872809319767168
2849,2849.0,0.15411304959094008
2850,2850.0,0.2729749785083275
2851,2851.0,0.12362147776060815
2852,2852.0,0.10706056658904646
2853,2853.0,0.08920866224080395
2854,2854.0,0.06982960888520959
2855,2855.0,0.048808597153251296
2856,2856.0,0.026153195350862773
2857,2857.0,0.0019933494590090445
2858,2858.0,-0.023405057773534174
2859,2859.0,-0.04960651773774263
2860,2860.0,-0.07609207372077408
2861,2861.0,-0.10207855338117074
2862,2862.0,-0.1264939005966885
2863,2863.0,-0.14802630956635748
2864,2864.0,-0.16540594705628997
2865,2865.0,-0.17729165970603683
2866,2866.0,-0.18229834118662563
2867,2867.0,-0.17904668880143218
2868,2868.0,-0.1665889840163149
2869,2869.0,-0.14443783997381457
2870,2870.0,-0.1124877762725306
2871,2871.0,-0.07103222953408385
2872,2872.0,-0.021044411771037247
2873,2873.0,0.03591441682041978
2874,2874.0,0.09815906092601161
2875,2875.0,0.16390754309629685
2876,2876.0,0.2312541617148162
2877,2877.0,0.29829663042841914
2878,2878.0,0.3633291637653213
2879,2879.0,0.42477659960721964
2880,2880.0,0.481192932780017
2881,2881.0,0.5312289085640338
2882,2882.0,0.5736804812401253
2883,2883.0,0.6076243758620512
2884,2884.0,0.6322975417059878
2885,2885.0,0.6470923670593464
2886,2886.0,0.6517866788124029
2887,2887.0,0.6471208425868928
2888,2888.0,0.6342302528138208
2889,2889.0,0.6145794731552255
2890,2890.0,0.589963674401857
2891,2891.0,0.5623402648065028
2892,2892.0,0.5333067630511373
2893,2893.0,0.5041193571360463
2894,2894.0,0.47572095190174224
2895,2895.0,0.44874116902891403
2896,2896.0,0.42339293374566805
2897,2897.0,0.3994735794927816
2898,2898.0,0.37684259973535117
2899,2899.0,0.355472493167464
2900,2900.0,0.19788665495326213
2901,2901.0,0.3169987110519802
2902,2902.0,0.30050731223766647
2903,2903.0,0.2865444231772356
2904,2904.0,0.2759205654195421
2905,2905.0,0.26968297532598184
2906,2906.0,0.268863726754174
2907,2907.0,0.27425852499168246
2908,2908.0,0.28658998824730025
2909,2909.0,0.30650449754729636
2910,2910.0,0.33417738563951505
2911,2911.0,0.369206631670014
2912,2912.0,0.41089382299210947
2913,2913.0,0.4581690501758102
2914,2914.0,0.5095767128283394
2915,2915.0,0.5634618982292208
2916,2916.0,0.6179892682266563
2917,2917.0,0.6712158574177218
2918,2918.0,0.7211705959742863
2919,2919.0,0.7657652662020455
2920,2920.0,0.8028490305949149
2921,2921.0,0.8304677114158012
2922,2922.0,0.8470107459214818
2923,2923.0,0.8513821097255792
2924,2924.0,0.8430075578527088
2925,2925.0,0.8222411430916831
2926,2926.0,0.791042694835401
2927,2927.0,0.7518575643310622
2928,2928.0,0.7073926484799274
2929,2929.0,0.6606163898374625
2930,2930.0,0.6146110629091853
2931,2931.0,0.5713446094883498
2932,2932.0,0.5318460918261548
2933,2933.0,0.4966715561394458
2934,2934.0,0.4659068118002052
2935,2935.0,0.43916931158555916
2936,2936.0,0.41564185824595723
2937,2937.0,0.3943224388585091
2938,2938.0,0.374396649819923
2939,2939.0,0.35528116254772796
2940,2940.0,0.33662372348023506
2941,2941.0,0.31820350331608005
2942,2942.0,0.2996164197017213
2943,2943.0,0.2806303151707159
2944,2944.0,0.26119723356328906
2945,2945.0,0.24144803409519883
2946,2946.0,0.2216908876251826
2947,2947.0,0.2021560585194897
2948,2948.0,0.1829135845084703
2949,2949.0,0.164148956284815
2950,2950.0,0.09907383798873777
2951,2951.0,0.12919688121351153
2952,2952.0,0.11356619310272112
2953,2953.0,0.09926717963581498
2954,2954.0,0.08631751499035453
2955,2955.0,0.07467078125128168
2956,2956.0,0.06421645001859737
2957,2957.0,0.05473149008708708
2958,2958.0,0.0458013419938503
2959,2959.0,0.03697651561110738
2960,2960.0,0.02780579983451687
2961,2961.0,0.01783626258316008
2962,2962.0,0.006607993620725316
2963,2963.0,-0.006356311509581991
2964,2964.0,-0.02143966215392741
2965,2965.0,-0.03893189725998748
2966,2966.0,-0.059035695528117244
2967,2967.0,-0.08186431311265246
2968,2968.0,-0.10741735678501156
2969,2969.0,-0.13565272740148657
2970,2970.0,-0.16649766505106284
2971,2971.0,-0.19984086645021357
2972,2972.0,-0.23553508651850624
2973,2973.0,-0.2735584954457435
2974,2974.0,-0.3140680630596846
2975,2975.0,-0.3572558776164113
2976,2976.0,-0.4033557437072559
2977,2977.0,-0.4526506137510453
2978,2978.0,-0.505530390988197
2979,2979.0,-0.5622848612565562
2980,2980.0,-0.6229824593443978
2981,2981.0,-0.6874716122048655
2982,2982.0,-0.7551734366677418
2983,2983.0,-0.8249247740101577
2984,2984.0,-0.89477458909571
2985,2985.0,-0.9617885614755419
2986,2986.0,-1.0220500328677276
2987,2987.0,-1.0706174916283848
2988,2988.0,-1.101886580523903
2989,2989.0,-1.1103689905606646
2990,2990.0,-1.0907849243216574
2991,2991.0,-1.0380682536921866
2992,2992.0,-0.9494697871514088
2993,2993.0,-0.8268231847065619
2994,2994.0,-0.6737113534317632
2995,2995.0,-0.4953748176335917
2996,2996.0,-0.2987117188507066
2997,2997.0,-0.09204532428617332
2998,2998.0,0.11835908865617217
2999,2999.0,0.3285588441696845
3000,3000.0,0.006564506291987897
3001,3001.0,0.738613578059315
3002,3002.0,0.9366174823358863
3003,3003.0,1.131054208784839
3004,3004.0,1.32437393963656
3005,3005.0,1.5170420223936092
3006,3006.0,1.7069337423653428
3007,3007.0,1.889340675916683
3008,3008.0,2.0567552562758165
3009,3009.0,2.196859163441152
3010,3010.0,2.2965458358917643
3011,3011.0,2.343295921112947
3012,3012.0,2.3252080835023423
3013,3013.0,2.237821236637898
3014,3014.0,2.09118930953628
3015,3015.0,1.9004766911624502
3016,3016.0,1.68528339290317
3017,3017.0,1.4695491556226483
3018,3018.0,1.272002064247793
3019,3019.0,1.0993618580311584
3020,3020.0,0.9550336525960973
3021,3021.0,0.8389367161557482
3022,3022.0,0.7475291442862068
3023,3023.0,0.6756613457844524
3024,3024.0,0.6175539843552651
3025,3025.0,0.5686155235345068
3026,3026.0,0.5264084175503179
3027,3027.0,0.4906491113232996
3028,3028.0,0.4604818439255973
3029,3029.0,0.4330942225786933
3030,3030.0,0.40761804831877535
3031,3031.0,0.38356448828042483
3032,3032.0,0.3608211776016954
3033,3033.0,0.3393227669203739
3034,3034.0,0.3185659413478009
3035,3035.0,0.2983359782596158
3036,3036.0,0.27845391907688366
3037,3037.0,0.25876872964433995
3038,3038.0,0.23915418328081728
3039,3039.0,0.21950474660194672
3040,3040.0,0.19976951558117112
3041,3041.0,0.17995953486291338
3042,3042.0,0.16014761987111012
3043,3043.0,0.14046835680912187
3044,3044.0,0.12112591571130361
3045,3045.0,0.10229908905629649
3046,3046.0,0.08409421085550836
3047,3047.0,0.0666352753558193
3048,3048.0,0.050066357884333654
3049,3049.0,0.034545437100925204
3050,3050.0,-0.05430031735215992
3051,3051.0,0.0061615229133843985
3052,3052.0,-0.00724222606747113
3053,3053.0,-0.020499574866237824
3054,3054.0,-0.03393469122211874
3055,3055.0,-0.04802703047436891
3056,3056.0,-0.06328470528125174
3057,3057.0,-0.08015688139543034
3058,3058.0,-0.09904207419370054
3059,3059.0,-0.12037990208880808
3060,3060.0,-0.1445601308684227
3061,3061.0,-0.17187378977267703
3062,3062.0,-0.2025197868499214
3063,3063.0,-0.23652840516224805
3064,3064.0,-0.2738419920380033
3065,3065.0,-0.31431065263485486
3066,3066.0,-0.3573689354106849
3067,3067.0,-0.40202955913130567
3068,3068.0,-0.44688339803213833
3069,3069.0,-0.49016747972193025
3070,3070.0,-0.5299263249415904
3071,3071.0,-0.5638449273556091
3072,3072.0,-0.5892053271174075
3073,3073.0,-0.6028866108694277
3074,3074.0,-0.6016883171125083
3075,3075.0,-0.5836721544387654
3076,3076.0,-0.54756703299459
3077,3077.0,-0.49295913438569866
3078,3078.0,-0.42032112480558603
3079,3079.0,-0.33115463092716957
3080,3080.0,-0.22852007381761316
3081,3081.0,-0.11579161611358679
3082,3082.0,0.0038828067372507213
3083,3083.0,0.1275829187008145
3084,3084.0,0.25260095129169347
3085,3085.0,0.3763326918862459
3086,3086.0,0.4978329264914238
3087,3087.0,0.6164394535675799
3088,3088.0,0.731192780782299
3089,3089.0,0.8408361250105871
3090,3090.0,0.9438154123344225
3091,3091.0,1.038282450906245
3092,3092.0,1.1219426263237762
3093,3093.0,1.1920474692047363
3094,3094.0,1.245708221320061
3095,3095.0,1.2799165466647606
3096,3096.0,1.292071448947924
3097,3097.0,1.2822644352603723
3098,3098.0,1.2520628795872422
3099,3099.0,1.2043793307855992
3100,3100.0,-0.14577406047707295
3101,3101.0,1.0761629685651708
3102,3102.0,1.0063817888484485
3103,3103.0,0.9352499381067035
3104,3104.0,0.864265292060249
3105,3105.0,0.7953325282355356
3106,3106.0,0.7307631259648331
3107,3107.0,0.6732753663865085
3108,3108.0,0.625994332444889
3109,3109.0,0.5892231541206356
3110,3110.0,0.5571174689267712
3111,3111.0,0.5287059003257061
3112,3112.0,0.503490023581824
3113,3113.0,0.48122545638122227
3114,3114.0,0.46192185883168174
3115,3115.0,0.4455552124225284
3116,3116.0,0.4317130041000525
3117,3117.0,0.4201470743935323
3118,3118.0,0.410670919647119
3119,3119.0,0.4031583979885386
3120,3120.0,0.3974356212322764
3121,3121.0,0.39300123547532106
3122,3122.0,0.3893686565157243
3123,3123.0,0.3860937251282753
3124,3124.0,0.3827725511462376
3125,3125.0,0.37899925060365847
3126,3126.0,0.3742798243374486
3127,3127.0,0.3682412066756626
3128,3128.0,0.3606128399073245
3129,3129.0,0.3512228596670745
3130,3130.0,0.33999633624695524
3131,3131.0,0.3269740791130893
3132,3132.0,0.31229209085792964
3133,3133.0,0.29613401000496986
3134,3134.0,0.2787294753403443
3135,3135.0,0.2603541259128943
3136,3136.0,0.2413296010340894
3137,3137.0,0.22192615364230497
3138,3138.0,0.20224391394557267
3139,3139.0,0.18236324074356766
3140,3140.0,0.16232018191246883
3141,3141.0,0.14210639279345805
3142,3142.0,0.12166913619279979
3143,3143.0,0.10090209321325201
3144,3144.0,0.07962368012681978
3145,3145.0,0.05765213445379001
3146,3146.0,0.034830519822351344
3147,3147.0,0.011026743997617994
3148,3148.0,-0.013866441118405085
3149,3149.0,-0.03992931730478555
3150,3150.0,-0.3204694024124524
3151,3151.0,-0.09566861167826157
3152,3152.0,-0.12533412120694037
3153,3153.0,-0.15604883190368227
3154,3154.0,-0.18758317355744025
3155,3155.0,-0.21961274402415593
3156,3156.0,-0.25173287305896236
3157,3157.0,-0.2835677504017945
3158,3158.0,-0.314691170279112
3159,3159.0,-0.34461692640375596
3160,3160.0,-0.3728058742963988
3161,3161.0,-0.3987472073255729
3162,3162.0,-0.42208228414879423
3163,3163.0,-0.44251122901394885
3164,3164.0,-0.4597786634165397
3165,3165.0,-0.4737343804235018
3166,3166.0,-0.48451115269195494
3167,3167.0,-0.4923584023726806
3168,3168.0,-0.49762642857589645
3169,3169.0,-0.5007675877916908
3170,3170.0,-0.5023904121182611
3171,3171.0,-0.5030926743727292
3172,3172.0,-0.5033979793683532
3173,3173.0,-0.5038711134161447
3174,3174.0,-0.5051181848685129
3175,3175.0,-0.5076277251958821
3176,3176.0,-0.5115365750371612
3177,3177.0,-0.5169140380960412
3178,3178.0,-0.5237178746905155
3179,3179.0,-0.531793691747429
3180,3180.0,-0.5408307862151303
3181,3181.0,-0.5502470940394729
3182,3182.0,-0.5592895864244497
3183,3183.0,-0.5670550211836326
3184,3184.0,-0.5724898735197458
3185,3185.0,-0.574372706796507
3186,3186.0,-0.5711348652343022
3187,3187.0,-0.561046323623523
3188,3188.0,-0.5423513632331899
3189,3189.0,-0.5132640121697202
3190,3190.0,-0.47196804537701703
3191,3191.0,-0.41662772984174795
3192,3192.0,-0.3460765645448495
3193,3193.0,-0.2600549729237985
3194,3194.0,-0.15866808052544318
3195,3195.0,-0.042366010625176864
3196,3196.0,0.08805611577352257
3197,3197.0,0.2312513829074008
3198,3198.0,0.38487853423816665
3199,3199.0,0.5469780268042959
3200,3200.0,-0.48067768677253936
3201,3201.0,0.8912349559820002
3202,3202.0,1.07191945834954
3203,3203.0,1.2578407784154284
3204,3204.0,1.4489492888713942
3205,3205.0,1.6446261083142018
3206,3206.0,1.84199924961186
3207,3207.0,2.035906589493889
3208,3208.0,2.2188958685516615
3209,3209.0,2.380002495430188
3210,3210.0,2.5007605031953117
3211,3211.0,2.5633146990445903
3212,3212.0,2.553334247541396
3213,3213.0,2.4600129788982787
3214,3214.0,2.283413759904361
3215,3215.0,2.045041024134731
3216,3216.0,1.7718940772929976
3217,3217.0,1.4951126231176133
3218,3218.0,1.246929388012905
3219,3219.0,1.0401412573137139
3220,3220.0,0.8781065797900733
3221,3221.0,0.7581969299189064
3222,3222.0,0.6714579713274585
3223,3223.0,0.6089119636193223
3224,3224.0,0.5626196030755384
3225,3225.0,0.5264524461478135
3226,3226.0,0.49757378659183926
3227,3227.0,0.4749959483546731
3228,3228.0,0.4547602228277518
3229,3229.0,0.4354281474957686
3230,3230.0,0.41633555643204234
3231,3231.0,0.3972883325962198
3232,3232.0,0.37804373830164467
3233,3233.0,0.35840071492592857
3234,3234.0,0.3383228592880623
3235,3235.0,0.3179222835948349
3236,3236.0,0.2974596154407421
3237,3237.0,0.2773357519138573
3238,3238.0,0.25771349545590033
3239,3239.0,0.23867340038655746
3240,3240.0,0.22037267547795542
3241,3241.0,0.20294717003445742
3242,3242.0,0.18651137389273725
3243,3243.0,0.17115841742174537
3244,3244.0,0.1569080879462171
3245,3245.0,0.1435407990551041
3246,3246.0,0.1307751580189204
3247,3247.0,0.11830453934584463
3248,3248.0,0.10579614577612348
3249,3249.0,0.09289100828205099
3250,3250.0,-0.32096178048812884
3251,3251.0,0.0641953463817406
3252,3252.0,0.047587080982357886
3253,3253.0,0.029089850703114616
3254,3254.0,0.008536653076525152
3255,3255.0,-0.014138741527126011
3256,3256.0,-0.0388724685110201
3257,3257.0,-0.06556855249339663
3258,3258.0,-0.09405939899820812
3259,3259.0,-0.12409126868915592
3260,3260.0,-0.155329555038713
3261,3261.0,-0.1876002640986438
3262,3262.0,-0.2209719263440543
3263,3263.0,-0.2555832149058617
3264,3264.0,-0.291652574830492
3265,3265.0,-0.32948105462462707
3266,3266.0,-0.36961939172089947
3267,3267.0,-0.41279703306189997
3268,3268.0,-0.4596703433658957
3269,3269.0,-0.5108282598169847
3270,3270.0,-0.5667922920649033
3271,3271.0,-0.6279108179388996
3272,3272.0,-0.6941392913074963
3273,3273.0,-0.7647659501392702
3274,3274.0,-0.8382075826787836
3275,3275.0,-0.9120085026578473
3276,3276.0,-0.9828342900710424
3277,3277.0,-1.0457753696762955
3278,3278.0,-1.0942782043598802
3279,3279.0,-1.1214565265861594
3280,3280.0,-1.120152632748487
3281,3281.0,-1.0829373831693128
3282,3282.0,-1.0033419184963606
3283,3283.0,-0.8808384644535269
3284,3284.0,-0.7183016087016474
3285,3285.0,-0.520905407271727
3286,3286.0,-0.29612819117921707
3287,3287.0,-0.05425668742498799
3288,3288.0,0.19421596730969315
3289,3289.0,0.44449186785189687
3290,3290.0,0.6933288817473391
3291,3291.0,0.9387142979296381
3292,3292.0,1.179864826719323
3293,3293.0,1.417233139444027
3294,3294.0,1.6546932628435236
3295,3295.0,1.8983883202268728
3296,3296.0,2.148623216071347
3297,3297.0,2.3990102964211646
3298,3298.0,2.636469348887908
3299,3299.0,2.841265077689789
3300,3300.0,0.24196782857567545
3301,3301.0,3.0370837983196246
3302,3302.0,2.9701155940269692
3303,3303.0,2.775665660192888
3304,3304.0,2.472616360993659
3305,3305.0,2.104684654484989
3306,3306.0,1.7241202139910443
3307,3307.0,1.386354102393569
3308,3308.0,1.1143380435668697
3309,3309.0,0.9126338163568993
3310,3310.0,0.7731899548311947
3311,3311.0,0.6776065068676234
3312,3312.0,0.6131226516695971
3313,3313.0,0.5690120838601038
3314,3314.0,0.5374749605973187
3315,3315.0,0.512992561515702
3316,3316.0,0.4922398746590519
3317,3317.0,0.47338675099543903
3318,3318.0,0.45531620537830386
3319,3319.0,0.43730477114546173
3320,3320.0,0.41899105759797495
3321,3321.0,0.40029669980293203
3322,3322.0,0.3813306956365754
3323,3323.0,0.3620120739359059
3324,3324.0,0.3423688263431397
3325,3325.0,0.32247963173746486
3326,3326.0,0.30246128462943966
3327,3327.0,0.28246869516107126
3328,3328.0,0.2626518935278234
3329,3329.0,0.24298091257444399
3330,3330.0,0.22342543657107894
3331,3331.0,0.20394638872658916
3332,3332.0,0.18448953713900437
3333,3333.0,0.1649854574954254
3334,3334.0,0.1453050291133501
3335,3335.0,0.12526444011747656
3336,3336.0,0.10470635935710598
3337,3337.0,0.08348877663667878
3338,3338.0,0.06148500271574221
3339,3339.0,0.038597653582985766
3340,3340.0,0.014767026064977547
3341,3341.0,-0.010122643728772675
3342,3342.0,-0.03614240935938107
3343,3343.0,-0.06330805395330351
3344,3344.0,-0.09158009020238478
3345,3345.0,-0.12091356584609755
3346,3346.0,-0.15151187186144213
3347,3347.0,-0.183598351525864
3348,3348.0,-0.2174111727863142
3349,3349.0,-0.25321397923532263
3350,3350.0,0.8983308365386864
3351,3351.0,-0.33204717950639073
3352,3352.0,-0.3758774589243885
3353,3353.0,-0.4230645065613997
3354,3354.0,-0.473751110029021
3355,3355.0,-0.5279459685204392
3356,3356.0,-0.5854981717086342
3357,3357.0,-0.6457250950473556
3358,3358.0,-0.7077254399009758
3359,3359.0,-0.7700024029945817
3360,3360.0,-0.8303159321353335
3361,3361.0,-0.8856827262127427
3362,3362.0,-0.9324763076559459
3363,3363.0,-0.9668532871552425
3364,3364.0,-0.9848992992205321
3365,3365.0,-0.9830751797325157
3366,3366.0,-0.9582464062904832
3367,3367.0,-0.9077125298848371
3368,3368.0,-0.8309258128774377
3369,3369.0,-0.7303587819976354
3370,3370.0,-0.6092245586045684
3371,3371.0,-0.47130019080857305
3372,3372.0,-0.3209266534716365
3373,3373.0,-0.16322519319288611
3374,3374.0,-0.002980339601613202
3375,3375.0,0.1573421381937521
3376,3376.0,0.31589859345160476
3377,3377.0,0.4713630406258894
3378,3378.0,0.6229271553663823
3379,3379.0,0.7703002745189406
3380,3380.0,0.9136563561506991
3381,3381.0,1.0533217997753463
3382,3382.0,1.188821317456261
3383,3383.0,1.3183488656493814
3384,3384.0,1.4387580786242737
3385,3385.0,1.5461170696094766
3386,3386.0,1.6354971784006889
3387,3387.0,1.7018717902413716
3388,3388.0,1.7412009547772305
3389,3389.0,1.7504426190431648
3390,3390.0,1.7288050690245382
3391,3391.0,1.6789704828156378
3392,3392.0,1.6053198134345856
3393,3393.0,1.5137401817558698
3394,3394.0,1.4116248765101282
3395,3395.0,1.307022445987037
3396,3396.0,1.2047015023043748
3397,3397.0,1.1083047282795992
3398,3398.0,1.0203002809033839
3399,3399.0,0.9418977285356814
3400,3400.0,1.4077480419633408
3401,3401.0,0.8131257560830185
3402,3402.0,0.7609905420583616
3403,3403.0,0.7154901895446663
3404,3404.0,0.6756099742342909
3405,3405.0,0.6404864411476047
3406,3406.0,0.6094074046328037
3407,3407.0,0.58178585852371
3408,3408.0,0.5568839915087737
3409,3409.0,0.5339680634370934
3410,3410.0,0.5124584131007954
3411,3411.0,0.4919242476405193
3412,3412.0,0.47208364254550544
3413,3413.0,0.4526588747069899
3414,3414.0,0.43316354169764887
3415,3415.0,0.4133671348260438
3416,3416.0,0.39315973756317923
3417,3417.0,0.37254448828575826
3418,3418.0,0.35163973225918205
3419,3419.0,0.3307401367410513
3420,3420.0,0.31015517478684945
3421,3421.0,0.2901978078317504
3422,3422.0,0.2712244106246634
3423,3423.0,0.25363477122819567
3424,3424.0,0.23787209101862467
3425,3425.0,0.22435795718274784
3426,3426.0,0.2129374321121192
3427,3427.0,0.20322077636062447
3428,3428.0,0.1948569687192143
3429,3429.0,0.18752676674319566
3430,3430.0,0.18092783150658065
3431,3431.0,0.1744405412129758
3432,3432.0,0.16740171117830643
3433,3433.0,0.15929005633532073
3434,3434.0,0.14967339513889272
3435,3435.0,0.13821008968627962
3436,3436.0,0.12463876558654115
3437,3437.0,0.10874564655486402
3438,3438.0,0.09049214534890836
3439,3439.0,0.07003794587296237
3440,3440.0,0.047741003178017785
3441,3441.0,0.024154977977956377
3442,3442.0,-3.8479039871017195e-06
3443,3443.0,-0.023792625379903315
3444,3444.0,-0.04597362297433
3445,3445.0,-0.06503234366668273
3446,3446.0,-0.07938706920883312
3447,3447.0,-0.08746405562640343
3448,3448.0,-0.0877645090066203
3449,3449.0,-0.07890236794445604
3450,3450.0,1.3717553781942873
3451,3451.0,-0.03100705667418751
3452,3452.0,0.007903213125663777
3453,3453.0,0.05592716286424579
3454,3454.0,0.11160904693624991
3455,3455.0,0.1730868895395582
3456,3456.0,0.2384284440150442
3457,3457.0,0.30562408459644214
3458,3458.0,0.37263905159381955
3459,3459.0,0.4377838385992826
3460,3460.0,0.49945589435087834
3461,3461.0,0.5560846571563611
3462,3462.0,0.6061315548929427
3463,3463.0,0.6481316715307759
3464,3464.0,0.6810396070572452
3465,3465.0,0.7041755257584661
3466,3466.0,0.7171011864430359
3467,3467.0,0.7196194433432982
3468,3468.0,0.7118768813572409
3469,3469.0,0.6953377774233955
3470,3470.0,0.6718985781948219
3471,3471.0,0.6434550140673008
3472,3472.0,0.6119530300084444
3473,3473.0,0.5793195904700293
3474,3474.0,0.5469014294369752
3475,3475.0,0.5155880157485344
3476,3476.0,0.4859411198851059
3477,3477.0,0.45818664430070616
3478,3478.0,0.4322539779439434
3479,3479.0,0.4080081039372709
3480,3480.0,0.38518287310288823
3481,3481.0,0.3636374839549013
3482,3482.0,0.34339273893376626
3483,3483.0,0.3246310444062471
3484,3484.0,0.30764805309974075
3485,3485.0,0.29266359390333985
3486,3486.0,0.2799885027164407
3487,3487.0,0.2700897053986593
3488,3488.0,0.26358036817631764
3489,3489.0,0.26088536010556734
3490,3490.0,0.26216124304051247
3491,3491.0,0.26751612897986043
3492,3492.0,0.2769982343235956
3493,3493.0,0.2905145316861281
3494,3494.0,0.3075376158441601
3495,3495.0,0.3274245422327381
3496,3496.0,0.3494478901593885
3497,3497.0,0.3727858418904528
3498,3498.0,0.3964883682685971
3499,3499.0,0.4195981744860145
3500,3500.0,0.8990373558291631
3501,3501.0,0.4603756253026982
3502,3502.0,0.476323123809767
3503,3503.0,0.4884154540101815
3504,3504.0,0.4962172932199963
3505,3505.0,0.49946178981812367
3506,3506.0,0.498050563246368
3507,3507.0,0.49205829478882446
3508,3508.0,0.48188540242278755
3509,3509.0,0.46816273865452923
3510,3510.0,0.45154917130171934
3511,3511.0,0.4327352529556967
3512,3512.0,0.4124432209815312
3513,3513.0,0.3914232791105134
3514,3514.0,0.37020140879379565
3515,3515.0,0.349034071870916
3516,3516.0,0.32811557858490187
3517,3517.0,0.30755215138253783
3518,3518.0,0.28736192491432855
3519,3519.0,0.2674751771343521
3520,3520.0,0.24777825180726493
3521,3521.0,0.22817744729998296
3522,3522.0,0.20864698399774279
3523,3523.0,0.18925032930863453
3524,3524.0,0.17014019766356886
3525,3525.0,0.15157070077063758
3526,3526.0,0.13391211621140128
3527,3527.0,0.11750259748717519
3528,3528.0,0.10279745562146679
3529,3529.0,0.09039356262308938
3530,3530.0,0.08093556701925606
3531,3531.0,0.07474954616104536
3532,3532.0,0.07209061523667394
3533,3533.0,0.07311212066777643
3534,3534.0,0.07780032963056017
3535,3535.0,0.08578245029775387
3536,3536.0,0.09650003107554339
3537,3537.0,0.1092176979405197
3538,3538.0,0.12301478668123389
3539,3539.0,0.13689378405190042
3540,3540.0,0.1498322785954897
3541,3541.0,0.1608146265739037
3542,3542.0,0.16894674519240294
3543,3543.0,0.17355054837444245
3544,3544.0,0.17415796614583826
3545,3545.0,0.17054774712087808
3546,3546.0,0.16277025067664985
3547,3547.0,0.15111201176447264
3548,3548.0,0.13608550221993382
3549,3549.0,0.11829624122892994
3550,3550.0,0.5883150718143281
3551,3551.0,0.07675707378996237
3552,3552.0,0.05413305027480603
3553,3553.0,0.030759092722415768
3554,3554.0,0.006593975358
3555,3555.0,-0.018455710092551633
3556,3556.0,-0.044542417934639825
3557,3557.0,-0.0718711353893669
3558,3558.0,-0.10065490169894456
3559,3559.0,-0.13094047086776867
3560,3560.0,-0.16246168161597344
3561,3561.0,-0.19463290601215885
3562,3562.0,-0.226511313730453
3563,3563.0,-0.2566164004524942
3564,3564.0,-0.28300721899552006
3565,3565.0,-0.3033279821521969
3566,3566.0,-0.3148118420682891
3567,3567.0,-0.31458753524533173
3568,3568.0,-0.30027904573126507
3569,3569.0,-0.2699764073668862
3570,3570.0,-0.2222192040406541
3571,3571.0,-0.15647471538076668
3572,3572.0,-0.07426321263257271
3573,3573.0,0.02224375757719524
3574,3574.0,0.13054818343391683
3575,3575.0,0.24778045869546517
3576,3576.0,0.3707560123715591
3577,3577.0,0.4968178197000389
3578,3578.0,0.6237227768732074
3579,3579.0,0.7496043680763897
3580,3580.0,0.8726849865268558
3581,3581.0,0.9913338054257275
3582,3582.0,1.1032373251547558
3583,3583.0,1.2049293728197612
3584,3584.0,1.2917921469940443
3585,3585.0,1.3584633705817426
3586,3586.0,1.3995273044611944
3587,3587.0,1.4110783909113231
3588,3588.0,1.3912741654810052
3589,3589.0,1.340341752321638
3590,3590.0,1.2631548454410308
3591,3591.0,1.1680742769645993
3592,3592.0,1.0629454988560652
3593,3593.0,0.9559302701134672
3594,3594.0,0.8555066567689544
3595,3595.0,0.7695009840126469
3596,3596.0,0.6967890218728426
3597,3597.0,0.6355905948809684
3598,3598.0,0.5845408683183708
3599,3599.0,0.541901755301064
3600,3600.0,0.4335009629445835
3601,3601.0,0.4738869283090674
3602,3602.0,0.4453615869899511
3603,3603.0,0.4189432090585451
3604,3604.0,0.3941570958619975
3605,3605.0,0.37111930385765374
3606,3606.0,0.3500436673815421
3607,3607.0,0.33086308419714106
3608,3608.0,0.31391117186510986
3609,3609.0,0.29977985227504705
3610,3610.0,0.28930163761448724
3611,3611.0,0.28308037963889243
3612,3612.0,0.28144457449676125
3613,3613.0,0.2846703947926965
3614,3614.0,0.29295432575689534
3615,3615.0,0.30632252076841776
3616,3616.0,0.3242185936003117
3617,3617.0,0.3459092573717122
3618,3618.0,0.3704628468924405
3619,3619.0,0.39674271973373887
3620,3620.0,0.4235170249928547
3621,3621.0,0.44930065499548283
3622,3622.0,0.47269054369963537
3623,3623.0,0.49245106489060736
3624,3624.0,0.5075140321810042
3625,3625.0,0.5169784410950817
3626,3626.0,0.5201154743319099
3627,3627.0,0.516760797867857
3628,3628.0,0.5072218868823848
3629,3629.0,0.49215365927923505
3630,3630.0,0.4725584756864754
3631,3631.0,0.4498801364678799
3632,3632.0,0.4256739227661954
3633,3633.0,0.40121564782798946
3634,3634.0,0.377618719181262
3635,3635.0,0.35583439341122214
3636,3636.0,0.3364104703802148
3637,3637.0,0.3189527311599732
3638,3638.0,0.3029558334095279
3639,3639.0,0.2878906325297331
3640,3640.0,0.27320101869222335
3641,3641.0,0.2583096120610845
3642,3642.0,0.24267953008380766
3643,3643.0,0.2258970601505609
3644,3644.0,0.20781653311711773
3645,3645.0,0.18857846011171664
3646,3646.0,0.16861085285017707
3647,3647.0,0.14853453037364828
3648,3648.0,0.12908890008570317
3649,3649.0,0.11139277300360174
3650,3650.0,0.3435864979746027
3651,3651.0,0.08753424200569332
3652,3652.0,0.08447878665433374
3653,3653.0,0.08919711363214082
3654,3654.0,0.10299436287779588
3655,3655.0,0.12663445504348578
3656,3656.0,0.160079778826329
3657,3657.0,0.2028310184755483
3658,3658.0,0.25390009837874367
3659,3659.0,0.3116172194974607
3660,3660.0,0.37399218138596224
3661,3661.0,0.43899007186747835
3662,3662.0,0.5045003321974437
3663,3663.0,0.5683633532569619
3664,3664.0,0.6285320815295934
3665,3665.0,0.6829965543047856
3666,3666.0,0.7297519176576459
3667,3667.0,0.7668735285421754
3668,3668.0,0.7929792496218468
3669,3669.0,0.8070627564084114
3670,3670.0,0.8084682833231573
3671,3671.0,0.7970348143282707
3672,3672.0,0.774428046607817
3673,3673.0,0.7431041466863885
3674,3674.0,0.7056571511401775
3675,3675.0,0.6648609493065336
3676,3676.0,0.623521371561903
3677,3677.0,0.5834506942553862
3678,3678.0,0.5457267941728147
3679,3679.0,0.5109715560334671
3680,3680.0,0.47934598614559365
3681,3681.0,0.450587130034079
3682,3682.0,0.42416849210810054
3683,3683.0,0.3994958765317647
3684,3684.0,0.3761935670824314
3685,3685.0,0.3541202385762109
3686,3686.0,0.33336831584680304
3687,3687.0,0.31408112951115413
3688,3688.0,0.2963532118962948
3689,3689.0,0.2804455893484729
3690,3690.0,0.26676458650812923
3691,3691.0,0.25585305482455284
3692,3692.0,0.24802859361655985
3693,3693.0,0.24330152079504608
3694,3694.0,0.2416310425827266
3695,3695.0,0.24290816697545517
3696,3696.0,0.24682008906759642
3697,3697.0,0.2526501344593518
3698,3698.0,0.25962868022114555
3699,3699.0,0.26696572334365554
3700,3700.0,0.290894057031421
3701,3701.0,0.27936778416518687
3702,3702.0,0.28276919483683305
3703,3703.0,0.28345856375762574
3704,3704.0,0.2810350358648611
3705,3705.0,0.2752743371792823
3706,3706.0,0.26620359455932324
3707,3707.0,0.25403890814542796
3708,3708.0,0.23917424094124912
3709,3709.0,0.22218224330942302
3710,3710.0,0.2036422168947904
3711,3711.0,0.1840272062751723
3712,3712.0,0.1637947125058657
3713,3713.0,0.14338932026008339
3714,3714.0,0.1231388077473127
3715,3715.0,0.10292069508640252
3716,3716.0,0.0825616854869685
3717,3717.0,0.06184617962903276
3718,3718.0,0.04050925523698584
3719,3719.0,0.01824181254616605
3720,3720.0,-0.0052898301025821395
3721,3721.0,-0.030314029936750198
3722,3722.0,-0.05690430441803172
3723,3723.0,-0.08497927384003373
3724,3724.0,-0.1142476329318843
3725,3725.0,-0.14422687656828728
3726,3726.0,-0.17425154255436986
3727,3727.0,-0.20321947116231512
3728,3728.0,-0.2295846136613766
3729,3729.0,-0.2516023942493024
3730,3730.0,-0.2673912663421391
3731,3731.0,-0.27491981324745085
3732,3732.0,-0.27227773746095163
3733,3733.0,-0.25767428775254636
3734,3734.0,-0.22976142390919632
3735,3735.0,-0.18825237920972374
3736,3736.0,-0.13347664938290432
3737,3737.0,-0.06630045056271641
3738,3738.0,0.01182078896616768
3739,3739.0,0.09842682324355564
3740,3740.0,0.19084159763005384
3741,3741.0,0.28657383315264806
3742,3742.0,0.3832997240539948
3743,3743.0,0.4787822677044042
3744,3744.0,0.5710854368019379
3745,3745.0,0.6585779887096823
3746,3746.0,0.7393405462049711
3747,3747.0,0.8111479006954667
3748,3748.0,0.8715404933680443
3749,3749.0,0.918109902033418
3750,3750.0,0.2373457357593661
3751,3751.0,0.9619448603533558
3752,3752.0,0.9566889556720222
3753,3753.0,0.9331946650474047
3754,3754.0,0.8947517518910771
3755,3755.0,0.8454196644429977
3756,3756.0,0.7895295767858871
3757,3757.0,0.7316947381704426
3758,3758.0,0.6762905233102126
3759,3759.0,0.6251694482697235
3760,3760.0,0.5791522802455122
3761,3761.0,0.538501357137581
3762,3762.0,0.5029055143600061
3763,3763.0,0.47149390602246244
3764,3764.0,0.4432522219883397
3765,3765.0,0.41729144767347953
3766,3766.0,0.3931170238271128
3767,3767.0,0.37072564285967435
3768,3768.0,0.3506009384233358
3769,3769.0,0.33338535146954573
3770,3770.0,0.31970913739326334
3771,3771.0,0.3105084851342173
3772,3772.0,0.3070224013702753
3773,3773.0,0.31061967222256476
3774,3774.0,0.3219163664832192
3775,3775.0,0.34123288860952516
3776,3776.0,0.36853844253238366
3777,3777.0,0.40331511037877044
3778,3778.0,0.4443389906490078
3779,3779.0,0.48999767801338306
3780,3780.0,0.5383223816818683
3781,3781.0,0.5871200105072758
3782,3782.0,0.6340443202573413
3783,3783.0,0.6766907292689757
3784,3784.0,0.7127073265449995
3785,3785.0,0.7397675289085115
3786,3786.0,0.7558678691260935
3787,3787.0,0.7599476121043894
3788,3788.0,0.7516651660340902
3789,3789.0,0.7313785820057918
3790,3790.0,0.7003614188331216
3791,3791.0,0.6619781152539376
3792,3792.0,0.6196107471640979
3793,3793.0,0.5764570668096759
3794,3794.0,0.5356343574501418
3795,3795.0,0.5000140989585689
3796,3796.0,0.47010711559066914
3797,3797.0,0.4453285642470885
3798,3798.0,0.4249513645512456
3799,3799.0,0.4079856048687871
3800,3800.0,0.1529004960510323
3801,3801.0,0.37950331360053713
3802,3802.0,0.3658765945885996
3803,3803.0,0.35159894373200823
3804,3804.0,0.33631105849066883
3805,3805.0,0.32001142196545085
3806,3806.0,0.30269047800614735
3807,3807.0,0.28423467276827774
3808,3808.0,0.2648189696592683
3809,3809.0,0.24490700871748805
3810,3810.0,0.22525110661232634
3811,3811.0,0.20663126567141046
3812,3812.0,0.18953422583034044
3813,3813.0,0.17461172825273727
3814,3814.0,0.16263612207892914
3815,3815.0,0.15445490129103814
3816,3816.0,0.1505117650991261
3817,3817.0,0.15100551824230282
3818,3818.0,0.15599387705765125
3819,3819.0,0.1653714342035756
3820,3820.0,0.17872256328131986
3821,3821.0,0.1952458342715548
3822,3822.0,0.21402710100508743
3823,3823.0,0.23402219732052096
3824,3824.0,0.254094304314514
3825,3825.0,0.27310812680126423
3826,3826.0,0.2900000438877629
3827,3827.0,0.3037888780872014
3828,3828.0,0.3136973535555107
3829,3829.0,0.319193562508777
3830,3830.0,0.3199803853042506
3831,3831.0,0.3160143388207849
3832,3832.0,0.3076166977818353
3833,3833.0,0.2953389070762144
3834,3834.0,0.2798937410703111
3835,3835.0,0.26215624965406853
3836,3836.0,0.2431374498462822
3837,3837.0,0.22359412510274515
3838,3838.0,0.20396788881564148
3839,3839.0,0.18458672298078135
3840,3840.0,0.1656692625426393
3841,3841.0,0.14725546157280409
3842,3842.0,0.1289119992926561
3843,3843.0,0.11020978588399764
3844,3844.0,0.0907730089966003
3845,3845.0,0.070264651675924
3846,3846.0,0.048445060809078934
3847,3847.0,0.025234667055210644
3848,3848.0,0.0007472114031047417
3849,3849.0,-0.02458466297637485
3850,3850.0,0.045013989907968385
3851,3851.0,-0.07448539526218033
3852,3852.0,-0.09688018153365657
3853,3853.0,-0.11584234002510983
3854,3854.0,-0.12976441224721263
3855,3855.0,-0.13681522924884873
3856,3856.0,-0.13565547045265375
3857,3857.0,-0.1255801168397029
3858,3858.0,-0.10621038728639012
3859,3859.0,-0.0775141601512993
3860,3860.0,-0.040243954531022696
3861,3861.0,0.003962798544721036
3862,3862.0,0.053266915201270554
3863,3863.0,0.10560731720192273
3864,3864.0,0.15873651745698214
3865,3865.0,0.21051806288002842
3866,3866.0,0.25907161122365163
3867,3867.0,0.30276988780020436
3868,3868.0,0.3402511562936867
3869,3869.0,0.370575403238879
3870,3870.0,0.39321171020810725
3871,3871.0,0.4079470025490324
3872,3872.0,0.41488499816005525
3873,3873.0,0.41457815006745646
3874,3874.0,0.40804023739704454
3875,3875.0,0.39642943324044466
3876,3876.0,0.38102585739650513
3877,3877.0,0.36319328062644823
3878,3878.0,0.3439613369618959
3879,3879.0,0.32404037710565037
3880,3880.0,0.3039429753206061
3881,3881.0,0.2839780278890275
3882,3882.0,0.2642586073988189
3883,3883.0,0.24473029443672228
3884,3884.0,0.2253476243586607
3885,3885.0,0.20625696875008992
3886,3886.0,0.18780484805548564
3887,3887.0,0.17054760751196885
3888,3888.0,0.15525897721876802
3889,3889.0,0.14276110365036354
3890,3890.0,0.13414910432958144
3891,3891.0,0.13082864207624578
3892,3892.0,0.1340608034959694
3893,3893.0,0.14471586218691357
3894,3894.0,0.16351094457147522
3895,3895.0,0.19086503265864802
3896,3896.0,0.22655441025789191
3897,3897.0,0.26990239760633983
3898,3898.0,0.3198519648431407
3899,3899.0,0.3749375583036323
3900,3900.0,-0.08186218626435628
3901,3901.0,0.4933909928023227
3902,3902.0,0.552982702456306
3903,3903.0,0.610154824382884
3904,3904.0,0.6629680532614483
3905,3905.0,0.7095248852362621
3906,3906.0,0.7479246665706812
3907,3907.0,0.7762615736236638
3908,3908.0,0.7928500346736683
3909,3909.0,0.7971518851802771
3910,3910.0,0.7893727871691819
3911,3911.0,0.7702965201288944
3912,3912.0,0.7412849810107608
3913,3913.0,0.7043753099563405
3914,3914.0,0.6630204913738584
3915,3915.0,0.6200343960838761
3916,3916.0,0.5776609833377596
3917,3917.0,0.5377998821493543
3918,3918.0,0.5020063755774259
3919,3919.0,0.47069162357904454
3920,3920.0,0.4429625004872876
3921,3921.0,0.41813415200298865
3922,3922.0,0.39551057381336563
3923,3923.0,0.37438461159196756
3924,3924.0,0.3541036912508331
3925,3925.0,0.33420054278169203
3926,3926.0,0.31420311030970643
3927,3927.0,0.2939657010765982
3928,3928.0,0.2736957859298941
3929,3929.0,0.2539539993228905
3930,3930.0,0.23542536799693084
3931,3931.0,0.21865299014461037
3932,3932.0,0.20452125794103204
3933,3933.0,0.19412359743662425
3934,3934.0,0.18874150491968272
3935,3935.0,0.18950639926995605
3936,3936.0,0.19732844984880005
3937,3937.0,0.21294538696182416
3938,3938.0,0.23688736438642274
3939,3939.0,0.26912442461451147
3940,3940.0,0.3090263787471596
3941,3941.0,0.3556808566828637
3942,3942.0,0.40789127473932146
3943,3943.0,0.46400670839328634
3944,3944.0,0.5221477314739676
3945,3945.0,0.5803757950166689
3946,3946.0,0.6366885360887771
3947,3947.0,0.6888931225674935
3948,3948.0,0.7347334526019189
3949,3949.0,0.7720706493634275
3950,3950.0,-0.2439838131338264
3951,3951.0,0.8133150170162762
3952,3952.0,0.8144593873600979
3953,3953.0,0.8022050866385962
3954,3954.0,0.7773422235864725
3955,3955.0,0.7421660879190934
3956,3956.0,0.6998883866678399
3957,3957.0,0.653679250784476
3958,3958.0,0.6067292428687163
3959,3959.0,0.562249357168136
3960,3960.0,0.5231924460205387
3961,3961.0,0.4895026855037294
3962,3962.0,0.4604363845848662
3963,3963.0,0.4352771061911823
3964,3964.0,0.4131173421237575
3965,3965.0,0.3928585515145275
3966,3966.0,0.37351562109469105
3967,3967.0,0.3543538083805443
3968,3968.0,0.3348299916656266
3969,3969.0,0.31480818875956224
3970,3970.0,0.2945595569881383
3971,3971.0,0.2746398736879165
3972,3972.0,0.25554425939692776
3973,3973.0,0.2380756669753918
3974,3974.0,0.22334853994423345
3975,3975.0,0.21276953255632072
3976,3976.0,0.20759017995712195
3977,3977.0,0.2087649877605727
3978,3978.0,0.2171166349383249
3979,3979.0,0.23328705776605393
3980,3980.0,0.2572574884668525
3981,3981.0,0.28839856250456863
3982,3982.0,0.325748161082818
3983,3983.0,0.3679579758430631
3984,3984.0,0.413318702452279
3985,3985.0,0.46001114639104446
3986,3986.0,0.5061365647912792
3987,3987.0,0.5497971421580663
3988,3988.0,0.5892965140670255
3989,3989.0,0.6230333988823105
3990,3990.0,0.6494895042739987
3991,3991.0,0.667300810405634
3992,3992.0,0.6758512449536733
3993,3993.0,0.6751578911203477
3994,3994.0,0.6656610013653624
3995,3995.0,0.6482252288234202
3996,3996.0,0.6242662217278913
3997,3997.0,0.5958522290499327
3998,3998.0,0.564860962973899
3999,3999.0,0.5329651660631266
