,age_kyrBP,corrupted_age,X
0,0.0,0.0,-1.0
1,1.0,0.9110021349166548,-0.9322745620063367
2,2.0,1.8603946350589622,-0.8758416965894009
3,3.0,2.826039253299845,-0.8287491881986208
4,4.0,3.6954149892957395,-0.7891391203440803
5,5.0,4.738310881396266,-0.7548268721148775
6,6.0,5.847390418859617,-0.7250136449330888
7,7.0,6.785041349273939,-0.6988226909532032
8,8.0,7.732921302093403,-0.6744293288468924
9,9.0,8.822211114495955,-0.6513083055440549
10,10.0,9.553188887137642,-0.6286238220324324
11,11.0,10.551335490743147,-0.605410173013685
12,12.0,11.598218489973757,-0.580807076828868
13,13.0,12.744721145392777,-0.5547002220181199
14,14.0,13.81575620385189,-0.5263970001461873
15,15.0,14.929372446380624,-0.49526958038768515
16,16.0,15.883228746457391,-0.4608450137970856
17,17.0,16.874003828749878,-0.42280523330871866
18,18.0,17.832261298374167,-0.3809870537367719
19,19.0,18.86898642401738,-0.3351859454056934
20,20.0,19.770053801822634,-0.28469492226171256
21,21.0,20.650421344343563,-0.2291263763677262
22,22.0,21.653201305061103,-0.16827648601321618
23,23.0,22.61726934791461,-0.10210618755467477
24,24.0,23.357506487899556,-0.030739000191512645
25,25.0,24.396876865851706,0.045679734557364196
26,26.0,25.505418877461224,0.1270796876046007
27,27.0,26.54221654922777,0.21326941341807693
28,28.0,27.52532168950628,0.30391667112158793
29,29.0,28.57625094193079,0.39854842449484346
30,30.0,29.53207979407722,0.49639271009859387
31,31.0,30.279684681643367,0.596482827009269
32,32.0,31.249776580838656,0.6976275427562041
33,33.0,32.104478998277024,0.7980765625495616
34,34.0,33.135827448846705,0.8955191080145195
35,35.0,34.221131577991045,0.9870839171912704
36,36.0,35.3968647241392,1.0699661830335025
37,37.0,36.24688325136964,1.1412763682942089
38,38.0,37.239465447533824,1.1971920289988507
39,39.0,38.2131733931358,1.2344964357889165
40,40.0,39.313880063765176,1.2506070510445708
41,41.0,40.33992150052577,1.2435755288846542
42,42.0,41.27605885165564,1.2120702725861283
43,43.0,42.26382863320791,1.1556401280588016
44,44.0,43.25880981996125,1.0754556767679468
45,45.0,44.29004764231641,0.9732284468319568
46,46.0,45.33749004031261,0.8510190125616652
47,47.0,46.360787480566295,0.7112369944603557
48,48.0,47.33653351204018,0.5566410592237514
49,49.0,48.190293861432174,0.39022253022269693
50,50.0,49.05206995038813,0.21417340887437208
51,51.0,50.04740791579565,0.0302359970471483
52,52.0,51.26590901470009,-0.15977393689130792
53,53.0,52.269345822410656,-0.35396310801003994
54,54.0,53.25013211226179,-0.5503607148147877
55,55.0,54.17717408918846,-0.7471172613355742
56,56.0,55.35160062606752,-0.9424651607422699
57,57.0,56.32481522455641,-1.1315352959464011
58,58.0,57.46538027279769,-1.3087667232455502
59,59.0,58.426022135579515,-1.468327033294114
60,60.0,59.39962092896293,-1.604112351103315
61,61.0,60.29965009261936,-1.709572190090044
62,62.0,61.189151122681295,-1.779814166631074
63,63.0,61.935202282218214,-1.814160098491638
64,64.0,62.822802347038184,-1.8136826689596786
65,65.0,63.9220707718162,-1.781529458818936
66,66.0,64.76125261737286,-1.7250544100507275
67,67.0,65.7473691435054,-1.6511894209266238
68,68.0,66.87228941420398,-1.5661452343017987
69,69.0,67.848837235811,-1.4756555108216445
70,70.0,68.8656160983779,-1.3845266297979002
71,71.0,69.6823923062724,-1.2958237959105448
72,72.0,70.87236370466242,-1.212124088081761
73,73.0,71.74522754993475,-1.1356559460646378
74,74.0,72.59478688967101,-1.0682613046044098
75,75.0,73.57451921924793,-1.0108011893945343
76,76.0,74.40293374395735,-0.9634081659400013
77,77.0,75.28458953614604,-0.9260450392336486
78,78.0,76.25198502197648,-0.8985158190615607
79,79.0,77.24306475855695,-0.8804678830185458
80,80.0,78.11344855075413,-0.8714475945834421
81,81.0,79.21488749614498,-0.8705997088621096
82,82.0,80.14590403565136,-0.8766815814416685
83,83.0,80.95804326247139,-0.8881370681830808
84,84.0,81.76607328283418,-0.9030965252211511
85,85.0,82.724429307225,-0.9198136953807678
86,86.0,83.84706485707167,-0.9372999329913728
87,87.0,84.90075461679649,-0.954169317879511
88,88.0,85.96781016760852,-0.9689911941672156
89,89.0,86.94083897989529,-0.9803045294277982
90,90.0,87.94572788361688,-0.9866249059506369
91,91.0,88.80562475932678,-0.987020932286454
92,92.0,89.68137028969642,-0.9811102767038642
93,93.0,90.6946925548052,-0.9682844576314487
94,94.0,91.73761512340361,-0.9477304872277006
95,95.0,92.92306788212858,-0.9184308713810244
96,96.0,93.9866560099853,-0.8808710163528845
97,97.0,95.08644026151882,-0.8355654247897023
98,98.0,96.00228046780585,-0.7820291319827716
99,99.0,96.98012058741027,-0.7207354160867011
100,100.0,97.92050314745174,-0.6531158904484792
101,101.0,98.8962733252012,-0.5803572353264344
102,102.0,99.90857215996337,-0.5026239251626475
103,103.0,100.84423360868568,-0.421163239857287
104,104.0,101.94195677589555,-0.33714271734736856
105,105.0,103.08941624386725,-0.2516359691252298
106,106.0,104.30900741554689,-0.1656226802385286
107,107.0,105.29443953647265,-0.07990158330808694
108,108.0,106.15513503781943,0.004760247956921232
109,109.0,107.08362823946906,0.08628565838463667
110,110.0,108.02584966498867,0.16307140261360603
111,111.0,108.9236676199257,0.2342604617597157
112,112.0,109.8580237893669,0.2996476585419408
113,113.0,110.74483042169476,0.35779708656211784
114,114.0,111.6437365755512,0.4071742917609731
115,115.0,112.67792520436112,0.4468544713581445
116,116.0,113.724889431164,0.47625947265137
117,117.0,114.6367566902591,0.49498515657722636
118,118.0,115.4962211811632,0.5019467017147285
119,119.0,116.3023767511377,0.49662145112379513
120,120.0,117.09530595575295,0.47911581457186486
121,121.0,118.08775978025426,0.450106335745409
122,122.0,119.0845509738002,0.4098154281497036
123,123.0,120.06307266444863,0.3583937542864999
124,124.0,121.06786924608213,0.29681358228212806
125,125.0,122.12959407294127,0.22635178862553676
126,126.0,123.02310701728192,0.14858985816829073
127,127.0,123.97801960081867,0.0649953225089302
128,128.0,124.81410938004413,-0.023465037755834972
129,129.0,125.65491790594733,-0.1139997351383473
130,130.0,126.48460148417782,-0.2044075463266714
131,131.0,127.62979064087445,-0.2933068321414602
132,132.0,128.45861425904403,-0.3798622073533212
133,133.0,129.24601733343292,-0.46184224714009436
134,134.0,130.09031882681063,-0.5373150810210553
135,135.0,131.0219655422983,-0.6048088675181267
136,136.0,131.99142873544997,-0.6631829067538197
137,137.0,132.94024815677412,-0.7116271282122627
138,138.0,133.9480592778611,-0.7488031096755838
139,139.0,135.01719119732076,-0.7736493850667301
140,140.0,136.05633497205233,-0.7859467423861184
141,141.0,137.22132500828533,-0.7861419265709749
142,142.0,138.24662500038903,-0.774428965928141
143,143.0,139.18667256275873,-0.7515155902313633
144,144.0,140.4212942522993,-0.7182708454083582
145,145.0,141.56999479651117,-0.6756460346515326
146,146.0,142.60023257352415,-0.6246771127023879
147,147.0,143.84855995183662,-0.5667570915412388
148,148.0,144.74784963887868,-0.5034540537226508
149,149.0,145.746630232812,-0.4363192402069942
150,150.0,146.6257844025127,-0.3670041143154179
151,151.0,147.62844725897838,-0.29726036172984927
152,152.0,148.7125443859156,-0.22895212845983132
153,153.0,149.6519888482702,-0.16390653193041282
154,154.0,150.6926796555305,-0.10354587147736408
155,155.0,151.51478389454326,-0.04954276592964116
156,156.0,152.79527316765927,-0.003923427788824291
157,157.0,153.73549967135617,0.03174383334665004
158,158.0,154.70928182092953,0.05646236804821547
159,159.0,155.64453823529016,0.06903702148564138
160,160.0,156.7933316021254,0.06872533321564851
161,161.0,157.87245421648828,0.05525754866506254
162,162.0,158.72574018768128,0.02864713543987002
163,163.0,159.64784092182205,-0.010997421163089396
164,164.0,160.53762192982092,-0.06309819595599574
165,165.0,161.33246773402982,-0.12683969352940283
166,166.0,162.38207932944792,-0.20117529324609804
167,167.0,163.26391934655817,-0.28451162574821565
168,168.0,164.36796135113718,-0.37487083814432764
169,169.0,165.38585802166128,-0.47019397311534294
170,170.0,166.1844906301138,-0.567930006121047
171,171.0,167.0088315343926,-0.6655807830998823
172,172.0,168.01338059250824,-0.7607754244595832
173,173.0,169.02419326853266,-0.8512703250772045
174,174.0,170.08028475565595,-0.9346351684864231
175,175.0,171.156628380158,-1.0085011405253699
176,176.0,172.16406049333116,-1.071140497958715
177,177.0,173.25290106182396,-1.1212601871143686
178,178.0,174.43151693506965,-1.1580018434183694
179,179.0,175.37165523267973,-1.1809429705586167
180,180.0,176.37715713642106,-1.18989915802568
181,181.0,177.60926216914626,-1.1848810079229122
182,182.0,178.5242799532085,-1.166369579951753
183,183.0,179.38839937429486,-1.1353312470195198
184,184.0,180.35129119095447,-1.0932264685513329
185,185.0,181.25297809886564,-1.041961691935252
186,186.0,182.3462088474663,-0.9825970899234225
187,187.0,183.54979136048604,-0.9162203349030218
188,188.0,184.58166373013714,-0.8443296646074275
189,189.0,185.54228950435362,-0.7688338821162344
190,190.0,186.55878052714016,-0.691758914402183
191,191.0,187.4838976496723,-0.6142951096027057
192,192.0,188.33152371158104,-0.5379756254580508
193,193.0,189.45477024043976,-0.46425626472803716
194,194.0,190.32828117909435,-0.3944564112580351
195,195.0,191.2986224417705,-0.3297590299789847
196,196.0,192.32704520808582,-0.27094279568817703
197,197.0,193.15622859861577,-0.21899037025407947
198,198.0,194.28775212813943,-0.1750117193825167
199,199.0,195.248370409112,-0.13937511400955915
200,200.0,196.28547883827238,-0.11170794174231827
201,201.0,197.18148038984924,-0.09250079897863775
202,202.0,198.195662186742,-0.08214656443772783
203,203.0,199.35605411544347,-0.07990077535362351
204,204.0,200.24291683884383,-0.08482301387537863
205,205.0,201.07725856044198,-0.09618519734527894
206,206.0,202.0140864041295,-0.11338074798515146
207,207.0,203.09279956374309,-0.1355019142983917
208,208.0,203.96176746385524,-0.16170752047356668
209,209.0,204.897602173445,-0.19039416229577039
210,210.0,205.95357518902946,-0.21965007321840802
211,211.0,207.12637121452155,-0.24861195903373662
212,212.0,208.26124939239747,-0.2760119502051943
213,213.0,209.30966345095908,-0.3001218787100088
214,214.0,210.37775436752813,-0.3190192589993047
215,215.0,211.38486151005932,-0.3322854921952479
216,216.0,212.35935833008884,-0.33930814233519957
217,217.0,213.40533673866915,-0.33890154114547244
218,218.0,214.47925063299095,-0.32984300009266015
219,219.0,215.41530516146048,-0.3123220319959211
220,220.0,216.50046145517737,-0.28620512483178356
221,221.0,217.6627854655211,-0.2512303001303593
222,222.0,218.71743705846853,-0.20707594782082395
223,223.0,219.91181996569654,-0.1543210463014123
224,224.0,220.85271351754756,-0.09336512503303572
225,225.0,221.83205020837784,-0.024630667099256737
226,226.0,222.838196173922,0.05103486805291085
227,227.0,223.84356488808348,0.1324226245859671
228,228.0,224.96281956479038,0.21917400037643547
229,229.0,226.08267976776978,0.3100352354544821
230,230.0,226.994737792308,0.40334413611020187
231,231.0,228.0532079016483,0.49755849807925023
232,232.0,229.04725500047246,0.5912683804999197
233,233.0,230.02314750660017,0.6832325793690529
234,234.0,230.81222906124003,0.7708162072466499
235,235.0,231.77866784157789,0.851251785841085
236,236.0,232.8670199793234,0.9221862250466555
237,237.0,233.7701956812224,0.9816808229435618
238,238.0,234.65427671629902,1.0276152963791871
239,239.0,235.81835989842855,1.0563852557703641
240,240.0,237.01032217567106,1.0655401978773802
241,241.0,237.9061768260188,1.0536262635382192
242,242.0,238.9060590038011,1.0201456751251743
243,243.0,239.86534443768082,0.9654664452457208
244,244.0,241.0417002379617,0.8896207389870382
245,245.0,242.09188159402606,0.7936338407650374
246,246.0,243.16897818222944,0.6791395747138265
247,247.0,244.11804534949442,0.5480539693392423
248,248.0,245.20763098554409,0.40257525751884204
249,249.0,246.258494458369,0.24518483491271986
250,250.0,247.2118240984166,0.07846231085768779
251,251.0,248.30066977581942,-0.09548417040896967
252,252.0,249.28847176347932,-0.2744989871718716
253,253.0,250.31259154953304,-0.4562273060904817
254,254.0,251.2958722114588,-0.6381150821991278
255,255.0,252.28416050403328,-0.8178966598787833
256,256.0,253.39545648677546,-0.9926100327538708
257,257.0,254.4653278398863,-1.1570965682568515
258,258.0,255.48667234532874,-1.3064854118747204
259,259.0,256.5910696395149,-1.4362840803089365
260,260.0,257.3610496774422,-1.5423061164013308
261,261.0,258.36979898066335,-1.620148619462613
262,262.0,259.48525958651214,-1.6676205684819672
263,263.0,260.55166520817625,-1.6844213927640355
264,264.0,261.66258148895866,-1.6718077744488593
265,265.0,262.7566706810561,-1.6326131181620764
266,266.0,263.90338739105755,-1.571533169210604
267,267.0,264.9348224989255,-1.4937241005265118
268,268.0,266.20638708313015,-1.4038624481803135
269,269.0,267.1008308186673,-1.306180528436967
270,270.0,268.1956623643908,-1.204415454752187
271,271.0,269.4061699713103,-1.101305997299547
272,272.0,270.38882155872653,-0.9993865966182522
273,273.0,271.3880021358056,-0.9009703889822259
274,274.0,272.41216212900997,-0.8080427622120403
275,275.0,273.3129724092105,-0.7221852210561841
276,276.0,274.4569774265331,-0.6442306262738104
277,277.0,275.61132408034644,-0.5757336004502434
278,278.0,276.4509919163079,-0.5179371511148153
279,279.0,277.44620709488396,-0.4714896253648197
280,280.0,278.5812696966626,-0.43644470986552425
281,281.0,279.5658566710938,-0.4129589101655059
282,282.0,280.5707552947398,-0.40122547171401846
283,283.0,281.48644236782513,-0.4004849344508113
284,284.0,282.53586124416955,-0.4100086643959672
285,285.0,283.5039343401122,-0.4291071600104383
286,286.0,284.45737791713634,-0.45711305223628235
287,287.0,285.4946576627122,-0.49284336608807683
288,288.0,286.33693146623546,-0.534518970442524
289,289.0,287.29290938144806,-0.5803918330618281
290,290.0,288.3179758814316,-0.628781724582086
291,291.0,289.3423935380536,-0.678076331019847
292,292.0,290.4099378859668,-0.7266485486569851
293,293.0,291.4126578281272,-0.7726990319173702
294,294.0,292.3990992973163,-0.8145273033145084
295,295.0,293.255181784251,-0.8505922433237356
296,296.0,294.2760583913813,-0.8795120903822292
297,297.0,295.23895475262594,-0.9002877244314617
298,298.0,296.0059614343693,-0.9120513632914096
299,299.0,297.03643577245157,-0.9135292555717467
300,300.0,298.12324352978175,-0.9041694515728289
301,301.0,299.20946761934016,-0.8841842672222707
302,302.0,300.2822482977862,-0.8536306567440111
303,303.0,301.29919433378785,-0.8122585572877178
304,304.0,302.30627291698926,-0.7600670311737538
305,305.0,303.36916475637884,-0.6976702681990437
306,306.0,304.50727281989475,-0.6260199869801367
307,307.0,305.4980159063249,-0.5457220463612515
308,308.0,306.58002327711193,-0.4575541253364975
309,309.0,307.56484287104615,-0.3624694332198278
310,310.0,308.48081357239306,-0.26155383131674276
311,311.0,309.5179892514639,-0.15603198965530143
312,312.0,310.39490299630427,-0.047718743096064886
313,313.0,311.41177532593906,0.06158957670874221
314,314.0,312.3940346839562,0.1701974370910176
315,315.0,313.4613502469815,0.27651010436675444
316,316.0,314.62144167503646,0.3790336438360717
317,317.0,315.5493179590124,0.47633048761213415
318,318.0,316.44887498383207,0.5660690374314269
319,319.0,317.4827950080505,0.6458753258269602
320,320.0,318.2972748375927,0.7137176268905474
321,321.0,319.24040262938246,0.7677228815619583
322,322.0,320.1732989720994,0.805978793437035
323,323.0,321.2233686381952,0.8262846227771854
324,324.0,322.3287220154904,0.8271624374970764
325,325.0,323.1718820303324,0.8079043612170865
326,326.0,324.35352221114147,0.7684769352572735
327,327.0,325.3101524660382,0.7086768857223936
328,328.0,326.3220543383789,0.6296360170199997
329,329.0,327.189484455724,0.5329483452445
330,330.0,328.1732096752572,0.42032140216280145
331,331.0,329.03864922480943,0.2936289853677324
332,332.0,330.12888400169686,0.1554489439097107
333,333.0,331.00995033390035,0.008622586679035704
334,334.0,331.960076656249,-0.1440593970417302
335,335.0,332.90847098116245,-0.2998399164418747
336,336.0,334.17013301699916,-0.4559954791824705
337,337.0,335.2275206007588,-0.6098361913964193
338,338.0,336.2511345869692,-0.7586992921802121
339,339.0,337.2987593736952,-0.8995057475516991
340,340.0,338.466119990521,-1.0287403058057558
341,341.0,339.2640530117811,-1.1432480654118662
342,342.0,340.2012197071096,-1.2402938770932468
343,343.0,341.3644862989137,-1.3175656505165547
344,344.0,342.47239438230514,-1.3732511944929617
345,345.0,343.69040704868996,-1.406250508383969
346,346.0,344.661384510647,-1.4165423277819715
347,347.0,345.6096054253335,-1.4052413742043544
348,348.0,346.5789984805102,-1.374564449737502
349,349.0,347.4631458312089,-1.3269001195879788
350,350.0,348.4176625137707,-1.2654629606175838
351,351.0,349.1141549884518,-1.1936064920641734
352,352.0,350.0865717066914,-1.114375650013646
353,353.0,351.16194489143993,-1.0305067873999445
354,354.0,352.02023770350206,-0.9448741255577345
355,355.0,353.02065450931053,-0.8601064974723529
356,356.0,354.21972630719466,-0.7779503338906644
357,357.0,355.1336282245559,-0.7000505079177916
358,358.0,356.0963612331773,-0.6279559116178828
359,359.0,357.2879356337846,-0.5630460489912753
360,360.0,358.3302038892296,-0.5060163194518726
361,361.0,359.4069673805501,-0.4573449877731155
362,362.0,360.10836083474203,-0.4175127368530347
363,363.0,360.86099608274503,-0.3869901707187007
364,364.0,361.70333747199385,-0.3661861336645736
365,365.0,362.6928006966191,-0.35465650943301524
366,366.0,363.62126329164266,-0.35146771376001795
367,367.0,364.5370810404501,-0.35582986745072126
368,368.0,365.42467713378414,-0.36709301032534936
369,369.0,366.31411870907675,-0.3846792605533109
370,370.0,367.28362731913256,-0.4070384244470111
371,371.0,368.245785494732,-0.4330179640450614
372,372.0,369.47743665742627,-0.4615121393729691
373,373.0,370.5211002882302,-0.49110516334909987
374,374.0,371.5527750609549,-0.5200712017846761
375,375.0,372.68720637264914,-0.5473213041564121
376,376.0,373.7091255271347,-0.572022158106207
377,377.0,374.7714173710714,-0.5927075936500396
378,378.0,375.7863542028805,-0.6083189811137821
379,379.0,376.8448852558294,-0.6182064325197156
380,380.0,377.79476869230075,-0.6220412307243772
381,381.0,378.69507769244467,-0.6188588269970667
382,382.0,379.7423703078065,-0.6087095845397387
383,383.0,380.6655749971486,-0.5917783155182076
384,384.0,381.70638288159984,-0.5679739059529412
385,385.0,382.71408108042806,-0.5369293157190618
386,386.0,383.5382518136572,-0.498520331731402
387,387.0,384.49660614127424,-0.4540410808156961
388,388.0,385.4350133009484,-0.4039280558228698
389,389.0,386.3770747873454,-0.34855285214604625
390,390.0,387.25288629270835,-0.2883084599529212
391,391.0,388.3155900802915,-0.22375985720203959
392,392.0,389.2213163521785,-0.1562191931365665
393,393.0,390.3355973907021,-0.08627543505049803
394,394.0,391.3865911498237,-0.014603949183874115
395,395.0,392.40632777954045,0.057860061526371465
396,396.0,393.2777543497732,0.12992155744643186
397,397.0,394.37515192686715,0.20029420689808758
398,398.0,395.4070183545742,0.26806054687937664
399,399.0,396.4882982768945,0.3321992728237235
400,400.0,397.4097769858096,0.39161399895454096
401,401.0,398.4636725026676,0.4451474355376114
402,402.0,399.3065101820406,0.49173901822846344
403,403.0,400.30349965147377,0.5302521490301153
404,404.0,401.3163331678117,0.5597149524093199
405,405.0,402.3069045487461,0.5794225602913219
406,406.0,403.23911386773574,0.5889305669749939
407,407.0,404.1862016895215,0.5876035782357617
408,408.0,405.33465439496115,0.5748780611576455
409,409.0,406.4810085706327,0.5508828624574683
410,410.0,407.58580790081083,0.5164571024210629
411,411.0,408.432025090136,0.4726454636324875
412,412.0,409.39051294411234,0.4199808986300365
413,413.0,410.4245942837394,0.36009983743466245
414,414.0,411.4143410255939,0.2948116166325636
415,415.0,412.23660385210195,0.2260446803153287
416,416.0,413.30735174002507,0.15584658007991703
417,417.0,414.2862069690988,0.08638397502868822
418,418.0,415.29635486582833,0.019918176731827403
419,419.0,416.3346998163652,-0.04177474982929058
420,420.0,417.45537126389524,-0.09683357290888295
421,421.0,418.3113120620686,-0.14359970722781304
422,422.0,419.3768969396017,-0.18093254998989752
423,423.0,420.4929940343956,-0.20834721442938078
424,424.0,421.4807649771101,-0.2243819005657175
425,425.0,422.46168217806985,-0.22849372468958293
426,426.0,423.72981306311874,-0.22135829435492155
427,427.0,424.7799294116485,-0.20323801855645585
428,428.0,425.70340918842453,-0.17506676174193153
429,429.0,426.6660906658095,-0.13782949725085503
430,430.0,427.5621994363505,-0.09244150747708327
431,431.0,428.4932852931112,-0.04062599104016559
432,432.0,429.72508399313745,0.015746904640207338
433,433.0,430.631654654363,0.07458184176889485
434,434.0,431.66354601905,0.13351405046707507
435,435.0,432.68920019527206,0.19007625464327366
436,436.0,433.65064814950216,0.24189064791886677
437,437.0,434.7448859784226,0.2866233343237363
438,438.0,435.69245311439454,0.32229329949695434
439,439.0,436.86633848596836,0.34678010790310443
440,440.0,437.8588075052892,0.35787526878593745
441,441.0,438.9422686550083,0.3539795217962788
442,442.0,440.1113683601506,0.333452605120128
443,443.0,441.14132698395514,0.2949848541414821
444,444.0,442.2847511948425,0.23836009692254317
445,445.0,443.3372358300344,0.16362302174977672
446,446.0,444.4588386135899,0.07095106524240291
447,447.0,445.45638959327226,-0.03923365417327429
448,448.0,446.43103685942765,-0.16545153541058877
449,449.0,447.5298046240235,-0.30584906170912196
450,450.0,448.4686144371533,-0.4582496785917845
451,451.0,449.35964193451014,-0.6201861929459667
452,452.0,450.08118525350653,-0.7889339653731474
453,453.0,451.0494393770461,-0.9599194524956436
454,454.0,451.9052476420072,-1.1282685177876497
455,455.0,453.1091745383435,-1.2891002265052667
456,456.0,454.17622466338054,-1.4375268456865473
457,457.0,455.2587769890305,-1.5687128231287217
458,458.0,456.30155950443117,-1.6783104206763828
459,459.0,457.37455725218246,-1.7629493813901416
460,460.0,458.37033179548575,-1.8208715105363442
461,461.0,459.40878145766146,-1.8519834756410554
462,462.0,460.3275487993346,-1.857851177699151
463,463.0,461.32940195345697,-1.8412445106695392
464,464.0,462.3020663468832,-1.805334870704191
465,465.0,463.27682115986477,-1.753177331627388
466,466.0,464.2664095467041,-1.687576848929767
467,467.0,465.41962537811617,-1.6111195808498375
468,468.0,466.5634710162064,-1.526125705195984
469,469.0,467.45575734257545,-1.4343038817014875
470,470.0,468.40040642835646,-1.3374485083556802
471,471.0,469.564091411849,-1.2375335804219731
472,472.0,470.5606930840748,-1.1364150039740617
473,473.0,471.5972633768582,-1.0349223108553123
474,474.0,472.82075635649966,-0.9340865830994952
475,475.0,473.91670859424585,-0.8350563598080689
476,476.0,474.97705136404466,-0.7390688252720474
477,477.0,475.9669498383584,-0.6474323102358349
478,478.0,476.8741368878535,-0.5610741900709972
479,479.0,477.8332877641554,-0.4806149986526639
480,480.0,478.7384748864332,-0.40673982252515867
481,481.0,479.89456421826964,-0.34018778707985514
482,482.0,480.96528260457706,-0.2817440345588032
483,483.0,481.95255071835504,-0.23154989751642496
484,484.0,483.0594686506851,-0.18965938804828567
485,485.0,484.18343417118757,-0.15640165745772105
486,486.0,485.2744281573664,-0.13206636377266634
487,487.0,486.4301880912452,-0.11690367174567082
488,488.0,487.3501845513456,-0.1105940574970462
489,489.0,488.4925052709369,-0.11222014756048473
490,490.0,489.4090453027905,-0.12133251457932709
491,491.0,490.1629811459068,-0.1375205065337039
492,492.0,491.18182377434044,-0.16040968256514382
493,493.0,492.28195639747236,-0.1895661727044386
494,494.0,493.18365446949457,-0.22351132198612333
495,495.0,494.0992789815085,-0.2608361319167416
496,496.0,494.9936196334055,-0.30035653102329507
497,497.0,496.0813565212776,-0.34098198130117685
498,498.0,497.1631305836928,-0.3817154782141817
499,499.0,498.06438473511145,-0.4216100546982348
500,500.0,498.9368321888907,-0.45888292020503046
501,501.0,500.0532417613224,-0.49212415837329115
502,502.0,501.1539773428236,-0.5203037447655587
503,503.0,502.11156693735455,-0.5424629646412176
504,504.0,503.0001695068904,-0.5577144129564922
505,505.0,503.9146495596692,-0.5652732878483367
506,506.0,504.9320752258513,-0.5643445632977476
507,507.0,505.73445070792104,-0.5541041541466053
508,508.0,506.7392042375941,-0.5340546475460981
509,509.0,507.8324544880604,-0.5040413630056453
510,510.0,508.78695677720964,-0.4642569816777562
511,511.0,510.0219515991498,-0.41470547847969214
512,512.0,510.9374394203113,-0.3551415675082835
513,513.0,512.223539771171,-0.28608130891480643
514,514.0,513.3596439036575,-0.20887067380077556
515,515.0,514.5087757657486,-0.12474375847630718
516,516.0,515.6469742317275,-0.033919607893697884
517,517.0,516.6958855267765,0.062354687195025404
518,518.0,517.6510974792269,0.16272839507525888
519,519.0,518.666958890215,0.2657680608819978
520,520.0,519.6072053962906,0.3700348463159572
521,521.0,520.4762386392393,0.47392859130455234
522,522.0,521.3045413422545,0.5752409589478695
523,523.0,522.3936740852757,0.6718414755905304
524,524.0,523.3341835598476,0.761727351276328
525,525.0,524.5279295351129,0.8429858825709668
526,526.0,525.5825052318511,0.9128511976251732
527,527.0,526.4836424473906,0.9679957322662114
528,528.0,527.5691926244901,1.005782844458253
529,529.0,528.5179641162714,1.0243240125105968
530,530.0,529.4130764124326,1.0223756258730774
531,531.0,530.5842387546805,0.9985741332892493
532,532.0,531.49635294264,0.9528606164728026
533,533.0,532.610969679542,0.8859403971312645
534,534.0,533.576116116189,0.7990558839872585
535,535.0,534.6011993011547,0.6939552481975224
536,536.0,535.6048404814619,0.5726858951257736
537,537.0,536.6797322291538,0.4383001703461761
538,538.0,537.6625862820309,0.29384125655047594
539,539.0,538.6555865410564,0.14207596632722663
540,540.0,539.650403117165,-0.014505257838200447
541,541.0,540.7698256857169,-0.17368834356365992
542,542.0,541.6837977082891,-0.33353482785414973
543,543.0,542.7592005822759,-0.4919876702331878
544,544.0,543.7317547931656,-0.6463257982737431
545,545.0,544.6685655409157,-0.794026641032778
546,546.0,545.4844950371241,-0.9329073656657305
547,547.0,546.4782115512005,-1.0610455191706436
548,548.0,547.5507738899602,-1.1754145972788632
549,549.0,548.6340988503933,-1.2724575930351183
550,550.0,549.682591342672,-1.3495342381722069
551,551.0,550.644329397251,-1.4049626662418122
552,552.0,551.6711042183324,-1.4380227758703235
553,553.0,552.6038311041307,-1.4496081095025624
554,554.0,553.5983898587822,-1.4416351953387407
555,555.0,554.6407880276929,-1.4165095143179947
556,556.0,555.7179319043892,-1.3771242936705017
557,557.0,556.5747065675585,-1.3272335130156685
558,558.0,557.8177636180014,-1.2712406976326853
559,559.0,558.6587657196262,-1.2125956586041202
560,560.0,559.5349658863811,-1.1540139027726384
561,561.0,560.4862712565094,-1.0974819068309025
562,562.0,561.5947928775187,-1.0448738199759877
563,563.0,562.4796168053009,-0.9982392194284708
564,564.0,563.677057436944,-0.958334118879892
565,565.0,564.8881618313641,-0.9254539523071179
566,566.0,565.9245066824149,-0.899452687359325
567,567.0,566.8782893180191,-0.8798285592530056
568,568.0,567.8764171899937,-0.8667173884406104
569,569.0,568.7570377556914,-0.8593556531220693
570,570.0,569.7382801621513,-0.8566489394932729
571,571.0,570.9217279802087,-0.8575195485467507
572,572.0,572.0247929211646,-0.860906496071672
573,573.0,573.057788494774,-0.865765494471303
574,574.0,573.9338956535789,-0.8710000144394089
575,575.0,574.9221511470661,-0.8754137099986052
576,576.0,575.8113648856045,-0.8779787166862211
577,577.0,576.714459955201,-0.877876718571409
578,578.0,577.7413876684556,-0.8744989482551467
579,579.0,578.8223626242824,-0.8674048816413408
580,580.0,579.9158311233849,-0.8557396033864839
581,581.0,580.9693523840726,-0.8393326507797826
582,582.0,582.0085098549489,-0.8182383186958071
583,583.0,582.9497564859194,-0.7924408195138882
584,584.0,583.9804629425017,-0.7618527344649088
585,585.0,585.0373177318925,-0.7263600391598878
586,586.0,586.1779937403046,-0.686567216911454
587,587.0,587.2441764808766,-0.6430677079491574
588,588.0,588.5351282848183,-0.5961091178759665
589,589.0,589.4470196057124,-0.5455932176682707
590,590.0,590.4714298835446,-0.49218718549977886
591,591.0,591.3984545413167,-0.436925378346685
592,592.0,592.3680027781786,-0.37954056543774206
593,593.0,593.4991950189507,-0.3200878242196673
594,594.0,594.611808134799,-0.258957009576174
595,595.0,595.6224099365322,-0.19687275382797537
596,596.0,596.6655433090358,-0.1347635760314702
597,597.0,597.7508274765266,-0.07282223143285539
598,598.0,598.7997179746535,-0.011115368738389475
599,599.0,599.6875043573641,0.05014890230073027
600,600.0,600.6361260758749,0.11064562223805635
601,601.0,601.4613328689384,0.16991731955181785
602,602.0,602.3375372940845,0.22709384659716345
603,603.0,603.3953735616777,0.28165962571232794
604,604.0,604.2897320462292,0.333165925729066
605,605.0,605.1971543513746,0.38100707022748526
606,606.0,606.1885250817404,0.4244204375360599
607,607.0,607.2575192253531,0.46225006618113035
608,608.0,608.2647482072664,0.49345106210828876
609,609.0,609.2280556657248,0.5175791286678417
610,610.0,610.3633788602294,0.5341488403502431
611,611.0,611.3697262329904,0.5426260151442385
612,612.0,612.4655419058344,0.542417387032995
613,613.0,613.5649543097538,0.5329597348368875
614,614.0,614.5445383334359,0.5142474990626047
615,615.0,615.5101490221637,0.48657499705074875
616,616.0,616.5860644255386,0.4504671611382878
617,617.0,617.557852967157,0.4066795386585681
618,618.0,618.7060113065355,0.3563756584476314
619,619.0,619.8983106493475,0.30104198901995033
620,620.0,620.8690449959096,0.24200456307469878
621,621.0,622.0617430240069,0.1807625135432866
622,622.0,622.8806935713839,0.11899517289875877
623,623.0,624.0596087429866,0.058547024484308874
624,624.0,624.9632143593955,0.0010691821270553542
625,625.0,625.9439875380543,-0.05170518709791236
626,626.0,626.9709796821751,-0.0979341582853554
627,627.0,627.9185665428028,-0.1357635076913159
628,628.0,628.9787773363145,-0.1637825500659373
629,629.0,630.0808375449769,-0.18141320508011682
630,630.0,631.0760299476764,-0.18800726504521664
631,631.0,632.0253643824414,-0.18352742387472665
632,632.0,632.9021345432168,-0.16798402977989058
633,633.0,633.9174165520491,-0.1414995234144071
634,634.0,635.016627416474,-0.10427241496828102
635,635.0,635.9761697009906,-0.05790221207557375
636,636.0,637.1050007978426,-0.0036982418526090577
637,637.0,638.0957665410832,0.05757013947310817
638,638.0,639.2025955659893,0.12385694693384935
639,639.0,640.2533978883596,0.19254216339025915
640,640.0,641.3057790533593,0.26174083365472195
641,641.0,642.2136418806246,0.3297191668143457
642,642.0,643.1789054949729,0.3943355682079134
643,643.0,644.1306448143679,0.45311013654811516
644,644.0,645.0278625636388,0.5032212849918203
645,645.0,645.9711970040604,0.5420951390208184
646,646.0,646.9982451325207,0.5677812983226965
647,647.0,647.9662184464266,0.5788946167607592
648,648.0,648.814040518793,0.5742775166820203
649,649.0,649.8119779589985,0.5521910160989272
650,650.0,650.6552624999163,0.5117862377165144
651,651.0,651.7094376186044,0.45327820816193654
652,652.0,652.8038599100764,0.37735062529962005
653,653.0,653.7163893391495,0.2838719570320962
654,654.0,654.7108454417794,0.1737567448924644
655,655.0,655.6032194208977,0.04871265063749275
656,656.0,656.5407706267364,-0.08879806514207085
657,657.0,657.7137170044431,-0.23665227551973408
658,658.0,658.6365950877745,-0.3930469420733135
659,659.0,659.5016481280657,-0.5554709845089614
660,660.0,660.4605227446069,-0.7208793290358215
661,661.0,661.3131519197989,-0.8856929083661913
662,662.0,662.354056007992,-1.0460239762554455
663,663.0,663.1642643830058,-1.1979749869505616
664,664.0,664.0192708191696,-1.3365048934120733
665,665.0,664.9835412800137,-1.4572395748010478
666,666.0,666.1647656170423,-1.556656416311374
667,667.0,667.285277584456,-1.632033049109497
668,668.0,668.2914394808749,-1.6814054080647427
669,669.0,669.235549931919,-1.7054883112564339
670,670.0,670.0201143575105,-1.7060788820874118
671,671.0,670.8814202290141,-1.6856087192241704
672,672.0,671.8398387197475,-1.6471438965968535
673,673.0,672.9092846409676,-1.5954807544861211
674,674.0,673.9794163802486,-1.533974627876845
675,675.0,674.9165958099743,-1.464338481353344
676,676.0,675.9482971652776,-1.3891337642126216
677,677.0,676.9522110067111,-1.3117719534052765
678,678.0,677.7987390583655,-1.2345937257192712
679,679.0,678.8188243921031,-1.1575224754152618
680,680.0,679.88700577119,-1.0815935024977612
681,681.0,680.8504245421091,-1.0077964384369131
682,682.0,681.8520318381907,-0.9370664849003603
683,683.0,682.9128381089673,-0.8701076599220086
684,684.0,683.8865932751528,-0.806936381281477
685,685.0,684.9473630485743,-0.747592266071419
686,686.0,685.948420531495,-0.6920033087102091
687,687.0,687.0061022024263,-0.6399669308020748
688,688.0,688.0619356044388,-0.5911499811370404
689,689.0,688.9917446017016,-0.5452950919257095
690,690.0,689.9581731604646,-0.5025427757223752
691,691.0,690.9578077029821,-0.46284859924651184
692,692.0,691.9472273399448,-0.42611771480289345
693,693.0,692.733524909494,-0.392211401502157
694,694.0,693.7429418807806,-0.3609470652608212
695,695.0,694.6092758333226,-0.33226188617236074
696,696.0,695.6007081366497,-0.30605709590498065
697,697.0,696.5483310731784,-0.28212293610384886
698,698.0,697.6434324618418,-0.26044781490505814
699,699.0,698.6516160937691,-0.24121944722342709
700,700.0,699.7130827810612,-0.22480078256276428
701,701.0,700.7114667571113,-0.21060520113885844
702,702.0,701.7074747445715,-0.19838547704906712
703,703.0,702.5856156654896,-0.18830629644657032
704,704.0,703.5290489380235,-0.18036745369065735
705,705.0,704.7082165695854,-0.17440385134672853
706,706.0,705.5376106402086,-0.1701486224077524
707,707.0,706.5395419438214,-0.1673552207154684
708,708.0,707.534186483377,-0.16515769388166812
709,709.0,708.5443896924733,-0.16273450452142504
710,710.0,709.5140255060506,-0.15941318203625016
711,711.0,710.4233540933047,-0.15466871692611753
712,712.0,711.3477400756774,-0.14775818771713103
713,713.0,712.2274372977837,-0.13746738777152856
714,714.0,713.3481801402779,-0.12282591286371315
715,715.0,714.4241938359378,-0.1031706125787693
716,716.0,715.4074130447374,-0.07810592640328437
717,717.0,716.6274772016827,-0.04679723445591805
718,718.0,717.5999596628728,-0.008704988160713245
719,719.0,718.6252908707104,0.03642275129613742
720,720.0,719.632589174404,0.08873830311974037
721,721.0,720.8394416856585,0.14834682125672938
722,722.0,721.9462897776997,0.21486335261499478
723,723.0,722.9226704061928,0.28778896319312575
724,724.0,724.0144636630521,0.36677266096264705
725,725.0,725.1458439481088,0.4515278889373521
726,726.0,726.1965804413011,0.5406960149891636
727,727.0,727.2676447885107,0.632190056427575
728,728.0,728.2966245292087,0.7239031323464694
729,729.0,729.3071465439396,0.8137158970148846
730,730.0,730.3236468169814,0.8994965398769741
731,731.0,731.3038026456243,0.9790755403911242
732,732.0,732.3387746109163,1.0492710590185463
733,733.0,733.1888327892608,1.106489014606672
734,734.0,734.2269289455166,1.147726218207467
735,735.0,735.1855754816072,1.1704569929161053
736,736.0,736.1527761946285,1.1726331738710043
737,737.0,737.3737750814097,1.1527342783367964
738,738.0,738.5465065946954,1.1103657774090943
739,739.0,739.6785774864192,1.0461268556953556
740,740.0,740.7857352072076,0.9612144667577167
741,741.0,741.7984851705673,0.8574154575026862
742,742.0,742.7070850181566,0.7371018572986785
743,743.0,743.7693552253795,0.6025720949478226
744,744.0,744.7664405315138,0.45625948555747103
745,745.0,746.0425602608497,0.30066325468609423
746,746.0,747.0519709373515,0.13794469141970178
747,747.0,747.8941685740315,-0.030072851627980457
748,748.0,749.1303825998941,-0.20190395831567132
749,749.0,749.9768321426404,-0.3764011489744671
750,750.0,750.9758012059021,-0.5523956142446078
751,751.0,751.895455069018,-0.727793825186416
752,752.0,752.9178522923044,-0.9000536630982889
753,753.0,753.9440724689724,-1.0662797322407327
754,754.0,755.2157138820563,-1.2232166610266584
755,755.0,756.3521314524753,-1.3660908589935397
756,756.0,757.0763053522226,-1.4886941564220277
757,757.0,757.9664999099936,-1.5861100151615917
758,758.0,758.8880553588015,-1.6548558018482087
759,759.0,759.9626993717029,-1.6928285048885128
760,760.0,761.0401441806016,-1.7004860775421602
761,761.0,762.0072940753028,-1.6826291515068006
762,762.0,762.9632767489,-1.6443432699783707
763,763.0,763.845231202098,-1.5904342637660385
764,764.0,764.8158831599575,-1.5255511207343382
765,765.0,766.0056035102604,-1.4559859075219619
766,766.0,767.0293972729921,-1.385879164905124
767,767.0,767.931630502082,-1.3179610346258752
768,768.0,768.9468518448225,-1.2544012675933667
769,769.0,769.7686173370564,-1.1967819939107354
770,770.0,770.9760477502995,-1.145853796525822
771,771.0,772.0631781515482,-1.10184372143645
772,772.0,773.146828832348,-1.0647314355525541
773,773.0,774.130523095265,-1.0342534904328096
774,774.0,775.0461062861523,-1.0098874143681376
775,775.0,776.0281032634689,-0.9907196332248045
776,776.0,777.0868706734551,-0.9757032750832
777,777.0,777.8836138482513,-0.9637671419525413
778,778.0,778.8152135121143,-0.9538058873914388
779,779.0,779.9786682748677,-0.9446800165079097
780,780.0,781.2208228190638,-0.9352158859593682
781,781.0,782.3835552180137,-0.9245478895740054
782,782.0,783.3448354651862,-0.9123356090238302
783,783.0,784.3039400077452,-0.898037037284132
784,784.0,785.1886035755713,-0.8812178469657599
785,785.0,786.0931035476628,-0.8615561899011682
786,786.0,787.1468645933772,-0.8388426971444215
787,787.0,788.0389712637036,-0.8129627580592027
788,788.0,788.9597256976015,-0.7835750206266742
789,789.0,790.0371989388736,-0.7511859172603458
790,790.0,791.1925713931889,-0.7164523760946329
791,791.0,792.0622689029243,-0.6797949165314261
792,792.0,792.8325925356121,-0.6413976492401083
793,793.0,793.9454135028133,-0.6012082761575174
794,794.0,794.7971725432946,-0.5591222199211647
795,795.0,795.8094848230178,-0.5158682056039072
796,796.0,796.7819234683518,-0.4717542923260928
797,797.0,797.6852881755028,-0.4268852738169667
798,798.0,798.6877503669966,-0.38125003601589447
799,799.0,799.8399123548211,-0.3347215570724129
800,800.0,800.8506273307127,-0.28705690734618533
801,801.0,801.835932208311,-0.23800243946188687
802,802.0,803.0204323664566,-0.18754821202423055
803,803.0,804.1392997713845,-0.13555471640506248
804,804.0,805.1177713487591,-0.0819138790069184
805,805.0,806.0276779552055,-0.026563938826163508
806,806.0,806.9997777253865,0.03051055254698659
807,807.0,808.0981082424183,0.08927873092844074
808,808.0,809.3488898628249,0.14942815766150463
809,809.0,810.1569288847815,0.21027739397225303
810,810.0,811.1258311890031,0.27134694196453873
811,811.0,812.0483692721089,0.3320534282658995
812,812.0,813.0568829307988,0.3917030448571626
813,813.0,814.3035771926624,0.4494915490725049
814,814.0,815.3322846755402,0.5044130666698419
815,815.0,816.1611000953927,0.5548605656136265
816,816.0,817.1322965163608,0.5997281415976028
817,817.0,817.986998688067,0.6378042726507673
818,818.0,818.8513735628594,0.6676206583420179
819,819.0,819.9109769189994,0.6874522197801105
820,820.0,820.9789786416168,0.6957733988827906
821,821.0,821.9042341868725,0.6920049432389055
822,822.0,823.0054090282831,0.6752939867956077
823,823.0,823.9067977427599,0.6452732694212302
824,824.0,824.9713782995416,0.6021008463705876
825,825.0,826.0488674724256,0.5464354124298902
826,826.0,827.1694503323284,0.4790242611316127
827,827.0,828.1608582239012,0.4011839990293467
828,828.0,829.072765246617,0.31456331349401884
829,829.0,830.1019407695301,0.22098160851905774
830,830.0,831.0773968488847,0.12242900472031093
831,831.0,832.1249569003221,0.021066339336078488
832,832.0,833.2127629200893,-0.08100568706835452
833,833.0,834.1865758852338,-0.18183936665939526
834,834.0,835.1790596813064,-0.2789397494655024
835,835.0,836.2006535862462,-0.37034816544086746
836,836.0,837.3040249202077,-0.4547052641369131
837,837.0,838.3381073161985,-0.5310370323896731
838,838.0,839.3724665585105,-0.5979964989725025
839,839.0,840.4708769862468,-0.6543593855366423
840,840.0,841.4052357367082,-0.6992242194503032
841,841.0,842.4332876056757,-0.7320263840154361
842,842.0,843.4922085657997,-0.7530188771490756
843,843.0,844.5035363199577,-0.7628485208826391
844,844.0,845.5005674432231,-0.7622730812333467
845,845.0,846.3954691126748,-0.7522807068746091
846,846.0,847.4426639472804,-0.7340921241523088
847,847.0,848.3240524098699,-0.7094037506674092
848,848.0,849.374967872521,-0.6801510852865897
849,849.0,850.5816157964878,-0.6480684917490457
850,850.0,851.4120437887418,-0.614734952623883
851,851.0,852.5345263702251,-0.5815740693101293
852,852.0,853.4953367620828,-0.5498708828306904
853,853.0,854.2980843319219,-0.521424325965338
854,854.0,855.2760149139006,-0.4976678797063605
855,855.0,856.166495000316,-0.4795549113934754
856,856.0,857.3036214043071,-0.4678705508409492
857,857.0,858.2228973702381,-0.46323169033759815
858,858.0,859.214904903053,-0.46571756569558126
859,859.0,860.2963083793502,-0.4749185712716452
860,860.0,861.2578939085954,-0.4908593481540119
861,861.0,862.2613723617376,-0.5131979309189529
862,862.0,863.343871955291,-0.5412047363360073
863,863.0,864.328367478759,-0.5738657194814578
864,864.0,865.5417840997748,-0.6102846903989173
865,865.0,866.6110985016074,-0.6491543970111415
866,866.0,867.577510262523,-0.6892078451963319
867,867.0,868.5983330336068,-0.7292857527569548
868,868.0,869.4617002395296,-0.768353181932721
869,869.0,870.4297595155491,-0.8056936573633643
870,870.0,871.4184392198712,-0.8404169424843165
871,871.0,872.4124626158665,-0.8716347248165223
872,872.0,873.2761649780703,-0.8985715480019858
873,873.0,874.4323347869831,-0.9205648118038005
874,874.0,875.390840908731,-0.9370647721061189
875,875.0,876.4340546640982,-0.9479826447441345
876,876.0,877.3625540954162,-0.9538955414407092
877,877.0,878.461188143939,-0.954907048686969
878,878.0,879.4112448287328,-0.95120737776308
879,879.0,880.4075969485588,-0.9430958981891652
880,880.0,881.3946492659043,-0.9309811377253024
881,881.0,882.1866467087023,-0.9153665414644633
882,882.0,883.1566457750469,-0.8965805043025479
883,883.0,884.2687268559694,-0.8749952657943997
884,884.0,885.2280948682885,-0.8509495243356239
885,885.0,886.0772077238694,-0.8246667238244634
886,886.0,887.1433779847487,-0.7962550536618062
887,887.0,888.2623846558546,-0.7657074487511994
888,888.0,889.1817357801501,-0.73290158949882
889,889.0,890.1751427510603,-0.6981217034232384
890,890.0,891.3282789218276,-0.6618652135356795
891,891.0,892.3172547040456,-0.6239731173416968
892,892.0,893.4181013252203,-0.5843698015375854
893,893.0,894.4432089133518,-0.543069074410732
894,894.0,895.4403637516484,-0.50017416583966
895,895.0,896.3290079071406,-0.4558777272939883
896,896.0,897.2705678621365,-0.41048886827447356
897,897.0,898.5340362655131,-0.36449065166364886
898,898.0,899.4818584978066,-0.31782031798376714
899,899.0,900.5351805646297,-0.27058661701272724
900,900.0,901.4480754468068,-0.22324755478759162
901,901.0,902.3751892646119,-0.17661039360460648
902,902.0,903.2715989819267,-0.13183165201922153
903,903.0,904.3574144745903,-0.08964972931241075
904,904.0,905.3189205915862,-0.049659313245327505
905,905.0,906.3487072084811,-0.01224833322917071
906,906.0,907.444586815552,0.021840801353646494
907,907.0,908.4163709903037,0.05152121134291457
908,908.0,909.4121071379608,0.07633660841822451
909,909.0,910.4115001327284,0.09653291686408538
910,910.0,911.4817821437912,0.111962456751238
911,911.0,912.4301916375391,0.12257551956364948
912,912.0,913.5226101496633,0.12842415578717237
913,913.0,914.6419325053939,0.1300804065496432
914,914.0,915.4954536674288,0.1283096466814349
915,915.0,916.3532690615252,0.1237784224403542
916,916.0,917.2981848162449,0.11734101404295146
917,917.0,918.3536565718533,0.10995944637587517
918,918.0,919.3691358403983,0.10239000800311851
919,919.0,920.5224351458919,0.09571188105028666
920,920.0,921.6761010440661,0.09125953829844581
921,921.0,922.6204871560388,0.09028916375958318
922,922.0,923.605039329103,0.09393623412056279
923,923.0,924.616859852734,0.10316703691159008
924,924.0,925.5371470606464,0.1187479068554147
925,925.0,926.4562079187073,0.14123073017463633
926,926.0,927.4506156548704,0.17098119174460183
927,927.0,928.6255888449462,0.2080169112076034
928,928.0,929.7704032493799,0.2521519594910631
929,929.0,930.7286522894003,0.3034204776515473
930,930.0,931.8321386739444,0.36117142888284604
931,931.0,932.77993286058,0.42432903685957135
932,932.0,933.756746178126,0.49155455577625395
933,933.0,934.5782268691867,0.5617936062209595
934,934.0,935.5686095484275,0.6336048673057326
935,935.0,936.5412096653197,0.7052152218916851
936,936.0,937.6052779096209,0.7745554349228339
937,937.0,938.5478410770218,0.8392601534260726
938,938.0,939.519092435131,0.8967163625317612
939,939.0,940.6256589211688,0.9445107771717878
940,940.0,941.7271317532768,0.9799924511597037
941,941.0,942.7863387947409,1.0009198412888967
942,942.0,943.5901522252761,1.0056311220510428
943,943.0,944.5823622238559,0.9930441856361225
944,944.0,945.8277193175321,0.9626566419324147
945,945.0,946.9312652997154,0.9140657047964641
946,946.0,947.8767904871381,0.8473772819382798
947,947.0,948.8662728197686,0.763758014544721
948,948.0,949.8238330978576,0.6647055764714742
949,949.0,950.8292228034759,0.5520459922635237
950,950.0,951.6327130336441,0.4279336371550587
951,951.0,952.689054123444,0.2944719458214785
952,952.0,953.6299419127715,0.15356333576489478
953,953.0,954.6502730392201,0.007310530562820106
954,954.0,955.6451421640411,-0.1424122702625319
955,955.0,956.756474660744,-0.2939620177935325
956,956.0,957.9146240590485,-0.44592271912489784
957,957.0,958.8403572034616,-0.5965886356938908
958,958.0,959.8563586849457,-0.7435853949344378
959,959.0,960.7291711036057,-0.8845294908100737
960,960.0,961.7824858053369,-1.0170572658143866
961,961.0,962.854219314018,-1.1387739971939272
962,962.0,963.7634001860835,-1.2462013861029588
963,963.0,964.5512269326703,-1.3359756786320776
964,964.0,965.6979023866907,-1.4057254242187613
965,965.0,966.9131060293953,-1.4539315638974084
966,966.0,967.7500242367774,-1.479916498237953
967,967.0,968.8112539904548,-1.484297354212147
968,968.0,969.8824596618933,-1.4692338865221495
969,969.0,970.9178965304159,-1.4373893333798045
970,970.0,971.8517927848179,-1.3918353608521636
971,971.0,972.9373089769275,-1.3360520628614843
972,972.0,974.02520260016,-1.2736722096893378
973,973.0,975.0263708408909,-1.2076695176129526
974,974.0,975.9517489041458,-1.1405805466913879
975,975.0,977.0792150038505,-1.07449032974487
976,976.0,978.1193422128374,-1.0110305437828608
977,977.0,979.2215326656963,-0.9514014839494234
978,978.0,980.2631319965416,-0.8966883405016096
979,979.0,981.2464629752442,-0.8474930488157123
980,980.0,982.1661910727073,-0.8041254540185305
981,981.0,983.1549232298055,-0.7667164480858133
982,982.0,984.1899620105021,-0.7352179698422723
983,983.0,985.1381005709601,-0.7095004756678939
984,984.0,986.1683781044973,-0.6891638468655634
985,985.0,987.1045871833214,-0.6737216559216431
986,986.0,988.180629394031,-0.6629113736409458
987,987.0,988.9224384362404,-0.6566951355491234
988,988.0,989.9322253597204,-0.6550645074647401
989,989.0,991.0416735302033,-0.656957398273091
990,990.0,992.1153047161833,-0.6615110766974153
991,991.0,993.0937909890395,-0.6680231678940388
992,992.0,994.1834265959056,-0.6758723565923173
993,993.0,995.2194488142975,-0.6845183870946429
994,994.0,996.229032167889,-0.6935121505358636
995,995.0,997.2554331148767,-0.7023486470751307
996,996.0,998.1320006727872,-0.7100042931547923
997,997.0,999.2287667120446,-0.7155807849936627
998,998.0,1000.1795936698297,-0.7184263941330817
999,999.0,1000.8340233425761,-0.7181359674369081
1000,1000.0,1001.7817174431837,-0.7145509270915237
1001,1001.0,1002.7954957561183,-0.7072817644045902
1002,1002.0,1003.8341737322573,-0.6950456135174747
1003,1003.0,1005.0277278014601,-0.6770329265997748
1004,1004.0,1005.9671359612194,-0.6529339558939397
1005,1005.0,1006.8994398818467,-0.6229366209162954
1006,1006.0,1008.1072289700833,-0.5870772193552948
1007,1007.0,1009.1041703862959,-0.5445274573518492
1008,1008.0,1009.9605082407498,-0.4952121978723823
1009,1009.0,1010.8811958592216,-0.439270087580712
1010,1010.0,1011.877820479795,-0.3770376045386787
1011,1011.0,1012.9190129946666,-0.30831367460449777
1012,1012.0,1013.7571658994327,-0.23324134644820305
1013,1013.0,1014.6237146087142,-0.15265430253157486
1014,1014.0,1015.5034640520053,-0.06730373486929192
1015,1015.0,1016.6752625241822,0.022141654971146396
1016,1016.0,1017.8810213949566,0.1149277984735827
1017,1017.0,1018.9816777861033,0.20977401542186444
1018,1018.0,1020.0586922216175,0.30574939703583137
1019,1019.0,1020.943387823919,0.4014929790941389
1020,1020.0,1021.9607174595945,0.4951281189824811
1021,1021.0,1022.8906229933863,0.5850598291675289
1022,1022.0,1023.7701593950079,0.66959819986644
1023,1023.0,1024.7028621124932,0.7465113271016132
1024,1024.0,1025.9140342980504,0.8133359995675682
1025,1025.0,1026.8990414824166,0.867673636030937
1026,1026.0,1027.8013958943636,0.9075494783402379
1027,1027.0,1028.736498314637,0.9305090462637117
1028,1028.0,1029.749609807824,0.9348450625445345
1029,1029.0,1030.6341522169762,0.9196787759490558
1030,1030.0,1031.5494754632216,0.8847401480230165
1031,1031.0,1032.585457373474,0.8294638929672318
1032,1032.0,1033.6384727692844,0.7543527945332346
1033,1033.0,1034.6348765442274,0.6605449006578149
1034,1034.0,1035.6561171698945,0.549713438493724
1035,1035.0,1036.5771533248776,0.424066814409586
1036,1036.0,1037.582007698393,0.2862943956789536
1037,1037.0,1038.492765262826,0.13871199535163548
1038,1038.0,1039.49818797741,-0.016181318187007687
1039,1039.0,1040.4733481288245,-0.17572299443093198
1040,1040.0,1041.5417726843032,-0.3372443406964769
1041,1041.0,1042.7125492906948,-0.4980705221223025
1042,1042.0,1043.7992626960922,-0.6555448084322569
1043,1043.0,1044.8156407047495,-0.8072308044836445
1044,1044.0,1045.722006316501,-0.9499439344061928
1045,1045.0,1046.7587528610889,-1.0804583700042651
1046,1046.0,1047.892815019033,-1.1957811677303347
1047,1047.0,1048.9811628392392,-1.2930927219705597
1048,1048.0,1049.988435215839,-1.3693130766631536
1049,1049.0,1050.8825571391728,-1.42265870627537
1050,1050.0,1051.78181600082,-1.4525665400651453
1051,1051.0,1052.7862566571362,-1.4595166512903295
1052,1052.0,1053.8844779729427,-1.4450857306557405
1053,1053.0,1054.8826406091237,-1.4118143213652807
1054,1054.0,1055.7217680285876,-1.3621878998526167
1055,1055.0,1056.7360086644228,-1.299142749571007
1056,1056.0,1057.6878709144728,-1.2261531846852936
1057,1057.0,1058.6923178604993,-1.1472315423515285
1058,1058.0,1059.494093209686,-1.0653133327704154
1059,1059.0,1060.570308177826,-0.9822055699234372
1060,1060.0,1061.6713237313147,-0.9003258415796009
1061,1061.0,1062.7015451226516,-0.8217093073367328
1062,1062.0,1063.601679213554,-0.7480086986215099
1063,1063.0,1064.7730842009305,-0.6804692167246326
1064,1064.0,1065.7361996374764,-0.6199368340690556
1065,1065.0,1066.5548316039715,-0.5672030051671495
1066,1066.0,1067.464552511171,-0.5228092974047958
1067,1067.0,1068.3100734565564,-0.4870161565990926
1068,1068.0,1069.5248300705343,-0.4598494392590161
1069,1069.0,1070.508134355143,-0.44151211056383893
1070,1070.0,1071.4846484162454,-0.431192469077952
1071,1071.0,1072.3770428884554,-0.42798303312477154
1072,1072.0,1073.277537272178,-0.43120953131622264
1073,1073.0,1074.2314399457891,-0.44042709880177217
1074,1074.0,1075.2172447557657,-0.4547732215119608
1075,1075.0,1076.3559578515967,-0.4725110598028995
1076,1076.0,1077.4375179965045,-0.49218252371891885
1077,1077.0,1078.6826198482413,-0.512708997727346
1078,1078.0,1079.77213511676,-0.5333913407185248
1079,1079.0,1080.7843124560188,-0.553060641986969
1080,1080.0,1081.7736843838188,-0.5699412437670031
1081,1081.0,1082.8369769513272,-0.5833062548074497
1082,1082.0,1083.6799434240868,-0.5925425139289466
1083,1083.0,1084.5549875520576,-0.5971404586763579
1084,1084.0,1085.3511119093698,-0.596623875028692
1085,1085.0,1086.4097839078904,-0.5901565518509923
1086,1086.0,1087.3105221525566,-0.5770522383067391
1087,1087.0,1088.3232438315938,-0.5570801756728765
1088,1088.0,1089.225302943805,-0.5304665480367772
1089,1089.0,1090.3405502232408,-0.4978591933353015
1090,1090.0,1091.4027615307687,-0.45946612452696434
1091,1091.0,1092.309818390815,-0.41508184652304925
1092,1092.0,1093.2662988709517,-0.36492547117517127
1093,1093.0,1094.4198679449507,-0.30967291951166803
1094,1094.0,1095.3785501259324,-0.2504488836633977
1095,1095.0,1096.5249757624456,-0.18737489600978813
1096,1096.0,1097.4230243584473,-0.12093041377790212
1097,1097.0,1098.2132877242268,-0.0523114561195549
1098,1098.0,1099.188995172702,0.01762635249092126
1099,1099.0,1100.2313955025143,0.08836778225659969
1100,1100.0,1101.357554713246,0.15959455701297162
1101,1101.0,1102.2971549813944,0.23023909343742002
1102,1102.0,1103.2589767850968,0.2993729302520314
1103,1103.0,1104.16190979163,0.3661883102578307
1104,1104.0,1105.0922215213823,0.42992610288243654
1105,1105.0,1106.1738866647363,0.4896258531065611
1106,1106.0,1107.1850460286287,0.5440131091866145
1107,1107.0,1108.165845942152,0.5922193516068169
1108,1108.0,1109.1290063587437,0.6334370045899251
1109,1109.0,1110.0604696843122,0.6669038191482729
1110,1110.0,1111.0813660014446,0.6914518650065221
1111,1111.0,1112.0600279705313,0.7062709400430975
1112,1112.0,1113.1189270354548,0.7110240925270928
1113,1113.0,1114.2847080617582,0.7055109944116215
1114,1114.0,1115.151304112651,0.6896679413338122
1115,1115.0,1116.0681974773213,0.6635678526148064
1116,1116.0,1117.089125251015,0.628108954595576
1117,1117.0,1118.223834245544,0.5845486651083275
1118,1118.0,1119.170096789455,0.5336872271471562
1119,1119.0,1120.1138393338113,0.4766557935916007
1120,1120.0,1121.1566400161132,0.41491750942161104
1121,1121.0,1122.2005328717532,0.3502675117175678
1122,1122.0,1123.4044027596012,0.2845024646932036
1123,1123.0,1124.208111429338,0.21904078379656802
1124,1124.0,1125.2029483695142,0.155273187167518
1125,1125.0,1126.224088451875,0.09441555890055231
1126,1126.0,1127.1662449783691,0.03750867479706227
1127,1127.0,1128.2205958843406,-0.014564517484198448
1128,1128.0,1129.0744302999958,-0.06075418221253284
1129,1129.0,1130.0645335065522,-0.10016047375116502
1130,1130.0,1130.8778905133386,-0.1325605650440599
1131,1131.0,1131.9862735286688,-0.15841477399879025
1132,1132.0,1133.073774719368,-0.17823170048483844
1133,1133.0,1134.2189991880243,-0.19265986663868773
1134,1134.0,1135.0934494513856,-0.20253239362475287
1135,1135.0,1136.0080723907736,-0.20867587209753138
1136,1136.0,1137.1339636715024,-0.21206749984427423
1137,1137.0,1138.167872435243,-0.21439507130639543
1138,1138.0,1139.202385917624,-0.2173219640345917
1139,1139.0,1140.1620223612663,-0.22223616198317542
1140,1140.0,1141.2683159978817,-0.2302692889442331
1141,1141.0,1142.1457090204692,-0.24358688323771616
1142,1142.0,1143.225120467004,-0.26410596220346755
1143,1143.0,1144.2587612473444,-0.29284277897500066
1144,1144.0,1145.2615297029815,-0.3305216714494442
1145,1145.0,1146.293188852706,-0.37833871533101715
1146,1146.0,1147.1931746527766,-0.43762486218218166
1147,1147.0,1148.159862855306,-0.5086403715349161
1148,1148.0,1149.2614861251168,-0.591409642549432
1149,1149.0,1150.4410093033905,-0.6853647681010773
1150,1150.0,1151.5393400671999,-0.7886908761145102
1151,1151.0,1152.645582811448,-0.8996283719844136
1152,1152.0,1153.657471353244,-1.0160412832321173
1153,1153.0,1154.5887845374857,-1.135384147618032
1154,1154.0,1155.3894264156268,-1.2544527422158822
1155,1155.0,1156.2303138234527,-1.3690029612491375
1156,1156.0,1157.2514133902698,-1.475800220213619
1157,1157.0,1158.299119939127,-1.5721001760739028
1158,1158.0,1158.980743448886,-1.6555603306361721
1159,1159.0,1160.021016906594,-1.7242593927358334
1160,1160.0,1161.0350080647654,-1.7774300162916332
1161,1161.0,1162.0344968334143,-1.8153067287091802
1162,1162.0,1163.0343222222662,-1.838381854690527
1163,1163.0,1163.943212803897,-1.8474358501309087
1164,1164.0,1165.0606200790369,-1.8435370272523235
1165,1165.0,1165.9159806770601,-1.8273518433850384
1166,1166.0,1166.8435471852436,-1.799079231694145
1167,1167.0,1167.9612210699063,-1.759422597276395
1168,1168.0,1168.9003975361406,-1.7093343070481355
1169,1169.0,1169.9968207793906,-1.649724054626051
1170,1170.0,1170.959216520852,-1.5802877870004208
1171,1171.0,1171.8796767452156,-1.5021457491224197
1172,1172.0,1172.8609168297796,-1.41617965436458
1173,1173.0,1173.6415194344156,-1.322694888193961
1174,1174.0,1174.6081689691366,-1.2222636040612913
1175,1175.0,1175.7072724564189,-1.1167663526727638
1176,1176.0,1176.8465464061185,-1.0079590131273468
1177,1177.0,1177.952274673258,-0.8973158089354917
1178,1178.0,1178.9184686203073,-0.7860293080190243
1179,1179.0,1179.8983080817966,-0.6750955524403036
1180,1180.0,1180.9266734796836,-0.5665534506057328
1181,1181.0,1182.1046696757228,-0.4623123726136112
1182,1182.0,1183.2401935041967,-0.36394226570464344
1183,1183.0,1184.2043675673879,-0.2728866934886464
1184,1184.0,1185.1210149965627,-0.19046300883549583
1185,1185.0,1186.1932851071354,-0.11807226581918566
1186,1186.0,1187.2741304302263,-0.05725060866210607
1187,1187.0,1188.2616723978192,-0.009001731666612806
1188,1188.0,1189.1953472644734,0.026262798432245854
1189,1189.0,1190.1981390008284,0.048555378707907756
1190,1190.0,1191.1211331352508,0.05716401952717079
1191,1191.0,1191.8528595622631,0.05188627254055558
1192,1192.0,1192.7717723450703,0.03304021366539245
1193,1193.0,1193.859059317818,0.0012928113984748447
1194,1194.0,1195.041392800332,-0.0425986400645943
1195,1195.0,1195.9466830056758,-0.09741581008486982
1196,1196.0,1196.9825178791857,-0.16136015956796734
1197,1197.0,1197.9772263637121,-0.23250559421181138
1198,1198.0,1198.8425758978378,-0.30869333638748886
1199,1199.0,1199.7830681592673,-0.3877076092925488
1200,1200.0,1200.749679525415,-0.46769045278028337
1201,1201.0,1201.792891950311,-0.5469519539077764
1202,1202.0,1202.8272508419918,-0.622877224709339
1203,1203.0,1204.0105311517111,-0.6933166143154295
1204,1204.0,1204.9220705405562,-0.7563338046303478
1205,1205.0,1206.001299271778,-0.8100832419257922
1206,1206.0,1206.939781670973,-0.8528101368408214
1207,1207.0,1207.9791337991717,-0.8835127892480275
1208,1208.0,1208.8154084118876,-0.9015508265653844
1209,1209.0,1209.8804857242174,-0.9062910465419816
1210,1210.0,1210.9102587089917,-0.8978160385964419
1211,1211.0,1211.836909093364,-0.8769242111937567
1212,1212.0,1212.9123402945781,-0.8444499837108551
1213,1213.0,1213.9797895481497,-0.800159115526911
1214,1214.0,1214.9311049254832,-0.7450594480648633
1215,1215.0,1215.7887653632265,-0.6803935875892577
1216,1216.0,1216.7384525705356,-0.607573427422452
1217,1217.0,1217.7622375817853,-0.5279320355857684
1218,1218.0,1218.6728125444695,-0.44246714220804295
1219,1219.0,1219.8802993980898,-0.35300279333064744
1220,1220.0,1220.8249424603698,-0.261305086228046
1221,1221.0,1221.8857323391487,-0.16901156610477097
1222,1222.0,1222.8318156442836,-0.07763122609546369
1223,1223.0,1223.7057125474466,0.01140210892544867
1224,1224.0,1224.5229099730498,0.09636184830016442
1225,1225.0,1225.5283998104867,0.17559164649094133
1226,1226.0,1226.5507168358042,0.24777972347336297
1227,1227.0,1227.509003736529,0.31182871088040237
1228,1228.0,1228.4468756123513,0.365868736111562
1229,1229.0,1229.5207701070644,0.4081864224555159
1230,1230.0,1230.5879215280875,0.4379436519893903
1231,1231.0,1231.5838066323684,0.45490979368039397
1232,1232.0,1232.5606510074358,0.45806801563321176
1233,1233.0,1233.614005582958,0.4469847759734008
1234,1234.0,1234.513301602101,0.4215811278202787
1235,1235.0,1235.5376127596826,0.3820455827659957
1236,1236.0,1236.671045815096,0.3292921143759219
1237,1237.0,1237.4057033566253,0.2649263877045984
1238,1238.0,1238.3372228709575,0.19051297202936016
1239,1239.0,1239.342155202964,0.10753046412565426
1240,1240.0,1240.2719425022515,0.01753694207857843
1241,1241.0,1241.1390350344222,-0.07710143741196634
1242,1242.0,1242.2280137660184,-0.17485983923714724
1243,1243.0,1243.1676716727434,-0.2737180507774614
1244,1244.0,1244.267640147461,-0.3708838172105325
1245,1245.0,1245.2522378342426,-0.46400812813213543
1246,1246.0,1246.3495583653219,-0.551340916287557
1247,1247.0,1247.4603798836918,-0.6309416730037538
1248,1248.0,1248.4264137728624,-0.701397229352762
1249,1249.0,1249.4370458698886,-0.7618152988165462
1250,1250.0,1250.4391887597083,-0.8109803335649143
1251,1251.0,1251.4009139813386,-0.8473836933615786
1252,1252.0,1252.4133363456406,-0.8703916513207335
1253,1253.0,1253.486792356757,-0.8803009006407494
1254,1254.0,1254.5089375550667,-0.8779862177377977
1255,1255.0,1255.5161344715732,-0.8633466872370958
1256,1256.0,1256.535320751118,-0.837816154069222
1257,1257.0,1257.5777226975301,-0.8029317870025452
1258,1258.0,1258.465731496118,-0.7600429084033079
1259,1259.0,1259.6158111018387,-0.7103946608605839
1260,1260.0,1260.6259972980981,-0.6558530693026446
1261,1261.0,1261.6867112031246,-0.5983107933920027
1262,1262.0,1262.8612953620864,-0.5395532667172306
1263,1263.0,1263.9494707131078,-0.48131057179823084
1264,1264.0,1264.9491945298162,-0.4252574400863004
1265,1265.0,1265.9602385063838,-0.3730132519640734
1266,1266.0,1267.181797188932,-0.32616569541706436
1267,1267.0,1268.361508115846,-0.2861435255879218
1268,1268.0,1269.6121769929719,-0.25399287744010385
1269,1269.0,1270.6210469090306,-0.2308183380489075
1270,1270.0,1271.5435019545685,-0.21781909292822174
1271,1271.0,1272.51553809868,-0.21519035552634452
1272,1272.0,1273.4913016414084,-0.22310781141978864
1273,1273.0,1274.188442210968,-0.24198224200095322
1274,1274.0,1275.2019223132459,-0.27161080496840356
1275,1275.0,1276.1636273891033,-0.3111532786497536
1276,1276.0,1277.1357850545864,-0.3594169694735533
1277,1277.0,1278.1363336933966,-0.41528210728750736
1278,1278.0,1279.1585674176654,-0.47736605170098967
1279,1279.0,1280.0526622606308,-0.5439981493324546
1280,1280.0,1280.9683892081466,-0.6132796719937943
1281,1281.0,1282.0948411624431,-0.6831142569443871
1282,1282.0,1283.1000321060308,-0.7512037931802451
1283,1283.0,1284.136071649061,-0.8154508376641716
1284,1284.0,1284.9845568413562,-0.8739782823018454
1285,1285.0,1285.962466031682,-0.9251261529326787
1286,1286.0,1287.043734784212,-0.9672027589652611
1287,1287.0,1287.8851333103212,-0.9984780289248508
1288,1288.0,1288.909540522342,-1.0177001368445457
1289,1289.0,1289.900497489305,-1.0241361356316052
1290,1290.0,1290.7467395845558,-1.0175719570674118
1291,1291.0,1291.9279738816385,-0.9982974210832599
1292,1292.0,1293.0359105005682,-0.9663257357731835
1293,1293.0,1293.9930314765074,-0.9222650890296944
1294,1294.0,1294.997079529861,-0.8672179692472366
1295,1295.0,1296.008791817965,-0.8023235393504241
1296,1296.0,1297.0560567902035,-0.7287576367940348
1297,1297.0,1298.223586325482,-0.6477055346028509
1298,1298.0,1299.3371503636163,-0.5606452725374929
1299,1299.0,1300.390997416911,-0.4701267593326776
1300,1300.0,1301.5278473798448,-0.3785155374997422
1301,1301.0,1302.5236655015558,-0.2877936477932099
1302,1302.0,1303.2367887344892,-0.1995596292107658
1303,1303.0,1304.314628645418,-0.11508806198728835
1304,1304.0,1305.3254234228793,-0.036441260459336364
1305,1305.0,1306.409354868275,0.03377108564107234
1306,1306.0,1307.4406611557424,0.09347729434158195
1307,1307.0,1308.4808964351998,0.14117851972864687
1308,1308.0,1309.4392009345224,0.1759541150130836
1309,1309.0,1310.5940787647642,0.1965733909179939
1310,1310.0,1311.4844812108824,0.20194676116262913
1311,1311.0,1312.3963348828122,0.19162619135883308
1312,1312.0,1313.202296754037,0.1656912331713018
1313,1313.0,1314.2011575960732,0.12446651647483567
1314,1314.0,1315.1327993155837,0.06893868196405029
1315,1315.0,1316.100055241984,0.00028441544544374753
1316,1316.0,1317.1210853572186,-0.07996913739765052
1317,1317.0,1318.0614432325922,-0.16976143642510166
1318,1318.0,1319.007599413245,-0.2670949484459854
1319,1319.0,1320.0585432080961,-0.36911691889010456
1320,1320.0,1321.1984891714433,-0.4720703853155184
1321,1321.0,1322.1734831488718,-0.5733942719950271
1322,1322.0,1323.1632846694615,-0.6708213792199846
1323,1323.0,1324.2954828804513,-0.761333826950972
1324,1324.0,1325.2379336911074,-0.8423809228966295
1325,1325.0,1326.420083613408,-0.9118791625135452
1326,1326.0,1327.484937721363,-0.9681715559849233
1327,1327.0,1328.320281235487,-1.009800101261088
1328,1328.0,1329.4036605016256,-1.035743603256295
1329,1329.0,1330.5036869306123,-1.0454922535925157
1330,1330.0,1331.5916127477153,-1.0390418337757399
1331,1331.0,1332.7126381523406,-1.0169041024455125
1332,1332.0,1333.9647333070357,-0.9801467684684908
1333,1333.0,1334.981975464825,-0.9297419293851453
1334,1334.0,1336.129331523366,-0.8667943335079337
1335,1335.0,1337.2941869478952,-0.7926654717504662
1336,1336.0,1338.37194218856,-0.7090056399534809
1337,1337.0,1339.3798594048374,-0.617867016259169
1338,1338.0,1340.3507357719532,-0.5206521192847513
1339,1339.0,1341.166834688754,-0.4190127987392127
1340,1340.0,1342.321017036393,-0.315113958641153
1341,1341.0,1343.3014895964352,-0.211633557318762
1342,1342.0,1344.2514841335596,-0.11080186128304848
1343,1343.0,1345.2652030664442,-0.013720600227086183
1344,1344.0,1346.302973179524,0.07761790312873801
1345,1345.0,1347.247123166027,0.16129054658916797
1346,1346.0,1348.2735598078111,0.23537720564792694
1347,1347.0,1349.3228468638144,0.2982019593840033
1348,1348.0,1350.1111323517055,0.3484302147214072
1349,1349.0,1351.286369126355,0.3847405175107765
1350,1350.0,1352.3177936552634,0.40619498341337057
1351,1351.0,1353.2357711536993,0.41202911431249706
1352,1352.0,1354.3704712830718,0.40110308729973776
1353,1353.0,1355.407865880891,0.37271043362985656
1354,1354.0,1356.4576943479196,0.3272953690796479
1355,1355.0,1357.3841122252609,0.26565976577586137
1356,1356.0,1358.4599541267812,0.18888863968057665
1357,1357.0,1359.3838662561677,0.09824355158975565
1358,1358.0,1360.4059937271923,-0.005129257604906484
1359,1359.0,1361.209887714,-0.11958079267522442
1360,1360.0,1362.2621367276136,-0.24275887701677706
1361,1361.0,1363.2091171606799,-0.37161216918498624
1362,1362.0,1364.3105436385108,-0.503821031101334
1363,1363.0,1365.2986795925565,-0.6371214136765968
1364,1364.0,1366.103812406468,-0.7684786813764302
1365,1365.0,1367.1486642292616,-0.8949695009191097
1366,1366.0,1368.1603900510447,-1.0137818412755677
1367,1367.0,1369.1563522670672,-1.1221608289580056
1368,1368.0,1370.1507160644098,-1.2169942284569957
1369,1369.0,1370.8244719685208,-1.2959651335746094
1370,1370.0,1371.629944854792,-1.3574136208983065
1371,1371.0,1372.6459641259212,-1.4001914141948126
1372,1372.0,1373.4686131189706,-1.4236647317745175
1373,1373.0,1374.4178255759848,-1.427807869605941
1374,1374.0,1375.4620454770338,-1.4131273567623175
1375,1375.0,1376.5220415236531,-1.380598564917202
1376,1376.0,1377.495307035279,-1.331684940178485
1377,1377.0,1378.5141447375718,-1.2683380030883722
1378,1378.0,1379.478791543762,-1.192415409904245
1379,1379.0,1380.3527367833321,-1.1053222297687526
1380,1380.0,1381.43792951645,-1.0096802824280846
1381,1381.0,1382.434887231584,-0.9077755572032509
1382,1382.0,1383.5737949075522,-0.8014883761489425
1383,1383.0,1384.523444321759,-0.6924300098113372
1384,1384.0,1385.4361106436525,-0.5830048755695614
1385,1385.0,1386.4699399223764,-0.4754179635150753
1386,1386.0,1387.4294656007205,-0.37172982184402703
1387,1387.0,1388.3733345725338,-0.2739651099691296
1388,1388.0,1389.3243671592613,-0.1841037620575028
1389,1389.0,1390.220005588074,-0.10400416905958194
1390,1390.0,1391.3743051163808,-0.035951995805745096
1391,1391.0,1392.274312908742,0.018208926716828583
1392,1392.0,1393.2943129678015,0.05736279300217273
1393,1393.0,1394.1700502235421,0.08107470875716605
1394,1394.0,1395.0924057837342,0.08881855225925303
1395,1395.0,1396.0312707390528,0.08003473875193876
1396,1396.0,1397.2452724736943,0.05457953637515819
1397,1397.0,1398.197265321911,0.012766560927609475
1398,1398.0,1399.0663292546092,-0.0438518112581366
1399,1399.0,1400.0126950619656,-0.11324718564944318
1400,1400.0,1400.9952384384476,-0.19395541130407357
1401,1401.0,1402.1099589655382,-0.2838401243068213
1402,1402.0,1403.2395887220255,-0.3800502053559486
1403,1403.0,1404.2567676978065,-0.47915963605057865
1404,1404.0,1405.2380966334226,-0.5777663270806905
1405,1405.0,1406.3746749118795,-0.6730231684512799
1406,1406.0,1407.375461274452,-0.7621718738345018
1407,1407.0,1408.4317356263934,-0.842532550330745
1408,1408.0,1409.5217939689292,-0.9116059761493135
1409,1409.0,1410.4008464890962,-0.9675392599934243
1410,1410.0,1411.3908769582695,-1.008360500633664
1411,1411.0,1412.3708297528844,-1.0328449674360833
1412,1412.0,1413.4444332943904,-1.0406705574185107
1413,1413.0,1414.5087335879043,-1.0322164501355702
1414,1414.0,1415.4737065352233,-1.0076682447553533
1415,1415.0,1416.5751547857462,-0.9677216131082487
1416,1416.0,1417.568711624488,-0.9136308832049702
1417,1417.0,1418.5447585065617,-0.8471883018986212
1418,1418.0,1419.5192005330944,-0.7702747356357457
1419,1419.0,1420.5209424364648,-0.6845830243966167
1420,1420.0,1421.5778192725293,-0.5925973332585462
1421,1421.0,1422.496361107566,-0.4967919572714656
1422,1422.0,1423.656483487707,-0.3996088228895234
1423,1423.0,1424.7504083722633,-0.30344384953168824
1424,1424.0,1425.846087018067,-0.21018428107023646
1425,1425.0,1426.7689320926868,-0.12143038491371733
1426,1426.0,1427.872191003912,-0.03921933852020126
1427,1427.0,1428.8360672270815,0.03395460047728208
1428,1428.0,1429.8527599065637,0.09616574762839135
1429,1429.0,1430.8348253651225,0.14647179748307865
1430,1430.0,1431.948351070932,0.18416020922188125
1431,1431.0,1432.9123041723767,0.20857464935762343
1432,1432.0,1433.8514042900197,0.2188680632542005
1433,1433.0,1434.930075608985,0.21511544271531752
1434,1434.0,1435.9799460504587,0.1975635549374509
1435,1435.0,1436.837179101324,0.16672664856999636
1436,1436.0,1437.8334212527834,0.12400032418206527
1437,1437.0,1438.9595262536868,0.07050038139153189
1438,1438.0,1439.9989303430493,0.008015132247986528
1439,1439.0,1440.9106558520198,-0.060710665506127665
1440,1440.0,1441.8173151627916,-0.13342830824618843
1441,1441.0,1442.7383545230223,-0.20812616428836542
1442,1442.0,1443.8203252038804,-0.282857243797947
1443,1443.0,1444.7016574093896,-0.3548355210336325
1444,1444.0,1445.535741418148,-0.4214517294151209
1445,1445.0,1446.5094118997902,-0.4806673387452453
1446,1446.0,1447.5167088945911,-0.5310015550761011
1447,1447.0,1448.6505934365655,-0.5709817040001478
1448,1448.0,1449.6792477092356,-0.5993889524525499
1449,1449.0,1450.464874117173,-0.6157669548261114
1450,1450.0,1451.22344116623,-0.6197671849460669
1451,1451.0,1452.3175384150427,-0.6111784242628288
1452,1452.0,1453.3912457425708,-0.5903496960193275
1453,1453.0,1454.5003195361644,-0.5577094149822588
1454,1454.0,1455.5588303448958,-0.5138955009172872
1455,1455.0,1456.6624315954327,-0.4598749175642431
1456,1456.0,1457.6582172669455,-0.3967953776824423
1457,1457.0,1458.6870537032864,-0.3257417843225801
1458,1458.0,1459.6824682964411,-0.24839452144987526
1459,1459.0,1460.7004768390573,-0.16629211533804156
1460,1460.0,1461.5398573824052,-0.08076327602320743
1461,1461.0,1462.651449776514,0.007110899454392833
1462,1462.0,1463.730935499648,0.09608977400805763
1463,1463.0,1464.8403175934427,0.18423772062381774
1464,1464.0,1465.931990312629,0.26967366520913266
1465,1465.0,1466.9121115872472,0.35063144590580675
1466,1466.0,1467.9115811519373,0.425424062118063
1467,1467.0,1468.7909713191027,0.49230913131921483
1468,1468.0,1469.8011073801902,0.549634042809701
1469,1469.0,1470.9535106301119,0.5958441863501714
1470,1470.0,1471.8205231412076,0.6294714761835866
1471,1471.0,1472.7381421295363,0.6484095079664086
1472,1472.0,1473.7574826691143,0.6512628423114436
1473,1473.0,1474.7459949069962,0.637320600518625
1474,1474.0,1475.663443869864,0.6059142973395939
1475,1475.0,1476.6346010504924,0.5564502780785857
1476,1476.0,1477.8216034188622,0.4896318832246773
1477,1477.0,1478.8663947856971,0.4058004420536647
1478,1478.0,1479.8854383269224,0.30545599633965065
1479,1479.0,1480.7881879287042,0.19002344243498503
1480,1480.0,1481.9067632220165,0.06184428370380993
1481,1481.0,1482.876121731676,-0.07662996298766209
1482,1482.0,1483.9432946823395,-0.223483481473714
1483,1483.0,1484.8815491948778,-0.3763153376797889
1484,1484.0,1485.9162590420483,-0.5321625233643854
1485,1485.0,1486.8029540490622,-0.6874999561188917
1486,1486.0,1488.0164210381772,-0.8390692628501437
1487,1487.0,1489.1597207908312,-0.9841864258675903
1488,1488.0,1490.1808008656958,-1.1179903948866654
1489,1489.0,1491.2075458324923,-1.2363751734127457
1490,1490.0,1492.2335304522574,-1.3361453647633055
1491,1491.0,1493.243646712142,-1.4149917932620752
1492,1492.0,1494.2692384503034,-1.47070866715223
1493,1493.0,1495.3507118033688,-1.5017927082715292
1494,1494.0,1496.3910537551928,-1.5078425881757413
1495,1495.0,1497.415328613489,-1.4893774573284126
1496,1496.0,1498.4702453221994,-1.4478400824424538
1497,1497.0,1499.3913865315144,-1.3856826766471817
1498,1498.0,1500.4541697305563,-1.305640157120201
1499,1499.0,1501.515623824222,-1.2103864656997072
1500,1500.0,1502.5421984178415,-1.1026136854567476
1501,1501.0,1503.5182024427,-0.9850353747943975
1502,1502.0,1504.6157077425462,-0.8606920140407148
1503,1503.0,1505.7163013368786,-0.7328107286046155
1504,1504.0,1507.0166627275546,-0.6043513237864602
1505,1505.0,1508.021563038089,-0.47804294597684127
1506,1506.0,1509.0927506651356,-0.3563934646962963
1507,1507.0,1510.100867611945,-0.24245322407145398
1508,1508.0,1511.1089057928618,-0.13919930480305961
1509,1509.0,1512.1861108757812,-0.04893258041337745
1510,1510.0,1513.0956817278027,0.02643898751329471
1511,1511.0,1514.221063827749,0.08510313134953554
1512,1512.0,1515.241871225449,0.1248379821919695
1513,1513.0,1516.4369293134878,0.144386201292445
1514,1514.0,1517.338563871399,0.1434733187910786
1515,1515.0,1518.3885164516946,0.12146981872879462
1516,1516.0,1519.4550632947141,0.07826490443525168
1517,1517.0,1520.4871866310148,0.014446647903405802
1518,1518.0,1521.434187563758,-0.06909534431530508
1519,1519.0,1522.2900878972168,-0.1690366507436191
1520,1520.0,1523.2159621405622,-0.28286773864685605
1521,1521.0,1524.1454546695263,-0.40812828933979184
1522,1522.0,1524.9935696805312,-0.5408876678481112
1523,1523.0,1525.9752279379902,-0.6779056929794143
1524,1524.0,1526.8635305649636,-0.8152035836701298
1525,1525.0,1527.713708140173,-0.94829376439588
1526,1526.0,1528.6725541876317,-1.073469672599833
1527,1527.0,1529.7031772594592,-1.1872981133369878
1528,1528.0,1530.512363847893,-1.2862145664954148
1529,1529.0,1531.8335444522054,-1.366522766999943
1530,1530.0,1532.7919852505397,-1.426102445236496
1531,1531.0,1533.944034627257,-1.4645912824978509
1532,1532.0,1535.0785697132926,-1.4814172436058708
1533,1533.0,1536.0652707263425,-1.476839669280436
1534,1534.0,1536.97258352689,-1.4519493055404242
1535,1535.0,1537.862043273217,-1.4085302214215802
1536,1536.0,1538.8481746152092,-1.3481555645332384
1537,1537.0,1539.862241818804,-1.2724552828067124
1538,1538.0,1540.8779262825792,-1.1834316743233328
1539,1539.0,1542.021464847562,-1.0834602542035177
1540,1540.0,1543.0369249806708,-0.9752709136412628
1541,1541.0,1544.058567089502,-0.8614427931947315
1542,1542.0,1545.0325995453215,-0.744217669944655
1543,1543.0,1546.0139067591722,-0.6258688220444883
1544,1544.0,1547.2205747375326,-0.5087174281891502
1545,1545.0,1548.1856824247532,-0.3950155879666138
1546,1546.0,1549.1516317089836,-0.2866033120095684
1547,1547.0,1550.0945527361991,-0.18575709669410595
1548,1548.0,1551.1101582034078,-0.0944746329607003
1549,1549.0,1552.1261246710228,-0.014366717250388183
1550,1550.0,1553.0641934257208,0.053161623995760854
1551,1551.0,1554.1370386213093,0.10689567105211702
1552,1552.0,1555.1427691235747,0.14628816740966952
1553,1553.0,1556.1734248306345,0.1710015944958231
1554,1554.0,1557.1968943524707,0.18091508993712963
1555,1555.0,1558.0688707189156,0.17600903409315086
1556,1556.0,1559.159509490172,0.15639113824466108
1557,1557.0,1560.1699804901284,0.12261333077962135
1558,1558.0,1561.239096616007,0.07563334600035876
1559,1559.0,1562.1961783424651,0.016769273428224776
1560,1560.0,1563.1277888738841,-0.05218429986477009
1561,1561.0,1564.1678013183641,-0.1295115520485447
1562,1562.0,1565.2101981514056,-0.21361320821658583
1563,1563.0,1566.4186427371155,-0.30218274906993986
1564,1564.0,1567.3496941984397,-0.3927748604321536
1565,1565.0,1568.213957401622,-0.4833763880189119
1566,1566.0,1569.2184917056718,-0.5720897628882524
1567,1567.0,1570.2417732140477,-0.6571065637514742
1568,1568.0,1571.345560323174,-0.7360278370731611
1569,1569.0,1572.3348035284662,-0.8069967199026089
1570,1570.0,1573.2346181043843,-0.868644750044282
1571,1571.0,1574.1305524884172,-0.9197591041856623
1572,1572.0,1575.1533498970946,-0.9593208628079404
1573,1573.0,1576.078117515157,-0.9869575807796054
1574,1574.0,1576.991256685277,-1.0020213636529554
1575,1575.0,1578.0751961798612,-1.0041528112843385
1576,1576.0,1579.1043252163092,-0.9935389307882572
1577,1577.0,1579.940230434447,-0.970863231283038
1578,1578.0,1581.0139912538875,-0.9367901073275625
1579,1579.0,1582.0141861031339,-0.8924434067433462
1580,1580.0,1582.9517161384679,-0.8390039382863113
1581,1581.0,1583.8148358448666,-0.7775662598265414
1582,1582.0,1584.7605095206864,-0.7091386783483531
1583,1583.0,1585.7352421948701,-0.6348452643950034
1584,1584.0,1586.713616839576,-0.5565402500665936
1585,1585.0,1587.81122170608,-0.4758964461765722
1586,1586.0,1588.8815563841722,-0.39454457544571775
1587,1587.0,1589.8903353315288,-0.31410245411998367
1588,1588.0,1590.9958446072678,-0.2361749919703594
1589,1589.0,1591.8465797553588,-0.16247597118591586
1590,1590.0,1592.7713611341628,-0.09490613505367344
1591,1591.0,1593.7353983720252,-0.034667347249008024
1592,1592.0,1594.695074966778,0.016820063841922056
1593,1593.0,1595.647141425777,0.057821684335685505
1594,1594.0,1596.6149882632271,0.08723531120008088
1595,1595.0,1597.5419774015334,0.10444901580672837
1596,1596.0,1598.556131204869,0.10844869752403104
1597,1597.0,1599.5118810075926,0.09810179597699895
1598,1598.0,1600.6347866403066,0.07336657546688752
1599,1599.0,1601.5020486954195,0.03511917049592342
1600,1600.0,1602.2576686806756,-0.015862930894932376
1601,1601.0,1603.182039405238,-0.07878292479263445
1602,1602.0,1604.0475159215591,-0.15226808530585764
1603,1603.0,1605.1528917982346,-0.2334405295347678
1604,1604.0,1606.2364997027776,-0.32098434701315504
1605,1605.0,1607.1968307367786,-0.4130138756786719
1606,1606.0,1608.1696215253976,-0.5058115131514317
1607,1607.0,1609.2388208221403,-0.5962475423584558
1608,1608.0,1610.2066966822124,-0.6818606180735493
1609,1609.0,1611.2053462045537,-0.759562753170475
1610,1610.0,1612.1921110005615,-0.826791150515333
1611,1611.0,1613.2074833872075,-0.8814995658822092
1612,1612.0,1614.1182005130336,-0.9219438633486425
1613,1613.0,1615.0463211344047,-0.946666830197953
1614,1614.0,1616.073991657544,-0.9547219245355109
1615,1615.0,1617.1178462492628,-0.9456845429789387
1616,1616.0,1618.054286947787,-0.9195198002503633
1617,1617.0,1618.976958270031,-0.8767412517627092
1618,1618.0,1619.8329261151248,-0.8188587168439627
1619,1619.0,1620.9549925567378,-0.7474383219314249
1620,1620.0,1622.0146398780753,-0.6640488348018689
1621,1621.0,1623.0532220279883,-0.5703847700470466
1622,1622.0,1624.0581426878068,-0.46889361768364357
1623,1623.0,1625.0827703475666,-0.362297086100124
1624,1624.0,1626.2119020103125,-0.25330867917305205
1625,1625.0,1627.3111094251524,-0.14463336638503865
1626,1626.0,1628.4761635452496,-0.03897421236914251
1627,1627.0,1629.4976205134449,0.060484554742611454
1628,1628.0,1630.498931889648,0.15118804788389015
1629,1629.0,1631.3345924501994,0.2305125727766037
1630,1630.0,1632.3724602713125,0.2951860429116402
1631,1631.0,1633.2613099738169,0.3429340361742319
1632,1632.0,1634.2494781903642,0.372385524425489
1633,1633.0,1635.2144851901785,0.3821768641494942
1634,1634.0,1636.1046655949558,0.3711363352140809
1635,1635.0,1637.0078763488757,0.33870889354946826
1636,1636.0,1637.8657284354363,0.28469789040595356
1637,1637.0,1638.8088715657661,0.20977538953236008
1638,1638.0,1639.9681498790433,0.11516532091796051
1639,1639.0,1641.0722539932021,0.003171470480139743
1640,1640.0,1642.1339876556654,-0.12326416822618064
1641,1641.0,1643.3395152979106,-0.26143207236943833
1642,1642.0,1644.2711759362037,-0.4086394913626669
1643,1643.0,1645.3234027182193,-0.56069688525155
1644,1644.0,1646.4223525951006,-0.7132235842408978
1645,1645.0,1647.384879169763,-0.8621171814616899
1646,1646.0,1648.4522710983279,-1.003508804126432
1647,1647.0,1649.3970900378033,-1.133604845559463
1648,1648.0,1650.432368431477,-1.248435883225319
1649,1649.0,1651.4824319677664,-1.344732781102046
1650,1650.0,1652.4912899455944,-1.4200680665226013
1651,1651.0,1653.414994336358,-1.472791596660138
1652,1652.0,1654.5758561684886,-1.501936615689115
1653,1653.0,1655.6991325040567,-1.508080856261868
1654,1654.0,1656.5993260371401,-1.492317018898986
1655,1655.0,1657.6176417528877,-1.456074148851947
1656,1656.0,1658.6439465908804,-1.4012046819094621
1657,1657.0,1659.4933446415616,-1.3308917832932314
1658,1658.0,1660.273261994509,-1.2471305363762266
1659,1659.0,1661.3975590889513,-1.1518748861870165
1660,1660.0,1662.2410373206899,-1.0476217590759642
1661,1661.0,1663.444734182326,-0.9374110627151976
1662,1662.0,1664.5323503354266,-0.8239182854494449
1663,1663.0,1665.4235470375756,-0.7091242532521754
1664,1664.0,1666.4660015191103,-0.5954710831817134
1665,1665.0,1667.4914687892895,-0.48498130066682726
1666,1666.0,1668.3623894853952,-0.3792532174701567
1667,1667.0,1669.3309258769677,-0.2795144280273206
1668,1668.0,1670.4052400210787,-0.1876444985482072
1669,1669.0,1671.4177274126962,-0.10558579387009676
1670,1670.0,1672.5423995685896,-0.03476246879375022
1671,1671.0,1673.5357197260796,0.02382741314785608
1672,1672.0,1674.5137679744957,0.06962085220500387
1673,1673.0,1675.4328191118975,0.10207367252620735
1674,1674.0,1676.5586961333029,0.12044630241328569
1675,1675.0,1677.6444099023663,0.12426305896425144
1676,1676.0,1678.683323124646,0.11333451603657553
1677,1677.0,1679.7012541158576,0.08781045525358641
1678,1678.0,1680.664301596071,0.048062939257031256
1679,1679.0,1681.4734784969935,-0.005235316154823921
1680,1680.0,1682.571252316267,-0.07097237376724656
1681,1681.0,1683.5529363859666,-0.14760561173324246
1682,1682.0,1684.4623763437962,-0.23336540840024866
1683,1683.0,1685.6156952119786,-0.3263955677830566
1684,1684.0,1686.573864815317,-0.42487175518345227
1685,1685.0,1687.3827483305122,-0.5270364480243734
1686,1686.0,1688.4035287777103,-0.6311823646497553
1687,1687.0,1689.3670543390383,-0.7347412243980985
1688,1688.0,1690.6040201819426,-0.8345087135648246
1689,1689.0,1691.6312375297007,-0.927922126772131
1690,1690.0,1692.4282635700888,-1.013115519112903
1691,1691.0,1693.2630835798163,-1.0888757068062407
1692,1692.0,1694.0500987043529,-1.1530530921360445
1693,1693.0,1695.0805325651788,-1.203860343969978
1694,1694.0,1696.1248896536688,-1.2402887756912506
1695,1695.0,1697.238247916353,-1.261586448886542
1696,1696.0,1698.1867052843781,-1.2672736108227483
1697,1697.0,1699.161652818299,-1.257536380333253
1698,1698.0,1700.2106519951944,-1.2325696262574501
1699,1699.0,1701.158413613443,-1.1927492994686857
1700,1700.0,1702.079962654378,-1.1388588009965606
1701,1701.0,1703.0922686258596,-1.0720889820269088
1702,1702.0,1704.142023589155,-0.9938399935132674
1703,1703.0,1705.1613657565454,-0.9053518008651047
1704,1704.0,1706.3109977494232,-0.8080787632530094
1705,1705.0,1707.3513473340065,-0.7036199101390983
1706,1706.0,1708.3819631763422,-0.5937167967320309
1707,1707.0,1709.3888400894075,-0.48020219717973617
1708,1708.0,1710.5097667740731,-0.365261993517186
1709,1709.0,1711.4946491283313,-0.251705855805545
1710,1710.0,1712.4809112274695,-0.1421380788846226
1711,1711.0,1713.5201743899124,-0.03889864421562739
1712,1712.0,1714.6498485563973,0.055889439209076644
1713,1713.0,1715.6022998670298,0.13966808182715262
1714,1714.0,1716.622487297517,0.21056583293118547
1715,1715.0,1717.5149031161736,0.26674332889573626
1716,1716.0,1718.5555889804264,0.3061840129680062
1717,1717.0,1719.470177488201,0.3275334073550986
1718,1718.0,1720.2259683763643,0.32941237592665995
1719,1719.0,1721.349830707797,0.31113341201877603
1720,1720.0,1722.1244101864427,0.27289360711432376
1721,1721.0,1723.2239080661866,0.21541696572245822
1722,1722.0,1724.268352187889,0.13962098739484058
1723,1723.0,1725.3018243774322,0.0471222564898483
1724,1724.0,1726.3572840455336,-0.0598674254897124
1725,1725.0,1727.325698846954,-0.1784051791863664
1726,1726.0,1728.3230206244912,-0.30502948882123926
1727,1727.0,1729.5130645711604,-0.4362172390050792
1728,1728.0,1730.474894219668,-0.5686320604812063
1729,1729.0,1731.4280287487238,-0.6993760862872322
1730,1730.0,1732.452163516451,-0.823482687763184
1731,1731.0,1733.3785201416629,-0.9368810762710831
1732,1732.0,1734.468250657691,-1.0368281958067453
1733,1733.0,1735.2859611236463,-1.1213723745457937
1734,1734.0,1736.3418067304115,-1.1873369760122487
1735,1735.0,1737.2928570691395,-1.2329186849100942
1736,1736.0,1738.2358806414006,-1.2574701289989847
1737,1737.0,1739.3834610468255,-1.26140403847903
1738,1738.0,1740.276878072608,-1.2448956754027949
1739,1739.0,1741.3769521102668,-1.209049719419816
1740,1740.0,1742.3731147866135,-1.1563493610105349
1741,1741.0,1743.4742137087183,-1.0891806766004202
1742,1742.0,1744.5410108240765,-1.0098338592497407
1743,1743.0,1745.6713100586512,-0.9209771978839277
1744,1744.0,1746.6966635978679,-0.8254779779590549
1745,1745.0,1747.6795827837127,-0.7260059461007018
1746,1746.0,1748.9060515795773,-0.625278783110165
1747,1747.0,1750.1043935187975,-0.526054736529254
1748,1748.0,1751.1454199238458,-0.43061805813364307
1749,1749.0,1752.0687824799038,-0.34147799858564976
1750,1750.0,1752.9981718564943,-0.2610205309939526
1751,1751.0,1754.1088179510507,-0.19105741544256466
1752,1752.0,1755.1891999148565,-0.13281732117390654
1753,1753.0,1756.366387477684,-0.08715888865267662
1754,1754.0,1757.3584361417024,-0.055104221469321174
1755,1755.0,1758.282348228056,-0.037233444140304967
1756,1756.0,1759.1694024245237,-0.033588860763041704
1757,1757.0,1760.2920203870613,-0.04424490118066684
1758,1758.0,1761.239653501821,-0.06837750702751638
1759,1759.0,1762.1570500210055,-0.10456972878484176
1760,1760.0,1763.184921139833,-0.15125088383806806
1761,1761.0,1764.0451674010383,-0.20666787055048377
1762,1762.0,1764.9677033157834,-0.2688550985498941
1763,1763.0,1765.9606991878668,-0.33560415769191665
1764,1764.0,1766.9356457602585,-0.4044293223556206
1765,1765.0,1767.9764817273658,-0.47306197710295766
1766,1766.0,1769.021192030691,-0.539918465207487
1767,1767.0,1769.9844343464792,-0.6028540338104597
1768,1768.0,1770.8607801678745,-0.6597925756879484
1769,1769.0,1771.837876367746,-0.7087466329334574
1770,1770.0,1772.6783420296968,-0.7479536353435745
1771,1771.0,1773.6431778147537,-0.7767102035181411
1772,1772.0,1774.6577918263106,-0.7947782398221996
1773,1773.0,1775.6320639685387,-0.8020490592711172
1774,1774.0,1776.6948452183794,-0.7985296218047376
1775,1775.0,1777.6664415854452,-0.7839876630324134
1776,1776.0,1778.6765953391232,-0.7588649499904541
1777,1777.0,1779.7214550468643,-0.7239754657134125
1778,1778.0,1780.6391238592394,-0.680198072721355
1779,1779.0,1781.535112227596,-0.6283500952556851
1780,1780.0,1782.458406431358,-0.5689539237169527
1781,1781.0,1783.4760166133176,-0.5034669604343559
1782,1782.0,1784.5319822487718,-0.43325332398186017
1783,1783.0,1785.6193950373236,-0.35942458680785155
1784,1784.0,1786.6902705126574,-0.28281688143133665
1785,1785.0,1787.6192384120054,-0.20390805281734828
1786,1786.0,1788.7558028496137,-0.1240807630979299
1787,1787.0,1789.7794741388434,-0.04477643631589473
1788,1788.0,1790.775966889564,0.032823944747652656
1789,1789.0,1791.6374384770447,0.10779983857322545
1790,1790.0,1792.5857279356055,0.1794854485369187
1791,1791.0,1793.75419735192,0.24698417635543343
1792,1792.0,1794.750849705681,0.3087721662725289
1793,1793.0,1795.8383694043184,0.36343391628378485
1794,1794.0,1796.9281269424787,0.40974526530128336
1795,1795.0,1797.9348969187492,0.4468246627820459
1796,1796.0,1798.9824322420582,0.4738769406015003
1797,1797.0,1799.8246512785524,0.48983746135189915
1798,1798.0,1800.8111403996468,0.49391327620680725
1799,1799.0,1801.9265060798023,0.48559134975540824
1800,1800.0,1802.728729940071,0.4644681988343046
1801,1801.0,1803.8086643306078,0.4304296888061288
1802,1802.0,1804.734496531219,0.38392722394316514
1803,1803.0,1805.7659477917784,0.32598529869373716
1804,1804.0,1806.7697602589908,0.2581284924062053
1805,1805.0,1807.7419781910735,0.18171250757396948
1806,1806.0,1808.7700918546545,0.09819504651962568
1807,1807.0,1809.775114260979,0.009538234363740294
1808,1808.0,1810.8978939074136,-0.08178648167391867
1809,1809.0,1811.8134106671916,-0.17278294026217944
1810,1810.0,1812.872411182211,-0.26107857114831456
1811,1811.0,1813.8770331317514,-0.34482621463156216
1812,1812.0,1815.015372238941,-0.42143760442713657
1813,1813.0,1815.9624734409297,-0.48755397515447185
1814,1814.0,1816.9269412370966,-0.5410152909248576
1815,1815.0,1817.76539183565,-0.5805911752629748
1816,1816.0,1818.7296338040987,-0.6047118047584327
1817,1817.0,1819.7498786554597,-0.6124594939103098
1818,1818.0,1820.7270181492522,-0.6036098429545302
1819,1819.0,1821.704875418742,-0.5783151141666814
1820,1820.0,1822.7093557974795,-0.5361041258567083
1821,1821.0,1823.7958769313948,-0.4772607415664015
1822,1822.0,1824.6329685515143,-0.4030347140282279
1823,1823.0,1825.5432751894934,-0.31522329792904047
1824,1824.0,1826.4851975404758,-0.2152401480300127
1825,1825.0,1827.4632070693533,-0.10536270510957352
1826,1826.0,1828.5767322114418,0.012338785754952786
1827,1827.0,1829.4610065274717,0.1360731098280256
1828,1828.0,1830.3999299767693,0.26302050333084914
1829,1829.0,1831.3144493948935,0.3900181984295271
1830,1830.0,1832.3583359251118,0.5142533612156195
1831,1831.0,1833.5220299374362,0.6326226012576406
1832,1832.0,1834.521199362555,0.7417319716009263
1833,1833.0,1835.4424157174603,0.8378996782655558
1834,1834.0,1836.4336319952465,0.9173438358422816
1835,1835.0,1837.5866312126204,0.9765458106275725
1836,1836.0,1838.6796121945008,1.0123059512160508
1837,1837.0,1839.8382943331987,1.021829575813003
1838,1838.0,1840.682349267518,1.0034678367783116
1839,1839.0,1841.674619691447,0.9552741870188156
1840,1840.0,1842.5673520831785,0.8765793122954058
1841,1841.0,1843.801918409733,0.7684524037741427
1842,1842.0,1844.7375702270742,0.6330167762064054
1843,1843.0,1845.780689218011,0.4724045767803272
1844,1844.0,1846.8084849767565,0.2894591740829744
1845,1845.0,1847.9882469694658,0.08737746849406425
1846,1846.0,1849.1793092067546,-0.13029257896106217
1847,1847.0,1850.2435919067489,-0.3597695060942462
1848,1848.0,1851.0634166275836,-0.597388763150547
1849,1849.0,1852.1588026327736,-0.8386416787183696
1850,1850.0,1853.1379197031686,-1.0784088957329374
1851,1851.0,1853.960583847447,-1.311015917629197
1852,1852.0,1854.8947396460553,-1.5297414927679107
1853,1853.0,1855.851835132798,-1.7249482033547012
1854,1854.0,1856.7877890430793,-1.887918268513221
1855,1855.0,1857.8833489553303,-2.012501441881481
1856,1856.0,1858.8190006703876,-2.095116618239819
1857,1857.0,1860.0027804526442,-2.1345379433536427
1858,1858.0,1861.0644981609087,-2.1342013708632233
1859,1859.0,1862.1497791792235,-2.099657555699747
1860,1860.0,1863.2042901719246,-2.037021321581177
1861,1861.0,1864.1796831500083,-1.9531765411655948
1862,1862.0,1865.2373269291138,-1.852955684500007
1863,1863.0,1866.259970665217,-1.7407318552920596
1864,1864.0,1867.245551661797,-1.6211868440870714
1865,1865.0,1868.2734382674594,-1.497593851136621
1866,1866.0,1869.28512552479,-1.3713623764487677
1867,1867.0,1870.4412617464493,-1.2447607416061364
1868,1868.0,1871.4054728075096,-1.1203837862622579
1869,1869.0,1872.472716817137,-0.999528377508663
1870,1870.0,1873.3737960360738,-0.8835908522153942
1871,1871.0,1874.3873791570331,-0.7740074631867537
1872,1872.0,1875.4010385067013,-0.6722502838572938
1873,1873.0,1876.4289337477207,-0.5796912073859279
1874,1874.0,1877.407298960517,-0.49686311437773156
1875,1875.0,1878.419749941929,-0.4241157763452365
1876,1876.0,1879.3221632845712,-0.3618899086957253
1877,1877.0,1880.3399931843805,-0.3107223877877056
1878,1878.0,1881.4548801980366,-0.27113760079179766
1879,1879.0,1882.4476067529824,-0.2427909071671861
1880,1880.0,1883.5477384151932,-0.22506130158950094
1881,1881.0,1884.4231739297206,-0.2172759788768946
1882,1882.0,1885.5828240627832,-0.21872783765418977
1883,1883.0,1886.581661454005,-0.22891272569873664
1884,1884.0,1887.6591370515032,-0.24705439360582637
1885,1885.0,1888.850695670546,-0.2721939676314879
1886,1886.0,1889.6773082983032,-0.3032903885218584
1887,1887.0,1890.7036788578948,-0.33922305384378726
1888,1888.0,1891.8559559480327,-0.37863544303210545
1889,1889.0,1893.0463402734213,-0.4197453921059342
1890,1890.0,1894.0567830572684,-0.46090455359194316
1891,1891.0,1895.1063038578236,-0.5006853242953824
1892,1892.0,1896.3813249778627,-0.537880845300037
1893,1893.0,1897.300184620722,-0.5715050019682956
1894,1894.0,1898.4656475536647,-0.6006522902691925
1895,1895.0,1899.471675510375,-0.6238172333199824
1896,1896.0,1900.4694985479878,-0.640033763087186
1897,1897.0,1901.4355641723678,-0.6486079079881543
1898,1898.0,1902.602206379671,-0.6490236294044489
1899,1899.0,1903.6312949951453,-0.6409999437842809
1900,1900.0,1904.503647769352,-0.6238785552246476
1901,1901.0,1905.4538732199615,-0.5967659392834553
1902,1902.0,1906.3784685581525,-0.5596813406511529
1903,1903.0,1907.3817984562768,-0.5135975355118447
1904,1904.0,1908.3110521060944,-0.4587130797592525
1905,1905.0,1909.2113624095125,-0.39470770675016237
1906,1906.0,1910.1876534521,-0.32236458277004587
1907,1907.0,1911.228653433819,-0.24245932492657946
1908,1908.0,1912.3173563433543,-0.15576000114952154
1909,1909.0,1913.333905979268,-0.0631580192918184
1910,1910.0,1914.3867550008968,0.03421896161010654
1911,1911.0,1915.359652028803,0.13547340621945053
1912,1912.0,1916.3277309821574,0.23946352237729018
1913,1913.0,1917.3331736372766,0.3447731212644915
1914,1914.0,1918.3014295755688,0.4497116174015941
1915,1915.0,1919.3772024541124,0.5521654891747378
1916,1916.0,1920.4031952842051,0.6498953308164028
1917,1917.0,1921.3930249697753,0.7408500588133786
1918,1918.0,1922.3401673091043,0.8230000297989906
1919,1919.0,1923.2457416664438,0.8943078840305203
1920,1920.0,1924.4299959473572,0.9518695068627291
1921,1921.0,1925.4514878294995,0.9929695379549525
1922,1922.0,1926.4665871090153,1.0155974313126102
1923,1923.0,1927.487530980738,1.0182079681092273
1924,1924.0,1928.3371485231803,0.9997253883108963
1925,1925.0,1929.4417108172272,0.9597401919217446
1926,1926.0,1930.465926747704,0.8986809701736016
1927,1927.0,1931.570910730147,0.8176616215719317
1928,1928.0,1932.4907483467596,0.7184687490117672
1929,1929.0,1933.6140413596715,0.6035616597777724
1930,1930.0,1934.622905262156,0.4758884687773135
1931,1931.0,1935.7931380490165,0.33828593500814985
1932,1932.0,1936.7594455825995,0.19377341485692012
1933,1933.0,1937.7820695420578,0.045220052532906396
1934,1934.0,1938.8127919983394,-0.10467962113261031
1935,1935.0,1939.7870390886271,-0.25340568868638813
1936,1936.0,1940.7897393483381,-0.3986128460532643
1937,1937.0,1941.7638886061375,-0.5380597898217486
1938,1938.0,1942.5093593781812,-0.669644024659717
1939,1939.0,1943.4628805418095,-0.7915262734847593
1940,1940.0,1944.5796899984725,-0.9016490162047939
1941,1941.0,1945.6559165500184,-0.997715056189234
1942,1942.0,1946.6778586620976,-1.0783102247326917
1943,1943.0,1947.665120063932,-1.1417010905934728
1944,1944.0,1948.495444842707,-1.1861399256635399
1945,1945.0,1949.5168351355935,-1.2110334057945602
1946,1946.0,1950.529069551198,-1.2168393186405673
1947,1947.0,1951.3253244988882,-1.2048415066126759
1948,1948.0,1952.1071242005187,-1.1776888168725814
1949,1949.0,1953.0069288088898,-1.1382133500410945
1950,1950.0,1954.0288399317253,-1.0892865707540715
1951,1951.0,1955.0216980360472,-1.0338193076623996
1952,1952.0,1956.0409541625077,-0.9747819709526151
1953,1953.0,1957.1358962329734,-0.9154557702065189
1954,1954.0,1958.0099279630076,-0.8586985448520191
1955,1955.0,1959.0000154075974,-0.8068915165112442
1956,1956.0,1959.9296579195634,-0.7620437167201842
1957,1957.0,1960.9505680659552,-0.7257919869287393
1958,1958.0,1961.94725630393,-0.6993222634749323
1959,1959.0,1962.9204025131505,-0.6828249507368154
1960,1960.0,1963.811020302435,-0.6769635115506863
1961,1961.0,1964.7034519531635,-0.6818786733537024
1962,1962.0,1965.5921801704292,-0.6968688614893489
1963,1963.0,1966.4799283077139,-0.7203901992074485
1964,1964.0,1967.3831711220623,-0.7511781044221406
1965,1965.0,1968.4775504579247,-0.7887011120772546
1966,1966.0,1969.3923975439363,-0.8310184363015681
1967,1967.0,1970.3934779790357,-0.8762919931758519
1968,1968.0,1971.2772395006552,-0.9228116637804544
1969,1969.0,1972.3908560545265,-0.9689409201607062
1970,1970.0,1973.5838429916168,-1.0127041887172983
1971,1971.0,1974.506416629454,-1.0527017868452342
1972,1972.0,1975.5501480872276,-1.0876298203726502
1973,1973.0,1976.5896934441034,-1.1161026155781575
1974,1974.0,1977.457432173193,-1.1366527191907956
1975,1975.0,1978.5238924228324,-1.1484617230034986
1976,1976.0,1979.414712311153,-1.1513749924952221
1977,1977.0,1980.5475508013808,-1.1447107485431662
1978,1978.0,1981.6524337080957,-1.1281450861279088
1979,1979.0,1982.646255070131,-1.1017193694512573
1980,1980.0,1983.6268902099114,-1.065899695763559
1981,1981.0,1984.600955656394,-1.0215322932000437
1982,1982.0,1985.6045678547243,-0.9687935021875475
1983,1983.0,1986.7208808156308,-0.9080717675327699
1984,1984.0,1987.8411467276235,-0.8401232312218841
1985,1985.0,1988.838531979569,-0.7660587596220639
1986,1986.0,1989.631308148797,-0.6865639158132709
1987,1987.0,1990.7647653566107,-0.6028350154663271
1988,1988.0,1991.688710416909,-0.5163437722534887
1989,1989.0,1992.5619136075363,-0.4282977769751317
1990,1990.0,1993.2933861104857,-0.339640497559729
1991,1991.0,1994.370653019,-0.25111953785803875
1992,1992.0,1995.4195545420896,-0.16422514176418496
1993,1993.0,1996.3685527062944,-0.08047105688296058
1994,1994.0,1997.2144750986263,-0.0011596740757953694
1995,1995.0,1998.4171297499033,0.0725029222967144
1996,1996.0,1999.4686941061814,0.13952871704348105
1997,1997.0,2000.5102178985805,0.1986708076407116
1998,1998.0,2001.5418789311027,0.24866868592352329
1999,1999.0,2002.3057846760478,0.28884373681003894
2000,2000.0,2003.3899799376204,0.3180075892359356
2001,2001.0,2004.3432037116988,0.33537682039657724
2002,2002.0,2005.3712950841064,0.3404507457972554
2003,2003.0,2006.234994836316,0.33261591671794316
2004,2004.0,2007.218936044238,0.31157126904425014
2005,2005.0,2008.2524892383658,0.2777001671031459
2006,2006.0,2009.2494516424822,0.2315111355645053
2007,2007.0,2010.2903322866382,0.17373617013812684
2008,2008.0,2011.3520653607866,0.10536499720953009
2009,2009.0,2012.5592912973477,0.027446183324661477
2010,2010.0,2013.5573959449775,-0.05852481484010119
2011,2011.0,2014.6306755679134,-0.15060074252739092
2012,2012.0,2015.6583342160734,-0.2468079656379637
2013,2013.0,2016.6060035578225,-0.34499110248212594
2014,2014.0,2017.4810145967288,-0.44289200839505233
2015,2015.0,2018.2376762035715,-0.538359439620893
2016,2016.0,2019.038539553919,-0.6293488183088767
2017,2017.0,2019.8984488210467,-0.7137180352044714
2018,2018.0,2020.8664012355166,-0.7894390555439692
2019,2019.0,2021.8795801480521,-0.8548014789632905
2020,2020.0,2023.0113523611867,-0.9082560965162365
2021,2021.0,2023.8549109248033,-0.948426135692174
2022,2022.0,2024.9648855542378,-0.9750938333360799
2023,2023.0,2026.0509976208834,-0.9878659738630281
2024,2024.0,2027.0223408373138,-0.986176214123879
2025,2025.0,2027.9027964809015,-0.9700211854553209
2026,2026.0,2028.822859058872,-0.9399760533019738
2027,2027.0,2029.906621380018,-0.8975656917075733
2028,2028.0,2030.8668962016654,-0.8440593805698158
2029,2029.0,2031.7407681429688,-0.7806782311355371
2030,2030.0,2032.9006233293303,-0.7089301271990718
2031,2031.0,2034.015827971962,-0.6306097251022292
2032,2032.0,2035.061135149631,-0.5477984063343047
2033,2033.0,2036.0809679601925,-0.4623711753709738
2034,2034.0,2037.0788804544898,-0.3759182176579172
2035,2035.0,2038.1774403707561,-0.2903233969957423
2036,2036.0,2039.0758121499082,-0.20752261505396852
2037,2037.0,2040.0094824410337,-0.12950381137112155
2038,2038.0,2041.0691966967386,-0.058075495268341715
2039,2039.0,2042.0284986514835,0.005347524457785538
2040,2040.0,2043.0302831107956,0.05883031922532464
2041,2041.0,2044.0662143085883,0.10104383061710609
2042,2042.0,2045.1088707587553,0.13133302102188515
2043,2043.0,2046.1240847373508,0.14905782352357214
2044,2044.0,2047.040639283058,0.15338652604403014
2045,2045.0,2048.0357320681615,0.14413967080631476
2046,2046.0,2048.944316386247,0.1214569541764312
2047,2047.0,2049.946561985767,0.08542221672005482
2048,2048.0,2051.1285390360517,0.03710806062942831
2049,2049.0,2052.1674611375684,-0.02247547603622179
2050,2050.0,2053.134722415197,-0.09278314747613127
2051,2051.0,2054.064623662112,-0.17169080013898744
2052,2052.0,2055.2429605290035,-0.25703954198765777
2053,2053.0,2056.3425289486026,-0.3474513718152003
2054,2054.0,2057.3896299351354,-0.44079558672912844
2055,2055.0,2058.4480074308376,-0.5344813591935765
2056,2056.0,2059.3802933926095,-0.6261592786837294
2057,2057.0,2060.5213792368722,-0.7137120530475605
2058,2058.0,2061.6638748992314,-0.7952380345825351
2059,2059.0,2062.8389901461683,-0.8688250442361412
2060,2060.0,2063.7479021913223,-0.9327377167680809
2061,2061.0,2064.6378566504186,-0.9856798444207155
2062,2062.0,2065.5180385986223,-1.0268005600995416
2063,2063.0,2066.447159388544,-1.0557732396359314
2064,2064.0,2067.5714200090424,-1.0724806455570783
2065,2065.0,2068.4800820939827,-1.0766468166551684
2066,2066.0,2069.473823308136,-1.0684783278722003
2067,2067.0,2070.710442511792,-1.0486944510170744
2068,2068.0,2071.531322033478,-1.0185269267450776
2069,2069.0,2072.418718820661,-0.979509280111485
2070,2070.0,2073.4108928292544,-0.9329961380189501
2071,2071.0,2074.2830645753556,-0.8803038396268972
2072,2072.0,2075.2059045570204,-0.8227356267304927
2073,2073.0,2076.2127443606237,-0.7615816437605547
2074,2074.0,2077.2575045675976,-0.6980196113295417
2075,2075.0,2078.045693991938,-0.6329647803281778
2076,2076.0,2078.9115451454513,-0.5679064652308006
2077,2077.0,2079.9905179877087,-0.5042418792186725
2078,2078.0,2080.971461316947,-0.4431851153287831
2079,2079.0,2081.7575390446173,-0.38576714645392346
2080,2080.0,2082.694537993845,-0.332835825342668
2081,2081.0,2083.755487175532,-0.28497950230854296
2082,2082.0,2084.779991834246,-0.2423332874195902
2083,2083.0,2085.8855065961816,-0.2056327804688889
2084,2084.0,2086.971981868177,-0.17545553515744006
2085,2085.0,2087.9980317059726,-0.15206633888595789
2086,2086.0,2088.920761179769,-0.13538081113360043
2087,2087.0,2090.012576168129,-0.12477646844852223
2088,2088.0,2091.053851429825,-0.12043037665354708
2089,2089.0,2092.2271118338203,-0.12236209020610667
2090,2090.0,2093.0095356802362,-0.13010524268285995
2091,2091.0,2093.9226493524056,-0.14271544403303382
2092,2092.0,2094.907673886484,-0.15922708374705508
2093,2093.0,2095.761290557048,-0.1790109138636186
2094,2094.0,2096.703263282164,-0.2012427316421322
2095,2095.0,2097.6737003940443,-0.22485173162131805
2096,2096.0,2098.705834300255,-0.248520505619219
2097,2097.0,2099.6621217898387,-0.27104823351021323
2098,2098.0,2100.5943046344237,-0.2916153272760763
2099,2099.0,2101.610489530153,-0.3091524805279222
2100,2100.0,2102.7620285674966,-0.3228336912629532
2101,2101.0,2103.9245519090255,-0.3320626257509204
2102,2102.0,2104.8782308268246,-0.33601222572732314
2103,2103.0,2105.9900515578165,-0.3339401420760405
2104,2104.0,2106.7868033828495,-0.3253472612021491
2105,2105.0,2107.732755827159,-0.309904250507725
2106,2106.0,2108.6186543779313,-0.28754813132239976
2107,2107.0,2109.439420523245,-0.2581308873417934
2108,2108.0,2110.1799632366788,-0.22140090877905688
2109,2109.0,2111.215668561254,-0.17771419759713247
2110,2110.0,2112.275061991015,-0.12805245413799687
2111,2111.0,2113.314220638517,-0.0731059608738167
2112,2112.0,2114.299440620634,-0.012831698552483048
2113,2113.0,2115.1345132499487,0.05166249622444888
2114,2114.0,2116.2355161039313,0.11933011919941
2115,2115.0,2117.3692457332113,0.1892088803616432
2116,2116.0,2118.4784843553334,0.2603313373069475
2117,2117.0,2119.454106782511,0.33148987092219834
2118,2118.0,2120.576834245114,0.40165396816216703
2119,2119.0,2121.599516320509,0.4695811733694809
2120,2120.0,2122.6460334755548,0.5337732268002203
2121,2121.0,2123.761334555783,0.5926164456140478
2122,2122.0,2124.7797014745547,0.6445788225204773
2123,2123.0,2125.5459639935593,0.6876773728984924
2124,2124.0,2126.6838153657727,0.7204062214517659
2125,2125.0,2127.6844430993383,0.7418178963190178
2126,2126.0,2128.38853211472,0.7513434734488301
2127,2127.0,2129.574894838012,0.7479244594128339
2128,2128.0,2130.847362344302,0.7311748748978637
2129,2129.0,2131.741841465706,0.7010501488495244
2130,2130.0,2132.6928672856593,0.65775101364198
2131,2131.0,2133.75767784218,0.6017293058615422
2132,2132.0,2134.8641165314434,0.533938496859112
2133,2133.0,2135.821309905985,0.4558524005909757
2134,2134.0,2136.8512964791375,0.36909276704481603
2135,2135.0,2137.855744227397,0.27540564102686005
2136,2136.0,2138.9891797395526,0.1766613621618504
2137,2137.0,2139.9948976401097,0.07478830201967643
2138,2138.0,2140.997762962184,-0.028605853229255407
2139,2139.0,2141.8844175671384,-0.13125491123636973
2140,2140.0,2142.8740462830656,-0.23118629728578893
2141,2141.0,2143.898974485931,-0.3269581248319472
2142,2142.0,2144.874661120171,-0.41765394246281384
2143,2143.0,2145.9641152057534,-0.5022885691157961
2144,2144.0,2146.9531901957416,-0.5793038742837043
2145,2145.0,2147.9200475479597,-0.6475145064027913
2146,2146.0,2149.0821960956782,-0.706215857329441
2147,2147.0,2150.0170800143746,-0.7551415586401131
2148,2148.0,2150.8813631302073,-0.7937703444336968
2149,2149.0,2152.003123423065,-0.8220223833252519
2150,2150.0,2152.909754960474,-0.8401735706895379
2151,2151.0,2153.9575430002014,-0.8486728380979944
2152,2152.0,2155.092360048978,-0.8481168033479208
2153,2153.0,2156.095830408044,-0.8392300733876005
2154,2154.0,2157.206604918394,-0.8232318873092708
2155,2155.0,2158.1583934306313,-0.8015118626431983
2156,2156.0,2159.0830312280013,-0.7755733006689101
2157,2157.0,2159.9272293611725,-0.7470331864152243
2158,2158.0,2160.9610842124266,-0.7176221886602059
2159,2159.0,2161.7449477716773,-0.6888843908709917
2160,2160.0,2162.768106685725,-0.6616609698058457
2161,2161.0,2163.6689177928242,-0.6371318675085982
2162,2162.0,2164.5492238884385,-0.6164600147620197
2163,2163.0,2165.6436634175816,-0.600766606444326
2164,2164.0,2166.677541138307,-0.5911311015292069
2165,2165.0,2167.7210702240773,-0.5881683451539786
2166,2166.0,2168.5989710415142,-0.5917418451964508
2167,2167.0,2169.5152960027935,-0.6019917921725833
2168,2168.0,2170.5502712094435,-0.6190205972694641
2169,2169.0,2171.706353911155,-0.6428872449247662
2170,2170.0,2172.6194331981383,-0.6736072293209912
2171,2171.0,2173.6437704157984,-0.7103301666184029
2172,2172.0,2174.376066013379,-0.7515579713303562
2173,2173.0,2175.518855445846,-0.7963341046595878
2174,2174.0,2176.343177289248,-0.8437953249824105
2175,2175.0,2177.334001043727,-0.8931716878487228
2176,2176.0,2178.2014500799773,-0.9436739682557123
2177,2177.0,2179.2402830345773,-0.9933721642099175
2178,2178.0,2180.187542048316,-1.040702681367742
2179,2179.0,2181.217769287366,-1.0844846029948647
2180,2180.0,2182.3069024598003,-1.1237215779416443
2181,2181.0,2183.343475355393,-1.1576018206431287
2182,2182.0,2184.233851093999,-1.1854555218389051
2183,2183.0,2185.1961607223675,-1.206189912118775
2184,2184.0,2186.283138650306,-1.2189481710028292
2185,2185.0,2187.2267496081877,-1.223217261296952
2186,2186.0,2188.1137651558597,-1.218726712719849
2187,2187.0,2189.12200577481,-1.2054486219030542
2188,2188.0,2190.2473796386075,-1.1832850362197513
2189,2189.0,2191.0359831240803,-1.1520811413242324
2190,2190.0,2191.9224939373457,-1.1122976917065466
2191,2191.0,2193.037060474013,-1.0643747005431008
2192,2192.0,2193.9381797232563,-1.0087171145262197
2193,2193.0,2194.851581974962,-0.9457000006197527
2194,2194.0,2195.8902082852137,-0.8758596798004942
2195,2195.0,2196.9326102576238,-0.8000061712110881
2196,2196.0,2197.9366503298284,-0.7191273009143682
2197,2197.0,2198.8981234402813,-0.634392144577252
2198,2198.0,2199.787496184016,-0.5471510274706035
2199,2199.0,2200.9090756475343,-0.45881117223063744
2200,2200.0,2201.942228853183,-0.3703737626680532
2201,2201.0,2202.9180505228605,-0.28347747172966997
2202,2202.0,2203.9450869081056,-0.19960369708833287
2203,2203.0,2204.967620746512,-0.1199317550324806
2204,2204.0,2206.0980564258257,-0.045338880466245624
2205,2205.0,2206.951609221182,0.023423847008959275
2206,2206.0,2207.886143278261,0.0842699669275022
2207,2207.0,2209.083174108275,0.13571330893092276
2208,2208.0,2210.0143602998073,0.17718753625262623
2209,2209.0,2211.0181854656057,0.20841935204937098
2210,2210.0,2212.018560089334,0.22803186157820157
2211,2211.0,2213.0032072815516,0.23578666426797398
2212,2212.0,2213.9172710700773,0.23190182711614146
2213,2213.0,2214.8972277922703,0.2164110512397322
2214,2214.0,2215.8061297739405,0.18932646647130474
2215,2215.0,2216.8829064628017,0.15165616591391906
2216,2216.0,2217.8828395038845,0.1043386361491582
2217,2217.0,2218.6313247859225,0.04840211212154754
2218,2218.0,2219.508122145012,-0.014541762382820497
2219,2219.0,2220.4265828506823,-0.08276481097459881
2220,2220.0,2221.4462330978627,-0.15453028924112006
2221,2221.0,2222.4112246356,-0.22806279586016576
2222,2222.0,2223.4727198447576,-0.30124601503261317
2223,2223.0,2224.6238588426418,-0.3721600015432579
2224,2224.0,2225.5553445002347,-0.43923331120008263
2225,2225.0,2226.6321715506647,-0.5011987418487386
2226,2226.0,2227.491229457862,-0.5565990090947176
2227,2227.0,2228.5261967264537,-0.6037501321986546
2228,2228.0,2229.3949434162896,-0.6418766524453601
2229,2229.0,2230.3126394219157,-0.6702416594234015
2230,2230.0,2231.3501789027996,-0.6881408061258472
2231,2231.0,2232.386020019673,-0.6957415948170186
2232,2232.0,2233.3685373058183,-0.693376624752047
2233,2233.0,2234.351147730246,-0.6812190402603896
2234,2234.0,2235.4073935309784,-0.6596471096288015
2235,2235.0,2236.477870122807,-0.6292479642636095
2236,2236.0,2237.543492415598,-0.5911336015581202
2237,2237.0,2238.615785376567,-0.5466555941485606
2238,2238.0,2239.550751177557,-0.49694856204430726
2239,2239.0,2240.6210263443877,-0.4430002016488669
2240,2240.0,2241.4950770587193,-0.3856512857598653
2241,2241.0,2242.526749488214,-0.3258565821786417
2242,2242.0,2243.4740621336086,-0.2649076933882973
2243,2243.0,2244.7300402619207,-0.20391452872075994
2244,2244.0,2245.689058434087,-0.14396302653121593
2245,2245.0,2246.621890105608,-0.08611699930151318
2246,2246.0,2247.6999797884146,-0.03138454387873914
2247,2247.0,2248.8274871056014,0.019278825423446014
2248,2248.0,2249.7051267665693,0.06504901393505966
2249,2249.0,2250.8063992733323,0.1054045512264177
2250,2250.0,2251.8193889106287,0.1400331019983535
2251,2251.0,2252.902240554869,0.16808387512225212
2252,2252.0,2253.8368813527,0.1895713236606925
2253,2253.0,2254.8224821460385,0.20442409171863318
2254,2254.0,2255.577974906142,0.21217687115895853
2255,2255.0,2256.6343414195417,0.21235356327450214
2256,2256.0,2257.616450356939,0.20575345010730084
2257,2257.0,2258.769654208523,0.19303787455475185
2258,2258.0,2259.7118125341312,0.17420303888261224
2259,2259.0,2260.629118006335,0.14920209537660292
2260,2260.0,2261.56981928572,0.11880824212212861
2261,2261.0,2262.3261082103327,0.0838510162182527
2262,2262.0,2263.381852222576,0.04550461335117578
2263,2263.0,2264.4206155817737,0.005267987954940463
2264,2264.0,2265.3823401469936,-0.03613856365152889
2265,2265.0,2266.3930003513115,-0.07760172746182115
2266,2266.0,2267.5574045765825,-0.11782862604883784
2267,2267.0,2268.6160287615385,-0.1559917417766066
2268,2268.0,2269.5556565095494,-0.1914441714574172
2269,2269.0,2270.792477364482,-0.22254894931974017
2270,2270.0,2271.7326892199258,-0.2480207809557697
2271,2271.0,2272.7262145264654,-0.2670997144076113
2272,2272.0,2273.8131177593787,-0.27956210885685034
2273,2273.0,2274.725191667734,-0.28510555607742083
2274,2274.0,2275.744911343535,-0.28250187759121403
2275,2275.0,2276.784070333474,-0.2712963329272676
2276,2276.0,2277.661014026412,-0.25198366006550954
2277,2277.0,2278.500111320854,-0.22504141704647007
2278,2278.0,2279.661031364919,-0.19031187081481366
2279,2279.0,2280.681427858417,-0.14803976092403764
2280,2280.0,2281.8683040225205,-0.09895014117204151
2281,2281.0,2282.8914716050886,-0.04396760738128137
2282,2282.0,2283.899238738417,0.016402408838322877
2283,2283.0,2284.965990597627,0.08132827936233081
2284,2284.0,2286.0325529154156,0.14951022428021754
2285,2285.0,2286.9894976538812,0.21918053411883495
2286,2286.0,2288.042276483274,0.2889451317892906
2287,2287.0,2289.0119039080746,0.35820528740610363
2288,2288.0,2289.960160330648,0.4257120545871197
2289,2289.0,2290.8939516824494,0.48998131303621006
2290,2290.0,2291.7987081726637,0.5492948050488102
2291,2291.0,2292.703428602259,0.6019394535720278
2292,2292.0,2293.6632150086466,0.646606400645993
2293,2293.0,2294.5976048354833,0.6819713664336018
2294,2294.0,2295.8418707969417,0.7068882159058265
2295,2295.0,2296.6728749170165,0.7203941844671204
2296,2296.0,2297.6816628355805,0.7218377367989839
2297,2297.0,2298.6256203098346,0.7109338424634987
2298,2298.0,2299.608109140083,0.6874439672499321
2299,2299.0,2300.4224477047,0.6516875590530578
2300,2300.0,2301.3538042575024,0.6045671692728264
2301,2301.0,2302.3545916354074,0.547409345174355
2302,2302.0,2303.3477029489322,0.4813898075067898
2303,2303.0,2304.425120408055,0.40835136471960376
2304,2304.0,2305.4750288396453,0.3302280455364697
2305,2305.0,2306.334346501597,0.2489605972747212
2306,2306.0,2307.4322462176024,0.16649648584532878
2307,2307.0,2308.3765785661,0.08478989575299506
2308,2308.0,2309.4112444272546,0.005711684920711849
2309,2309.0,2310.3793782240095,-0.06937508800602901
2310,2310.0,2311.237246871656,-0.13932020266178424
2311,2311.0,2312.4325321615916,-0.2030492964818948
2312,2312.0,2313.5962966903408,-0.259665716065246
2313,2313.0,2314.6170212893903,-0.30879254640887877
2314,2314.0,2315.5763653923595,-0.3499960469690595
2315,2315.0,2316.5104674792196,-0.38328786458869185
2316,2316.0,2317.6022950839224,-0.40915026351435957
2317,2317.0,2318.521323435394,-0.42807145371350086
2318,2318.0,2319.3579842294157,-0.44136239677011907
2319,2319.0,2320.2816611022777,-0.450198171608757
2320,2320.0,2321.3967717052064,-0.45532339690783286
2321,2321.0,2322.397137660128,-0.4572539405805223
2322,2322.0,2323.5993891332423,-0.4577673513804629
2323,2323.0,2324.5391860874033,-0.4586731281176736
2324,2324.0,2325.621092127663,-0.4613802770387623
2325,2325.0,2326.671913068763,-0.46695679010637503
2326,2326.0,2327.595079935099,-0.47613742215584726
2327,2327.0,2328.676940156966,-0.49007939887281976
2328,2328.0,2329.6817042991115,-0.50999763247297
2329,2329.0,2330.655667335481,-0.5365882872666291
2330,2330.0,2331.6762631539923,-0.570282509845577
2331,2331.0,2332.7895439600406,-0.611246429083055
2332,2332.0,2333.9628107291637,-0.659337815065827
2333,2333.0,2334.912955483298,-0.7140618241679574
2334,2334.0,2335.868136165621,-0.7747442321032951
2335,2335.0,2336.845412074204,-0.8404154790433895
2336,2336.0,2337.9700056826223,-0.9098029563149057
2337,2337.0,2339.071869951081,-0.9813538186987751
2338,2338.0,2339.8335560936366,-1.0533809390610267
2339,2339.0,2341.022021586743,-1.1241767205609003
2340,2340.0,2341.9061938728014,-1.1921044941770287
2341,2341.0,2342.820265840631,-1.255603699411647
2342,2342.0,2343.839411720883,-1.3131898842905234
2343,2343.0,2344.8241171317372,-1.3634951334477812
2344,2344.0,2345.7324168127047,-1.4058992871355065
2345,2345.0,2346.7340485569493,-1.4403423043097627
2346,2346.0,2347.773693169176,-1.4667353570171564
2347,2347.0,2348.7656565688194,-1.4849427051539084
2348,2348.0,2349.7828980083245,-1.4947816964658984
2349,2349.0,2350.6511771047717,-1.4961821440689416
2350,2350.0,2351.5706205516317,-1.4898150308924407
2351,2351.0,2352.65494718526,-1.4761267550234993
2352,2352.0,2353.8020605093193,-1.4553856423651128
2353,2353.0,2355.015976444151,-1.4277207251112485
2354,2354.0,2355.9804141174563,-1.393121741746859
2355,2355.0,2357.0057373030977,-1.3517923810363057
2356,2356.0,2357.9608199938616,-1.3044968373242125
2357,2357.0,2358.974815232602,-1.2509107242266577
2358,2358.0,2360.023491937538,-1.190962641813017
2359,2359.0,2360.96846471661,-1.1249409280717204
2360,2360.0,2361.8617356714954,-1.0534979262635764
2361,2361.0,2362.8535900113493,-0.9777548688825761
2362,2362.0,2363.7559062911146,-0.8979751412663142
2363,2363.0,2364.819419717931,-0.8143627071715629
2364,2364.0,2365.8937872985953,-0.727600214832254
2365,2365.0,2366.854652320412,-0.6388489969594582
2366,2366.0,2367.711278944042,-0.5497490707413589
2367,2367.0,2368.5897836624918,-0.4615498593363996
2368,2368.0,2369.5456040140148,-0.37484962872868044
2369,2369.0,2370.516993268276,-0.2910871608649738
2370,2370.0,2371.618990158239,-0.21156257663859807
2371,2371.0,2372.5991706524123,-0.13742708211696913
2372,2372.0,2373.644239454723,-0.06964929999610911
2373,2373.0,2374.392664160709,-0.00929924608054103
2374,2374.0,2375.3120565325426,0.041515492216006616
2375,2375.0,2376.3514917245625,0.08140699722513586
2376,2376.0,2377.191951760137,0.11000572187291388
2377,2377.0,2378.1573854979815,0.12668464809079916
2378,2378.0,2379.0826231589253,0.13022328810350411
2379,2379.0,2380.0634014827747,0.12060436835119799
2380,2380.0,2381.1028177014227,0.09782046703481866
2381,2381.0,2382.000473889901,0.06200928087448025
2382,2382.0,2383.0631906464264,0.014386333345992972
2383,2383.0,2383.9818322464307,-0.04379251824288992
2384,2384.0,2384.98983100339,-0.11154668540850285
2385,2385.0,2385.9362908019884,-0.1868208072720774
2386,2386.0,2386.938621886738,-0.26779365469244953
2387,2387.0,2387.595117445249,-0.3521429978220206
2388,2388.0,2388.768652423335,-0.43745820568720656
2389,2389.0,2389.8826578441613,-0.5209761921847522
2390,2390.0,2390.977074105437,-0.6001310023383482
2391,2391.0,2391.873986028165,-0.6725800537925815
2392,2392.0,2392.9031577980727,-0.7357840546541989
2393,2393.0,2393.9405118912537,-0.7877945818583099
2394,2394.0,2395.197445538592,-0.8272644079303825
2395,2395.0,2396.068364704912,-0.8533537772389983
2396,2396.0,2397.168650489868,-0.8655158456542584
2397,2397.0,2398.0568758437917,-0.8628947633486599
2398,2398.0,2399.1109184165143,-0.8455600450599061
2399,2399.0,2400.269070131224,-0.8139591565373056
2400,2400.0,2401.34315730589,-0.7688377881827365
2401,2401.0,2402.5107420242484,-0.7113227399414166
2402,2402.0,2403.4865037181307,-0.6427040410210894
2403,2403.0,2404.4517488560255,-0.5643287414700463
2404,2404.0,2405.4180896627877,-0.47793724054023035
2405,2405.0,2406.4728312542657,-0.3856502964369512
2406,2406.0,2407.2575993206183,-0.28914340659938365
2407,2407.0,2408.3075891869075,-0.190023016669999
2408,2408.0,2409.3675082593013,-0.09014692333581192
2409,2409.0,2410.361166992915,0.008601369688064298
2410,2410.0,2411.220943020017,0.10431265165844517
2411,2411.0,2412.2814824026655,0.19509954660528944
2412,2412.0,2413.2687935936783,0.27886376756873
2413,2413.0,2414.2647404554455,0.3537077631889086
2414,2414.0,2415.092603068884,0.41830830618965875
2415,2415.0,2416.1390264764304,0.47160718833429266
2416,2416.0,2417.1926014630294,0.5121461617528753
2417,2417.0,2418.2187794713377,0.5388187008746856
2418,2418.0,2419.12847872698,0.5508778938764386
2419,2419.0,2420.0613116113527,0.5476394832663215
2420,2420.0,2421.0739695542447,0.5291009920485513
2421,2421.0,2422.1014569090503,0.4961902790805123
2422,2422.0,2423.0741199844438,0.4496961636566789
2423,2423.0,2424.012905791127,0.39025406975649457
2424,2424.0,2425.2510933624844,0.318524810973989
2425,2425.0,2426.206274103327,0.23686922149985962
2426,2426.0,2427.2842549216584,0.14706460459092746
2427,2427.0,2428.274415478159,0.05078562857291846
2428,2428.0,2429.1682320375785,-0.05002769414370106
2429,2429.0,2430.214750436507,-0.15317000706362383
2430,2430.0,2431.280727748063,-0.2564332909792441
2431,2431.0,2432.291601613889,-0.3583650535320959
2432,2432.0,2433.239623089648,-0.4570739265627818
2433,2433.0,2434.09857429774,-0.5509879508310946
2434,2434.0,2435.025115738136,-0.6389413333105534
2435,2435.0,2436.017071455709,-0.7190893944174587
2436,2436.0,2437.045578781865,-0.7902152368012848
2437,2437.0,2438.0692064267455,-0.8518426923709655
2438,2438.0,2438.982954726888,-0.903240047583103
2439,2439.0,2440.19345548214,-0.9435888796914811
2440,2440.0,2441.3689985520728,-0.9727742348672935
2441,2441.0,2442.440704790305,-0.9904372224530769
2442,2442.0,2443.5545881840535,-0.9966034416995492
2443,2443.0,2444.634350159359,-0.9918006411700181
2444,2444.0,2445.6905934955826,-0.977014998244359
2445,2445.0,2446.78047236592,-0.9533493913055883
2446,2446.0,2447.8198723390574,-0.9220728844436408
2447,2447.0,2448.8629703058637,-0.8844311569667426
2448,2448.0,2449.8009187420475,-0.841610081865053
2449,2449.0,2450.760493339769,-0.7947357258106994
2450,2450.0,2451.7163664401774,-0.7449354944723411
2451,2451.0,2452.643314779558,-0.6935357360490549
2452,2452.0,2453.8059134829973,-0.6416309709331536
2453,2453.0,2454.717700527028,-0.5903041224159203
2454,2454.0,2455.6979849026484,-0.5406643319221541
2455,2455.0,2456.684677202184,-0.4938469590101553
2456,2456.0,2457.643235361639,-0.45101358137171343
2457,2457.0,2458.759967743695,-0.4133519948321557
2458,2458.0,2459.6751295333515,-0.3816570393202906
2459,2459.0,2460.640302632203,-0.35651515637229686
2460,2460.0,2461.558284511822,-0.33861751537491386
2461,2461.0,2462.556326363904,-0.32812063656508983
2462,2462.0,2463.7391922244815,-0.3246439068856689
2463,2463.0,2464.610349398061,-0.32852813571396594
2464,2464.0,2465.6307188051314,-0.3403899249340029
2465,2465.0,2466.6492092487956,-0.3596241936418735
2466,2466.0,2467.7252819762107,-0.3855213657986594
2467,2467.0,2468.55054399298,-0.41725019185986223
2468,2468.0,2469.5381553950956,-0.4538419325588094
2469,2469.0,2470.6227479164227,-0.4942741304409358
2470,2470.0,2471.7325205133043,-0.5372544703344861
2471,2471.0,2472.5935031733397,-0.5811994635286448
2472,2472.0,2473.36604807932,-0.6244942824128673
2473,2473.0,2474.4174967313825,-0.665233227721501
2474,2474.0,2475.4739508184016,-0.7015798808308612
2475,2475.0,2476.4234128141866,-0.7320905121552403
2476,2476.0,2477.6164162844925,-0.7557140811469126
2477,2477.0,2478.7707697324136,-0.7717683063807164
2478,2478.0,2479.7162777863796,-0.7790041710781739
2479,2479.0,2480.7016007292514,-0.7757722949453465
2480,2480.0,2481.6702164609496,-0.7612921107938231
2481,2481.0,2482.7640664730307,-0.7357114831470369
2482,2482.0,2483.7466711559973,-0.6999774261607363
2483,2483.0,2484.87840613567,-0.6543135997055123
2484,2484.0,2486.0491666241633,-0.5987742519726497
2485,2485.0,2486.9561776753226,-0.5340097178880581
2486,2486.0,2488.0613451000027,-0.4612400739356518
2487,2487.0,2489.122006032195,-0.38222263854993727
2488,2488.0,2490.2026817109877,-0.29862376712346483
2489,2489.0,2491.047984240922,-0.21194417615151634
2490,2490.0,2492.0824766252067,-0.12388574642570271
2491,2491.0,2493.135941667799,-0.03635133312676431
2492,2492.0,2494.138849595305,0.04855523417532831
2493,2493.0,2494.9914388311213,0.12885736042028814
2494,2494.0,2496.00776114899,0.20211179434475623
2495,2495.0,2496.9602863622804,0.2660527146870696
2496,2496.0,2497.9931175090123,0.3197163410114996
2497,2497.0,2499.0432226299467,0.36139651232169073
2498,2498.0,2500.100622237296,0.3891818112667573
2499,2499.0,2501.124863332465,0.4023077044988891
2500,2500.0,2501.950097949428,0.39993812865849093
2501,2501.0,2503.0836570981223,0.3813421305508151
2502,2502.0,2504.0774738504024,0.3470439570491178
2503,2503.0,2505.03426436819,0.297831798818449
2504,2504.0,2506.061587551831,0.23446876981419484
2505,2505.0,2506.9355205917395,0.15857772092781458
2506,2506.0,2507.9706582427148,0.07237883164375766
2507,2507.0,2508.936882713593,-0.021948303188538187
2508,2508.0,2509.8608335840986,-0.12222257019876553
2509,2509.0,2510.833381696624,-0.22510214638672144
2510,2510.0,2511.8648721206278,-0.3278647618245589
2511,2511.0,2512.778044796962,-0.4281439869076485
2512,2512.0,2513.854231614901,-0.5232551965905147
2513,2513.0,2514.7675648440595,-0.6101955703870087
2514,2514.0,2515.694170608873,-0.6862492220707216
2515,2515.0,2516.608664122459,-0.7496790461772604
2516,2516.0,2517.840525431686,-0.7990732708073659
2517,2517.0,2518.8432533208056,-0.8335718154776115
2518,2518.0,2519.752990281629,-0.8528467336054983
2519,2519.0,2520.709449924918,-0.8566044680118172
2520,2520.0,2521.5845761582123,-0.844991019838594
2521,2521.0,2522.574131728898,-0.8187071400038548
2522,2522.0,2523.4725113473214,-0.7788825364991873
2523,2523.0,2524.464426734721,-0.7270748676837041
2524,2524.0,2525.4449797405,-0.6650471445639194
2525,2525.0,2526.4082566799434,-0.5943860785080246
2526,2526.0,2527.4220287858916,-0.5167995087902723
2527,2527.0,2528.479095743345,-0.4341717177845937
2528,2528.0,2529.5089602365406,-0.34854258451671355
2529,2529.0,2530.534326919192,-0.2615535330737253
2530,2530.0,2531.6412054268153,-0.1752598470085648
2531,2531.0,2532.887957901141,-0.09171641001731518
2532,2532.0,2533.929768015819,-0.012632086055784031
2533,2533.0,2535.0188722445055,0.0605966902113067
2534,2534.0,2535.9816798640536,0.1261008511437865
2535,2535.0,2536.9046342613474,0.18230973608143147
2536,2536.0,2538.056373899985,0.228252631292911
2537,2537.0,2538.9250450455147,0.26320102476011337
2538,2538.0,2540.020074134448,0.28579994208824366
2539,2539.0,2541.017987404214,0.29530937788946054
2540,2540.0,2542.1345117378337,0.2912858490167114
2541,2541.0,2543.26855081523,0.2734243276535693
2542,2542.0,2544.2215089499423,0.24183915134024855
2543,2543.0,2545.118615098158,0.19704571943828975
2544,2544.0,2546.195345428778,0.13956968575673073
2545,2545.0,2547.252044885271,0.06994058672391293
2546,2546.0,2548.2692688750294,-0.010878640754088051
2547,2547.0,2549.3801000330272,-0.10088135884629676
2548,2548.0,2550.374768201499,-0.19851344078924615
2549,2549.0,2551.4170120842055,-0.30224375640390433
2550,2550.0,2552.4360894800066,-0.4103484553698349
2551,2551.0,2553.582835883596,-0.5202603454800662
2552,2552.0,2554.6944030720906,-0.6299746908376653
2553,2553.0,2555.6850223337133,-0.7375041670449729
2554,2554.0,2556.675997834943,-0.8407892968813411
2555,2555.0,2557.674255232629,-0.9377125310587886
2556,2556.0,2558.709671968266,-1.0259822229773856
2557,2557.0,2559.740598457941,-1.1035249761938102
2558,2558.0,2560.656002094192,-1.168534882009672
2559,2559.0,2561.8627882940827,-1.2194703964074158
2560,2560.0,2563.02260379103,-1.2552314840483636
2561,2561.0,2563.86144606301,-1.2756309860520747
2562,2562.0,2564.887936602274,-1.2807351787832264
2563,2563.0,2566.105018626764,-1.2707146187777152
2564,2564.0,2567.0461206597747,-1.245844142742629
2565,2565.0,2568.004327081008,-1.206656382460814
2566,2566.0,2568.8561111969307,-1.1542425958885987
2567,2567.0,2569.921294207675,-1.0897208185741178
2568,2568.0,2571.1047755212053,-1.0143399442988064
2569,2569.0,2572.1496337859717,-0.9294887753993772
2570,2570.0,2573.171825387362,-0.8366691311226152
2571,2571.0,2574.19433779028,-0.7373095006033124
2572,2572.0,2575.352462581018,-0.633621321636527
2573,2573.0,2576.2738550805507,-0.5278151531554269
2574,2574.0,2577.1637131274224,-0.42184685645540765
2575,2575.0,2578.3086912657345,-0.3174175951939162
2576,2576.0,2579.3283074653486,-0.2159969638216009
2577,2577.0,2580.373251931056,-0.11956496139861048
2578,2578.0,2581.4670157988603,-0.03065648667429735
2579,2579.0,2582.5182026146763,0.048526106827106064
2580,2580.0,2583.6438728838743,0.11615734319561893
2581,2581.0,2584.661537214164,0.17073928730875482
2582,2582.0,2585.7258082661465,0.21044793299492684
2583,2583.0,2586.476119173759,0.23363775353454233
2584,2584.0,2587.630891452341,0.2395968231737372
2585,2585.0,2588.492122321009,0.22854604596278955
2586,2586.0,2589.5071279905396,0.19991492251428478
2587,2587.0,2590.4792793594816,0.1536212866362388
2588,2588.0,2591.452003718377,0.09076375291147062
2589,2589.0,2592.3797928447875,0.012790697698322723
2590,2590.0,2593.3460403958397,-0.07866628789746132
2591,2591.0,2594.4567510934385,-0.18128379066445544
2592,2592.0,2595.4854345847366,-0.292443919643679
2593,2593.0,2596.449838312994,-0.40936026962444416
2594,2594.0,2597.3470005738727,-0.5288099927379364
2595,2595.0,2598.3568945773823,-0.6472183854480292
2596,2596.0,2599.376132219336,-0.7612664914587133
2597,2597.0,2600.313195457398,-0.8679223014070525
2598,2598.0,2601.3254427997535,-0.9642811998661208
2599,2599.0,2602.11863222085,-1.0472261916105658
2600,2600.0,2603.1253417340085,-1.1144284063088399
2601,2601.0,2603.976372877246,-1.164345160580215
2602,2602.0,2605.0045458748586,-1.19620248801056
2603,2603.0,2605.9874346221677,-1.2095593516394676
2604,2604.0,2606.853103856355,-1.2044373366648968
2605,2605.0,2607.9282964446384,-1.1820412712610893
2606,2606.0,2608.8293018285804,-1.1436199038967252
2607,2607.0,2609.9173652358513,-1.0904409776230664
2608,2608.0,2610.8987463929,-1.024204703869163
2609,2609.0,2611.8420789073716,-0.9475998086449227
2610,2610.0,2612.7650629909685,-0.8628350435014482
2611,2611.0,2613.722594688816,-0.7721690608723197
2612,2612.0,2614.8104481664063,-0.6779423310125637
2613,2613.0,2615.6660865293156,-0.5825173889336334
2614,2614.0,2616.7137342373762,-0.48820259932859433
2615,2615.0,2617.630546941188,-0.3973150706476151
2616,2616.0,2618.735834906304,-0.3119014011692405
2617,2617.0,2619.635636393445,-0.23372341055631707
2618,2618.0,2620.5869457560684,-0.16450247595090375
2619,2619.0,2621.752253026955,-0.1058436070877579
2620,2620.0,2622.721111091992,-0.05818581914093343
2621,2621.0,2623.941902315868,-0.02217917931751276
2622,2622.0,2624.958680554339,0.0012125223649214738
2623,2623.0,2625.9664942558584,0.011237472962229034
2624,2624.0,2626.884311956315,0.008842966104196567
2625,2625.0,2627.8888791525083,-0.0052317617325338146
2626,2626.0,2629.0004364330252,-0.03078609053905934
2627,2627.0,2629.9948269403503,-0.0667982797321369
2628,2628.0,2631.0561140581854,-0.11197854203915417
2629,2629.0,2632.02878887111,-0.1645929739645365
2630,2630.0,2633.0284027812804,-0.22241101679744663
2631,2631.0,2634.142142301822,-0.2837122618099201
2632,2632.0,2635.237985945707,-0.3468795489349757
2633,2633.0,2636.291805137273,-0.4100962070793882
2634,2634.0,2637.143985999194,-0.47134943500934207
2635,2635.0,2638.12441833729,-0.5284192521837742
2636,2636.0,2639.304859067064,-0.5799284242315688
2637,2637.0,2640.351870152257,-0.6247757853625527
2638,2638.0,2641.0615268323586,-0.6617745021950039
2639,2639.0,2642.0427214692313,-0.689654111130258
2640,2640.0,2643.042885217241,-0.7077075057300453
2641,2641.0,2643.9000470672704,-0.7157096501427416
2642,2642.0,2644.957654538525,-0.7135717234749799
2643,2643.0,2645.9718722167436,-0.7016714529572172
2644,2644.0,2646.8982556196174,-0.6808444339980068
2645,2645.0,2647.9551255483443,-0.6514047873159453
2646,2646.0,2648.894628384694,-0.6135139424558799
2647,2647.0,2649.8848988612162,-0.5678477149861942
2648,2648.0,2650.8550541482064,-0.5152427735312064
2649,2649.0,2651.8135402689395,-0.45669547751418543
2650,2650.0,2652.763209690589,-0.3932290504514979
2651,2651.0,2653.812193919626,-0.3257642140911349
2652,2652.0,2654.8825664932797,-0.2552030334463549
2653,2653.0,2655.9128608733176,-0.18242229794704656
2654,2654.0,2657.0024048879345,-0.10827352144000446
2655,2655.0,2657.9155517363806,-0.03360157401729244
2656,2656.0,2659.0814642178657,0.040399746788751356
2657,2657.0,2660.0888479712894,0.11245102737967264
2658,2658.0,2661.126084614694,0.1813355755246785
2659,2659.0,2662.278838694957,0.24584819539743186
2660,2660.0,2663.428278905257,0.30482777089785396
2661,2661.0,2664.4259485180914,0.35745146504160225
2662,2662.0,2665.494435515223,0.40244083421792803
2663,2663.0,2666.598909716352,0.4385679768588503
2664,2664.0,2667.8334517773437,0.4648528230181524
2665,2665.0,2668.837328115419,0.4805584900927528
2666,2666.0,2669.857131213037,0.48508818035072293
2667,2667.0,2670.7436200147176,0.47801494761414576
2668,2668.0,2671.8834559519432,0.45916570372611637
2669,2669.0,2672.7736769719127,0.42861884284340934
2670,2670.0,2673.8565478365376,0.3867733293140831
2671,2671.0,2674.809289987451,0.33475551896020717
2672,2672.0,2675.9290482343777,0.27409679516251073
2673,2673.0,2676.942362726265,0.2065433045106669
2674,2674.0,2677.853010124482,0.1340574015450155
2675,2675.0,2678.898186555032,0.05880430192065532
2676,2676.0,2679.772708132643,-0.016844054035822953
2677,2677.0,2680.5765587185706,-0.09018607613100776
2678,2678.0,2681.462881370212,-0.1586656784871796
2679,2679.0,2682.3399055352056,-0.21994373185049065
2680,2680.0,2683.4811507054455,-0.2718476997879224
2681,2681.0,2684.542009105466,-0.3122446755663278
2682,2682.0,2685.4761171618084,-0.33951436984421246
2683,2683.0,2686.622299977093,-0.3521787789608044
2684,2684.0,2687.5849667805714,-0.3489716979355688
2685,2685.0,2688.593485163672,-0.32981609765077213
2686,2686.0,2689.488261063944,-0.2941106790552364
2687,2687.0,2690.4555066134717,-0.24190397004426978
2688,2688.0,2691.4041581766405,-0.1742286760445416
2689,2689.0,2692.475254007657,-0.0921506148643406
2690,2690.0,2693.4698007975758,0.0032280451708505964
2691,2691.0,2694.5436799147933,0.11046061886512976
2692,2692.0,2695.5926116358296,0.2278318739807638
2693,2693.0,2696.7493924325117,0.35270941307321024
2694,2694.0,2697.718614003147,0.4825069027616131
2695,2695.0,2698.65601118406,0.6144408372133028
2696,2696.0,2699.7070037537856,0.7452918279906033
2697,2697.0,2700.7147676648583,0.871381249392461
2698,2698.0,2701.7643030407157,0.9884619380312746
2699,2699.0,2702.8834009245,1.0920798945615653
2700,2700.0,2703.8931955044027,1.1776480546164196
2701,2701.0,2704.9402791359626,1.2404335124703814
2702,2702.0,2706.0288925705277,1.2760024266288255
2703,2703.0,2707.0351883600865,1.2807161829243732
2704,2704.0,2708.029836841484,1.2517861803436618
2705,2705.0,2708.9678470563103,1.188301062038544
2706,2706.0,2709.9038579422822,1.0912249487457724
2707,2707.0,2710.930574322661,0.9617615465944053
2708,2708.0,2711.9343901777556,0.8014231295606961
2709,2709.0,2712.90976903093,0.6128244613932678
2710,2710.0,2713.865038690028,0.3992376781085062
2711,2711.0,2714.7975226293106,0.1645910194344077
2712,2712.0,2715.621824995059,-0.08778840361402562
2713,2713.0,2716.67332682631,-0.3560917174428776
2714,2714.0,2717.8158929880774,-0.6373598198570589
2715,2715.0,2718.618326406834,-0.9273436281611588
2716,2716.0,2719.702727285557,-1.2205040791599702
2717,2717.0,2720.807856821436,-1.5093983258767385
2718,2718.0,2721.8531939966124,-1.7825124059563804
2719,2719.0,2722.8439992632793,-2.0268063477726486
2720,2720.0,2723.986799707846,-2.2286949187196585
2721,2721.0,2724.780357485204,-2.376700131542522
2722,2722.0,2726.0798365172095,-2.4662659740556148
2723,2723.0,2727.076456662565,-2.4987311724581636
2724,2724.0,2728.1734376017107,-2.4824474459663595
2725,2725.0,2729.1168894924103,-2.42771162166514
2726,2726.0,2730.0266109234035,-2.344305218418559
2727,2727.0,2730.988051782798,-2.2422949565625183
2728,2728.0,2732.030324295486,-2.127339504040957
2729,2729.0,2733.0637246452084,-2.002716721740266
2730,2730.0,2734.05956253755,-1.8714909734116927
2731,2731.0,2735.041996683156,-1.7361320685332897
2732,2732.0,2736.052912291316,-1.5985445546801633
2733,2733.0,2737.0207238341977,-1.4605198148511633
2734,2734.0,2738.032388522795,-1.3233345229178737
2735,2735.0,2739.0585969380118,-1.188567144254158
2736,2736.0,2740.3317628907334,-1.0581694995420998
2737,2737.0,2741.111374072939,-0.9333657454389047
2738,2738.0,2742.2119375243146,-0.8150667692473268
2739,2739.0,2743.276315822265,-0.7043235099559808
2740,2740.0,2744.382965858299,-0.6023269582391106
2741,2741.0,2745.397007128785,-0.510481762663705
2742,2742.0,2746.4991898239755,-0.4296008859112249
2743,2743.0,2747.4001104805875,-0.3596827882300916
2744,2744.0,2748.4034037282327,-0.3009670257708902
2745,2745.0,2749.393577448005,-0.2539680450253399
2746,2746.0,2750.5572748213917,-0.21925843855955335
2747,2747.0,2751.656770948277,-0.19670474447702724
2748,2748.0,2752.694041360598,-0.18608027029330174
2749,2749.0,2753.6177898677834,-0.18684541078414738
2750,2750.0,2754.768688333981,-0.19811950515857749
2751,2751.0,2755.6968525346865,-0.21901479829828002
2752,2752.0,2756.7395461615442,-0.2491135876075905
2753,2753.0,2757.7658185442056,-0.28698078005791117
2754,2754.0,2758.839988725572,-0.3311693054892514
2755,2755.0,2760.0106580495144,-0.380303238975639
2756,2756.0,2760.9963969169435,-0.433019010130967
2757,2757.0,2762.124071413865,-0.4876884311799099
2758,2758.0,2763.222981355819,-0.5426165347996211
2759,2759.0,2764.2114756199085,-0.5961507875190811
2760,2760.0,2765.2935816896274,-0.6466811540517615
2761,2761.0,2766.379207999446,-0.6925559740403252
2762,2762.0,2767.2907322572473,-0.7322311413699837
2763,2763.0,2768.116120490483,-0.7645790016051176
2764,2764.0,2769.1212387706582,-0.7884293589652139
2765,2765.0,2770.087655147422,-0.8025923126319362
2766,2766.0,2771.001756669474,-0.8065837396856795
2767,2767.0,2771.8985503223957,-0.7992634088462409
2768,2768.0,2772.7297341616418,-0.7799329543547062
2769,2769.0,2773.784991552913,-0.7488636059361695
2770,2770.0,2774.7270964297963,-0.7064761264631
2771,2771.0,2775.7666654684913,-0.6522801704225725
2772,2772.0,2776.7537669278863,-0.587040780792085
2773,2773.0,2777.9041124804644,-0.5114577584925754
2774,2774.0,2778.80772818101,-0.4261239716706288
2775,2775.0,2779.754713741353,-0.3319986051463525
2776,2776.0,2780.8355004221607,-0.2305441553258619
2777,2777.0,2781.831749606676,-0.12327694760318475
2778,2778.0,2782.9760787109835,-0.01174272734641535
2779,2779.0,2784.0381200850293,0.10257035623766945
2780,2780.0,2785.2645060326913,0.21817019287486816
2781,2781.0,2786.260724089106,0.33211825326445565
2782,2782.0,2787.062271371808,0.4418486045283319
2783,2783.0,2787.970282659662,0.5454746623275737
2784,2784.0,2788.9588305183815,0.6416708143475975
2785,2785.0,2790.087828551141,0.7278283184155001
2786,2786.0,2790.9485644200145,0.8005419536683244
2787,2787.0,2792.0331494918123,0.8570490483363286
2788,2788.0,2793.0649030896957,0.8952477059487599
2789,2789.0,2793.9666699912523,0.9137073420255848
2790,2790.0,2795.103525390757,0.9106661265002144
2791,2791.0,2796.219990905983,0.8847240399626093
2792,2792.0,2796.9785964975454,0.8358477077613203
2793,2793.0,2797.9736738504153,0.7653619384439274
2794,2794.0,2798.6497776665883,0.6748359437104131
2795,2795.0,2799.64658352665,0.5657624536258632
2796,2796.0,2800.578264625441,0.4403999077525438
2797,2797.0,2801.385787487279,0.3016775719147486
2798,2798.0,2802.362773627783,0.15319553819823672
2799,2799.0,2803.402274776024,-0.0010836687883852142
2800,2800.0,2804.506016345492,-0.1579994027904335
2801,2801.0,2805.5556792814195,-0.314540529859541
2802,2802.0,2806.5940346156185,-0.4677973873397534
2803,2803.0,2807.581733587883,-0.6149777330319794
2804,2804.0,2808.72789641995,-0.7533709814689591
2805,2805.0,2809.8313953089782,-0.8801442748582902
2806,2806.0,2810.775069334657,-0.9926505883019667
2807,2807.0,2811.805352365391,-1.088492188426473
2808,2808.0,2812.777710608082,-1.1654389031887775
2809,2809.0,2813.793385698953,-1.2216245990558317
2810,2810.0,2814.8990442698405,-1.2561949841227429
2811,2811.0,2815.9699541043597,-1.2692562807532832
2812,2812.0,2816.976374122174,-1.2618491741295526
2813,2813.0,2817.8319906794495,-1.2356337685550942
2814,2814.0,2818.8196680445008,-1.1935083269505888
2815,2815.0,2819.85512789362,-1.138684570895787
2816,2816.0,2820.9988643951715,-1.0743747409891682
2817,2817.0,2821.890395092091,-1.003791596848173
2818,2818.0,2823.0026198265473,-0.9301484171089197
2819,2819.0,2823.9209352326934,-0.8566640359232035
2820,2820.0,2824.942781239166,-0.7861545628938368
2821,2821.0,2826.1003674419903,-0.7208788794838048
2822,2822.0,2827.138646227877,-0.6627314886388413
2823,2823.0,2828.1929094556617,-0.6132446568994447
2824,2824.0,2829.235848980116,-0.5736348660742188
2825,2825.0,2830.2397880634153,-0.5445976949144808
2826,2826.0,2831.4097725271085,-0.5261149371955585
2827,2827.0,2832.3375745087856,-0.5180846639265639
2828,2828.0,2833.260853591671,-0.5203608245288417
2829,2829.0,2834.3671373258803,-0.5326745831152963
2830,2830.0,2835.3397068174036,-0.5538085560565771
2831,2831.0,2836.4655465701985,-0.5821650422738355
2832,2832.0,2837.5493288359194,-0.6163704354142754
2833,2833.0,2838.4752080660874,-0.6552729217267891
2834,2834.0,2839.5832687198554,-0.697777492313345
2835,2835.0,2840.5989934418794,-0.7415692783970416
2836,2836.0,2841.425610120862,-0.7849005266465026
2837,2837.0,2842.4881639172363,-0.8263245278901488
2838,2838.0,2843.349130160572,-0.8644770900058911
2839,2839.0,2844.4405125851968,-0.8980765379209634
2840,2840.0,2845.3896849328817,-0.9259237136120044
2841,2841.0,2846.389181671183,-0.9469240947201312
2842,2842.0,2847.473286178301,-0.9605313665474619
2843,2843.0,2848.568799335536,-0.9661480174459597
2844,2844.0,2849.748471531844,-0.9633278380697872
2845,2845.0,2850.604797087991,-0.9519744334905086
2846,2846.0,2851.523099815208,-0.9323409592521811
2847,2847.0,2852.5793577728386,-0.904341475586788
2848,2848.0,2853.6363710474534,-0.8677466609975489
2849,2849.0,2854.674380086193,-0.822973474715864
2850,2850.0,2855.857200602302,-0.7706875032842736
2851,2851.0,2856.8700468345696,-0.7118029605563488
2852,2852.0,2857.8857220182454,-0.6470511347710994
2853,2853.0,2858.8437704419093,-0.5767121344130295
2854,2854.0,2859.7379986474407,-0.5017702312495914
2855,2855.0,2860.758513790966,-0.4231006713010299
2856,2856.0,2861.8296773553334,-0.3414409192884597
2857,2857.0,2862.795625965401,-0.2573906586341829
2858,2858.0,2863.6917602217186,-0.17156033210093866
2859,2859.0,2864.6281068920453,-0.08567324703264856
2860,2860.0,2865.6205736981856,-0.0011637078325615613
2861,2861.0,2866.5340264646916,0.0808003353767715
2862,2862.0,2867.5977448505273,0.15918338569877327
2863,2863.0,2868.671101836485,0.23286467716732753
2864,2864.0,2869.7513736453243,0.3000360807460025
2865,2865.0,2870.597974430053,0.35934395271358044
2866,2866.0,2871.5607191985305,0.4093740430302949
2867,2867.0,2872.547923739084,0.4486359588213534
2868,2868.0,2873.5781015343982,0.47588962744278057
2869,2869.0,2874.6906568384816,0.48995293745837654
2870,2870.0,2875.7347051543998,0.4898396602268917
2871,2871.0,2876.9215137151114,0.474711576683654
2872,2872.0,2877.9395401702113,0.44375675744254933
2873,2873.0,2879.034372028451,0.39730411002045063
2874,2874.0,2880.0242637864853,0.33613670095996906
2875,2875.0,2881.1751079191827,0.26135658895272945
2876,2876.0,2882.0389835633755,0.17422440680871465
2877,2877.0,2883.1867507531642,0.0760283838645264
2878,2878.0,2884.1409341332014,-0.0313826254295273
2879,2879.0,2885.096993569571,-0.145715880183019
2880,2880.0,2886.1754006007236,-0.26423925010327615
2881,2881.0,2887.2216635871646,-0.3838073061917707
2882,2882.0,2888.073692873364,-0.5016371486584029
2883,2883.0,2889.142011785241,-0.6152107852899964
2884,2884.0,2890.157352480744,-0.7216576799617802
2885,2885.0,2891.161949694292,-0.8177423694551953
2886,2886.0,2891.9970805096495,-0.9006313022298605
2887,2887.0,2893.1737558509194,-0.9687562263218793
2888,2888.0,2894.230853755389,-1.0204252578330633
2889,2889.0,2895.3892646709987,-1.054402147893718
2890,2890.0,2896.394574244735,-1.0699163415878201
2891,2891.0,2897.449419835086,-1.066906563651758
2892,2892.0,2898.3973885909536,-1.0459703746293312
2893,2893.0,2899.5508399005707,-1.0080293317567506
2894,2894.0,2900.3895011053337,-0.9544053513018218
2895,2895.0,2901.560191450895,-0.8868207085639478
2896,2896.0,2902.607997358457,-0.8077339636403943
2897,2897.0,2903.586349553132,-0.7196577726631527
2898,2898.0,2904.6338482902947,-0.6248083845160808
2899,2899.0,2905.64663975431,-0.5255947599265616
2900,2900.0,2906.728222628898,-0.4246186408548375
2901,2901.0,2907.699819371497,-0.32463592063246866
2902,2902.0,2908.52612236818,-0.22813181879049665
2903,2903.0,2909.583321231419,-0.13741614215149206
2904,2904.0,2910.5707895062487,-0.05479913112849799
2905,2905.0,2911.5935362324103,0.017442288106498678
2906,2906.0,2912.640277282631,0.07774902334499342
2907,2907.0,2913.851632781803,0.12419474762595818
2908,2908.0,2914.782529352361,0.15505776733136564
2909,2909.0,2915.6588169487163,0.16922238923385355
2910,2910.0,2916.6814976040323,0.16618703122163814
2911,2911.0,2917.5878361641758,0.14546954762129996
2912,2912.0,2918.580456137918,0.10727586696763916
2913,2913.0,2919.53543254404,0.052450057265227785
2914,2914.0,2920.520745420891,-0.01809475445925038
2915,2915.0,2921.356712667523,-0.10281423029469278
2916,2916.0,2922.379575387833,-0.19943972268989357
2917,2917.0,2923.3762148559636,-0.3055491178010507
2918,2918.0,2924.373344689764,-0.41892501041442404
2919,2919.0,2925.4871909976277,-0.5369446215931768
2920,2920.0,2926.5831896856366,-0.6566300089006731
2921,2921.0,2927.743481906043,-0.774927514852891
2922,2922.0,2928.855477792918,-0.8887861677100309
2923,2923.0,2929.8274955380725,-0.99534675019255
2924,2924.0,2930.9185939269582,-1.091948384067492
2925,2925.0,2931.899139388343,-1.1762070255644157
2926,2926.0,2932.915252369483,-1.2465673498918644
2927,2927.0,2934.044281708755,-1.301935907655253
2928,2928.0,2935.150926968358,-1.3415361879085772
2929,2929.0,2936.129749312361,-1.3649086181541725
2930,2930.0,2937.124887683105,-1.3723973638277975
2931,2931.0,2938.121522301492,-1.3654761711638255
2932,2932.0,2939.233212206961,-1.3448105049964507
2933,2933.0,2940.2903419692248,-1.3114946735709563
2934,2934.0,2941.217264650648,-1.2671247742224059
2935,2935.0,2942.2872877335285,-1.2137844621351994
2936,2936.0,2943.188254329185,-1.1532787168803544
2937,2937.0,2944.1475978638487,-1.0866812083372208
2938,2938.0,2945.151955706233,-1.0151762462757579
2939,2939.0,2946.206136844448,-0.9401154096154183
2940,2940.0,2947.1177279881367,-0.8630175464250411
2941,2941.0,2948.136076715648,-0.785435949650828
2942,2942.0,2948.9609089386677,-0.7082567937234778
2943,2943.0,2949.8838466136976,-0.6322069624050485
2944,2944.0,2950.8131763343367,-0.5581348452075978
2945,2945.0,2951.7542950281795,-0.4870087558889197
2946,2946.0,2952.6332854055236,-0.41991462589439565
2947,2947.0,2953.6537445077392,-0.35768783947798327
2948,2948.0,2954.4820497151527,-0.30083198949958395
2949,2949.0,2955.6380687495885,-0.2498710188496089
2950,2950.0,2956.5689133148267,-0.2052795462219297
2951,2951.0,2957.709185785542,-0.16747957015161363
2952,2952.0,2958.7436443969814,-0.13652443517595855
2953,2953.0,2959.556245688661,-0.11254469005244506
2954,2954.0,2960.502997030099,-0.09577348527240935
2955,2955.0,2961.568993545539,-0.08630638707532957
2956,2956.0,2962.551121512358,-0.0841036230998486
2957,2957.0,2963.432174278269,-0.08903472659314156
2958,2958.0,2964.378845573414,-0.1002534725541032
2959,2959.0,2965.4004424675672,-0.11677616136053523
2960,2960.0,2966.3917047896502,-0.1377842293832502
2961,2961.0,2967.4085524301113,-0.1626242489861211
2962,2962.0,2968.547605751787,-0.1906844300727075
2963,2963.0,2969.472456324146,-0.2204986646294515
2964,2964.0,2970.371595234318,-0.2507716183711881
2965,2965.0,2971.285849487956,-0.28024304535528644
2966,2966.0,2972.397708855117,-0.3075751280447785
2967,2967.0,2973.2443305415954,-0.33138117739276063
2968,2968.0,2974.2773479822176,-0.35056975122063144
2969,2969.0,2975.2169606932107,-0.3638787285824169
2970,2970.0,2976.327904591783,-0.37012273183613054
2971,2971.0,2977.233286709342,-0.3683173191010934
2972,2972.0,2978.238495274649,-0.3576674951730317
2973,2973.0,2979.1919041607425,-0.3373067073188108
2974,2974.0,2980.1249706993485,-0.3069226254189597
2975,2975.0,2981.0715715750234,-0.2664977219626512
2976,2976.0,2982.1748651397234,-0.21609593105343508
2977,2977.0,2983.0764099007456,-0.15593474586837736
2978,2978.0,2984.0510254727365,-0.08645601193278057
2979,2979.0,2984.9323555762576,-0.007701058415929524
2980,2980.0,2985.9197824038365,0.07948757462677764
2981,2981.0,2986.7723737040596,0.17330025880705976
2982,2982.0,2987.828804598302,0.2724880849342178
2983,2983.0,2988.922931068525,0.37638949879728434
2984,2984.0,2989.8068030954123,0.48326316985568635
2985,2985.0,2990.6843012308395,0.5910704746675726
2986,2986.0,2991.5519669285736,0.6975038764979374
2987,2987.0,2992.646879202632,0.8005319193020914
2988,2988.0,2993.685668863381,0.8973039322443789
2989,2989.0,2994.5614632991437,0.9845982300080953
2990,2990.0,2995.6164167192305,1.0591704081803994
2991,2991.0,2996.6057433588776,1.1177542747922786
2992,2992.0,2997.520224498804,1.1573094776557338
2993,2993.0,2998.563266378155,1.1752623495861234
2994,2994.0,2999.586197597714,1.1695882424999962
2995,2995.0,3000.6145187393613,1.1389202877466875
2996,2996.0,3001.615784545842,1.0825493961082078
2997,2997.0,3002.5171985618663,1.0011565642243234
2998,2998.0,3003.3390472090095,0.8970490612951174
2999,2999.0,3004.3530055173364,0.772465027574325
3000,3000.0,3005.271106317312,0.6300065803040495
3001,3001.0,3006.344267549156,0.4726433555051023
3002,3002.0,3007.3983381371913,0.30371057839526683
3003,3003.0,3008.3386751325,0.126253327236241
3004,3004.0,3009.324732355699,-0.05747974063719957
3005,3005.0,3010.185103045755,-0.2452716921786584
3006,3006.0,3011.103914403422,-0.43498766909967745
3007,3007.0,3012.1798979926925,-0.6245721144768355
3008,3008.0,3013.3176576798423,-0.8114481330389888
3009,3009.0,3014.34632827725,-0.992079176226971
3010,3010.0,3015.558310437491,-1.1624576871292986
3011,3011.0,3016.5039318057466,-1.3180210562563595
3012,3012.0,3017.4324311481014,-1.4536541996068186
3013,3013.0,3018.4325325087484,-1.5640424287402326
3014,3014.0,3019.555482293792,-1.6447536026549807
3015,3015.0,3020.692380935216,-1.6934549505551684
3016,3016.0,3021.7466703136442,-1.7101589624960871
3017,3017.0,3022.5343220039194,-1.6971923882561977
3018,3018.0,3023.4731654868615,-1.6579391884778236
3019,3019.0,3024.6688344960535,-1.597907819296659
3020,3020.0,3025.709735993055,-1.5228592719678216
3021,3021.0,3026.8445141956627,-1.4377825922067062
3022,3022.0,3027.943744289546,-1.3469187245288734
3023,3023.0,3029.006911761194,-1.254911591162121
3024,3024.0,3029.868700657857,-1.1646372678240866
3025,3025.0,3030.8460678223382,-1.0778943221132107
3026,3026.0,3031.801619215657,-0.996405028564858
3027,3027.0,3032.4390377816835,-0.9218153686516554
3028,3028.0,3033.3793286940586,-0.855756743597676
3029,3029.0,3034.3654178408838,-0.7990768566707904
3030,3030.0,3035.3874233399383,-0.7519759808727143
3031,3031.0,3036.5556015765737,-0.7144397907714654
3032,3032.0,3037.576808022284,-0.6862396905138901
3033,3033.0,3038.4938481757395,-0.6668401450701495
3034,3034.0,3039.324439478629,-0.6557557385588367
3035,3035.0,3040.252703165823,-0.6525946748606559
3036,3036.0,3041.2776453640363,-0.6565987981795093
3037,3037.0,3042.2822910215014,-0.6666377777017691
3038,3038.0,3043.306138391103,-0.6814361887979707
3039,3039.0,3044.2703920659424,-0.7002592217703437
3040,3040.0,3045.2898224502815,-0.7221097313346858
3041,3041.0,3046.1727562206115,-0.7458348523495348
3042,3042.0,3046.997484411797,-0.7701461157468683
3043,3043.0,3047.9293902581408,-0.7936194485322079
3044,3044.0,3048.884835471003,-0.8150523861751413
3045,3045.0,3049.6519163714015,-0.8340329681777647
3046,3046.0,3050.621230440679,-0.849700731169489
3047,3047.0,3051.4413305956414,-0.8611823986168133
3048,3048.0,3052.451357651422,-0.8676204050379044
3049,3049.0,3053.5368513555295,-0.8682216772011633
3050,3050.0,3054.4181314059815,-0.8630805530774659
3051,3051.0,3055.278314329895,-0.8514289711971639
3052,3052.0,3056.232850417834,-0.8326198027285001
3053,3053.0,3057.225503782149,-0.8067042111325436
3054,3054.0,3058.233828149809,-0.7741419069578068
3055,3055.0,3059.1834669318,-0.7344898760527249
3056,3056.0,3060.1413880625914,-0.6876955538787037
3057,3057.0,3061.112731064736,-0.6338278923362538
3058,3058.0,3062.1568483743986,-0.5730850090903641
3059,3059.0,3063.3257376928495,-0.5061594303960228
3060,3060.0,3064.4084219735314,-0.43314098568612913
3061,3061.0,3065.441043719983,-0.35437064362584403
3062,3062.0,3066.301465314998,-0.27063354666315587
3063,3063.0,3067.3500920492907,-0.18286329776035515
3064,3064.0,3068.4804306091955,-0.09170429925690474
3065,3065.0,3069.52860315398,0.0018113940363898018
3066,3066.0,3070.63651119315,0.0966131222007679
3067,3067.0,3071.603049384605,0.19160474893855534
3068,3068.0,3072.714076350677,0.2856599818279974
3069,3069.0,3073.8095461303324,0.3772942739054945
3070,3070.0,3074.760407875481,0.46526894070732794
3071,3071.0,3075.6893805167138,0.5482245223204045
3072,3072.0,3076.7749571225686,0.6243122622770649
3073,3073.0,3077.630661746494,0.6911941075552508
3074,3074.0,3078.615867920152,0.7467281230499158
3075,3075.0,3079.4721358016595,0.7898813728231304
3076,3076.0,3080.357160750944,0.8184246284849559
3077,3077.0,3081.308360537362,0.8305994618001236
3078,3078.0,3082.435313947944,0.8252216655725747
3079,3079.0,3083.256615376775,0.8017903255627683
3080,3080.0,3084.4030445132566,0.7603078087590698
3081,3081.0,3085.4713364316985,0.7009843230830985
3082,3082.0,3086.329049859345,0.6245203695648949
3083,3083.0,3087.175522335879,0.5321117452877877
3084,3084.0,3088.0760601668553,0.4254528811826506
3085,3085.0,3089.0216870093327,0.3068859004610289
3086,3086.0,3090.0358100564495,0.179021699683995
3087,3087.0,3091.2290900299813,0.04438140770477411
3088,3088.0,3092.133254187993,-0.09457424797928432
3089,3089.0,3093.3193302617765,-0.23544494122696064
3090,3090.0,3094.212532040242,-0.37589074725260946
3091,3091.0,3095.313415447684,-0.513565641637788
3092,3092.0,3096.5633393311264,-0.6456476999177153
3093,3093.0,3097.572438193667,-0.7694363700834624
3094,3094.0,3098.5492068659146,-0.8825587082112596
3095,3095.0,3099.4647534504174,-0.9829463286058562
3096,3096.0,3100.5069742084265,-1.068726822694916
3097,3097.0,3101.4792177594427,-1.1381022729719734
3098,3098.0,3102.5910439143017,-1.1897899385997195
3099,3099.0,3103.596920022994,-1.2228427420412822
3100,3100.0,3104.859558077068,-1.2366375188160306
3101,3101.0,3105.963745512483,-1.2321376248232219
3102,3102.0,3106.7497619963774,-1.2114613525937432
3103,3103.0,3107.7810997154843,-1.1759986109324796
3104,3104.0,3108.7855465081775,-1.1275047808631966
3105,3105.0,3109.751937035523,-1.0681021257975019
3106,3106.0,3110.8080677256685,-1.000279791534631
3107,3107.0,3111.994447138607,-0.926893806261667
3108,3108.0,3112.9881117163422,-0.851167080553453
3109,3109.0,3114.0941167483147,-0.7759056247177716
3110,3110.0,3114.982727336356,-0.702386168757284
3111,3111.0,3115.954261467859,-0.6326098691492454
3112,3112.0,3116.9542660361435,-0.5682472026473248
3113,3113.0,3117.8623322702406,-0.5105866300484059
3114,3114.0,3118.917379924056,-0.4605345961925041
3115,3115.0,3120.096972087129,-0.41876497188481726
3116,3116.0,3121.069235382443,-0.38608742498052173
3117,3117.0,3122.0767133440622,-0.3628671778482143
3118,3118.0,3123.146619150647,-0.34887303063054753
3119,3119.0,3124.3162346056006,-0.3432775606936188
3120,3120.0,3125.398795476458,-0.3452443545597068
3121,3121.0,3126.560323297559,-0.3548047746057635
3122,3122.0,3127.377588163584,-0.3713147190966417
3123,3123.0,3128.407409355692,-0.3938948720002501
3124,3124.0,3129.3929539296087,-0.42144884688902196
3125,3125.0,3130.331886617435,-0.4526590324886396
3126,3126.0,3131.3185198204055,-0.48644902491573777
3127,3127.0,3132.360302949429,-0.5218930989932924
3128,3128.0,3133.3901094083367,-0.5577076448486857
3129,3129.0,3134.4009416943054,-0.5922386563907122
3130,3130.0,3135.360348144907,-0.6241419200560648
3131,3131.0,3136.304213282009,-0.6535447386711162
3132,3132.0,3137.4353418161645,-0.6791118228842891
3133,3133.0,3138.2459358568995,-0.6997688404109745
3134,3134.0,3139.3864353540193,-0.7148502852264345
3135,3135.0,3140.1666649433832,-0.724099477565727
3136,3136.0,3141.1244907169635,-0.7276685639237747
3137,3137.0,3142.24603052716,-0.7259174158183526
3138,3138.0,3143.2608379530775,-0.718629020897516
3139,3139.0,3144.287318896604,-0.7055381458068196
3140,3140.0,3145.5686917209964,-0.6865728629256458
3141,3141.0,3146.54011480885,-0.6618545679420076
3142,3142.0,3147.510251710837,-0.631697979852616
3143,3143.0,3148.2863803409064,-0.59660539538743
3144,3144.0,3149.0387330513654,-0.5572313485504222
3145,3145.0,3150.0712142833095,-0.5141827829222583
3146,3146.0,3150.9793520371654,-0.4679411168478158
3147,3147.0,3152.051452426959,-0.41886202137694106
3148,3148.0,3152.9711653225795,-0.3671754202643823
3149,3149.0,3153.8175578090527,-0.31301818167841877
3150,3150.0,3154.7696299747936,-0.25715750513235064
3151,3151.0,3155.6602844417216,-0.2001684926769091
3152,3152.0,3156.7258006811317,-0.14252372517203143
3153,3153.0,3157.8296035720177,-0.08485366953102644
3154,3154.0,3158.888036233605,-0.027946678720474682
3155,3155.0,3159.704815232103,0.027251008239543628
3156,3156.0,3160.6995605851043,0.07973880986880404
3157,3157.0,3161.7077422448933,0.12941251080937444
3158,3158.0,3162.5619793252927,0.1762333282697338
3159,3159.0,3163.668908077714,0.21962469912422242
3160,3160.0,3164.449021083041,0.25851113433770023
3161,3161.0,3165.4237160617827,0.29250319713809314
3162,3162.0,3166.2871651021233,0.3215684940318823
3163,3163.0,3167.4608624593925,0.34544454533176316
3164,3164.0,3168.5882845743704,0.36394064461541326
3165,3165.0,3169.5018888176623,0.3769756695005659
3166,3166.0,3170.528311098643,0.38470564458304
3167,3167.0,3171.5363537754597,0.3874346718554181
3168,3168.0,3172.637287342078,0.3856010107213423
3169,3169.0,3173.5445271383705,0.3797777289629386
3170,3170.0,3174.5786155913947,0.3708253663918682
3171,3171.0,3175.55348598517,0.3595775709381662
3172,3172.0,3176.562329633525,0.34690163712332656
3173,3173.0,3177.3611698465065,0.33404985428926776
3174,3174.0,3178.2623021399395,0.32265989383490784
3175,3175.0,3179.3467876303357,0.3137345689932278
3176,3176.0,3180.412910393652,0.30773868793536685
3177,3177.0,3181.5659455854397,0.30597858091335733
3178,3178.0,3182.6311176233253,0.3093989370272862
3179,3179.0,3183.3754144856885,0.3185765328624211
3180,3180.0,3184.395131992581,0.33357538032727657
3181,3181.0,3185.4676802099125,0.35449311685657653
3182,3182.0,3186.27451067072,0.38154139001856496
3183,3183.0,3187.314242894592,0.41460012507443955
3184,3184.0,3188.2808665400844,0.4532162095626503
3185,3185.0,3189.4320045832765,0.49642337042584994
3186,3186.0,3190.2447002979948,0.5422555676326252
3187,3187.0,3191.200794059155,0.5897233429764599
3188,3188.0,3192.1021980348087,0.6375723658882534
3189,3189.0,3193.174731725089,0.684046834124771
3190,3190.0,3194.1204806345795,0.7268894737684569
3191,3191.0,3195.0219090093146,0.7637108939854502
3192,3192.0,3196.0535319527166,0.7928688943376226
3193,3193.0,3197.179525665629,0.8120728237258692
3194,3194.0,3198.0780057039924,0.8191903083188413
3195,3195.0,3199.142133641245,0.8123225687424759
3196,3196.0,3200.0715187446986,0.7898044200800233
3197,3197.0,3200.9589722877954,0.7506934377319894
3198,3198.0,3201.8763740793893,0.6948892208239084
3199,3199.0,3202.8366149050216,0.6214263260673679
3200,3200.0,3204.0015438775263,0.5300191831429408
3201,3201.0,3205.152097610744,0.4211398871931877
3202,3202.0,3206.1047837728297,0.296018198822995
3203,3203.0,3207.17180770551,0.1559497830631156
3204,3204.0,3208.0014831799417,0.0010283195456415872
3205,3205.0,3208.926912599717,-0.16760489905358467
3206,3206.0,3210.023964976086,-0.3483380455841175
3207,3207.0,3211.1850526498974,-0.5391292298590774
3208,3208.0,3212.158750139819,-0.7375064986554113
3209,3209.0,3213.112448018503,-0.9401593087872302
3210,3210.0,3214.0632243495056,-1.1423899693663602
3211,3211.0,3215.0592108622222,-1.3385997646064411
3212,3212.0,3215.8415989505747,-1.52217877161512
3213,3213.0,3216.641574975715,-1.685505711303718
3214,3214.0,3217.4975587458807,-1.8203056476705186
3215,3215.0,3218.2401663755663,-1.9214930520491842
3216,3216.0,3219.1673257991947,-1.9870155018930993
3217,3217.0,3220.1695612328167,-2.0168576360140165
3218,3218.0,3221.233915990386,-2.0134230523527594
3219,3219.0,3222.2278291679645,-1.9827362811897327
3220,3220.0,3223.2311198176913,-1.9306674013548133
3221,3221.0,3224.1772361609983,-1.862529167456124
3222,3222.0,3225.0903241194283,-1.7831802665927636
3223,3223.0,3226.2309300172224,-1.6965165227295358
3224,3224.0,3227.293519251485,-1.6043307703720444
3225,3225.0,3228.2864330734647,-1.5082293556455297
3226,3226.0,3229.181420197485,-1.4100308756121889
3227,3227.0,3230.2577548605404,-1.311496662289277
3228,3228.0,3231.2269612697146,-1.2132420103888821
3229,3229.0,3232.078642084903,-1.1159678337304162
3230,3230.0,3233.0950602014173,-1.0204884878662275
3231,3231.0,3234.0163628770256,-0.9275707144221793
3232,3232.0,3234.9723223842175,-0.8375970009021666
3233,3233.0,3236.0766217113105,-0.7516307395631557
3234,3234.0,3237.094714027666,-0.6705828249360628
3235,3235.0,3238.096760821104,-0.5950770503599938
3236,3236.0,3239.016550888042,-0.5254501079818763
3237,3237.0,3239.9871996895654,-0.4617567071062035
3238,3238.0,3241.162230448053,-0.40423718558516103
3239,3239.0,3242.2732969333965,-0.3536215031248059
3240,3240.0,3243.3153660893117,-0.3104899573787616
3241,3241.0,3244.4261774625875,-0.2752279714334342
3242,3242.0,3245.4802846516623,-0.24802609380819338
3243,3243.0,3246.4399482431363,-0.2288799984552793
3244,3244.0,3247.3748953268073,-0.2172947758283217
3245,3245.0,3248.3012981843895,-0.2128669177703179
3246,3246.0,3249.350544339817,-0.21584956182767803
3247,3247.0,3250.3635650365586,-0.2260602483261872
3248,3248.0,3251.441988623051,-0.24285911731174128
3249,3249.0,3252.453056792658,-0.2651489085503936
3250,3250.0,3253.403608752252,-0.29200529809502
3251,3251.0,3254.4239718560107,-0.32258159924959656
3252,3252.0,3255.3314157589807,-0.3551407177970221
3253,3253.0,3256.1302499231697,-0.38831941770772815
3254,3254.0,3257.291683659196,-0.4211483820776126
3255,3255.0,3258.360259567551,-0.4529563765005873
3256,3256.0,3259.4600039792663,-0.4820637292594076
3257,3257.0,3260.460350348599,-0.5067205861378811
3258,3258.0,3261.373204244852,-0.5255787381610628
3259,3259.0,3262.530662418005,-0.5375673201435087
3260,3260.0,3263.4318584548255,-0.5419029019933013
3261,3261.0,3264.3182374828975,-0.5379691363161272
3262,3262.0,3265.4148946867117,-0.5245791588327401
3263,3263.0,3266.4304786826465,-0.500864670740515
3264,3264.0,3267.5840515198383,-0.4665062656182134
3265,3265.0,3268.5526652886647,-0.42173067485540316
3266,3266.0,3269.4878745611186,-0.3668782432710226
3267,3267.0,3270.6187552188753,-0.30185420916149946
3268,3268.0,3271.488062766209,-0.22679322750909608
3269,3269.0,3272.358556172743,-0.14215627918410934
3270,3270.0,3273.291032623631,-0.0487306709451818
3271,3271.0,3274.2233078398817,0.05253714683824974
3272,3272.0,3275.312628013745,0.16086997222390761
3273,3273.0,3276.3900350298245,0.2751905578672932
3274,3274.0,3277.227382922116,0.3940757496395926
3275,3275.0,3278.118938545169,0.5157572206783305
3276,3276.0,3279.208150627348,0.638132655772789
3277,3277.0,3280.188991078948,0.7592824277650736
3278,3278.0,3281.3123027926035,0.8766193804231577
3279,3279.0,3282.4567557049377,0.9869439117926738
3280,3280.0,3283.6015996339092,1.0867888436241862
3281,3281.0,3284.454452640819,1.1724194213736827
3282,3282.0,3285.421780000566,1.2400582305314756
3283,3283.0,3286.422180838162,1.2858043230313907
3284,3284.0,3287.296657787134,1.3061320228520672
3285,3285.0,3288.4087889610146,1.2986966343245514
3286,3286.0,3289.458554528733,1.262341501447732
3287,3287.0,3290.490867236345,1.1969261444563823
3288,3288.0,3291.5958604035136,1.1031808937466114
3289,3289.0,3292.5885961045674,0.9832116929149114
3290,3290.0,3293.483620882634,0.8393689455174606
3291,3291.0,3294.517613742093,0.6741651322747632
3292,3292.0,3295.467148201693,0.49027481107218884
3293,3293.0,3296.4754282998974,0.2905506241657637
3294,3294.0,3297.4837508562946,0.07761754421925471
3295,3295.0,3298.3444833200792,-0.14707299634684734
3296,3296.0,3299.4098689231673,-0.381809261818042
3297,3297.0,3300.541196357142,-0.6243627743620016
3298,3298.0,3301.5326995088153,-0.8719883140289354
3299,3299.0,3302.5540963728927,-1.1214080067731789
3300,3300.0,3303.4928143334064,-1.3670131655651607
3301,3301.0,3304.5168793955363,-1.5997728525978405
3302,3302.0,3305.5456938808975,-1.8097456036202875
3303,3303.0,3306.577977266439,-1.9861954308969363
3304,3304.0,3307.6710603137717,-2.119114350401621
3305,3305.0,3308.57641479507,-2.203559889123497
3306,3306.0,3309.60434594249,-2.239424894122429
3307,3307.0,3310.434941532321,-2.2316178484188054
3308,3308.0,3311.6166858059833,-2.189483814808047
3309,3309.0,3312.6801881607735,-2.121287628121082
3310,3310.0,3313.7750291922703,-2.035233068841412
3311,3311.0,3314.64073157879,-1.9390177921415008
3312,3312.0,3315.640713963521,-1.8367174477367343
3313,3313.0,3316.6197990619767,-1.7311429462333252
3314,3314.0,3317.7482871254774,-1.6245534210319097
3315,3315.0,3318.6878935346617,-1.5185655246317848
3316,3316.0,3319.637250436852,-1.4142337061522092
3317,3317.0,3320.6789704427847,-1.3126193428471389
3318,3318.0,3321.7731753656662,-1.2143871095191945
3319,3319.0,3322.7411614857506,-1.1205175882087457
3320,3320.0,3323.730681813705,-1.0317199576985692
3321,3321.0,3324.8544001546175,-0.9481903961047639
3322,3322.0,3325.862648329205,-0.8699393201450065
3323,3323.0,3327.047847766671,-0.7978100550926908
3324,3324.0,3328.0328738218523,-0.7322021146065436
3325,3325.0,3329.1502153935035,-0.6734028673043336
3326,3326.0,3330.265057010665,-0.6216368420096476
3327,3327.0,3331.3543134354727,-0.5770657277521332
3328,3328.0,3332.2171500781337,-0.5395995014493695
3329,3329.0,3333.2037229447087,-0.5088589401972615
3330,3330.0,3334.1848183786033,-0.4850109280050613
3331,3331.0,3335.1617979371613,-0.46791297133311194
3332,3332.0,3336.1267627642087,-0.45705516943921876
3333,3333.0,3337.078291882979,-0.4515610580853629
3334,3334.0,3338.098448731782,-0.45089572272429707
3335,3335.0,3338.9800808535156,-0.4543431597104063
3336,3336.0,3340.069844655759,-0.46069592334305676
3337,3337.0,3340.9491035865676,-0.4688557918173381
3338,3338.0,3342.0611662645297,-0.47783376722406457
3339,3339.0,3342.9851788719734,-0.4865908659879255
3340,3340.0,3343.899949032376,-0.49385069546793425
3341,3341.0,3345.0001941329283,-0.4991135234570859
3342,3342.0,3346.2526657488074,-0.5016110058759464
3343,3343.0,3347.247277541568,-0.5001922593518171
3344,3344.0,3348.3424671682587,-0.493323861218724
3345,3345.0,3349.256446892691,-0.47964356844704076
3346,3346.0,3350.197374295819,-0.45952835664365554
3347,3347.0,3351.260933428718,-0.432186644698115
3348,3348.0,3352.2411228096444,-0.39701620392580916
3349,3349.0,3353.298018305014,-0.353789641505872
3350,3350.0,3354.38496567024,-0.3026474082483693
3351,3351.0,3355.289491193562,-0.24378059942793961
3352,3352.0,3356.4381673319776,-0.17779315957267175
3353,3353.0,3357.4590118606247,-0.10544253113503277
3354,3354.0,3358.5130519203285,-0.027405868643807563
3355,3355.0,3359.3779768979566,0.0557199612956048
3356,3356.0,3360.3827626305238,0.14341603281307674
3357,3357.0,3361.4919170041785,0.23484994147386057
3358,3358.0,3362.489737058931,0.3284771291886863
3359,3359.0,3363.4949523744363,0.4227226014770351
3360,3360.0,3364.4267330789307,0.5160700166897052
3361,3361.0,3365.295890429835,0.607061686009236
3362,3362.0,3366.371274222231,0.6941634504828725
3363,3363.0,3367.3837982411405,0.7750949315129645
3364,3364.0,3368.468590978041,0.8475399715858217
3365,3365.0,3369.6797979772427,0.9092935862344984
3366,3366.0,3370.722111632822,0.9582431940066523
3367,3367.0,3371.6048108666496,0.9923554721325994
3368,3368.0,3372.494013648961,1.0095533166525401
3369,3369.0,3373.441861671586,1.0084471705831375
3370,3370.0,3374.464853389363,0.9882924014515765
3371,3371.0,3375.5726357325757,0.9488767696680399
3372,3372.0,3376.5373519584705,0.8905204285257629
3373,3373.0,3377.5434728275563,0.8141205588112814
3374,3374.0,3378.443952239889,0.7214676532991168
3375,3375.0,3379.394911751269,0.614785577503957
3376,3376.0,3380.4103841689357,0.4964018863817947
3377,3377.0,3381.3681357996948,0.36874468590009335
3378,3378.0,3382.339365628962,0.2343426330376277
3379,3379.0,3383.42818859715,0.09582493578423257
3380,3380.0,3384.3747361095125,-0.04453514350780988
3381,3381.0,3385.366217002309,-0.18532319634210473
3382,3382.0,3386.1821184179735,-0.3244797484222838
3383,3383.0,3387.1066093958466,-0.46016613692913977
3384,3384.0,3388.0144380582087,-0.5908103338803742
3385,3385.0,3388.9355291008787,-0.7151646694742854
3386,3386.0,3389.9955140312,-0.8314841299387843
3387,3387.0,3390.871497107521,-0.9376113180907681
3388,3388.0,3391.9890142518507,-1.0313900912239737
3389,3389.0,3392.871021620962,-1.1106875580194298
3390,3390.0,3393.8402040326255,-1.1741534225549484
3391,3391.0,3394.9671228090006,-1.2204796274249772
3392,3392.0,3396.169550909771,-1.2488572741650241
3393,3393.0,3397.0742476909454,-1.2594076970209378
3394,3394.0,3398.1847335056914,-1.2531824629488821
3395,3395.0,3399.089672060846,-1.2320187570367207
3396,3396.0,3400.010793867872,-1.1982411233323171
3397,3397.0,3400.992461591348,-1.1546623842575365
3398,3398.0,3402.0802684555433,-1.1039492546332907
3399,3399.0,3403.078083256284,-1.048591108162784
3400,3400.0,3404.1250863549767,-0.9909187356034397
3401,3401.0,3405.2445972063606,-0.9337095777189823
3402,3402.0,3406.192552489947,-0.8792317022008886
3403,3403.0,3407.1478240114993,-0.8291454178735721
3404,3404.0,3408.0934214902545,-0.7847929970540543
3405,3405.0,3409.0766343924324,-0.7471986755521556
3406,3406.0,3410.0929508373133,-0.7170686526702965
3407,3407.0,3411.0226503472863,-0.694780566119946
3408,3408.0,3412.0455038294494,-0.6805758418275963
3409,3409.0,3412.876577487132,-0.6747681853817552
3410,3410.0,3413.7301964166536,-0.6773626819150114
3411,3411.0,3414.815685499268,-0.6880214715121955
3412,3412.0,3415.966065203142,-0.7060637492103811
3413,3413.0,3416.846503542886,-0.7305691374656308
3414,3414.0,3417.9396983875517,-0.7607316090858148
3415,3415.0,3418.928225649984,-0.7955776767082616
3416,3416.0,3420.033337088389,-0.8339353626306291
3417,3417.0,3421.1315576507736,-0.8744372903746205
3418,3418.0,3422.102343379631,-0.9155258725145349
3419,3419.0,3423.092886315082,-0.9558717443071869
3420,3420.0,3424.097088820338,-0.9945450878553683
3421,3421.0,3424.9955268326726,-1.0304747045216358
3422,3422.0,3426.0286356955207,-1.062430515741949
3423,3423.0,3427.0576002074467,-1.0890235630257472
3424,3424.0,3427.7895576977135,-1.1087060079559847
3425,3425.0,3428.58524855651,-1.120140729086064
3426,3426.0,3429.5744091069787,-1.1234493989366277
3427,3427.0,3430.687275762797,-1.1178522168519578
3428,3428.0,3431.7309230470664,-1.102719733215269
3429,3429.0,3432.755157435886,-1.0777565966277063
3430,3430.0,3433.647509706455,-1.042988397138743
3431,3431.0,3434.541035638072,-0.998416666365693
3432,3432.0,3435.6123732960914,-0.9441178761558091
3433,3433.0,3436.766267581258,-0.8804125962795661
3434,3434.0,3437.7306044501793,-0.8078262323074632
3435,3435.0,3438.769124557877,-0.7270988002089913
3436,3436.0,3439.7741413237572,-0.6394304903679423
3437,3437.0,3440.8101881749362,-0.5462471969673398
3438,3438.0,3441.8405591004685,-0.4489258342283022
3439,3439.0,3442.993917337366,-0.3488136435667395
3440,3440.0,3443.953370571521,-0.24722819359374426
3441,3441.0,3444.83323926803,-0.14560725605949024
3442,3442.0,3446.0089837183014,-0.04613848778211971
3443,3443.0,3447.1217053562054,0.049418429576766065
3444,3444.0,3448.174381200728,0.1392657875002999
3445,3445.0,3448.9424558914397,0.2213916762426213
3446,3446.0,3449.938616022596,0.29373398610164
3447,3447.0,3450.78194445101,0.3549581605282903
3448,3448.0,3451.690243441284,0.40350556624647577
3449,3449.0,3452.765410855161,0.4376037094672937
3450,3450.0,3453.64393017503,0.4561749193162103
3451,3451.0,3454.582907084381,0.45820761151792844
3452,3452.0,3455.6539453340256,0.4431260626889053
3453,3453.0,3456.812956241786,0.41092061404581287
3454,3454.0,3457.9146668781477,0.3620651805822577
3455,3455.0,3458.8262199565083,0.29721425390337075
3456,3456.0,3459.6902321526345,0.21769771320768366
3457,3457.0,3460.7307355385187,0.12553204719191646
3458,3458.0,3461.758344047631,0.022674698756458778
3459,3459.0,3462.7466216440052,-0.088472313337836
3460,3460.0,3463.711990331225,-0.2052347988620442
3461,3461.0,3464.6899690778437,-0.3247960655986866
3462,3462.0,3465.538617669356,-0.44419691934127226
3463,3463.0,3466.5268870086898,-0.5607599872439248
3464,3464.0,3467.43016257315,-0.6716376646604525
3465,3465.0,3468.3916273922705,-0.7735547293240679
3466,3466.0,3469.6030799952277,-0.863930044021749
3467,3467.0,3470.6242961901007,-0.9408878446503176
3468,3468.0,3471.6722485829932,-1.0033170317448488
3469,3469.0,3472.642224739506,-1.0503427517242871
3470,3470.0,3473.7914058807255,-1.0804164931458897
3471,3471.0,3474.8448216871334,-1.0929290440508188
3472,3472.0,3475.912465696749,-1.0883846448208787
3473,3473.0,3476.759846310713,-1.0683340927921874
3474,3474.0,3477.7752511502213,-1.0343538006148152
3475,3475.0,3478.6338343930224,-0.9877563226656615
3476,3476.0,3479.426947310787,-0.9300764818499274
3477,3477.0,3480.3613138683213,-0.8630850965806139
3478,3478.0,3481.464789932445,-0.7887283590712594
3479,3479.0,3482.427948235183,-0.708936945900594
3480,3480.0,3483.4050011791855,-0.6260044892672596
3481,3481.0,3484.278374950663,-0.5421204253410461
3482,3482.0,3485.1522574530836,-0.4593040102639837
3483,3483.0,3486.091021526941,-0.3794043201501989
3484,3484.0,3487.2108390800886,-0.30422117371164925
3485,3485.0,3488.1984028079455,-0.23512010087218282
3486,3486.0,3489.095265620539,-0.17303600176544306
3487,3487.0,3490.1537458889834,-0.11906806755158059
3488,3488.0,3491.1613679124766,-0.07446914247911549
3489,3489.0,3492.1283976391846,-0.040094526764325615
3490,3490.0,3492.983931239235,-0.016405669651499283
3491,3491.0,3493.961572144153,-0.003734880785606118
3492,3492.0,3494.951293347485,-0.0022357046805207142
3493,3493.0,3495.814327753309,-0.01179811542707116
3494,3494.0,3496.720703027541,-0.03192240156813561
3495,3495.0,3497.8879704410515,-0.06199419701411566
3496,3496.0,3498.979609765674,-0.10111335989336975
3497,3497.0,3500.069620068835,-0.14821229831242363
3498,3498.0,3501.0831290383267,-0.20273294899533162
3499,3499.0,3502.13308068506,-0.2629377684116184
3500,3500.0,3503.230760280263,-0.32714273415778644
3501,3501.0,3504.17186238527,-0.394028160142116
3502,3502.0,3505.1083925812027,-0.46202820546568407
3503,3503.0,3506.2638659171585,-0.5293616801756941
3504,3504.0,3507.278687589694,-0.5945223579311724
3505,3505.0,3508.314312214403,-0.65597293793887
3506,3506.0,3509.259130198034,-0.7121450449535555
3507,3507.0,3510.276876757597,-0.7614641744991036
3508,3508.0,3511.356211991443,-0.8029652844204931
3509,3509.0,3512.4888865005346,-0.8358856425586814
3510,3510.0,3513.504990380263,-0.8595095562711618
3511,3511.0,3514.4058045900847,-0.8733020913389687
3512,3512.0,3515.3629887886964,-0.8769090719665706
3513,3513.0,3516.4100194198404,-0.8701726007497129
3514,3514.0,3517.3744046307193,-0.8536205165476175
3515,3515.0,3518.3627670695205,-0.8275183912574737
3516,3516.0,3519.3720623242684,-0.7921567037910192
3517,3517.0,3520.342693698618,-0.7482114031892024
3518,3518.0,3521.2134658036657,-0.6967439086221596
3519,3519.0,3522.172222146639,-0.6391951201442564
3520,3520.0,3523.0199397401348,-0.5765372921674764
3521,3521.0,3524.0665741131443,-0.5098050655407632
3522,3522.0,3525.0597139333086,-0.4404305885894551
3523,3523.0,3526.053206791781,-0.36977559507584307
3524,3524.0,3527.2246945914294,-0.29913140419904316
3525,3525.0,3528.31730166846,-0.2297107177759372
3526,3526.0,3529.2820025220644,-0.16306817107183996
3527,3527.0,3530.4103336142866,-0.10124134177837324
3528,3528.0,3531.6409532746557,-0.04575213260915248
3529,3529.0,3532.6381430833108,0.0024806463411291557
3530,3530.0,3533.632332794113,0.04269994912585515
3531,3531.0,3534.6916074016835,0.07333906242535104
3532,3532.0,3535.830264769554,0.09363233102895054
3533,3533.0,3536.6944232372653,0.10300179297127562
3534,3534.0,3537.7414430859317,0.10091437035887166
3535,3535.0,3538.6589910515086,0.08733144810583718
3536,3536.0,3539.707345129187,0.06287250974025202
3537,3537.0,3540.7528000190914,0.028178263544405942
3538,3538.0,3541.8119247532854,-0.016025501647169156
3539,3539.0,3542.9028409538655,-0.06863410360245001
3540,3540.0,3543.8802312485905,-0.12840417130566462
3541,3541.0,3544.975260528975,-0.1933047037083051
3542,3542.0,3545.984609126154,-0.2605570605889662
3543,3543.0,3546.914348115998,-0.32804092267382123
3544,3544.0,3547.941752083297,-0.3938789966083867
3545,3545.0,3549.010872759428,-0.4553663265854395
3546,3546.0,3550.007460937629,-0.5101882961632989
3547,3547.0,3550.9961581451357,-0.5563881340780601
3548,3548.0,3552.168971809358,-0.5922235928537113
3549,3549.0,3553.049669901052,-0.6158838232801587
3550,3550.0,3553.9189806934833,-0.6262330090593788
3551,3551.0,3554.8535652932096,-0.6227402494091713
3552,3552.0,3555.916464279957,-0.6054386085251166
3553,3553.0,3557.0622362818012,-0.5736994233037029
3554,3554.0,3558.042603130185,-0.5281590153026451
3555,3555.0,3558.951730293901,-0.47004868353144913
3556,3556.0,3560.033086006647,-0.40021945596258895
3557,3557.0,3561.050052270785,-0.3193326682935283
3558,3558.0,3562.137233940412,-0.22926509061374567
3559,3559.0,3563.0594393291276,-0.13224923130848898
3560,3560.0,3564.0325692321003,-0.03044425537194978
3561,3561.0,3565.137396509863,0.07403095061386439
3562,3562.0,3566.151082235504,0.1793153973829567
3563,3563.0,3567.0754436094835,0.2830838777002696
3564,3564.0,3567.9981177980358,0.3823434019799528
3565,3565.0,3569.0422158315278,0.4744471424558098
3566,3566.0,3569.9430753931942,0.557074921096792
3567,3567.0,3571.002054173052,0.6276948622840046
3568,3568.0,3572.10663998822,0.6838509965755952
3569,3569.0,3573.094712471677,0.7234722881960264
3570,3570.0,3574.068197206925,0.744843450958184
3571,3571.0,3575.1526636300714,0.7460954658711954
3572,3572.0,3576.237796224512,0.7257738445246116
3573,3573.0,3577.2185836751555,0.6835977861781477
3574,3574.0,3578.2874060621743,0.6198041805787646
3575,3575.0,3579.3314385241724,0.5352549782220031
3576,3576.0,3580.260836369788,0.4313593109305487
3577,3577.0,3581.212390820076,0.30937353068728773
3578,3578.0,3582.1048097901235,0.17167951643687662
3579,3579.0,3582.985024271983,0.021909237237399272
3580,3580.0,3583.943366203651,-0.13652080035593794
3581,3581.0,3584.895739906534,-0.3015822056505598
3582,3582.0,3586.0619229229856,-0.4704301232953727
3583,3583.0,3587.1157916865372,-0.6394928120120738
3584,3584.0,3588.1378682835093,-0.8044756286026251
3585,3585.0,3589.095412609977,-0.9619206729264296
3586,3586.0,3590.217250000227,-1.1080956146000585
3587,3587.0,3591.1315839504177,-1.2387911325440069
3588,3588.0,3592.081495703249,-1.3506247957154844
3589,3589.0,3593.0876221366825,-1.4410367841706546
3590,3590.0,3594.0542268631857,-1.5071466974238872
3591,3591.0,3595.0617783194816,-1.5474849338651246
3592,3592.0,3596.253914076788,-1.5623854734310723
3593,3593.0,3597.092448391909,-1.5529136241517334
3594,3594.0,3598.10503747193,-1.5208660221503305
3595,3595.0,3599.025441572562,-1.4687435849781718
3596,3596.0,3600.022524326064,-1.3996337796853902
3597,3597.0,3601.0549589296143,-1.3169507497964863
3598,3598.0,3601.9893755110215,-1.2237691696952107
3599,3599.0,3603.1130656593778,-1.1227609910200782
3600,3600.0,3604.296079125875,-1.0162053315862936
3601,3601.0,3605.3267693219045,-0.9064103581975038
3602,3602.0,3606.0855225515124,-0.795697684187687
3603,3603.0,3607.196692943914,-0.6860831778028535
3604,3604.0,3608.399572325199,-0.579314547177355
3605,3605.0,3609.240770521018,-0.4768713403343159
3606,3606.0,3610.2071419778163,-0.38031049809074075
3607,3607.0,3611.4586792873015,-0.29122978553306467
3608,3608.0,3612.5091991397567,-0.2109347966634874
3609,3609.0,3613.438004735047,-0.14068844175237522
3610,3610.0,3614.3249254724965,-0.08165521152288051
3611,3611.0,3615.1524044793136,-0.034424295193192
3612,3612.0,3616.1776897695813,-0.000223480716971855
3613,3613.0,3617.195249908599,0.02010161161222332
3614,3614.0,3618.2319117263505,0.02642726765186293
3615,3615.0,3619.2076872814814,0.019041603993245233
3616,3616.0,3620.2469314652994,-0.0023917933940372123
3617,3617.0,3621.288228894666,-0.03740919790071562
3618,3618.0,3622.381484937286,-0.08527237122581653
3619,3619.0,3623.4354881510644,-0.14508990398339772
3620,3620.0,3624.4585305647106,-0.21610169703672782
3621,3621.0,3625.4299938878034,-0.29649861514984016
3622,3622.0,3626.542294166772,-0.38418388267859005
3623,3623.0,3627.611312799205,-0.47705141482394897
3624,3624.0,3628.4662493936758,-0.5729858176321825
3625,3625.0,3629.48915964181,-0.6698581273463523
3626,3626.0,3630.4575863628015,-0.7644165299786674
3627,3627.0,3631.3549238287355,-0.8544111990785955
3628,3628.0,3632.2313135808845,-0.938263146587931
3629,3629.0,3633.387644192417,-1.013681988764464
3630,3630.0,3634.344851247092,-1.0776659461816607
3631,3631.0,3635.255727496141,-1.1282355375575537
3632,3632.0,3636.22930458976,-1.164717540457289
3633,3633.0,3637.109333713015,-1.1857586501491646
3634,3634.0,3638.028161663088,-1.1908428967937672
3635,3635.0,3638.9658962381895,-1.1802948319674833
3636,3636.0,3639.955443037713,-1.1545240189595019
3637,3637.0,3641.0103156863324,-1.113525379522296
3638,3638.0,3642.0691331982403,-1.0583315612053896
3639,3639.0,3643.107998174588,-0.990013969491684
3640,3640.0,3644.0090711079456,-0.9096630336881644
3641,3641.0,3645.0442716982,-0.8185214163110232
3642,3642.0,3646.0063793120407,-0.7189826213113353
3643,3643.0,3646.9252016658997,-0.6128025963498288
3644,3644.0,3647.9982683208,-0.5018480160734691
3645,3645.0,3649.1955272175182,-0.38839498949161066
3646,3646.0,3650.2398067071977,-0.2750704280406194
3647,3647.0,3651.4261561680732,-0.16407611842906877
3648,3648.0,3652.442027739508,-0.05777073676285949
3649,3649.0,3653.1942056979706,0.041450058848717775
3650,3650.0,3654.1841372160566,0.1313005624238296
3651,3651.0,3655.115964449505,0.20893274287413527
3652,3652.0,3656.1508698185644,0.27266143667051373
3653,3653.0,3657.0625099973286,0.3212010926268423
3654,3654.0,3657.932364969963,0.3518752602290802
3655,3655.0,3658.983075726514,0.3631744859033072
3656,3656.0,3659.9776143040203,0.35534804647494117
3657,3657.0,3661.0106261763904,0.3281089309974678
3658,3658.0,3662.0158667225032,0.28106179748727605
3659,3659.0,3662.9043238439094,0.21540384877210064
3660,3660.0,3663.9278850477795,0.13264833346265528
3661,3661.0,3664.8084154634853,0.03461469617908908
3662,3662.0,3665.8569982710583,-0.0762948732933251
3663,3663.0,3666.8166379397735,-0.1965730761678848
3664,3664.0,3667.823145624879,-0.3228833146646449
3665,3665.0,3668.8422880502712,-0.4522303902935883
3666,3666.0,3669.7891093444246,-0.581966560617881
3667,3667.0,3670.77902137046,-0.70858239361451
3668,3668.0,3671.782646335757,-0.8275063314883088
3669,3669.0,3672.805210199012,-0.9351139888191973
3670,3670.0,3673.906039415954,-1.0288490963919505
3671,3671.0,3675.0017753817647,-1.1070832887398083
3672,3672.0,3676.1330714548803,-1.1675784961032327
3673,3673.0,3676.997945715656,-1.2083848299551065
3674,3674.0,3678.05888569218,-1.228828944885503
3675,3675.0,3679.1622891713814,-1.2294985780246726
3676,3676.0,3680.0949387215205,-1.211667526377493
3677,3677.0,3681.2000260851773,-1.1761580926739734
3678,3678.0,3682.1807945002174,-1.1252488686468427
3679,3679.0,3683.149796520665,-1.0613075111011117
3680,3680.0,3684.2635992620426,-0.9866884294899213
3681,3681.0,3685.2641327933616,-0.9037300701840363
3682,3682.0,3686.241096614924,-0.8148538189549877
3683,3683.0,3687.2152808310516,-0.7225932178453004
3684,3684.0,3688.339326685682,-0.6294590565654314
3685,3685.0,3689.332088554916,-0.5379328266968151
3686,3686.0,3690.404565881169,-0.4504620463069419
3687,3687.0,3691.3354677324646,-0.36873134767266025
3688,3688.0,3692.2296449091687,-0.2944449780100159
3689,3689.0,3693.2522032149254,-0.2293884447921752
3690,3690.0,3694.2802083570837,-0.1748577626618681
3691,3691.0,3695.1389571436475,-0.1317126392159155
3692,3692.0,3696.0390721819185,-0.10117956627041583
3693,3693.0,3697.0886932490453,-0.08312434001038986
3694,3694.0,3698.101747576516,-0.0771818363619945
3695,3695.0,3698.8574490454257,-0.08332907464168267
3696,3696.0,3699.68217117285,-0.10136983092499095
3697,3697.0,3700.667574704253,-0.1300854342782372
3698,3698.0,3701.6411601654636,-0.16820239048157132
3699,3699.0,3702.426637757037,-0.2144174110169406
3700,3700.0,3703.367124044734,-0.26731351687372423
3701,3701.0,3704.2759257904117,-0.3249153478531796
3702,3702.0,3705.3628271270536,-0.3851794326226087
3703,3703.0,3706.2677898246366,-0.4462071669025846
3704,3704.0,3707.0581215477223,-0.5063681549832878
3705,3705.0,3707.9915827140076,-0.5644378749282011
3706,3706.0,3708.9310924990796,-0.6179997568681943
3707,3707.0,3709.958090413986,-0.6650551348504914
3708,3708.0,3710.856890608463,-0.7042866287024876
3709,3709.0,3711.91992860795,-0.7348799452416063
3710,3710.0,3712.9419184807507,-0.7559147074667758
3711,3711.0,3714.0446591240698,-0.7668100806175594
3712,3712.0,3715.053992498684,-0.767263951024156
3713,3713.0,3716.2819038055254,-0.757241719059683
3714,3714.0,3717.1099095482027,-0.736830549435236
3715,3715.0,3718.0514609863367,-0.7061783364935761
3716,3716.0,3719.267839980934,-0.6658249914867002
3717,3717.0,3720.4187229656154,-0.6162047953019676
3718,3718.0,3721.353527465395,-0.5576253362200091
3719,3719.0,3722.557421811744,-0.49075349652375594
3720,3720.0,3723.571961975551,-0.4170673605893206
3721,3721.0,3724.498230546846,-0.3377458479404922
3722,3722.0,3725.1792858984527,-0.2537752322422736
3723,3723.0,3726.18048139075,-0.1659502716387502
3724,3724.0,3727.288948191008,-0.07516460995630019
3725,3725.0,3728.253938607904,0.016904771554083542
3726,3726.0,3729.2606120662404,0.1087128774862739
3727,3727.0,3730.1315122159267,0.19865592353994366
3728,3728.0,3731.1792941088283,0.28505310073134077
3729,3729.0,3732.1879588273255,0.3661745073496394
3730,3730.0,3732.918240581182,0.4402117456734863
3731,3731.0,3733.8314262913646,0.5052304281294068
3732,3732.0,3734.726690946627,0.5591983038719319
3733,3733.0,3735.8382654997386,0.6000697362259503
3734,3734.0,3736.6400957780934,0.6265585819844264
3735,3735.0,3737.6361771933166,0.63654122435974
3736,3736.0,3738.6867107996254,0.6283344839148273
3737,3737.0,3739.614636671267,0.6011348904371818
3738,3738.0,3740.565188490645,0.5549017948496683
3739,3739.0,3741.528056684731,0.48958062571034144
3740,3740.0,3742.359987756172,0.40588355073958937
3741,3741.0,3743.4380320937084,0.3050219820687448
3742,3742.0,3744.520260258783,0.18860731892983396
3743,3743.0,3745.563496842828,0.0587155862340176
3744,3744.0,3746.4885554974435,-0.08197364518314842
3745,3745.0,3747.4075432046448,-0.23049817000567108
3746,3746.0,3748.5427507988156,-0.38360440597648576
3747,3747.0,3749.4258575800823,-0.5377425807086251
3748,3748.0,3750.3114594744125,-0.6891601749567371
3749,3749.0,3751.300204246998,-0.8343062111593544
3750,3750.0,3752.3098093773046,-0.9695895206060675
3751,3751.0,3753.3125559697914,-1.0913327565676683
3752,3752.0,3754.303629468317,-1.1957766297719945
3753,3753.0,3755.3324141183384,-1.2795418736987578
3754,3754.0,3756.352648681388,-1.3405591922093059
3755,3755.0,3757.3181539730103,-1.3772765853465399
3756,3756.0,3758.2844691583846,-1.3890995221868294
3757,3757.0,3759.3425413810023,-1.376406964666186
3758,3758.0,3760.179523330948,-1.340481610806669
3759,3759.0,3761.459210349195,-1.283287371646862
3760,3760.0,3762.361537645179,-1.2072579234813785
3761,3761.0,3763.402408179558,-1.1150592373746535
3762,3762.0,3764.4088505698455,-1.009583209596145
3763,3763.0,3765.431981834712,-0.8939482695983055
3764,3764.0,3766.4716830496,-0.7714812611616
3765,3765.0,3767.4706870180084,-0.6455283987290823
3766,3766.0,3768.4639779366917,-0.5193583024776636
3767,3767.0,3769.552715616971,-0.39616281871469305
3768,3768.0,3770.6537931093003,-0.27902848712909006
3769,3769.0,3771.786692781923,-0.1702515578196048
3770,3770.0,3772.721756012912,-0.07302468451464822
3771,3771.0,3773.8440795787574,0.00962557736002051
3772,3772.0,3774.9376124549012,0.07551846238992643
3773,3773.0,3775.9196004862856,0.12312962374878662
3774,3774.0,3776.8583218291924,0.15087160217004508
3775,3775.0,3778.0170333817473,0.15785149733062298
3776,3776.0,3779.0469671140236,0.14368971201421307
3777,3777.0,3780.185320391447,0.10789342020127113
3778,3778.0,3781.2977712433353,0.05093355519007883
3779,3779.0,3782.3229281531303,-0.025576223348455572
3780,3780.0,3783.1596363999697,-0.11988232922996432
3781,3781.0,3784.1596056820435,-0.22941244202951694
3782,3782.0,3785.269205964224,-0.351419744947567
3783,3783.0,3786.2681494088256,-0.48286498827674557
3784,3784.0,3787.2538136970575,-0.6203262984511642
3785,3785.0,3788.3180497438843,-0.7602374828939323
3786,3786.0,3789.4153252880506,-0.8986464881720246
3787,3787.0,3790.4838099233248,-1.0305964833032815
3788,3788.0,3791.512045132695,-1.1521057808465787
3789,3789.0,3792.628222275885,-1.260285831203944
3790,3790.0,3793.7791903661014,-1.3531172341960958
3791,3791.0,3794.6608619937624,-1.4280908629669844
3792,3792.0,3795.5462244175055,-1.4836629517090045
3793,3793.0,3796.6277589379642,-1.519127032003115
3794,3794.0,3797.6206061465928,-1.5344976790976137
3795,3795.0,3798.6217858595846,-1.5304160551805102
3796,3796.0,3799.622795536753,-1.5076541481861876
3797,3797.0,3800.6522078880676,-1.4680270513177276
3798,3798.0,3801.568699618493,-1.4134278674373528
3799,3799.0,3802.6834922055687,-1.3456250373285927
3800,3800.0,3803.643907962071,-1.2662637640573347
3801,3801.0,3804.751236608745,-1.1771851826986357
3802,3802.0,3805.644923954598,-1.080681116408457
3803,3803.0,3806.633771358568,-0.9788947232636388
3804,3804.0,3807.6961295455585,-0.8737508770086038
3805,3805.0,3808.7338488728187,-0.7669526499598659
3806,3806.0,3809.8117410410696,-0.6601136837604881
3807,3807.0,3810.7065793286893,-0.5552049666550437
3808,3808.0,3811.694350464997,-0.4539779207163676
3809,3809.0,3812.7949737349963,-0.3578232053157992
3810,3810.0,3813.676002439175,-0.2677707171235787
3811,3811.0,3814.582221287303,-0.18557798200795445
3812,3812.0,3815.528136706028,-0.11310177634916779
3813,3813.0,3816.562859581095,-0.05091230771898639
3814,3814.0,3817.5696690311906,0.0005553595279845225
3815,3815.0,3818.600384203883,0.04093391493797557
3816,3816.0,3819.4358646826477,0.06952836969288048
3817,3817.0,3820.421604925495,0.0859104665856628
3818,3818.0,3821.3976953989545,0.0897917015444729
3819,3819.0,3822.3082140204942,0.08096354311298375
3820,3820.0,3823.2000923229443,0.059600306671032034
3821,3821.0,3824.2871257734687,0.026528695782092625
3822,3822.0,3825.2875578658313,-0.017211754836046603
3823,3823.0,3826.260236084675,-0.07033219647061797
3824,3824.0,3827.272413839662,-0.13166705685934815
3825,3825.0,3828.1709950099735,-0.20012559333396665
3826,3826.0,3829.2462166351993,-0.2742174135166489
3827,3827.0,3830.3371878156704,-0.3517083339944102
3828,3828.0,3831.251041994547,-0.4300994466069741
3829,3829.0,3832.3198202743233,-0.5072865025078991
3830,3830.0,3833.4484014742266,-0.5814857318014004
3831,3831.0,3834.5080863787016,-0.6513099734045008
3832,3832.0,3835.432732980499,-0.7148421280627659
3833,3833.0,3836.437095091872,-0.7693991934220763
3834,3834.0,3837.475294773448,-0.8131492955706505
3835,3835.0,3838.5231705725855,-0.8451865119688475
3836,3836.0,3839.580655928881,-0.8653064098207613
3837,3837.0,3840.598138039855,-0.8725092877598107
3838,3838.0,3841.6293881678357,-0.8661965004839635
3839,3839.0,3842.6725853184594,-0.846251624431926
3840,3840.0,3843.6796887655946,-0.8129543932651554
3841,3841.0,3844.558883996078,-0.767011945941816
3842,3842.0,3845.538030914077,-0.7092072025019406
3843,3843.0,3846.30238173404,-0.6402703707155905
3844,3844.0,3847.426846184458,-0.5615653331079244
3845,3845.0,3848.492243730961,-0.47512640660279454
3846,3846.0,3849.599355338757,-0.3831400684070663
3847,3847.0,3850.5325665210767,-0.2868819514147997
3848,3848.0,3851.626710182187,-0.1880684552821963
3849,3849.0,3852.720725916369,-0.08881440854389394
3850,3850.0,3853.855555830765,0.008379525014173826
3851,3851.0,3854.8893466889053,0.10119762343208283
3852,3852.0,3855.88515459199,0.18745376339053335
3853,3853.0,3856.870121380587,0.26489317148745956
3854,3854.0,3857.7349695178773,0.3314070526624583
3855,3855.0,3858.881998324765,0.3849943066061677
3856,3856.0,3859.937990528214,0.42364953438417297
3857,3857.0,3860.997496518626,0.4461801989118682
3858,3858.0,3862.0143943774588,0.451706019892897
3859,3859.0,3862.9657458699107,0.4395310037820806
3860,3860.0,3863.8807576865997,0.4097598523887111
3861,3861.0,3864.9852886076274,0.3626085195601042
3862,3862.0,3865.9801926468836,0.29862540180801345
3863,3863.0,3866.8930916514173,0.21921063571389993
3864,3864.0,3867.973017731217,0.12686810546168859
3865,3865.0,3868.9153814143815,0.02451345049218942
3866,3866.0,3870.0585542729523,-0.08482592649225199
3867,3867.0,3871.0512775884013,-0.19791083814928748
3868,3868.0,3872.104987244102,-0.3112111087969826
3869,3869.0,3873.0569504871837,-0.4214570625002244
3870,3870.0,3874.010517002621,-0.525867155205843
3871,3871.0,3874.9587984027185,-0.6212045844814669
3872,3872.0,3875.8697888335955,-0.7037671608776386
3873,3873.0,3876.7290339365727,-0.7716757806423089
3874,3874.0,3877.5603107261104,-0.8231120463579282
3875,3875.0,3878.561162599406,-0.8562412304790309
3876,3876.0,3879.4675118871355,-0.8705545231592775
3877,3877.0,3880.6246839154896,-0.8667641070140902
3878,3878.0,3881.558373278513,-0.8455651423514462
3879,3879.0,3882.6303828981822,-0.8076834085220648
3880,3880.0,3883.63771147068,-0.754370874974342
3881,3881.0,3884.7519614170033,-0.6873990171890767
3882,3882.0,3885.7138179198523,-0.6089801600286794
3883,3883.0,3886.8454663190214,-0.5215389044870505
3884,3884.0,3887.9350638446067,-0.42789570008766264
3885,3885.0,3888.9198622147846,-0.33082859211275434
3886,3886.0,3890.08273715923,-0.23303302632156347
3887,3887.0,3890.97847546875,-0.137045497575866
3888,3888.0,3891.8327855184916,-0.04501034319570171
3889,3889.0,3892.579702336795,0.040039413474776436
3890,3890.0,3893.7328510363573,0.11553848168153114
3891,3891.0,3894.6173238464544,0.17966609572609255
3892,3892.0,3895.536616670266,0.23033516332581244
3893,3893.0,3896.5831571943086,0.26583903056221014
3894,3894.0,3897.7377821586447,0.28533197219286843
3895,3895.0,3898.8242537463448,0.2880174465257939
3896,3896.0,3899.896538934611,0.2726485212498594
3897,3897.0,3900.9843380708735,0.23924730212319845
3898,3898.0,3901.856265713098,0.1886177925756578
3899,3899.0,3902.9395681228007,0.12171333527527342
3900,3900.0,3903.9065227726005,0.03888030390632852
3901,3901.0,3904.769465718965,-0.05821704862400526
3902,3902.0,3905.926538743146,-0.16636734668292924
3903,3903.0,3906.883444728042,-0.282689274497461
3904,3904.0,3907.849899606482,-0.4050907776682737
3905,3905.0,3908.9834083576175,-0.530832742005976
3906,3906.0,3909.7905969375074,-0.6567776955012563
3907,3907.0,3911.061270749239,-0.7794208270712617
3908,3908.0,3912.2364905756035,-0.8962273752966117
3909,3909.0,3913.1253382287596,-1.0042684109500526
3910,3910.0,3914.153484375135,-1.1005627620769851
3911,3911.0,3915.260348118707,-1.1828090084793725
3912,3912.0,3916.1323861843903,-1.2493854817153425
3913,3913.0,3917.227266175735,-1.299270608073983
3914,3914.0,3918.377275954072,-1.331381865900588
3915,3915.0,3919.285856304892,-1.3456536439618818
3916,3916.0,3920.115728267606,-1.3424917301009547
3917,3917.0,3921.1824357266387,-1.3225617816451891
3918,3918.0,3922.15950369922,-1.2867893255397072
3919,3919.0,3922.8953982907515,-1.236412968880531
3920,3920.0,3923.9036620015036,-1.1730381281472146
3921,3921.0,3924.9628559611683,-1.0983384581138136
3922,3922.0,3926.075665267439,-1.0139914287851668
3923,3923.0,3927.028196680335,-0.9216783253968136
3924,3924.0,3928.2064448826122,-0.8232260372229198
3925,3925.0,3929.237565098778,-0.7206488300253489
3926,3926.0,3930.201231987737,-0.6153285838882676
3927,3927.0,3931.2731397904986,-0.5087510028624112
3928,3928.0,3932.2906925256525,-0.4025688673666968
3929,3929.0,3933.3533325255194,-0.29860203418803977
3930,3930.0,3934.398671029978,-0.1988866567347982
3931,3931.0,3935.3127370841894,-0.10521013577471403
3932,3932.0,3936.5247340849,-0.019129847579016868
3933,3933.0,3937.5181245508347,0.05766343280899883
3934,3934.0,3938.6343866337897,0.12338244461102708
3935,3935.0,3939.461773121216,0.17654412688899684
3936,3936.0,3940.420852909273,0.21561008054131414
3937,3937.0,3941.3211730478065,0.23920889889329386
3938,3938.0,3942.4487990139296,0.2462270954616144
3939,3939.0,3943.3685776921902,0.23593611092453853
3940,3940.0,3944.3860307524583,0.20812162319382643
3941,3941.0,3945.2098902348043,0.16285079497278038
3942,3942.0,3946.277951150326,0.10047345505385594
3943,3943.0,3947.2002622607997,0.021958822845146317
3944,3944.0,3948.2819316486602,-0.07132436930190308
3945,3945.0,3949.4211089708783,-0.17774115209126296
3946,3946.0,3950.264016862672,-0.2954721330416671
3947,3947.0,3951.076375565281,-0.42186099296939017
3948,3948.0,3952.127094657894,-0.5535287462834002
3949,3949.0,3953.057623570079,-0.6874113602912888
3950,3950.0,3954.233898682891,-0.8206271812664792
3951,3951.0,3955.1795507044735,-0.9492490736962242
3952,3952.0,3956.0708223540078,-1.0692136770102207
3953,3953.0,3956.922359127435,-1.1771499137897208
3954,3954.0,3957.9066439428207,-1.2703726326361267
3955,3955.0,3958.8146568060365,-1.3462993151818137
3956,3956.0,3959.8222662941544,-1.4026891386432092
3957,3957.0,3960.6967902464585,-1.438184253511812
3958,3958.0,3961.7173448483336,-1.4522240334634184
3959,3959.0,3962.4107745523947,-1.4450450753580957
3960,3960.0,3963.4210480409824,-1.4177349345805936
3961,3961.0,3964.455560482069,-1.3718713188699558
3962,3962.0,3965.3319839398473,-1.3083980202269252
3963,3963.0,3966.359313469689,-1.2288104793316261
3964,3964.0,3967.5143030762874,-1.135319043584171
3965,3965.0,3968.6034088427054,-1.0308489039209598
3966,3966.0,3969.6393895800466,-0.9182479043889743
3967,3967.0,3970.7003747467957,-0.7994271257125087
3968,3968.0,3971.6664846757903,-0.6766834074160591
3969,3969.0,3972.579591675264,-0.5526736303139104
3970,3970.0,3973.436440117544,-0.43041471651062424
3971,3971.0,3974.356997089506,-0.312870450095723
3972,3972.0,3975.457030881437,-0.20213607582170537
3973,3973.0,3976.4031985591237,-0.100540239308815
3974,3974.0,3977.299863246638,-0.01031906565119678
3975,3975.0,3978.2690434938513,0.06642324175607306
3976,3976.0,3979.3419562323193,0.1280637467617432
3977,3977.0,3980.312048967721,0.17312396350618364
3978,3978.0,3981.324738288615,0.20029639742198596
3979,3979.0,3982.3259046034696,0.20855561175560444
3980,3980.0,3983.3648072646997,0.1977903915153703
3981,3981.0,3984.3339781651407,0.16874408300018406
3982,3982.0,3985.332315635492,0.12224324848179935
3983,3983.0,3986.2930796916885,0.05903417216341673
3984,3984.0,3987.3472275319,-0.01910375900087735
3985,3985.0,3988.292277184256,-0.10965654097099084
3986,3986.0,3989.1246884091565,-0.21017982977400582
3987,3987.0,3990.0315420362303,-0.31811240536255503
3988,3988.0,3990.8691674367487,-0.4302810609512591
3989,3989.0,3991.827786990988,-0.5434262065300078
3990,3990.0,3992.7683441962663,-0.6542525951947633
3991,3991.0,3993.770467179957,-0.7593235134831221
3992,3992.0,3994.7889446286517,-0.8556576108830578
3993,3993.0,3995.6251698053284,-0.941301916629514
3994,3994.0,3996.3946558638104,-1.0141672945421527
3995,3995.0,3997.475419112482,-1.0719681395295515
3996,3996.0,3998.2494441925346,-1.1128398763050724
3997,3997.0,3999.2194919230915,-1.1370821977480687
3998,3998.0,4000.227325204406,-1.1449509989162103
3999,3999.0,4001.1335095433174,-1.1366219222983431
