,age_kyrBP,corrupted_age,Z
0,0.0,0.0,1.0
1,1.0,0.9110021349166548,0.9919646775353509
2,2.0,1.8603946350589622,0.9720762662510714
3,3.0,2.826039253299845,0.9452058596044444
4,4.0,3.6954149892957395,0.9147644008186131
5,5.0,4.738310881396266,0.8829477539748342
6,6.0,5.847390418859617,0.8511036597626095
7,7.0,6.785041349273939,0.8201286481529887
8,8.0,7.732921302093403,0.7904754297823858
9,9.0,8.822211114495955,0.7621465830615317
10,10.0,9.553188887137642,0.7350028550991821
11,11.0,10.551335490743147,0.708785227332495
12,12.0,11.598218489973757,0.6830968413741176
13,13.0,12.744721145392777,0.6574429375565901
14,14.0,13.81575620385189,0.6314191845836422
15,15.0,14.929372446380624,0.6046014224706237
16,16.0,15.883228746457391,0.5765348225480177
17,17.0,16.874003828749878,0.546733887461442
18,18.0,17.832261298374167,0.5146824511716481
19,19.0,18.86898642401738,0.4798434617556278
20,20.0,19.770053801822634,0.4419200068868485
21,21.0,20.650421344343563,0.40073848850492944
22,22.0,21.653201305061103,0.3559832806935314
23,23.0,22.61726934791461,0.3071910533383845
24,24.0,23.357506487899556,0.2537804307049452
25,25.0,24.396876865851706,0.19565635636574574
26,26.0,25.505418877461224,0.1329150772989862
27,27.0,26.54221654922777,0.06557115657893672
28,28.0,27.52532168950628,-0.006375371583646872
29,29.0,28.57625094193079,-0.08293900184152303
30,30.0,29.53207979407722,-0.16408401471913636
31,31.0,30.279684681643367,-0.24932861408464788
32,32.0,31.249776580838656,-0.33793001045769333
33,33.0,32.104478998277024,-0.4290346011613607
34,34.0,33.135827448846705,-0.5216781735120835
35,35.0,34.221131577991045,-0.6147859048196402
36,36.0,35.3968647241392,-0.7066594607815749
37,37.0,36.24688325136964,-0.7949405728459698
38,38.0,37.239465447533824,-0.8778067479501848
39,39.0,38.2131733931358,-0.9530650237139984
40,40.0,39.313880063765176,-1.0181316262836344
41,41.0,40.33992150052577,-1.0700319703317631
42,42.0,41.27605885165564,-1.105546457920738
43,43.0,42.26382863320791,-1.1233328142846513
44,44.0,43.25880981996125,-1.1220139028487266
45,45.0,44.29004764231641,-1.100495602400467
46,46.0,45.33749004031261,-1.0584517294555673
47,47.0,46.360787480566295,-0.9963240382579153
48,48.0,47.33653351204018,-0.915322220779589
49,49.0,48.190293861432174,-0.817244252859425
50,50.0,49.05206995038813,-0.7032593635244409
51,51.0,50.04740791579565,-0.574412463526382
52,52.0,51.26590901470009,-0.432147453997176
53,53.0,52.269345822410656,-0.2783096512398533
54,54.0,53.25013211226179,-0.11514578672855713
55,55.0,54.17717408918846,0.05474353276585506
56,56.0,55.35160062606752,0.22968353959425908
57,57.0,56.32481522455641,0.4086139803190226
58,58.0,57.46538027279769,0.5892664728572021
59,59.0,58.426022135579515,0.7680657981439512
60,60.0,59.39962092896293,0.9401299001325314
61,61.0,60.29965009261936,1.1001174040972548
62,62.0,61.189151122681295,1.2441603641653534
63,63.0,61.935202282218214,1.3671297482318732
64,64.0,62.822802347038184,1.4659607553224279
65,65.0,63.9220707718162,1.5394741569366461
66,66.0,64.76125261737286,1.586652674441633
67,67.0,65.7473691435054,1.6090801218671258
68,68.0,66.87228941420398,1.6090192699628594
69,69.0,67.848837235811,1.5890924922712073
70,70.0,68.8656160983779,1.5528855385122338
71,71.0,69.6823923062724,1.5050562257114253
72,72.0,70.87236370466242,1.449403801087093
73,73.0,71.74522754993475,1.3887030939691336
74,74.0,72.59478688967101,1.3250831051498044
75,75.0,73.57451921924793,1.2620714192274702
76,76.0,74.40293374395735,1.2012193874505974
77,77.0,75.28458953614604,1.1438706650109298
78,78.0,76.25198502197648,1.0916206368727863
79,79.0,77.24306475855695,1.0463025476739716
80,80.0,78.11344855075413,1.0087332554628439
81,81.0,79.21488749614498,0.9784562941591923
82,82.0,80.14590403565136,0.9551695915172009
83,83.0,80.95804326247139,0.9386523672245718
84,84.0,81.76607328283418,0.9287651329025234
85,85.0,82.724429307225,0.9248395391066214
86,86.0,83.84706485707167,0.9254552850773682
87,87.0,84.90075461679649,0.9299066729053733
88,88.0,85.96781016760852,0.9371851431394517
89,89.0,86.94083897989529,0.9459530094626893
90,90.0,87.94572788361688,0.9545459272784669
91,91.0,88.80562475932678,0.9615238049785566
92,92.0,89.68137028969642,0.9663515179730597
93,93.0,90.6946925548052,0.9683339551178222
94,94.0,91.73761512340361,0.9664514085400334
95,95.0,92.92306788212858,0.9593595736382263
96,96.0,93.9866560099853,0.9460770409303393
97,97.0,95.08644026151882,0.9264806519046687
98,98.0,96.00228046780585,0.9002937660752989
99,99.0,96.98012058741027,0.8672962768346882
100,100.0,97.92050314745174,0.8273246340558558
101,101.0,98.8962733252012,0.7802911367117257
102,102.0,99.90857215996337,0.7267663258381958
103,103.0,100.84423360868568,0.6676146465387899
104,104.0,101.94195677589555,0.6035688878762993
105,105.0,103.08941624386725,0.5352283496505459
106,106.0,104.30900741554689,0.4630588423983804
107,107.0,105.29443953647265,0.38752378524103215
108,108.0,106.15513503781943,0.30994649560800736
109,109.0,107.08362823946906,0.2310864885106488
110,110.0,108.02584966498867,0.1518464647478397
111,111.0,108.9236676199257,0.07349904483927083
112,112.0,109.8580237893669,-0.002357996949667006
113,113.0,110.74483042169476,-0.07479762647998879
114,114.0,111.6437365755512,-0.1431390867197256
115,115.0,112.67792520436112,-0.2064018640186581
116,116.0,113.724889431164,-0.2634017136852842
117,117.0,114.6367566902591,-0.31289752040748425
118,118.0,115.4962211811632,-0.35421299491714386
119,119.0,116.3023767511377,-0.38649175934977237
120,120.0,117.09530595575295,-0.4090430532916961
121,121.0,118.08775978025426,-0.42140535909259363
122,122.0,119.0845509738002,-0.42313880700121825
123,123.0,120.06307266444863,-0.4142231390913501
124,124.0,121.06786924608213,-0.39491753743572866
125,125.0,122.12959407294127,-0.36548189075164006
126,126.0,123.02310701728192,-0.3261767944009163
127,127.0,123.97801960081867,-0.27744320370776787
128,128.0,124.81410938004413,-0.22047049716135197
129,129.0,125.65491790594733,-0.1562272245883895
130,130.0,126.48460148417782,-0.08594655245766486
131,131.0,127.62979064087445,-0.011197811496064247
132,132.0,128.45861425904403,0.06618240540549417
133,133.0,129.24601733343292,0.14488369236953735
134,134.0,130.09031882681063,0.2237538291848518
135,135.0,131.0219655422983,0.30126906732329634
136,136.0,131.99142873544997,0.37553482496051827
137,137.0,132.94024815677412,0.44485154888745465
138,138.0,133.9480592778611,0.508250046932434
139,139.0,135.01719119732076,0.5645876964978576
140,140.0,136.05633497205233,0.6126483579900148
141,141.0,137.22132500828533,0.6511853074190321
142,142.0,138.24662500038903,0.6796312613687499
143,143.0,139.18667256275873,0.6980075305756782
144,144.0,140.4212942522993,0.7063187830939498
145,145.0,141.56999479651117,0.7045330918398791
146,146.0,142.60023257352415,0.6925861117698157
147,147.0,143.84855995183662,0.6709630438765768
148,148.0,144.74784963887868,0.6406575553408864
149,149.0,145.746630232812,0.6026236058359716
150,150.0,146.6257844025127,0.5579189867937697
151,151.0,147.62844725897838,0.5077053214049266
152,152.0,148.7125443859156,0.45328059637694135
153,153.0,149.6519888482702,0.39623595375495374
154,154.0,150.6926796555305,0.3378317872310998
155,155.0,151.51478389454326,0.27952303670477524
156,156.0,152.79527316765927,0.22309761177762727
157,157.0,153.73549967135617,0.1704393269257511
158,158.0,154.70928182092953,0.12279285191382644
159,159.0,155.64453823529016,0.08139758937202152
160,160.0,156.7933316021254,0.047704347226238564
161,161.0,157.87245421648828,0.023228152444402066
162,162.0,158.72574018768128,0.00870591131824679
163,163.0,159.64784092182205,0.004767054194065111
164,164.0,160.53762192982092,0.011908547583971467
165,165.0,161.33246773402982,0.030377420090921738
166,166.0,162.38207932944792,0.060101434615633
167,167.0,163.26391934655817,0.1007456312462568
168,168.0,164.36796135113718,0.15166310703345198
169,169.0,165.38585802166128,0.21181987574301944
170,170.0,166.1844906301138,0.28009067704159624
171,171.0,167.0088315343926,0.35505157052787584
172,172.0,168.01338059250824,0.43494804332959397
173,173.0,169.02419326853266,0.5176950101035505
174,174.0,170.08028475565595,0.6010000392659423
175,175.0,171.156628380158,0.6831359720388235
176,176.0,172.16406049333116,0.7624505384370323
177,177.0,173.25290106182396,0.8370676255439191
178,178.0,174.43151693506965,0.9048872773552958
179,179.0,175.37165523267973,0.9637089223876378
180,180.0,176.37715713642106,1.0125588413231663
181,181.0,177.60926216914626,1.0511616222144229
182,182.0,178.5242799532085,1.079064528860468
183,183.0,179.38839937429486,1.0956283430007652
184,184.0,180.35129119095447,1.1000495612310799
185,185.0,181.25297809886564,1.0926877569756328
186,186.0,182.3462088474663,1.0746312673951235
187,187.0,183.54979136048604,1.046711151395897
188,188.0,184.58166373013714,1.0097811545582938
189,189.0,185.54228950435362,0.9647177091366531
190,190.0,186.55878052714016,0.9127377372259868
191,191.0,187.4838976496723,0.85551634400703
192,192.0,188.33152371158104,0.7937206049027783
193,193.0,189.45477024043976,0.7284171709976207
194,194.0,190.32828117909435,0.6611733159774642
195,195.0,191.2986224417705,0.5940569361297493
196,196.0,192.32704520808582,0.5288072198917882
197,197.0,193.15622859861577,0.46583673286643157
198,198.0,194.28775212813943,0.40604310300535273
199,199.0,195.248370409112,0.35046322025780635
200,200.0,196.28547883827238,0.3002655232392128
201,201.0,197.18148038984924,0.25627026699788563
202,202.0,198.195662186742,0.2187539943219367
203,203.0,199.35605411544347,0.18805067829311345
204,204.0,200.24291683884383,0.1644703944309093
205,205.0,201.07725856044198,0.14804767931543095
206,206.0,202.0140864041295,0.13845398565790562
207,207.0,203.09279956374309,0.13537073428241056
208,208.0,203.96176746385524,0.13835587495868337
209,209.0,204.897602173445,0.14676792555343451
210,210.0,205.95357518902946,0.15974580580412398
211,211.0,207.12637121452155,0.17637548126544675
212,212.0,208.26124939239747,0.1956094415509359
213,213.0,209.30966345095908,0.21624855354503955
214,214.0,210.37775436752813,0.23692532569879976
215,215.0,211.38486151005932,0.2566717236949053
216,216.0,212.35935833008884,0.2744540856498163
217,217.0,213.40533673866915,0.28904755386825576
218,218.0,214.47925063299095,0.2991415177670852
219,219.0,215.41530516146048,0.30397802428240756
220,220.0,216.50046145517737,0.30298982004918396
221,221.0,217.6627854655211,0.2955269911905393
222,222.0,218.71743705846853,0.28086052978526316
223,223.0,219.91181996569654,0.2585057960051154
224,224.0,220.85271351754756,0.22847965125413222
225,225.0,221.83205020837784,0.19083923513411888
226,226.0,222.838196173922,0.14563506733811538
227,227.0,223.84356488808348,0.09292586676146296
228,228.0,224.96281956479038,0.03316192495389941
229,229.0,226.08267976776978,-0.033050921654499715
230,230.0,226.994737792308,-0.10501664816374476
231,231.0,228.0532079016483,-0.1818579412196018
232,232.0,229.04725500047246,-0.26251140062882183
233,233.0,230.02314750660017,-0.34567172639384336
234,234.0,230.81222906124003,-0.43026426083580716
235,235.0,231.77866784157789,-0.5149661421165852
236,236.0,232.8670199793234,-0.5980045146651154
237,237.0,233.7701956812224,-0.6771565291773798
238,238.0,234.65427671629902,-0.7500260439971072
239,239.0,235.81835989842855,-0.814814705004379
240,240.0,237.01032217567106,-0.8695063363372493
241,241.0,237.9061768260188,-0.9120299481597731
242,242.0,238.9060590038011,-0.9402786505954465
243,243.0,239.86534443768082,-0.9521365706522436
244,244.0,241.0417002379617,-0.9463546679905377
245,245.0,242.09188159402606,-0.9227300646432669
246,246.0,243.16897818222944,-0.8812487564595981
247,247.0,244.11804534949442,-0.8220541764172242
248,248.0,245.20763098554409,-0.7454471946223639
249,249.0,246.258494458369,-0.6519049555926177
250,250.0,247.2118240984166,-0.543099767889788
251,251.0,248.30066977581942,-0.42062749469198435
252,252.0,249.28847176347932,-0.28591118383816955
253,253.0,250.31259154953304,-0.14077849775289164
254,254.0,251.2958722114588,0.012538286553732125
255,255.0,252.28416050403328,0.17142881637512794
256,256.0,253.39545648677546,0.33400272633554373
257,257.0,254.4653278398863,0.4985083240593852
258,258.0,255.48667234532874,0.6621240898328793
259,259.0,256.5910696395149,0.8209339862618936
260,260.0,257.3610496774422,0.9701439142233321
261,261.0,258.36979898066335,1.106820472486867
262,262.0,259.48525958651214,1.2267761441357494
263,263.0,260.55166520817625,1.3264827403161452
264,264.0,261.66258148895866,1.4040015631677538
265,265.0,262.7566706810561,1.4588398239307077
266,266.0,263.90338739105755,1.4899458212927295
267,267.0,264.9348224989255,1.498898178991098
268,268.0,266.20638708313015,1.4879371962502708
269,269.0,267.1008308186673,1.4589691757164003
270,270.0,268.1956623643908,1.4137153419302875
271,271.0,269.4061699713103,1.355502451748512
272,272.0,270.38882155872653,1.2874805504603488
273,273.0,271.3880021358056,1.2123654115729523
274,274.0,272.41216212900997,1.1327021385332614
275,275.0,273.3129724092105,1.050930845949682
276,276.0,274.4569774265331,0.9695714180163947
277,277.0,275.61132408034644,0.8899714488514593
278,278.0,276.4509919163079,0.8135291592624558
279,279.0,277.44620709488396,0.7419696160571952
280,280.0,278.5812696966626,0.677344732043739
281,281.0,279.5658566710938,0.6213287622641711
282,282.0,280.5707552947398,0.5740027674501236
283,283.0,281.48644236782513,0.5355714384374657
284,284.0,282.53586124416955,0.5063314728634993
285,285.0,283.5039343401122,0.48666708543188697
286,286.0,284.45737791713634,0.47692867450167875
287,287.0,285.4946576627122,0.47652872451213446
288,288.0,286.33693146623546,0.48481750325705886
289,289.0,287.29290938144806,0.5010209056072176
290,290.0,288.3179758814316,0.5241485494709264
291,291.0,289.3423935380536,0.5529930954831477
292,292.0,290.4099378859668,0.5861892861880384
293,293.0,291.4126578281272,0.6225006007461478
294,294.0,292.3990992973163,0.6606134539367025
295,295.0,293.255181784251,0.699059051829885
296,296.0,294.2760583913813,0.7362133917868445
297,297.0,295.23895475262594,0.770456502539837
298,298.0,296.0059614343693,0.80067202826522
299,299.0,297.03643577245157,0.82567994021655
300,300.0,298.12324352978175,0.8442857155480181
301,301.0,299.20946761934016,0.855416866402373
302,302.0,300.2822482977862,0.8584453383607975
303,303.0,301.29919433378785,0.8528191009888
304,304.0,302.30627291698926,0.8380487157804349
305,305.0,303.36916475637884,0.8137625930872031
306,306.0,304.50727281989475,0.7799501963277393
307,307.0,305.4980159063249,0.736786188434154
308,308.0,306.58002327711193,0.6845340853379509
309,309.0,307.56484287104615,0.6235461733102947
310,310.0,308.48081357239306,0.5542899780149273
311,311.0,309.5179892514639,0.4775294308088723
312,312.0,310.39490299630427,0.3941109709831243
313,313.0,311.41177532593906,0.3050169840684657
314,314.0,312.3940346839562,0.21139135951603139
315,315.0,313.4613502469815,0.11453949069733127
316,316.0,314.62144167503646,0.015928274904224438
317,317.0,315.5493179590124,-0.08281450431533227
318,318.0,316.44887498383207,-0.1801488782471977
319,319.0,317.4827950080505,-0.27479371292899357
320,320.0,318.2972748375927,-0.3650978692611932
321,321.0,319.24040262938246,-0.44895845353106345
322,322.0,320.1732989720994,-0.5240807893772574
323,323.0,321.2233686381952,-0.5889148665026068
324,324.0,322.3287220154904,-0.6419080776177565
325,325.0,323.1718820303324,-0.6813137828717227
326,326.0,324.35352221114147,-0.7052487331674295
327,327.0,325.3101524660382,-0.7126583137562132
328,328.0,326.3220543383789,-0.7029979487880308
329,329.0,327.189484455724,-0.6759835222167847
330,330.0,328.1732096752572,-0.6316955516219819
331,331.0,329.03864922480943,-0.5705255710056044
332,332.0,330.12888400169686,-0.4932183166242916
333,333.0,331.00995033390035,-0.4014280457875821
334,334.0,331.960076656249,-0.2969635937773292
335,335.0,332.90847098116245,-0.1816923858508604
336,336.0,334.17013301699916,-0.05754043724102198
337,337.0,335.2275206007588,0.07350764684385047
338,338.0,336.2511345869692,0.2092567918641377
339,339.0,337.2987593736952,0.3466977279854613
340,340.0,338.466119990521,0.48376061532274484
341,341.0,339.2640530117811,0.6180129797905611
342,342.0,340.2012197071096,0.7463806850745878
343,343.0,341.3644862989137,0.8652189823076049
344,344.0,342.47239438230514,0.972183079466675
345,345.0,343.69040704868996,1.0651453489904008
346,346.0,344.661384510647,1.1421369198167866
347,347.0,345.6096054253335,1.201846518224052
348,348.0,346.5789984805102,1.2435911870677598
349,349.0,347.4631458312089,1.2669094422909675
350,350.0,348.4176625137707,1.2729580326589727
351,351.0,349.1141549884518,1.2632999846887634
352,352.0,350.0865717066914,1.2393822345223413
353,353.0,351.16194489143993,1.2025356279267219
354,354.0,352.02023770350206,1.1547000383528017
355,355.0,353.02065450931053,1.0986151027727094
356,356.0,354.21972630719466,1.0363584886282635
357,357.0,355.1336282245559,0.9700238915440493
358,358.0,356.0963612331773,0.9017278506883926
359,359.0,357.2879356337846,0.8336526626235292
360,360.0,358.3302038892296,0.7674883335842482
361,361.0,359.4069673805501,0.7040703998020779
362,362.0,360.10836083474203,0.6444738753484545
363,363.0,360.86099608274503,0.5900847737781068
364,364.0,361.70333747199385,0.542505892389562
365,365.0,362.6928006966191,0.5022412785334487
366,366.0,363.62126329164266,0.4691991836968084
367,367.0,364.5370810404501,0.4434020194092173
368,368.0,365.42467713378414,0.4249472132374389
369,369.0,366.31411870907675,0.4139753692694753
370,370.0,367.28362731913256,0.40999375045010045
371,371.0,368.245785494732,0.4122890360523275
372,372.0,369.47743665742627,0.4201355965795597
373,373.0,370.5211002882302,0.43268253501921555
374,374.0,371.5527750609549,0.44895368684272724
375,375.0,372.68720637264914,0.4678361485885704
376,376.0,373.7091255271347,0.4882561719007044
377,377.0,374.7714173710714,0.5091899538879449
378,378.0,375.7863542028805,0.5295841041946969
379,379.0,376.8448852558294,0.5483555861215096
380,380.0,377.79476869230075,0.56436763027828
381,381.0,378.69507769244467,0.5765079523897273
382,382.0,379.7423703078065,0.5845218079046931
383,383.0,380.6655749971486,0.5881073409776193
384,384.0,381.70638288159984,0.586713604306439
385,385.0,382.71408108042806,0.5795405591325768
386,386.0,383.5382518136572,0.5658105818077898
387,387.0,384.49660614127424,0.545821078974207
388,388.0,385.4350133009484,0.5198136393205639
389,389.0,386.3770747873454,0.4879550240826766
390,390.0,387.25288629270835,0.45036786621863983
391,391.0,388.3155900802915,0.40720758679157754
392,392.0,389.2213163521785,0.35905121176608856
393,393.0,390.3355973907021,0.30626218870316935
394,394.0,391.3865911498237,0.2493186428368256
395,395.0,392.40632777954045,0.18889342950084292
396,396.0,393.2777543497732,0.12585413412876983
397,397.0,394.37515192686715,0.061172900853703686
398,398.0,395.4070183545742,-0.004446141242644988
399,399.0,396.4882982768945,-0.07023186366866546
400,400.0,397.4097769858096,-0.13522153150660637
401,401.0,398.4636725026676,-0.19826275316065464
402,402.0,399.3065101820406,-0.2582441341273021
403,403.0,400.30349965147377,-0.3143938696111263
404,404.0,401.3163331678117,-0.3657996177114401
405,405.0,402.3069045487461,-0.41133148382491436
406,406.0,403.23911386773574,-0.4498200131864654
407,407.0,404.1862016895215,-0.48061764010056185
408,408.0,405.33465439496115,-0.5029892563557182
409,409.0,406.4810085706327,-0.5163427723082628
410,410.0,407.58580790081083,-0.5202570884354245
411,411.0,408.432025090136,-0.5144536111130884
412,412.0,409.39051294411234,-0.4990296738663621
413,413.0,410.4245942837394,-0.47455024061992923
414,414.0,411.4143410255939,-0.4417477941009893
415,415.0,412.23660385210195,-0.4015134419936504
416,416.0,413.30735174002507,-0.3548969169389173
417,417.0,414.2862069690988,-0.30310657653470885
418,418.0,415.29635486582833,-0.24752947547041423
419,419.0,416.3346998163652,-0.1900731457704542
420,420.0,417.45537126389524,-0.1323439978285986
421,421.0,418.3113120620686,-0.07598229735642825
422,422.0,419.3768969396017,-0.02287857933598959
423,423.0,420.4929940343956,0.02547465863335796
424,424.0,421.4807649771101,0.06795212854007227
425,425.0,422.46168217806985,0.1033503916777985
426,426.0,423.72981306311874,0.13045317109509155
427,427.0,424.7799294116485,0.14864238183890052
428,428.0,425.70340918842453,0.15766177455780805
429,429.0,426.6660906658095,0.1574082379103682
430,430.0,427.5621994363505,0.14796284773281343
431,431.0,428.4932852931112,0.12973955627844727
432,432.0,429.72508399313745,0.10357892421960088
433,433.0,430.631654654363,0.07049768029215127
434,434.0,431.66354601905,0.03167361541994651
435,435.0,432.68920019527206,-0.011390262937406165
436,436.0,433.65064814950216,-0.05692269116460208
437,437.0,434.7448859784226,-0.10318911974016384
438,438.0,435.69245311439454,-0.14815855841357212
439,439.0,436.86633848596836,-0.18966902134269892
440,440.0,437.8588075052892,-0.22590697937370569
441,441.0,438.9422686550083,-0.25500087912331876
442,442.0,440.1113683601506,-0.2749314656528213
443,443.0,441.14132698395514,-0.28361283957163197
444,444.0,442.2847511948425,-0.2797686846047277
445,445.0,443.3372358300344,-0.2624225122774356
446,446.0,444.4588386135899,-0.23048180850046548
447,447.0,445.45638959327226,-0.18286106784672929
448,448.0,446.43103685942765,-0.1194496725147608
449,449.0,447.5298046240235,-0.04049927423542715
450,450.0,448.4686144371533,0.05344461551700058
451,451.0,449.35964193451014,0.16145532676117436
452,452.0,450.08118525350653,0.2820851812798684
453,453.0,451.0494393770461,0.4136696297379999
454,454.0,451.9052476420072,0.5539350869660878
455,455.0,453.1091745383435,0.6999198772940379
456,456.0,454.17622466338054,0.8479742345511854
457,457.0,455.2587769890305,0.9939551765192588
458,458.0,456.30155950443117,1.1342108174779295
459,459.0,457.37455725218246,1.264737657949402
460,460.0,458.37033179548575,1.382017564307179
461,461.0,459.40878145766146,1.4831580171056244
462,462.0,460.3275487993346,1.565866054898095
463,463.0,461.32940195345697,1.6281455429126295
464,464.0,462.3020663468832,1.6708930833910192
465,465.0,463.27682115986477,1.6953095992676943
466,466.0,464.2664095467041,1.7018012555204154
467,467.0,465.41962537811617,1.6902126915145748
468,468.0,466.5634710162064,1.662662728623121
469,469.0,467.45575734257545,1.6218101257357913
470,470.0,468.40040642835646,1.5695645042135757
471,471.0,469.564091411849,1.507232559935372
472,472.0,470.5606930840748,1.4360433367234733
473,473.0,471.5972633768582,1.358217379640547
474,474.0,472.82075635649966,1.2751205626653674
475,475.0,473.91670859424585,1.1881385334010373
476,476.0,474.97705136404466,1.0987458038631464
477,477.0,475.9669498383584,1.008524777421306
478,478.0,476.8741368878535,0.9189634694591211
479,479.0,477.8332877641554,0.8306861046641736
480,480.0,478.7384748864332,0.7444845583459148
481,481.0,479.89456421826964,0.66151703177295
482,482.0,480.96528260457706,0.5833015824378386
483,483.0,481.95255071835504,0.5108248663045706
484,484.0,483.0594686506851,0.44423569277054176
485,485.0,484.18343417118757,0.3839134944110405
486,486.0,485.2744281573664,0.3304070413973118
487,487.0,486.4301880912452,0.2844344414965827
488,488.0,487.3501845513456,0.24646522210447178
489,489.0,488.4925052709369,0.2163927665221571
490,490.0,489.4090453027905,0.19423749903598958
491,491.0,490.1629811459068,0.17989316715014042
492,492.0,491.18182377434044,0.1731250870309735
493,493.0,492.28195639747236,0.1735587651018271
494,494.0,493.18365446949457,0.18071122497867445
495,495.0,494.0992789815085,0.19418862322269526
496,496.0,494.9936196334055,0.21339975645467762
497,497.0,496.0813565212776,0.2375113881567546
498,498.0,497.1631305836928,0.26544824867240785
499,499.0,498.06438473511145,0.2959004750946182
500,500.0,498.9368321888907,0.3277745522422313
501,501.0,500.0532417613224,0.3603991015604954
502,502.0,501.1539773428236,0.39288477490208684
503,503.0,502.11156693735455,0.424073699948008
504,504.0,503.0001695068904,0.4525394802075853
505,505.0,503.9146495596692,0.4767052334004245
506,506.0,504.9320752258513,0.495918412246056
507,507.0,505.73445070792104,0.5098620004546238
508,508.0,506.7392042375941,0.5178223597645023
509,509.0,507.8324544880604,0.5186802748957091
510,510.0,508.78695677720964,0.5111074991026329
511,511.0,510.0219515991498,0.4950555235717745
512,512.0,510.9374394203113,0.47051833353849476
513,513.0,512.223539771171,0.4373428041778994
514,514.0,513.3596439036575,0.39532459368475353
515,515.0,514.5087757657486,0.34439591421780147
516,516.0,515.6469742317275,0.285228466564705
517,517.0,516.6958855267765,0.2185866102018321
518,518.0,517.6510974792269,0.14514288415067783
519,519.0,518.666958890215,0.06547929478777909
520,520.0,519.6072053962906,-0.019689041925343174
521,521.0,520.4762386392393,-0.10895466797013148
522,522.0,521.3045413422545,-0.2013135748639956
523,523.0,522.3936740852757,-0.2954140358144855
524,524.0,523.3341835598476,-0.3894707487790055
525,525.0,524.5279295351129,-0.4813153788071273
526,526.0,525.5825052318511,-0.5691996541004481
527,527.0,526.4836424473906,-0.6516005364760409
528,528.0,527.5691926244901,-0.7264955082038584
529,529.0,528.5179641162714,-0.7913401333425316
530,530.0,529.4130764124326,-0.8432019808156112
531,531.0,530.5842387546805,-0.8804189232568299
532,532.0,531.49635294264,-0.9016320796745392
533,533.0,532.610969679542,-0.9056737642741827
534,534.0,533.576116116189,-0.8917604917101192
535,535.0,534.6011993011547,-0.8595194852697375
536,536.0,535.6048404814619,-0.8094196228396588
537,537.0,536.6797322291538,-0.742198162413539
538,538.0,537.6625862820309,-0.6588642198905796
539,539.0,538.6555865410564,-0.560823258097242
540,540.0,539.650403117165,-0.4498770867872545
541,541.0,540.7698256857169,-0.3282238626415802
542,542.0,541.6837977082891,-0.19845457488366317
543,543.0,542.7592005822759,-0.06271037000547153
544,544.0,543.7317547931656,0.07764245334755471
545,545.0,544.6685655409157,0.22070565194148717
546,546.0,545.4844950371241,0.36407305272407064
547,547.0,546.4782115512005,0.5049659881399287
548,548.0,547.5507738899602,0.6413578453456926
549,549.0,548.6340988503933,0.7709533852815161
550,550.0,549.682591342672,0.8912221512584426
551,551.0,550.644329397251,0.9995176183776845
552,552.0,551.6711042183324,1.0937057861460613
553,553.0,552.6038311041307,1.1720143630147806
554,554.0,553.5983898587822,1.2328732142122636
555,555.0,554.6407880276929,1.2759751777272674
556,556.0,555.7179319043892,1.3022804952313356
557,557.0,556.5747065675585,1.3129634424106644
558,558.0,557.8177636180014,1.3093748816907622
559,559.0,558.6587657196262,1.2942182441441203
560,560.0,559.5349658863811,1.2697955482186876
561,561.0,560.4862712565094,1.2379891333392932
562,562.0,561.5947928775187,1.2009134377797848
563,563.0,562.4796168053009,1.161216454007741
564,564.0,563.677057436944,1.1205687821655204
565,565.0,564.8881618313641,1.0805657496174326
566,566.0,565.9245066824149,1.042747756938739
567,567.0,566.8782893180191,1.0086137829961628
568,568.0,567.8764171899937,0.9791559006707709
569,569.0,568.7570377556914,0.9540135378247643
570,570.0,569.7382801621513,0.9328372756649201
571,571.0,570.9217279802087,0.9155069882361417
572,572.0,572.0247929211646,0.902131842421467
573,573.0,573.057788494774,0.8930492778458394
574,574.0,573.9338956535789,0.88751080372111
575,575.0,574.9221511470661,0.8842103524012123
576,576.0,575.8113648856045,0.88252168758245
577,577.0,576.714459955201,0.8816738321117477
578,578.0,577.7413876684556,0.8807510679866489
579,579.0,578.8223626242824,0.8786927216516315
580,580.0,579.9158311233849,0.8746517336479502
581,581.0,580.9693523840726,0.8684413253321943
582,582.0,582.0085098549489,0.8597534438951351
583,583.0,582.9497564859194,0.8480404108433443
584,584.0,583.9804629425017,0.8325173221023582
585,585.0,585.0373177318925,0.812764967013847
586,586.0,586.1779937403046,0.789039141592262
587,587.0,587.2441764808766,0.7614634799459956
588,588.0,588.5351282848183,0.7300669095249315
589,589.0,589.4470196057124,0.6947836511204455
590,590.0,590.4714298835446,0.6556702033868782
591,591.0,591.3984545413167,0.6131484930758085
592,592.0,592.3680027781786,0.5675261757963939
593,593.0,593.4991950189507,0.5190872838663856
594,594.0,594.611808134799,0.46809379929431094
595,595.0,595.6224099365322,0.414785653779477
596,596.0,596.6655433090358,0.35946450349102654
597,597.0,597.7508274765266,0.3026962736458703
598,598.0,598.7997179746535,0.24476378164337964
599,599.0,599.6875043573641,0.18596804815525725
600,600.0,600.6361260758749,0.1266702044690869
601,601.0,601.4613328689384,0.06729015484952296
602,602.0,602.3375372940845,0.008231292333666582
603,603.0,603.3953735616777,-0.05013121081932373
604,604.0,604.2897320462292,-0.10735667229745635
605,605.0,605.1971543513746,-0.1629370791087955
606,606.0,606.1885250817404,-0.21629708758147703
607,607.0,607.2575192253531,-0.2667287710205431
608,608.0,608.2647482072664,-0.313555593120223
609,609.0,609.2280556657248,-0.35622030127791793
610,610.0,610.3633788602294,-0.3940717129500172
611,611.0,611.3697262329904,-0.4263623955252869
612,612.0,612.4655419058344,-0.4522506076717793
613,613.0,613.5649543097538,-0.47107158240624397
614,614.0,614.5445383334359,-0.4825938240809987
615,615.0,615.5101490221637,-0.4865982938550281
616,616.0,616.5860644255386,-0.4828289753824941
617,617.0,617.557852967157,-0.470992874812734
618,618.0,618.7060113065355,-0.4511578891113985
619,619.0,619.8983106493475,-0.4240470097171275
620,620.0,620.8690449959096,-0.39015050687841896
621,621.0,622.0617430240069,-0.3502540219816148
622,622.0,622.8806935713839,-0.30545166530805945
623,623.0,624.0596087429866,-0.25714205516147826
624,624.0,624.9632143593955,-0.20666663453074643
625,625.0,625.9439875380543,-0.15506764736688528
626,626.0,626.9709796821751,-0.103731872110115
627,627.0,627.9185665428028,-0.054462743433493534
628,628.0,628.9787773363145,-0.008990643519622893
629,629.0,630.0808375449769,0.031463613447137787
630,630.0,631.0760299476764,0.06561356105682761
631,631.0,632.0253643824414,0.09235973172555706
632,632.0,632.9021345432168,0.11094838451266328
633,633.0,633.9174165520491,0.1207192579201402
634,634.0,635.016627416474,0.12120635360689049
635,635.0,635.9761697009906,0.11228867711034961
636,636.0,637.1050007978426,0.09414699239603894
637,637.0,638.0957665410832,0.06717682239687889
638,638.0,639.2025955659893,0.03201251490076167
639,639.0,640.2533978883596,-0.010328422344315885
640,640.0,641.3057790533593,-0.058598662311035256
641,641.0,642.2136418806246,-0.11137952212685615
642,642.0,643.1789054949729,-0.167218693196416
643,643.0,644.1306448143679,-0.22438611551418494
644,644.0,645.0278625636388,-0.2808260509424262
645,645.0,645.9711970040604,-0.3346164594600418
646,646.0,646.9982451325207,-0.383811294819669
647,647.0,647.9662184464266,-0.42624172885165446
648,648.0,648.814040518793,-0.45971661382862966
649,649.0,649.8119779589985,-0.4827233783178818
650,650.0,650.6552624999163,-0.49382972057781543
651,651.0,651.7094376186044,-0.4915622800335526
652,652.0,652.8038599100764,-0.47463185188779755
653,653.0,653.7163893391495,-0.44255478576114105
654,654.0,654.7108454417794,-0.39504837495270834
655,655.0,655.6032194208977,-0.33207205205860674
656,656.0,656.5407706267364,-0.25383546240390265
657,657.0,657.7137170044431,-0.16096253632836904
658,658.0,658.6365950877745,-0.054849512887443
659,659.0,659.5016481280657,0.06290321040441688
660,660.0,660.4605227446069,0.19062503746410886
661,661.0,661.3131519197989,0.32657517364000976
662,662.0,662.354056007992,0.4686764922520781
663,663.0,663.1642643830058,0.6136719388825178
664,664.0,664.0192708191696,0.7588671613286884
665,665.0,664.9835412800137,0.9011037362145864
666,666.0,666.1647656170423,1.0365971445541073
667,667.0,667.285277584456,1.161052443367576
668,668.0,668.2914394808749,1.2716738610100469
669,669.0,669.235549931919,1.3657769984008603
670,670.0,670.0201143575105,1.4413405878461862
671,671.0,670.8814202290141,1.497531403363543
672,672.0,671.8398387197475,1.5347042606817116
673,673.0,672.9092846409676,1.5533439437714571
674,674.0,673.9794163802486,1.5550647551078942
675,675.0,674.9165958099743,1.5424600111086777
676,676.0,675.9482971652776,1.5173593722196572
677,677.0,676.9522110067111,1.4808276930827082
678,678.0,677.7987390583655,1.434432786305833
679,679.0,678.8188243921031,1.3811463295174473
680,680.0,679.88700577119,1.3228705965920615
681,681.0,680.8504245421091,1.2611391209351743
682,682.0,681.8520318381907,1.1971223710925507
683,683.0,682.9128381089673,1.1319847059021326
684,684.0,683.8865932751528,1.0671158484435135
685,685.0,684.9473630485743,1.0029065153467258
686,686.0,685.948420531495,0.9398286895455835
687,687.0,687.0061022024263,0.8784948220725167
688,688.0,688.0619356044388,0.8196578320585095
689,689.0,688.9917446017016,0.7639670050904924
690,690.0,689.9581731604646,0.7110632852351174
691,691.0,690.9578077029821,0.6605529223622657
692,692.0,691.9472273399448,0.6123490944610481
693,693.0,692.733524909494,0.5666697960883411
694,694.0,693.7429418807806,0.52403783836881
695,695.0,694.6092758333226,0.4846727262593079
696,696.0,695.6007081366497,0.44799335763525383
697,697.0,696.5483310731784,0.4138183143163518
698,698.0,697.6434324618418,0.3820753426049912
699,699.0,698.6516160937691,0.35279890512863277
700,700.0,699.7130827810612,0.3261212423733855
701,701.0,700.7114667571113,0.3018766466267743
702,702.0,701.7074747445715,0.28007273400156985
703,703.0,702.5856156654896,0.26079630937581183
704,704.0,703.5290489380235,0.2439808269510168
705,705.0,704.7082165695854,0.2294063902521836
706,706.0,705.5376106402086,0.2167713382669423
707,707.0,706.5395419438214,0.20614535265609424
708,708.0,707.534186483377,0.1973067908991215
709,709.0,708.5443896924733,0.18990058777292784
710,710.0,709.5140255060506,0.1835113485963337
711,711.0,710.4233540933047,0.17766306891602524
712,712.0,711.3477400756774,0.17179955621597442
713,713.0,712.2274372977837,0.16531877206593
714,714.0,713.3481801402779,0.1575581637959406
715,715.0,714.4241938359378,0.1477751727643386
716,716.0,715.4074130447374,0.13515170502145063
717,717.0,716.6274772016827,0.11898201668232827
718,718.0,717.5999596628728,0.09872867272935641
719,719.0,718.6252908707104,0.07381014970888376
720,720.0,719.632589174404,0.04359054596229257
721,721.0,720.8394416856585,0.007577524640230461
722,722.0,721.9462897776997,-0.034449182874371986
723,723.0,722.9226704061928,-0.08263564701665918
724,724.0,724.0144636630521,-0.13700888767711614
725,725.0,725.1458439481088,-0.19743548270714456
726,726.0,726.1965804413011,-0.2636648418331002
727,727.0,727.2676447885107,-0.33527945557560074
728,728.0,728.2966245292087,-0.41149822955606064
729,729.0,729.3071465439396,-0.4911729988066176
730,730.0,730.3236468169814,-0.5727885277700954
731,731.0,731.3038026456243,-0.6544594174310596
732,732.0,732.3387746109163,-0.7341592276260201
733,733.0,733.1888327892608,-0.8102632367476785
734,734.0,734.2269289455166,-0.8808058447716302
735,735.0,735.1855754816072,-0.9433200824468275
736,736.0,736.1527761946285,-0.9948376112956469
737,737.0,737.3737750814097,-1.0323543149270573
738,738.0,738.5465065946954,-1.0545060141336626
739,739.0,739.6785774864192,-1.0598497160940274
740,740.0,740.7857352072076,-1.0474009799945196
741,741.0,741.7984851705673,-1.016719405277165
742,742.0,742.7070850181566,-0.9679055072075642
743,743.0,743.7693552253795,-0.9013470909755038
744,744.0,744.7664405315138,-0.8182900974861715
745,745.0,746.0425602608497,-0.7203271986829498
746,746.0,747.0519709373515,-0.6090080715697455
747,747.0,747.8941685740315,-0.4858393982110984
748,748.0,749.1303825998941,-0.35228486573207685
749,749.0,749.9768321426404,-0.20976516631831776
750,750.0,750.9758012059021,-0.06010199955474471
751,751.0,751.895455069018,0.0953127407651499
752,752.0,752.9178522923044,0.255200812361398
753,753.0,753.9440724689724,0.41754053584176365
754,754.0,755.2157138820563,0.5795826124286955
755,755.0,756.3521314524753,0.7390269913178241
756,756.0,757.0763053522226,0.8924619713195152
757,757.0,757.9664999099936,1.0359043878038703
758,758.0,758.8880553588015,1.1657698991300256
759,759.0,759.9626993717029,1.2789343914544498
760,760.0,761.0401441806016,1.3727382856986243
761,761.0,762.0072940753028,1.444273391922575
762,762.0,762.9632767489,1.4925733278402833
763,763.0,763.845231202098,1.5189670644597835
764,764.0,764.8158831599575,1.5268926849845084
765,765.0,766.0056035102604,1.5182168265431883
766,766.0,767.0293972729921,1.4961486667955208
767,767.0,767.931630502082,1.4641685442212808
768,768.0,768.9468518448225,1.4248857716481662
769,769.0,769.7686173370564,1.3804751687852226
770,770.0,770.9760477502995,1.3338747366967756
771,771.0,772.0631781515482,1.2870896921339847
772,772.0,773.146828832348,1.2416977788227035
773,773.0,774.130523095265,1.1989110329228685
774,774.0,775.0461062861523,1.1596480736181842
775,775.0,776.0281032634689,1.1246398130365112
776,776.0,777.0868706734551,1.0936112664219924
777,777.0,777.8836138482513,1.066192259271975
778,778.0,778.8152135121143,1.042062906734932
779,779.0,779.9786682748677,1.0209536136104933
780,780.0,781.2208228190638,1.0026450743494202
781,781.0,782.3835552180137,0.986324870240331
782,782.0,783.3448354651862,0.9708608874404449
783,783.0,784.3039400077452,0.9559923856370102
784,784.0,785.1886035755713,0.9412972529971084
785,785.0,786.0931035476628,0.9261803812401666
786,786.0,787.1468645933772,0.909873665637962
787,787.0,788.0389712637036,0.8914578806399945
788,788.0,788.9597256976015,0.8707638785177036
789,789.0,790.0371989388736,0.8478397851916506
790,790.0,791.1925713931889,0.8225759159610474
791,791.0,792.0622689029243,0.7949517825552768
792,792.0,792.8325925356121,0.7650360931339044
793,793.0,793.9454135028133,0.7329867522866513
794,794.0,794.7971725432946,0.6990470867309899
795,795.0,795.8094848230178,0.6633560179014754
796,796.0,796.7819234683518,0.6259021641675315
797,797.0,797.6852881755028,0.586740657117804
798,798.0,798.6877503669966,0.5460050095200815
799,799.0,799.8399123548211,0.5039071153213407
800,800.0,800.8506273307127,0.4607372496477065
801,801.0,801.835932208311,0.41667163448308664
802,802.0,803.0204323664566,0.37135611986665756
803,803.0,804.1392997713845,0.3247200765375276
804,804.0,805.1177713487591,0.2767137630016301
805,805.0,806.0276779552055,0.22728117470085568
806,806.0,806.9997777253865,0.1763600440130711
807,807.0,808.0981082424183,0.12388184025214188
808,808.0,809.3488898628249,0.06980008428833044
809,809.0,810.1569288847815,0.014258816306560396
810,810.0,811.1258311890031,-0.04248248269812341
811,811.0,812.0483692721089,-0.10011328787960419
812,812.0,813.0568829307988,-0.15827219834132783
813,813.0,814.3035771926624,-0.21654693713636047
814,814.0,815.3322846755402,-0.2744001041883888
815,815.0,816.1611000953927,-0.3308882418003711
816,816.0,817.1322965163608,-0.3854940196009571
817,817.0,817.986998688067,-0.43747153812325
818,818.0,818.8513735628594,-0.4857120833216479
819,819.0,819.9109769189994,-0.5287441265717852
820,820.0,820.9789786416168,-0.5649964004785951
821,821.0,821.9042341868725,-0.5935910621880822
822,822.0,823.0054090282831,-0.6135884511606845
823,823.0,823.9067977427599,-0.6240830738730089
824,824.0,824.9713782995416,-0.6242194071511257
825,825.0,826.0488674724256,-0.6132255735942953
826,826.0,827.1694503323284,-0.5910385266870228
827,827.0,828.1608582239012,-0.5576700060491411
828,828.0,829.072765246617,-0.513329757996039
829,829.0,830.1019407695301,-0.45862021067135855
830,830.0,831.0773968488847,-0.394536474046954
831,831.0,832.1249569003221,-0.3224663399229051
832,832.0,833.2127629200893,-0.2440531347496334
833,833.0,834.1865758852338,-0.16060609473703893
834,834.0,835.1790596813064,-0.07363673207902105
835,835.0,836.2006535862462,0.015113179312239822
836,836.0,837.3040249202077,0.10368741255607367
837,837.0,838.3381073161985,0.19016052666062433
838,838.0,839.3724665585105,0.2732908074219751
839,839.0,840.4708769862468,0.3518351852888255
840,840.0,841.4052357367082,0.42436527794140533
841,841.0,842.4332876056757,0.4892780152604743
842,842.0,843.4922085657997,0.5454562364735186
843,843.0,844.5035363199577,0.5925754578938875
844,844.0,845.5005674432231,0.630401872462768
845,845.0,846.3954691126748,0.6587752174149882
846,846.0,847.4426639472804,0.6776198269024268
847,847.0,848.3240524098699,0.6877670820716216
848,848.0,849.374967872521,0.6898016376717709
849,849.0,850.5816157964878,0.6842118996280759
850,850.0,851.4120437887418,0.6720202875641612
851,851.0,852.5345263702251,0.6547832348020696
852,852.0,853.4953367620828,0.634567254015746
853,853.0,854.2980843319219,0.6126308344431869
854,854.0,855.2760149139006,0.5897849226685116
855,855.0,856.166495000316,0.5672068723860002
856,856.0,857.3036214043071,0.5461557525714704
857,857.0,858.2228973702381,0.5279723474822855
858,858.0,859.214904903053,0.513931035216503
859,859.0,860.2963083793502,0.5044603902064382
860,860.0,861.2578939085954,0.49973432848660254
861,861.0,862.2613723617376,0.5000340010350557
862,862.0,863.343871955291,0.5057483468362168
863,863.0,864.328367478759,0.5172279465252705
864,864.0,865.5417840997748,0.5339181861099295
865,865.0,866.6110985016074,0.5552490217553454
866,866.0,867.577510262523,0.5806003765982453
867,867.0,868.5983330336068,0.6092392993227618
868,868.0,869.4617002395296,0.6403053448968968
869,869.0,870.4297595155491,0.6727580774248378
870,870.0,871.4184392198712,0.7059536331615923
871,871.0,872.4124626158665,0.7392451447732376
872,872.0,873.2761649780703,0.7718491260462637
873,873.0,874.4323347869831,0.8028454718876061
874,874.0,875.390840908731,0.8311774583246098
875,875.0,876.4340546640982,0.8558732639934871
876,876.0,877.3625540954162,0.8767922908726039
877,877.0,878.461188143939,0.8938821235517824
878,878.0,879.4112448287328,0.9070507808484891
879,879.0,880.4075969485588,0.9161729303902291
880,880.0,881.3946492659043,0.9210898886145602
881,881.0,882.1866467087023,0.9216117372151585
882,882.0,883.1566457750469,0.9178182199014693
883,883.0,884.2687268559694,0.9102965201756729
884,884.0,885.2280948682885,0.8995399677701839
885,885.0,886.0772077238694,0.8858726537140141
886,886.0,887.1433779847487,0.8694494303327737
887,887.0,888.2623846558546,0.8502559112486794
888,888.0,889.1817357801501,0.8281084713805384
889,889.0,890.1751427510603,0.8032809923979841
890,890.0,891.3282789218276,0.7763213908361828
891,891.0,892.3172547040456,0.7470372761603146
892,892.0,893.4181013252203,0.7153726156895663
893,893.0,894.4432089133518,0.6814149047578837
894,894.0,895.4403637516484,0.6453951667140075
895,895.0,896.3290079071406,0.6076879529214405
896,896.0,897.2705678621365,0.5687392539223565
897,897.0,898.5340362655131,0.5282136749666246
898,898.0,899.4818584978066,0.4863265164807414
899,899.0,900.5351805646297,0.4434670522641167
900,900.0,901.4480754468068,0.3999157886973248
901,901.0,902.3751892646119,0.3558444647421214
902,902.0,903.2715989819267,0.31131605194146295
903,903.0,904.3574144745903,0.2668069826888749
904,904.0,905.3189205915862,0.22308778681105768
905,905.0,906.3487072084811,0.1803477736955882
906,906.0,907.444586815552,0.13902859539000464
907,907.0,908.4163709903037,0.09983379475282925
908,908.0,909.4121071379608,0.06345692189029603
909,909.0,910.4115001327284,0.030155986709590354
910,910.0,911.4817821437912,0.00022660076708277965
911,911.0,912.4301916375391,-0.02595654900233388
912,912.0,913.5226101496633,-0.04807246046217537
913,913.0,914.6419325053939,-0.06610106539284145
914,914.0,915.4954536674288,-0.08012017554445688
915,915.0,916.3532690615252,-0.0903138020072353
916,916.0,917.2981848162449,-0.09703556369702566
917,917.0,918.3536565718533,-0.10072275843510058
918,918.0,919.3691358403983,-0.1018554871091454
919,919.0,920.5224351458919,-0.10112286564845031
920,920.0,921.6761010440661,-0.09937611250047405
921,921.0,922.6204871560388,-0.09742721376005237
922,922.0,923.605039329103,-0.09616320524989264
923,923.0,924.616859852734,-0.0965755335745027
924,924.0,925.5371470606464,-0.09973909868903806
925,925.0,926.4562079187073,-0.10648263922924893
926,926.0,927.4506156548704,-0.11744058621149714
927,927.0,928.6255888449462,-0.13331104674089828
928,928.0,929.7704032493799,-0.1547653869986688
929,929.0,930.7286522894003,-0.18207760969737352
930,930.0,931.8321386739444,-0.21546603751536764
931,931.0,932.77993286058,-0.25489441559106224
932,932.0,933.756746178126,-0.29998446963565184
933,933.0,934.5782268691867,-0.3501525541210377
934,934.0,935.5686095484275,-0.40502778688533025
935,935.0,936.5412096653197,-0.4638764031978109
936,936.0,937.6052779096209,-0.5255557529977388
937,937.0,938.5478410770218,-0.5885143008943223
938,938.0,939.519092435131,-0.6507845931090678
939,939.0,940.6256589211688,-0.7103664751757955
940,940.0,941.7271317532768,-0.7658497276090792
941,941.0,942.7863387947409,-0.8156411304452471
942,942.0,943.5901522252761,-0.8578515221751495
943,943.0,944.5823622238559,-0.8902957997442049
944,944.0,945.8277193175321,-0.9104929185523544
945,945.0,946.9312652997154,-0.916470880874929
946,946.0,947.8767904871381,-0.9080416844898935
947,947.0,948.8662728197686,-0.8850391448443069
948,948.0,949.8238330978576,-0.8473336043412485
949,949.0,950.8292228034759,-0.7948340166013986
950,950.0,951.6327130336441,-0.7274879464630067
951,951.0,952.689054123444,-0.6461580473787021
952,952.0,953.6299419127715,-0.552538881471569
953,953.0,954.6502730392201,-0.4476729789703082
954,954.0,955.6451421640411,-0.33291903238705894
955,955.0,956.756474660744,-0.2099581866218474
956,956.0,957.9146240590485,-0.08079053253854399
957,957.0,958.8403572034616,0.052844766909406427
958,958.0,959.8563586849457,0.189893733958943
959,959.0,960.7291711036057,0.3288449723033275
960,960.0,961.7824858053369,0.4676047572119505
961,961.0,962.854219314018,0.6035601751821622
962,962.0,963.7634001860835,0.7346704418786769
963,963.0,964.5512269326703,0.8585038606286177
964,964.0,965.6979023866907,0.9725012650983289
965,965.0,966.9131060293953,1.0742846835564832
966,966.0,967.7500242367774,1.1617689565246228
967,967.0,968.8112539904548,1.2335590200650177
968,968.0,969.8824596618933,1.2880442776764727
969,969.0,970.9178965304159,1.3246191490508399
970,970.0,971.8517927848179,1.34388356806574
971,971.0,972.9373089769275,1.3476429827845264
972,972.0,974.02520260016,1.3378558991581166
973,973.0,975.0263708408909,1.3159174114907608
974,974.0,975.9517489041458,1.2842192122481353
975,975.0,977.0792150038505,1.2449492064451972
976,976.0,978.1193422128374,1.2000764853080554
977,977.0,979.2215326656963,1.151411257505979
978,978.0,980.2631319965416,1.1011780018130144
979,979.0,981.2464629752442,1.05051914073648
980,980.0,982.1661910727073,1.0004201941343143
981,981.0,983.1549232298055,0.9520869425136576
982,982.0,984.1899620105021,0.9069454270308727
983,983.0,985.1381005709601,0.8660113209508533
984,984.0,986.1683781044973,0.8291203686112826
985,985.0,987.1045871833214,0.7963095923385168
986,986.0,988.180629394031,0.7677093777226173
987,987.0,988.9224384362404,0.7435417127109634
988,988.0,989.9322253597204,0.7240267246827422
989,989.0,991.0416735302033,0.7088693377604325
990,990.0,992.1153047161833,0.6977940385957343
991,991.0,993.0937909890395,0.6904657408848704
992,992.0,994.1834265959056,0.686449436255756
993,993.0,995.2194488142975,0.6852101942679927
994,994.0,996.229032167889,0.686124457425226
995,995.0,997.2554331148767,0.6887118019537007
996,996.0,998.1320006727872,0.6925146444088349
997,997.0,999.2287667120446,0.6969875987183757
998,998.0,1000.1795936698297,0.7015233338789907
999,999.0,1000.8340233425761,0.7054525739562632
1000,1000.0,1001.7817174431837,0.7080440980846965
1001,1001.0,1002.7954957561183,0.7085799163991442
1002,1002.0,1003.8341737322573,0.7067279828184249
1003,1003.0,1005.0277278014601,0.7021260608856881
1004,1004.0,1005.9671359612194,0.6941649880054708
1005,1005.0,1006.8994398818467,0.6819883819175456
1006,1006.0,1008.1072289700833,0.6648928862688975
1007,1007.0,1009.1041703862959,0.6428472996982697
1008,1008.0,1009.9605082407498,0.6155349196970081
1009,1009.0,1010.8811958592216,0.5826551848665753
1010,1010.0,1011.877820479795,0.5439327316541028
1011,1011.0,1012.9190129946666,0.49900521499256195
1012,1012.0,1013.7571658994327,0.4480086286320641
1013,1013.0,1014.6237146087142,0.3912832319176346
1014,1014.0,1015.5034640520053,0.3290124340211203
1015,1015.0,1016.6752625241822,0.26122279394113507
1016,1016.0,1017.8810213949566,0.18799283435932754
1017,1017.0,1018.9816777861033,0.11020248045365119
1018,1018.0,1020.0586922216175,0.028376806515243852
1019,1019.0,1020.943387823919,-0.05669933949321754
1020,1020.0,1021.9607174595945,-0.1438823941907884
1021,1021.0,1022.8906229933863,-0.23190488309248566
1022,1022.0,1023.7701593950079,-0.3197968280847322
1023,1023.0,1024.7028621124932,-0.406271129368119
1024,1024.0,1025.9140342980504,-0.48959224471829194
1025,1025.0,1026.8990414824166,-0.5676846820626009
1026,1026.0,1027.8013958943636,-0.6387742980233684
1027,1027.0,1028.736498314637,-0.7010975892177198
1028,1028.0,1029.749609807824,-0.7527935258832287
1029,1029.0,1030.6341522169762,-0.7919132256787629
1030,1030.0,1031.5494754632216,-0.8164567365300098
1031,1031.0,1032.585457373474,-0.8251258826770546
1032,1032.0,1033.6384727692844,-0.8174099306656369
1033,1033.0,1034.6348765442274,-0.7929719208921655
1034,1034.0,1035.6561171698945,-0.751624143273944
1035,1035.0,1036.5771533248776,-0.6933281372491533
1036,1036.0,1037.582007698393,-0.6182864323310128
1037,1037.0,1038.492765262826,-0.5281416550913257
1038,1038.0,1039.49818797741,-0.42442990761528954
1039,1039.0,1040.4733481288245,-0.3087030262100143
1040,1040.0,1041.5417726843032,-0.18282842029463425
1041,1041.0,1042.7125492906948,-0.04898907240034578
1042,1042.0,1043.7992626960922,0.09030867804511825
1043,1043.0,1044.8156407047495,0.23256359796542703
1044,1044.0,1045.722006316501,0.3760132529122022
1045,1045.0,1046.7587528610889,0.5184279348155448
1046,1046.0,1047.892815019033,0.6568759999094748
1047,1047.0,1048.9811628392392,0.7878413854955573
1048,1048.0,1049.988435215839,0.9088063103714553
1049,1049.0,1050.8825571391728,1.0172203889866882
1050,1050.0,1051.78181600082,1.1107566350038809
1051,1051.0,1052.7862566571362,1.1875981138852674
1052,1052.0,1053.8844779729427,1.2464301533410336
1053,1053.0,1054.8826406091237,1.286703147659262
1054,1054.0,1055.7217680285876,1.308821571159648
1055,1055.0,1056.7360086644228,1.3136250404878107
1056,1056.0,1057.6878709144728,1.3023432910249564
1057,1057.0,1058.6923178604993,1.2765961772974475
1058,1058.0,1059.494093209686,1.2384975394876132
1059,1059.0,1060.570308177826,1.1905138284214247
1060,1060.0,1061.6713237313147,1.1349713953885059
1061,1061.0,1062.7015451226516,1.0740419231283203
1062,1062.0,1063.601679213554,1.0097424258302024
1063,1063.0,1064.7730842009305,0.9440788359459885
1064,1064.0,1065.7361996374764,0.8791603992727748
1065,1065.0,1066.5548316039715,0.815890830370507
1066,1066.0,1067.464552511171,0.7553566019841578
1067,1067.0,1068.3100734565564,0.6990105897203192
1068,1068.0,1069.5248300705343,0.6486234774114353
1069,1069.0,1070.508134355143,0.6048920148674535
1070,1070.0,1071.4846484162454,0.5676237098450614
1071,1071.0,1072.3770428884554,0.5368283692137472
1072,1072.0,1073.277537272178,0.5126626194179879
1073,1073.0,1074.2314399457891,0.4954240555094827
1074,1074.0,1075.2172447557657,0.4849073559399249
1075,1075.0,1076.3559578515967,0.4802769854511732
1076,1076.0,1077.4375179965045,0.4807587159733483
1077,1077.0,1078.6826198482413,0.48557113265675
1078,1078.0,1079.77213511676,0.49392563387185917
1079,1079.0,1080.7843124560188,0.5048525179620296
1080,1080.0,1081.7736843838188,0.5173371058478731
1081,1081.0,1082.8369769513272,0.5305537425504092
1082,1082.0,1083.6799434240868,0.5435435391014574
1083,1083.0,1084.5549875520576,0.55521172950155
1084,1084.0,1085.3511119093698,0.5644602844732741
1085,1085.0,1086.4097839078904,0.570746723086797
1086,1086.0,1087.3105221525566,0.5735704093575604
1087,1087.0,1088.3232438315938,0.572315589688087
1088,1088.0,1089.225302943805,0.566255878878559
1089,1089.0,1090.3405502232408,0.5546508174254362
1090,1090.0,1091.4027615307687,0.5375006460875084
1091,1091.0,1092.309818390815,0.515037634602346
1092,1092.0,1093.2662988709517,0.4873385457492618
1093,1093.0,1094.4198679449507,0.45433066892844676
1094,1094.0,1095.3785501259324,0.4157939355302166
1095,1095.0,1096.5249757624456,0.37192865791542173
1096,1096.0,1097.4230243584473,0.32341618143411277
1097,1097.0,1098.2132877242268,0.2707793114068331
1098,1098.0,1099.188995172702,0.21452052264918364
1099,1099.0,1100.2313955025143,0.155121959471882
1100,1100.0,1101.357554713246,0.09309511160016881
1101,1101.0,1102.2971549813944,0.0291385453535261
1102,1102.0,1103.2589767850968,-0.036199819883885626
1103,1103.0,1104.16190979163,-0.10224275897409751
1104,1104.0,1105.0922215213823,-0.16814125753517578
1105,1105.0,1106.1738866647363,-0.2329828137671225
1106,1106.0,1107.1850460286287,-0.29606257936744707
1107,1107.0,1108.165845942152,-0.3565840393221871
1108,1108.0,1109.1290063587437,-0.41366288215967484
1109,1109.0,1110.0604696843122,-0.466326878447502
1110,1110.0,1111.0813660014446,-0.5134346201081517
1111,1111.0,1112.0600279705313,-0.554341499141871
1112,1112.0,1113.1189270354548,-0.5885406633854207
1113,1113.0,1114.2847080617582,-0.6153987061844899
1114,1114.0,1115.151304112651,-0.6341556663936587
1115,1115.0,1116.0681974773213,-0.6439250283764268
1116,1116.0,1117.089125251015,-0.6446358724116418
1117,1117.0,1118.223834245544,-0.6365885274885922
1118,1118.0,1119.170096789455,-0.6195493489849473
1119,1119.0,1120.1138393338113,-0.5938301115076254
1120,1120.0,1121.1566400161132,-0.5602894651778413
1121,1121.0,1122.2005328717532,-0.5203329356311082
1122,1122.0,1123.4044027596012,-0.4753422235401298
1123,1123.0,1124.208111429338,-0.425876581360654
1124,1124.0,1125.2029483695142,-0.3728152024083319
1125,1125.0,1126.224088451875,-0.3173546877564374
1126,1126.0,1127.1662449783691,-0.26100868299790225
1127,1127.0,1128.2205958843406,-0.205439212360565
1128,1128.0,1129.0744302999958,-0.15144088499203395
1129,1129.0,1130.0645335065522,-0.09986465007851511
1130,1130.0,1130.8778905133386,-0.05164341209304321
1131,1131.0,1131.9862735286688,-0.007726122334145116
1132,1132.0,1133.073774719368,0.031366586330509476
1133,1133.0,1134.2189991880243,0.0655864697304387
1134,1134.0,1135.0934494513856,0.09494689462067736
1135,1135.0,1136.0080723907736,0.11956003320150393
1136,1136.0,1137.1339636715024,0.13970333029817797
1137,1137.0,1138.167872435243,0.15600566666373428
1138,1138.0,1139.202385917624,0.16925366474372544
1139,1139.0,1140.1620223612663,0.18038134578096632
1140,1140.0,1141.2683159978817,0.19047326353808786
1141,1141.0,1142.1457090204692,0.20079878719411365
1142,1142.0,1143.225120467004,0.21255572493788646
1143,1143.0,1144.2587612473444,0.22701509962097138
1144,1144.0,1145.2615297029815,0.24561780313286943
1145,1145.0,1146.293188852706,0.26976229393425805
1146,1146.0,1147.1931746527766,0.30045908869116345
1147,1147.0,1148.159862855306,0.338717258743805
1148,1148.0,1149.2614861251168,0.385522802958022
1149,1149.0,1150.4410093033905,0.4418254984124682
1150,1150.0,1151.5393400671999,0.5077411276177493
1151,1151.0,1152.645582811448,0.5826391254735226
1152,1152.0,1153.657471353244,0.6658488967288924
1153,1153.0,1154.5887845374857,0.7566753221000475
1154,1154.0,1155.3894264156268,0.8541969538385666
1155,1155.0,1156.2303138234527,0.9561260721023617
1156,1156.0,1157.2514133902698,1.0599372537641758
1157,1157.0,1158.299119939127,1.1631801037805798
1158,1158.0,1158.980743448886,1.263446452069115
1159,1159.0,1160.021016906594,1.358333355512249
1160,1160.0,1161.0350080647654,1.4451928617908256
1161,1161.0,1162.0344968334143,1.522900114537775
1162,1162.0,1163.0343222222662,1.5906197670961788
1163,1163.0,1163.943212803897,1.6473240299951184
1164,1164.0,1165.0606200790369,1.691792532261023
1165,1165.0,1165.9159806770601,1.7230889827778455
1166,1166.0,1166.8435471852436,1.7424885373454388
1167,1167.0,1167.9612210699063,1.7509677420667964
1168,1168.0,1168.9003975361406,1.7482446386828294
1169,1169.0,1169.9968207793906,1.7331245696715436
1170,1170.0,1170.959216520852,1.7066221560651673
1171,1171.0,1171.8796767452156,1.6698047745456996
1172,1172.0,1172.8609168297796,1.6231856684326331
1173,1173.0,1173.6415194344156,1.5669245858353273
1174,1174.0,1174.6081689691366,1.5013845711132465
1175,1175.0,1175.7072724564189,1.4275317348300134
1176,1176.0,1176.8465464061185,1.346333929159778
1177,1177.0,1177.952274673258,1.2588154656426402
1178,1178.0,1178.9184686203073,1.1660571151845678
1179,1179.0,1179.8983080817966,1.069235374939224
1180,1180.0,1180.9266734796836,0.9698265415534083
1181,1181.0,1182.1046696757228,0.8688015134569815
1182,1182.0,1183.2401935041967,0.7673436897722841
1183,1183.0,1184.2043675673879,0.6670430322701502
1184,1184.0,1185.1210149965627,0.5698954542679631
1185,1185.0,1186.1932851071354,0.47762648865872215
1186,1186.0,1187.2741304302263,0.39107108053597894
1187,1187.0,1188.2616723978192,0.3113368226209008
1188,1188.0,1189.1953472644734,0.2398268441065703
1189,1189.0,1190.1981390008284,0.17810256552729684
1190,1190.0,1191.1211331352508,0.1267893979296483
1191,1191.0,1191.8528595622631,0.086433800799297
1192,1192.0,1192.7717723450703,0.057675059502496406
1193,1193.0,1193.859059317818,0.041038669746807685
1194,1194.0,1195.041392800332,0.03653475520240909
1195,1195.0,1195.9466830056758,0.04399367199519114
1196,1196.0,1196.9825178791857,0.06300697201288934
1197,1197.0,1197.9772263637121,0.09280229541045565
1198,1198.0,1198.8425758978378,0.13234735385487922
1199,1199.0,1199.7830681592673,0.18043412209470588
1200,1200.0,1200.749679525415,0.235587821460847
1201,1201.0,1201.792891950311,0.2960289283245062
1202,1202.0,1202.8272508419918,0.3599630016721753
1203,1203.0,1204.0105311517111,0.42607203466427224
1204,1204.0,1204.9220705405562,0.49272303842508414
1205,1205.0,1206.001299271778,0.5578918624075072
1206,1206.0,1206.939781670973,0.6191631943930178
1207,1207.0,1207.9791337991717,0.6742991721035104
1208,1208.0,1208.8154084118876,0.7224424984494945
1209,1209.0,1209.8804857242174,0.7627709579662567
1210,1210.0,1210.9102587089917,0.7942239350934315
1211,1211.0,1211.836909093364,0.8155024202650489
1212,1212.0,1212.9123402945781,0.8255225044530956
1213,1213.0,1213.9797895481497,0.8246369582435947
1214,1214.0,1214.9311049254832,0.8130181014413574
1215,1215.0,1215.7887653632265,0.7908514938753674
1216,1216.0,1216.7384525705356,0.7583689010362462
1217,1217.0,1217.7622375817853,0.7160398317296766
1218,1218.0,1218.6728125444695,0.6648871725708277
1219,1219.0,1219.8802993980898,0.6056179504621012
1220,1220.0,1220.8249424603698,0.5391858860530923
1221,1221.0,1221.8857323391487,0.46684121282009006
1222,1222.0,1222.8318156442836,0.39013067706611376
1223,1223.0,1223.7057125474466,0.31071982774852797
1224,1224.0,1224.5229099730498,0.22968916601058034
1225,1225.0,1225.5283998104867,0.14829178903240783
1226,1226.0,1226.5507168358042,0.06805390920912074
1227,1227.0,1227.509003736529,-0.009330224257643599
1228,1228.0,1228.4468756123513,-0.08256034621468046
1229,1229.0,1229.5207701070644,-0.15033724574500948
1230,1230.0,1230.5879215280875,-0.21118408478858836
1231,1231.0,1231.5838066323684,-0.2635580162535347
1232,1232.0,1232.5606510074358,-0.3064678084441838
1233,1233.0,1233.614005582958,-0.3389917896314145
1234,1234.0,1234.513301602101,-0.3602661578659526
1235,1235.0,1235.5376127596826,-0.36953524850139197
1236,1236.0,1236.671045815096,-0.3664384265955707
1237,1237.0,1237.4057033566253,-0.35102376888042813
1238,1238.0,1238.3372228709575,-0.3236015067257524
1239,1239.0,1239.342155202964,-0.28474342897015026
1240,1240.0,1240.2719425022515,-0.2352877958612598
1241,1241.0,1241.1390350344222,-0.17631282171875995
1242,1242.0,1242.2280137660184,-0.10901923500993427
1243,1243.0,1243.1676716727434,-0.03481175921733959
1244,1244.0,1244.267640147461,0.04468751319636154
1245,1245.0,1245.2522378342426,0.12755766637130467
1246,1246.0,1246.3495583653219,0.21205582249066302
1247,1247.0,1247.4603798836918,0.2964840438412144
1248,1248.0,1248.4264137728624,0.37893885756825435
1249,1249.0,1249.4370458698886,0.45733661712338314
1250,1250.0,1250.4391887597083,0.5301690447086155
1251,1251.0,1251.4009139813386,0.5964965094337599
1252,1252.0,1252.4133363456406,0.6551442971251457
1253,1253.0,1253.486792356757,0.7046686137882394
1254,1254.0,1254.5089375550667,0.7435763423960862
1255,1255.0,1255.5161344715732,0.7718018534082489
1256,1256.0,1256.535320751118,0.7893115803156564
1257,1257.0,1257.5777226975301,0.7962173575540145
1258,1258.0,1258.465731496118,0.7929044315029009
1259,1259.0,1259.6158111018387,0.7800399452045161
1260,1260.0,1260.6259972980981,0.7585424209885406
1261,1261.0,1261.6867112031246,0.7293960532611151
1262,1262.0,1262.8612953620864,0.6937332173299751
1263,1263.0,1263.9494707131078,0.6528493555752128
1264,1264.0,1264.9491945298162,0.6082029774493177
1265,1265.0,1265.9602385063838,0.5614156594771366
1266,1266.0,1267.181797188932,0.514248850628742
1267,1267.0,1268.361508115846,0.46808902673292085
1268,1268.0,1269.6121769929719,0.4240153986624609
1269,1269.0,1270.6210469090306,0.38337000456873965
1270,1270.0,1271.5435019545685,0.34778198436230195
1271,1271.0,1272.51553809868,0.3186346871646036
1272,1272.0,1273.4913016414084,0.2965625260041277
1273,1273.0,1274.188442210968,0.2822406906623511
1274,1274.0,1275.2019223132459,0.2764003236446744
1275,1275.0,1276.1636273891033,0.2797408079113274
1276,1276.0,1277.1357850545864,0.2922249399728326
1277,1277.0,1278.1363336933966,0.3134437302976658
1278,1278.0,1279.1585674176654,0.34292416591830843
1279,1279.0,1280.0526622606308,0.38012290424377637
1280,1280.0,1280.9683892081466,0.4242392587700646
1281,1281.0,1282.0948411624431,0.47389656478868014
1282,1282.0,1283.1000321060308,0.5279310431009753
1283,1283.0,1284.136071649061,0.5849013594816599
1284,1284.0,1284.9845568413562,0.6430473350041941
1285,1285.0,1285.962466031682,0.7002890251808211
1286,1286.0,1287.043734784212,0.754624484728067
1287,1287.0,1287.8851333103212,0.80490909968859
1288,1288.0,1288.909540522342,0.8499694162032725
1289,1289.0,1289.900497489305,0.8884201329357728
1290,1290.0,1290.7467395845558,0.918664101072468
1291,1291.0,1291.9279738816385,0.9389046159144885
1292,1292.0,1293.0359105005682,0.9482859663255111
1293,1293.0,1293.9930314765074,0.9470715953548703
1294,1294.0,1294.997079529861,0.9353857169390657
1295,1295.0,1296.008791817965,0.913307415062889
1296,1296.0,1297.0560567902035,0.8808706437594287
1297,1297.0,1298.223586325482,0.838129625452034
1298,1298.0,1299.3371503636163,0.7860631206700873
1299,1299.0,1300.390997416911,0.7258771004645934
1300,1300.0,1301.5278473798448,0.658824350628403
1301,1301.0,1302.5236655015558,0.5863252507206234
1302,1302.0,1303.2367887344892,0.5099677740665955
1303,1303.0,1304.314628645418,0.431503748718417
1304,1304.0,1305.3254234228793,0.35252615943544396
1305,1305.0,1306.409354868275,0.27443175708412326
1306,1306.0,1307.4406611557424,0.19898259688993003
1307,1307.0,1308.4808964351998,0.1283473765672819
1308,1308.0,1309.4392009345224,0.06455495221082119
1309,1309.0,1310.5940787647642,0.008807075759519403
1310,1310.0,1311.4844812108824,-0.037569527345839404
1311,1311.0,1312.3963348828122,-0.07318355360704773
1312,1312.0,1313.202296754037,-0.09669812837115631
1313,1313.0,1314.2011575960732,-0.10746842123648764
1314,1314.0,1315.1327993155837,-0.1050933999396663
1315,1315.0,1316.100055241984,-0.08943426774676629
1316,1316.0,1317.1210853572186,-0.06067688145496438
1317,1317.0,1318.0614432325922,-0.019391883176263246
1318,1318.0,1319.007599413245,0.033568277389235415
1319,1319.0,1320.0585432080961,0.09693539391745368
1320,1320.0,1321.1984891714433,0.16901475350528053
1321,1321.0,1322.1734831488718,0.24752285490203613
1322,1322.0,1323.1632846694615,0.3305783042175333
1323,1323.0,1324.2954828804513,0.41632608461245857
1324,1324.0,1325.2379336911074,0.5024910153317133
1325,1325.0,1326.420083613408,0.5863777517043197
1326,1326.0,1327.484937721363,0.6649672052810083
1327,1327.0,1328.320281235487,0.7364243037817105
1328,1328.0,1329.4036605016256,0.7997998814829476
1329,1329.0,1330.5036869306123,0.8537672083210478
1330,1330.0,1331.5916127477153,0.8965856139057593
1331,1331.0,1332.7126381523406,0.9261596817622527
1332,1332.0,1333.9647333070357,0.9419911427571842
1333,1333.0,1334.981975464825,0.9446621178565301
1334,1334.0,1336.129331523366,0.9344419394966405
1335,1335.0,1337.2941869478952,0.9114794276712587
1336,1336.0,1338.37194218856,0.8758475215964088
1337,1337.0,1339.3798594048374,0.8284967781064756
1338,1338.0,1340.3507357719532,0.770712884972331
1339,1339.0,1341.166834688754,0.7037390381842854
1340,1340.0,1342.321017036393,0.6289122472388359
1341,1341.0,1343.3014895964352,0.5476633351386557
1342,1342.0,1344.2514841335596,0.4617071701434503
1343,1343.0,1345.2652030664442,0.3728628315773014
1344,1344.0,1346.302973179524,0.2827428550974471
1345,1345.0,1347.247123166027,0.19316434682770284
1346,1346.0,1348.2735598078111,0.10606818910258209
1347,1347.0,1349.3228468638144,0.023106456775159268
1348,1348.0,1350.1111323517055,-0.054058491926502195
1349,1349.0,1351.286369126355,-0.12363088197918834
1350,1350.0,1352.3177936552634,-0.18412751423825818
1351,1351.0,1353.2357711536993,-0.23423570098621266
1352,1352.0,1354.3704712830718,-0.27261261289631483
1353,1353.0,1355.407865880891,-0.29796592128384214
1354,1354.0,1356.4576943479196,-0.30953148543984105
1355,1355.0,1357.3841122252609,-0.30675106531391233
1356,1356.0,1358.4599541267812,-0.28920420862501883
1357,1357.0,1359.3838662561677,-0.2567797964164879
1358,1358.0,1360.4059937271923,-0.20994459468577786
1359,1359.0,1361.209887714,-0.14935277355008436
1360,1360.0,1362.2621367276136,-0.07589862904925729
1361,1361.0,1363.2091171606799,0.00927927348151501
1362,1362.0,1364.3105436385108,0.10423408497646794
1363,1363.0,1365.2986795925565,0.20744945043224444
1364,1364.0,1366.103812406468,0.3175214831229203
1365,1365.0,1367.1486642292616,0.4323775855423652
1366,1366.0,1368.1603900510447,0.5492764494042682
1367,1367.0,1369.1563522670672,0.6648863172615591
1368,1368.0,1370.1507160644098,0.7768124226189327
1369,1369.0,1370.8244719685208,0.883273256065533
1370,1370.0,1371.629944854792,0.9821395927572167
1371,1371.0,1372.6459641259212,1.0709840316400128
1372,1372.0,1373.4686131189706,1.1470858466364087
1373,1373.0,1374.4178255759848,1.2084369739974712
1374,1374.0,1375.4620454770338,1.254949845288965
1375,1375.0,1376.5220415236531,1.2865255740947914
1376,1376.0,1377.495307035279,1.3027596743855798
1377,1377.0,1378.5141447375718,1.3029420605186832
1378,1378.0,1379.478791543762,1.2867191477082915
1379,1379.0,1380.3527367833321,1.2558179301295098
1380,1380.0,1381.43792951645,1.2116248386169335
1381,1381.0,1382.434887231584,1.1554742522340102
1382,1382.0,1383.5737949075522,1.0886965038936647
1383,1383.0,1384.523444321759,1.0127493554665374
1384,1384.0,1385.4361106436525,0.9296615174377341
1385,1385.0,1386.4699399223764,0.8407865367350693
1386,1386.0,1387.4294656007205,0.7477681399908116
1387,1387.0,1388.3733345725338,0.6527174445607355
1388,1388.0,1389.3243671592613,0.5581984295531828
1389,1389.0,1390.220005588074,0.46626175417171495
1390,1390.0,1391.3743051163808,0.37827100526333873
1391,1391.0,1392.274312908742,0.2959381383530798
1392,1392.0,1393.2943129678015,0.22128835170350203
1393,1393.0,1394.1700502235421,0.15654724559518382
1394,1394.0,1395.0924057837342,0.1028748314468175
1395,1395.0,1396.0312707390528,0.06116962193885657
1396,1396.0,1397.2452724736943,0.032460723161241906
1397,1397.0,1398.197265321911,0.01774241368990668
1398,1398.0,1399.0663292546092,0.01728843292448886
1399,1399.0,1400.0126950619656,0.030896377482652403
1400,1400.0,1400.9952384384476,0.05819756612858732
1401,1401.0,1402.1099589655382,0.09844510028590925
1402,1402.0,1403.2395887220255,0.15044736256915958
1403,1403.0,1404.2567676978065,0.2125991175091218
1404,1404.0,1405.2380966334226,0.28264667994200643
1405,1405.0,1406.3746749118795,0.35877096830737426
1406,1406.0,1407.375461274452,0.4388585091869007
1407,1407.0,1408.4317356263934,0.5202335981599508
1408,1408.0,1409.5217939689292,0.5997296702903557
1409,1409.0,1410.4008464890962,0.6750092508875302
1410,1410.0,1411.3908769582695,0.7444937190985467
1411,1411.0,1412.3708297528844,0.8062821886596847
1412,1412.0,1413.4444332943904,0.8581206746031522
1413,1413.0,1414.5087335879043,0.8977463185586128
1414,1414.0,1415.4737065352233,0.9246279013517759
1415,1415.0,1416.5751547857462,0.9385799889794507
1416,1416.0,1417.568711624488,0.939333443896054
1417,1417.0,1418.5447585065617,0.9265610342744013
1418,1418.0,1419.5192005330944,0.9002268445126413
1419,1419.0,1420.5209424364648,0.8615474697696961
1420,1420.0,1421.5778192725293,0.8118641911532424
1421,1421.0,1422.496361107566,0.7525484220781544
1422,1422.0,1423.656483487707,0.6850102130770187
1423,1423.0,1424.7504083722633,0.6108355360588518
1424,1424.0,1425.846087018067,0.5321354064386039
1425,1425.0,1426.7689320926868,0.4505916097558357
1426,1426.0,1427.872191003912,0.3680566211229686
1427,1427.0,1428.8360672270815,0.2866396091603647
1428,1428.0,1429.8527599065637,0.20842957393977246
1429,1429.0,1430.8348253651225,0.1350332346018088
1430,1430.0,1431.948351070932,0.06808404793185066
1431,1431.0,1432.9123041723767,0.009242913083241176
1432,1432.0,1433.8514042900197,-0.04034156332178446
1433,1433.0,1434.930075608985,-0.07970923403877869
1434,1434.0,1435.9799460504587,-0.10792819046716182
1435,1435.0,1436.837179101324,-0.12442284097427361
1436,1436.0,1437.8334212527834,-0.12907695887443632
1437,1437.0,1438.9595262536868,-0.1219880663965797
1438,1438.0,1439.9989303430493,-0.10358138969664432
1439,1439.0,1440.9106558520198,-0.07467305795796214
1440,1440.0,1441.8173151627916,-0.03638037612558248
1441,1441.0,1442.7383545230223,0.009855170351693324
1442,1442.0,1443.8203252038804,0.062295047289159515
1443,1443.0,1444.7016574093896,0.11927135272870372
1444,1444.0,1445.535741418148,0.17910986478336938
1445,1445.0,1446.5094118997902,0.2398608919416242
1446,1446.0,1447.5167088945911,0.2992930676948842
1447,1447.0,1448.6505934365655,0.35518137789807924
1448,1448.0,1449.6792477092356,0.40619709729443976
1449,1449.0,1450.464874117173,0.45110935538849983
1450,1450.0,1451.22344116623,0.48851819835922117
1451,1451.0,1452.3175384150427,0.5168833274308225
1452,1452.0,1453.3912457425708,0.5353702864350424
1453,1453.0,1454.5003195361644,0.5438679242560481
1454,1454.0,1455.5588303448958,0.5422045031877357
1455,1455.0,1456.6624315954327,0.5301400990617178
1456,1456.0,1457.6582172669455,0.5074960364572487
1457,1457.0,1458.6870537032864,0.47488622137674247
1458,1458.0,1459.6824682964411,0.4330833427301852
1459,1459.0,1460.7004768390573,0.3829071357370739
1460,1460.0,1461.5398573824052,0.32524980933393777
1461,1461.0,1462.651449776514,0.261141270842587
1462,1462.0,1463.730935499648,0.19174739049858644
1463,1463.0,1464.8403175934427,0.11797523488265257
1464,1464.0,1465.931990312629,0.04107083474484524
1465,1465.0,1466.9121115872472,-0.037323229405726355
1466,1466.0,1467.9115811519373,-0.11534302134682954
1467,1467.0,1468.7909713191027,-0.1916854971628155
1468,1468.0,1469.8011073801902,-0.264967298979996
1469,1469.0,1470.9535106301119,-0.3336029642445926
1470,1470.0,1471.8205231412076,-0.39581710703506884
1471,1471.0,1472.7381421295363,-0.44977783273859306
1472,1472.0,1473.7574826691143,-0.49416297269651493
1473,1473.0,1474.7459949069962,-0.5276855120827192
1474,1474.0,1475.663443869864,-0.5489179058580137
1475,1475.0,1476.6346010504924,-0.5563051838435453
1476,1476.0,1477.8216034188622,-0.5489382925811206
1477,1477.0,1478.8663947856971,-0.5264198293093604
1478,1478.0,1479.8854383269224,-0.4884473624671688
1479,1479.0,1480.7881879287042,-0.43498971028371813
1480,1480.0,1481.9067632220165,-0.36629891907210244
1481,1481.0,1482.876121731676,-0.2832996706644534
1482,1482.0,1483.9432946823395,-0.18700817818833584
1483,1483.0,1484.8815491948778,-0.07866339238560888
1484,1484.0,1485.9162590420483,0.040043776833310285
1485,1485.0,1486.8029540490622,0.16697046038934038
1486,1486.0,1488.0164210381772,0.2994290232081908
1487,1487.0,1489.1597207908312,0.4349975053746662
1488,1488.0,1490.1808008656958,0.5717120267975008
1489,1489.0,1491.2075458324923,0.706819701979921
1490,1490.0,1492.2335304522574,0.8367358094303128
1491,1491.0,1493.243646712142,0.9571127467503114
1492,1492.0,1494.2692384503034,1.0651892012988653
1493,1493.0,1495.3507118033688,1.1588423864583972
1494,1494.0,1496.3910537551928,1.235856068185814
1495,1495.0,1497.415328613489,1.294444866667315
1496,1496.0,1498.4702453221994,1.3332425529684326
1497,1497.0,1499.3913865315144,1.3512530988586036
1498,1498.0,1500.4541697305563,1.3494781836528558
1499,1499.0,1501.515623824222,1.329228434784525
1500,1500.0,1502.5421984178415,1.2914342678467634
1501,1501.0,1503.5182024427,1.236663898144927
1502,1502.0,1504.6157077425462,1.1666956843035592
1503,1503.0,1505.7163013368786,1.0842629209819024
1504,1504.0,1507.0166627275546,0.9917483450445683
1505,1505.0,1508.021563038089,0.8915302504601654
1506,1506.0,1509.0927506651356,0.7859904306515982
1507,1507.0,1510.100867611945,0.6779094406500994
1508,1508.0,1511.1089057928618,0.5696481498827812
1509,1509.0,1512.1861108757812,0.4635925592178376
1510,1510.0,1513.0956817278027,0.3625759370751887
1511,1511.0,1514.221063827749,0.26949728118304606
1512,1512.0,1515.241871225449,0.18622248537316777
1513,1513.0,1516.4369293134878,0.11470238232790589
1514,1514.0,1517.338563871399,0.05699467341916079
1515,1515.0,1518.3885164516946,0.014823414496071857
1516,1516.0,1519.4550632947141,-0.010741258986879207
1517,1517.0,1520.4871866310148,-0.018735503148198634
1518,1518.0,1521.434187563758,-0.00849085671355364
1519,1519.0,1522.2900878972168,0.019894020229724703
1520,1520.0,1523.2159621405622,0.06576545798327167
1521,1521.0,1524.1454546695263,0.1279865597184739
1522,1522.0,1524.9935696805312,0.2050827017711643
1523,1523.0,1525.9752279379902,0.29516442453149305
1524,1524.0,1526.8635305649636,0.39576569001891265
1525,1525.0,1527.713708140173,0.5038874025611464
1526,1526.0,1528.6725541876317,0.6166183937000471
1527,1527.0,1529.7031772594592,0.7310255087424303
1528,1528.0,1530.512363847893,0.8438451996153699
1529,1529.0,1531.8335444522054,0.9514815810490902
1530,1530.0,1532.7919852505397,1.0502604412400574
1531,1531.0,1533.944034627257,1.1378375640422294
1532,1532.0,1535.0785697132926,1.2123956160535379
1533,1533.0,1536.0652707263425,1.2721561653503357
1534,1534.0,1536.97258352689,1.315379678652238
1535,1535.0,1537.862043273217,1.3405753424427986
1536,1536.0,1538.8481746152092,1.348229335270979
1537,1537.0,1539.862241818804,1.3395483271880344
1538,1538.0,1540.8779262825792,1.315265748038779
1539,1539.0,1542.021464847562,1.2756318087811065
1540,1540.0,1543.0369249806708,1.220918635552607
1541,1541.0,1544.058567089502,1.1535877894179845
1542,1542.0,1545.0325995453215,1.0755227708432697
1543,1543.0,1546.0139067591722,0.9885823914485758
1544,1544.0,1547.2205747375326,0.8947654734072333
1545,1545.0,1548.1856824247532,0.7962546015259877
1546,1546.0,1549.1516317089836,0.6951734758016633
1547,1547.0,1550.0945527361991,0.5931412576905888
1548,1548.0,1551.1101582034078,0.49209456764355514
1549,1549.0,1552.1261246710228,0.39436533712694466
1550,1550.0,1553.0641934257208,0.3023473591454147
1551,1551.0,1554.1370386213093,0.2173790642494414
1552,1552.0,1555.1427691235747,0.14078671260102124
1553,1553.0,1556.1734248306345,0.07399880415788507
1554,1554.0,1557.1968943524707,0.018380615214208543
1555,1555.0,1558.0688707189156,-0.025384840164702188
1556,1556.0,1559.159509490172,-0.05670957077591261
1557,1557.0,1560.1699804901284,-0.07515522759446722
1558,1558.0,1561.239096616007,-0.08048541882606358
1559,1559.0,1562.1961783424651,-0.07285783085261369
1560,1560.0,1563.1277888738841,-0.05269610146065845
1561,1561.0,1564.1678013183641,-0.020702674812711215
1562,1562.0,1565.2101981514056,0.022130185728947357
1563,1563.0,1566.4186427371155,0.07457510281781393
1564,1564.0,1567.3496941984397,0.13527275060472466
1565,1565.0,1568.213957401622,0.20269660320102773
1566,1566.0,1569.2184917056718,0.2751476188104563
1567,1567.0,1570.2417732140477,0.35074407913864936
1568,1568.0,1571.345560323174,0.4274310646300985
1569,1569.0,1572.3348035284662,0.5037780414231569
1570,1570.0,1573.2346181043843,0.57825733412796
1571,1571.0,1574.1305524884172,0.6489958919033019
1572,1572.0,1575.1533498970946,0.713813157619796
1573,1573.0,1576.078117515157,0.7713283996406917
1574,1574.0,1576.991256685277,0.8208333590962339
1575,1575.0,1578.0751961798612,0.8614774692436651
1576,1576.0,1579.1043252163092,0.8923235210439531
1577,1577.0,1579.940230434447,0.9123726313438089
1578,1578.0,1581.0139912538875,0.9213073741760337
1579,1579.0,1582.0141861031339,0.9195846078481414
1580,1580.0,1582.9517161384679,0.9076311344690301
1581,1581.0,1583.8148358448666,0.8858043630326183
1582,1582.0,1584.7605095206864,0.8543923094178727
1583,1583.0,1585.7352421948701,0.8139356303070943
1584,1584.0,1586.713616839576,0.7657193962701883
1585,1585.0,1587.81122170608,0.710461835610037
1586,1586.0,1588.8815563841722,0.6491619699059283
1587,1587.0,1589.8903353315288,0.583165613850753
1588,1588.0,1590.9958446072678,0.5141653752508997
1589,1589.0,1591.8465797553588,0.444045910933022
1590,1590.0,1592.7713611341628,0.37393692890874414
1591,1591.0,1593.7353983720252,0.30512838453933155
1592,1592.0,1594.695074966778,0.23911016471159052
1593,1593.0,1595.647141425777,0.17751430873693608
1594,1594.0,1596.6149882632271,0.12195364185691748
1595,1595.0,1597.5419774015334,0.07350601153776914
1596,1596.0,1598.556131204869,0.03332455812191035
1597,1597.0,1599.5118810075926,0.002814399217414702
1598,1598.0,1600.6347866403066,-0.016907078127620507
1599,1599.0,1601.5020486954195,-0.025239679262345056
1600,1600.0,1602.2576686806756,-0.021778991498272067
1601,1601.0,1603.182039405238,-0.006411935975712248
1602,1602.0,1604.0475159215591,0.020716915186061592
1603,1603.0,1605.1528917982346,0.05898154804585596
1604,1604.0,1606.2364997027776,0.1075663650497001
1605,1605.0,1607.1968307367786,0.16537727895982515
1606,1606.0,1608.1696215253976,0.23088296633916383
1607,1607.0,1609.2388208221403,0.3020744735692574
1608,1608.0,1610.2066966822124,0.37700603616804373
1609,1609.0,1611.2053462045537,0.4535983530600268
1610,1610.0,1612.1921110005615,0.5294222044717602
1611,1611.0,1613.2074833872075,0.6017002871537445
1612,1612.0,1614.1182005130336,0.6681102639304023
1613,1613.0,1615.0463211344047,0.7272088532830944
1614,1614.0,1616.073991657544,0.7772943277351458
1615,1615.0,1617.1178462492628,0.816320548476264
1616,1616.0,1618.054286947787,0.842217182510633
1617,1617.0,1618.976958270031,0.8544990580601588
1618,1618.0,1619.8329261151248,0.852991012029999
1619,1619.0,1620.9549925567378,0.8376178654121456
1620,1620.0,1622.0146398780753,0.8084438526249628
1621,1621.0,1623.0532220279883,0.7658625481923601
1622,1622.0,1624.0581426878068,0.7110218864551091
1623,1623.0,1625.0827703475666,0.6452679031765061
1624,1624.0,1626.2119020103125,0.5701754341166192
1625,1625.0,1627.3111094251524,0.4875531721169456
1626,1626.0,1628.4761635452496,0.39944640177712604
1627,1627.0,1629.4976205134449,0.3082546437162421
1628,1628.0,1630.498931889648,0.21609670539037462
1629,1629.0,1631.3345924501994,0.1253210684739694
1630,1630.0,1632.3724602713125,0.03881065432126503
1631,1631.0,1633.2613099738169,-0.04076451625942802
1632,1632.0,1634.2494781903642,-0.11134999358258924
1633,1633.0,1635.2144851901785,-0.17074391446564394
1634,1634.0,1636.1046655949558,-0.2166556684317654
1635,1635.0,1637.0078763488757,-0.24746556348006304
1636,1636.0,1637.8657284354363,-0.26182548795996685
1637,1637.0,1638.8088715657661,-0.25865772696422507
1638,1638.0,1639.9681498790433,-0.23717881979126998
1639,1639.0,1641.0722539932021,-0.19748628843615956
1640,1640.0,1642.1339876556654,-0.1402574548439408
1641,1641.0,1643.3395152979106,-0.0663890831175008
1642,1642.0,1644.2711759362037,0.02288868077872979
1643,1643.0,1645.3234027182193,0.12555374397468902
1644,1644.0,1646.4223525951006,0.2393867045509651
1645,1645.0,1647.384879169763,0.36161025166196076
1646,1646.0,1648.4522710983279,0.4888266105783289
1647,1647.0,1649.3970900378033,0.6175289292118875
1648,1648.0,1650.432368431477,0.7449272116927581
1649,1649.0,1651.4824319677664,0.8679396523987024
1650,1650.0,1652.4912899455944,0.9830276842740444
1651,1651.0,1653.414994336358,1.0862839350117246
1652,1652.0,1654.5758561684886,1.175127637732476
1653,1653.0,1655.6991325040567,1.2482785173198778
1654,1654.0,1656.5993260371401,1.3045411171140207
1655,1655.0,1657.6176417528877,1.3427918331565039
1656,1656.0,1658.6439465908804,1.3619984185988312
1657,1657.0,1659.4933446415616,1.3623193394371658
1658,1658.0,1660.273261994509,1.3454791268713797
1659,1659.0,1661.3975590889513,1.3130199651775825
1660,1660.0,1662.2410373206899,1.2661516217862274
1661,1661.0,1663.444734182326,1.2057514472820934
1662,1662.0,1664.5323503354266,1.133671586050854
1663,1663.0,1665.4235470375756,1.0524701782189645
1664,1664.0,1666.4660015191103,0.9636107969587993
1665,1665.0,1667.4914687892895,0.8690181552323232
1666,1666.0,1668.3623894853952,0.7710855575909967
1667,1667.0,1669.3309258769677,0.6726002613936911
1668,1668.0,1670.4052400210787,0.5751979810471287
1669,1669.0,1671.4177274126962,0.48000478897504334
1670,1670.0,1672.5423995685896,0.38861332437476676
1671,1671.0,1673.5357197260796,0.30297922634108765
1672,1672.0,1674.5137679744957,0.22517357972320656
1673,1673.0,1675.4328191118975,0.15610684878555645
1674,1674.0,1676.5586961333029,0.0966487446246177
1675,1675.0,1677.6444099023663,0.04778671800069659
1676,1676.0,1678.683323124646,0.010586304610324948
1677,1677.0,1679.7012541158576,-0.014149187938638147
1678,1678.0,1680.664301596071,-0.02611061783067064
1679,1679.0,1681.4734784969935,-0.02506049551123945
1680,1680.0,1682.571252316267,-0.01101387885741963
1681,1681.0,1683.5529363859666,0.015748747936972694
1682,1682.0,1684.4623763437962,0.05455473696795872
1683,1683.0,1685.6156952119786,0.10464391030714669
1684,1684.0,1686.573864815317,0.16501213607995022
1685,1685.0,1687.3827483305122,0.23433970783132016
1686,1686.0,1688.4035287777103,0.310933492310681
1687,1687.0,1689.3670543390383,0.39318711337161116
1688,1688.0,1690.6040201819426,0.47995051539417943
1689,1689.0,1691.6312375297007,0.5695051294515252
1690,1690.0,1692.4282635700888,0.659498607701567
1691,1691.0,1693.2630835798163,0.7469731419110959
1692,1692.0,1694.0500987043529,0.8298947289918664
1693,1693.0,1695.0805325651788,0.9071950977398949
1694,1694.0,1696.1248896536688,0.9773975925763183
1695,1695.0,1697.238247916353,1.0387386497811995
1696,1696.0,1698.1867052843781,1.0891738356122995
1697,1697.0,1699.161652818299,1.127250216334139
1698,1698.0,1700.2106519951944,1.1529939618227592
1699,1699.0,1701.158413613443,1.1663189980992477
1700,1700.0,1702.079962654378,1.16680931844598
1701,1701.0,1703.0922686258596,1.1537189834066137
1702,1702.0,1704.142023589155,1.1266943802032914
1703,1703.0,1705.1613657565454,1.0870083286654342
1704,1704.0,1706.3109977494232,1.035700391165593
1705,1705.0,1707.3513473340065,0.9736733370131967
1706,1706.0,1708.3819631763422,0.9017005002975635
1707,1707.0,1709.3888400894075,0.8206669859343254
1708,1708.0,1710.5097667740731,0.7323809077131356
1709,1709.0,1711.4946491283313,0.6382198185145947
1710,1710.0,1712.4809112274695,0.539885459301525
1711,1711.0,1713.5201743899124,0.43951928715079347
1712,1712.0,1714.6498485563973,0.33967488981544863
1713,1713.0,1715.6022998670298,0.24243407605644202
1714,1714.0,1716.622487297517,0.14949833994635064
1715,1715.0,1717.5149031161736,0.06294222445407133
1716,1716.0,1718.5555889804264,-0.014864931795211096
1717,1717.0,1719.470177488201,-0.08199823951160236
1718,1718.0,1720.2259683763643,-0.13690233109756628
1719,1719.0,1721.349830707797,-0.17789611992831295
1720,1720.0,1722.1244101864427,-0.20331959000211172
1721,1721.0,1723.2239080661866,-0.21238509137375594
1722,1722.0,1724.268352187889,-0.2046712339102918
1723,1723.0,1725.3018243774322,-0.17998050229248233
1724,1724.0,1726.3572840455336,-0.13847228025851616
1725,1725.0,1727.325698846954,-0.08108929182439935
1726,1726.0,1728.3230206244912,-0.009246718317606262
1727,1727.0,1729.5130645711604,0.07528194285323259
1728,1728.0,1730.474894219668,0.17028142717172723
1729,1729.0,1731.4280287487238,0.27309980780570864
1730,1730.0,1732.452163516451,0.3815738747119074
1731,1731.0,1733.3785201416629,0.4929041884842269
1732,1732.0,1734.468250657691,0.6034980356309925
1733,1733.0,1735.2859611236463,0.7093259661696312
1734,1734.0,1736.3418067304115,0.8080153191709322
1735,1735.0,1737.2928570691395,0.8974614582672209
1736,1736.0,1738.2358806414006,0.9752977138296275
1737,1737.0,1739.3834610468255,1.0389302380862098
1738,1738.0,1740.276878072608,1.0861779328468268
1739,1739.0,1741.3769521102668,1.1169965649460136
1740,1740.0,1742.3731147866135,1.1316702990590386
1741,1741.0,1743.4742137087183,1.1302720679689084
1742,1742.0,1744.5410108240765,1.1126667173805744
1743,1743.0,1745.6713100586512,1.0798483482523877
1744,1744.0,1746.6966635978679,1.0338327708940689
1745,1745.0,1747.6795827837127,0.9763395694401988
1746,1746.0,1748.9060515795773,0.9093257295015714
1747,1747.0,1750.1043935187975,0.8349880879863484
1748,1748.0,1751.1454199238458,0.7557574641652025
1749,1749.0,1752.0687824799038,0.6736308108504732
1750,1750.0,1752.9981718564943,0.5906533321891407
1751,1751.0,1754.1088179510507,0.5091668360158652
1752,1752.0,1755.1891999148565,0.4317732591895849
1753,1753.0,1756.366387477684,0.36033758555966977
1754,1754.0,1757.3584361417024,0.29602621825486203
1755,1755.0,1758.282348228056,0.2402153919387258
1756,1756.0,1759.1694024245237,0.19449074598574745
1757,1757.0,1760.2920203870613,0.15997491743036318
1758,1758.0,1761.239653501821,0.13697107743118214
1759,1759.0,1762.1570500210055,0.1256629667863235
1760,1760.0,1763.184921139833,0.12609331237921872
1761,1761.0,1764.0451674010383,0.13788337588753535
1762,1762.0,1764.9677033157834,0.16014289187099642
1763,1763.0,1765.9606991878668,0.19182967628041311
1764,1764.0,1766.9356457602585,0.23157037010372486
1765,1765.0,1767.9764817273658,0.2776112052392168
1766,1766.0,1769.021192030691,0.32838551028201746
1767,1767.0,1769.9844343464792,0.3824964481072831
1768,1768.0,1770.8607801678745,0.4381580935865764
1769,1769.0,1771.837876367746,0.4931873304349685
1770,1770.0,1772.6783420296968,0.5452694397486197
1771,1771.0,1773.6431778147537,0.59326348059748
1772,1772.0,1774.6577918263106,0.6362006327611696
1773,1773.0,1775.6320639685387,0.6727854674130498
1774,1774.0,1776.6948452183794,0.7014131517142367
1775,1775.0,1777.6664415854452,0.7212495467793388
1776,1776.0,1778.6765953391232,0.7322998879741666
1777,1777.0,1779.7214550468643,0.7344256403938215
1778,1778.0,1780.6391238592394,0.7274447267445615
1779,1779.0,1781.535112227596,0.711208982745007
1780,1780.0,1782.458406431358,0.6861645360353192
1781,1781.0,1783.4760166133176,0.6528240251741692
1782,1782.0,1784.5319822487718,0.6117939066569146
1783,1783.0,1785.6193950373236,0.5638261995892775
1784,1784.0,1786.6902705126574,0.5098088815243329
1785,1785.0,1787.6192384120054,0.45051699002298395
1786,1786.0,1788.7558028496137,0.38678764583852476
1787,1787.0,1789.7794741388434,0.3195610857311604
1788,1788.0,1790.775966889564,0.24981727419894678
1789,1789.0,1791.6374384770447,0.17857590347786173
1790,1790.0,1792.5857279356055,0.10690336528535666
1791,1791.0,1793.75419735192,0.03583097827265447
1792,1792.0,1794.750849705681,-0.033881301293825716
1793,1793.0,1795.8383694043184,-0.10123642895488347
1794,1794.0,1796.9281269424787,-0.16490982688499817
1795,1795.0,1797.9348969187492,-0.22353655420305354
1796,1796.0,1798.9824322420582,-0.2762531133043644
1797,1797.0,1799.8246512785524,-0.3220049482034152
1798,1798.0,1800.8111403996468,-0.3598055603234669
1799,1799.0,1801.9265060798023,-0.38867716194718205
1800,1800.0,1802.728729940071,-0.4077352825828971
1801,1801.0,1803.8086643306078,-0.4165216887927474
1802,1802.0,1804.734496531219,-0.4146085744310494
1803,1803.0,1805.7659477917784,-0.40157564140894186
1804,1804.0,1806.7697602589908,-0.37727706292308305
1805,1805.0,1807.7419781910735,-0.34236929153838863
1806,1806.0,1808.7700918546545,-0.2973401604729595
1807,1807.0,1809.775114260979,-0.24305411111306344
1808,1808.0,1810.8978939074136,-0.18079570861551508
1809,1809.0,1811.8134106671916,-0.11221693941097446
1810,1810.0,1812.872411182211,-0.03897256216557682
1811,1811.0,1813.8770331317514,0.03717855553911725
1812,1812.0,1815.015372238941,0.11425574477850514
1813,1813.0,1815.9624734409297,0.19005643355323662
1814,1814.0,1816.9269412370966,0.26212929861778933
1815,1815.0,1817.76539183565,0.32849928575622167
1816,1816.0,1818.7296338040987,0.38737687550425437
1817,1817.0,1819.7498786554597,0.43687334399206085
1818,1818.0,1820.7270181492522,0.4750256027239887
1819,1819.0,1821.704875418742,0.5005661782497958
1820,1820.0,1822.7093557974795,0.5130332222026226
1821,1821.0,1823.7958769313948,0.5118574512393281
1822,1822.0,1824.6329685515143,0.4963074636943044
1823,1823.0,1825.5432751894934,0.46578252301215267
1824,1824.0,1826.4851975404758,0.42105395757094066
1825,1825.0,1827.4632070693533,0.3630502992753987
1826,1826.0,1828.5767322114418,0.2927409449865558
1827,1827.0,1829.4610065274717,0.21117012988085906
1828,1828.0,1830.3999299767693,0.1198853436863466
1829,1829.0,1831.3144493948935,0.020670753084362448
1830,1830.0,1832.3583359251118,-0.08456570057716739
1831,1831.0,1833.5220299374362,-0.19354346750619683
1832,1832.0,1834.521199362555,-0.3036093894664339
1833,1833.0,1835.4424157174603,-0.41176422226162823
1834,1834.0,1836.4336319952465,-0.5152739426266573
1835,1835.0,1837.5866312126204,-0.6114519190250868
1836,1836.0,1838.6796121945008,-0.6970975838493134
1837,1837.0,1839.8382943331987,-0.7685351030699162
1838,1838.0,1840.682349267518,-0.8228122852726961
1839,1839.0,1841.674619691447,-0.8576613570887746
1840,1840.0,1842.5673520831785,-0.8708879495247805
1841,1841.0,1843.801918409733,-0.8604392603683214
1842,1842.0,1844.7375702270742,-0.8247755395595195
1843,1843.0,1845.780689218011,-0.7639918651676028
1844,1844.0,1846.8084849767565,-0.6787518334666189
1845,1845.0,1847.9882469694658,-0.5699578910027256
1846,1846.0,1849.1793092067546,-0.4387516693790514
1847,1847.0,1850.2435919067489,-0.2867681909009425
1848,1848.0,1851.0634166275836,-0.11676381284846166
1849,1849.0,1852.1588026327736,0.06889800009658836
1850,1850.0,1853.1379197031686,0.26710350993298165
1851,1851.0,1853.960583847447,0.4738429422182691
1852,1852.0,1854.8947396460553,0.6844333151311408
1853,1853.0,1855.851835132798,0.8940413232242301
1854,1854.0,1856.7877890430793,1.0971348995185384
1855,1855.0,1857.8833489553303,1.2875865688594483
1856,1856.0,1858.8190006703876,1.4586825889315107
1857,1857.0,1860.0027804526442,1.6047993728026553
1858,1858.0,1861.0644981609087,1.7226528581324585
1859,1859.0,1862.1497791792235,1.8102420646189732
1860,1860.0,1863.2042901719246,1.86741506765121
1861,1861.0,1864.1796831500083,1.8950056767370504
1862,1862.0,1865.2373269291138,1.896463507007903
1863,1863.0,1866.259970665217,1.8747940114704815
1864,1864.0,1867.245551661797,1.831714123696187
1865,1865.0,1868.2734382674594,1.7709050546885614
1866,1866.0,1869.28512552479,1.6959463356370612
1867,1867.0,1870.4412617464493,1.609633000928432
1868,1868.0,1871.4054728075096,1.514673679124536
1869,1869.0,1872.472716817137,1.4136354207969144
1870,1870.0,1873.3737960360738,1.308557636535024
1871,1871.0,1874.3873791570331,1.201588005417542
1872,1872.0,1875.4010385067013,1.0949893563804052
1873,1873.0,1876.4289337477207,0.9910335732250688
1874,1874.0,1877.407298960517,0.8907076076329666
1875,1875.0,1878.419749941929,0.7948985421478005
1876,1876.0,1879.3221632845712,0.7049597620612718
1877,1877.0,1880.3399931843805,0.6226938097454998
1878,1878.0,1881.4548801980366,0.5491566448074972
1879,1879.0,1882.4476067529824,0.4843851798488483
1880,1880.0,1883.5477384151932,0.42860848308470684
1881,1881.0,1884.4231739297206,0.3821903149118771
1882,1882.0,1885.5828240627832,0.34559245435418534
1883,1883.0,1886.581661454005,0.31858187220991135
1884,1884.0,1887.6591370515032,0.3007201248479834
1885,1885.0,1888.850695670546,0.2916098061667896
1886,1886.0,1889.6773082983032,0.290759171395475
1887,1887.0,1890.7036788578948,0.2975585668408209
1888,1888.0,1891.8559559480327,0.31099534675308205
1889,1889.0,1893.0463402734213,0.3302912094702252
1890,1890.0,1894.0567830572684,0.35459788937963305
1891,1891.0,1895.1063038578236,0.3828343444172044
1892,1892.0,1896.3813249778627,0.41368675606732075
1893,1893.0,1897.300184620722,0.4456085293628953
1894,1894.0,1898.4656475536647,0.47693411559624915
1895,1895.0,1899.471675510375,0.5068453515864754
1896,1896.0,1900.4694985479878,0.534619597902753
1897,1897.0,1901.4355641723678,0.5592553536320481
1898,1898.0,1902.602206379671,0.5795081983455731
1899,1899.0,1903.6312949951453,0.5940946693645618
1900,1900.0,1904.503647769352,0.6025211255237517
1901,1901.0,1905.4538732199615,0.6042487473121753
1902,1902.0,1906.3784685581525,0.5986510711118701
1903,1903.0,1907.3817984562768,0.5850363051928739
1904,1904.0,1908.3110521060944,0.5630359954135951
1905,1905.0,1909.2113624095125,0.5326944579479128
1906,1906.0,1910.1876534521,0.4939923457931976
1907,1907.0,1911.228653433819,0.44701510442997866
1908,1908.0,1912.3173563433543,0.39195297182187844
1909,1909.0,1913.333905979268,0.329209109825949
1910,1910.0,1914.3867550008968,0.2594030219129243
1911,1911.0,1915.359652028803,0.18294208496479433
1912,1912.0,1916.3277309821574,0.1004830790418561
1913,1913.0,1917.3331736372766,0.012959678221733495
1914,1914.0,1918.3014295755688,-0.07841754940053769
1915,1915.0,1919.3772024541124,-0.1722511939873572
1916,1916.0,1920.4031952842051,-0.26744691131313403
1917,1917.0,1921.3930249697753,-0.3627067377850271
1918,1918.0,1922.3401673091043,-0.4562771818143615
1919,1919.0,1923.2457416664438,-0.5459639450941944
1920,1920.0,1924.4299959473572,-0.629779975680587
1921,1921.0,1925.4514878294995,-0.7059549516574914
1922,1922.0,1926.4665871090153,-0.7724792553836469
1923,1923.0,1927.487530980738,-0.8271666395367029
1924,1924.0,1928.3371485231803,-0.8677580471176957
1925,1925.0,1929.4417108172272,-0.8927671821889611
1926,1926.0,1930.465926747704,-0.9009344022218979
1927,1927.0,1931.570910730147,-0.8914370732580396
1928,1928.0,1932.4907483467596,-0.863984163885685
1929,1929.0,1933.6140413596715,-0.8188162452398832
1930,1930.0,1934.622905262156,-0.7568643588565906
1931,1931.0,1935.7931380490165,-0.6795726970851153
1932,1932.0,1936.7594455825995,-0.5881151435173164
1933,1933.0,1937.7820695420578,-0.48405990753579725
1934,1934.0,1938.8127919983394,-0.36940511632974843
1935,1935.0,1939.7870390886271,-0.24657881489492772
1936,1936.0,1940.7897393483381,-0.11843896603362436
1937,1937.0,1941.7638886061375,0.012056677204280511
1938,1938.0,1942.5093593781812,0.14342269199263943
1939,1939.0,1943.4628805418095,0.27404030557462183
1940,1940.0,1944.5796899984725,0.40175910370375034
1941,1941.0,1945.6559165500184,0.5239309861200878
1942,1942.0,1946.6778586620976,0.6383945319260925
1943,1943.0,1947.665120063932,0.7433743982729233
1944,1944.0,1948.495444842707,0.8368949808328086
1945,1945.0,1949.5168351355935,0.917308238639772
1946,1946.0,1950.529069551198,0.9834093728526183
1947,1947.0,1951.3253244988882,1.0346217855202282
1948,1948.0,1952.1071242005187,1.0700488497753502
1949,1949.0,1953.0069288088898,1.0896240026733004
1950,1950.0,1954.0288399317253,1.0942670796882983
1951,1951.0,1955.0216980360472,1.0858843147134607
1952,1952.0,1956.0409541625077,1.0672871846479963
1953,1953.0,1957.1358962329734,1.0402853260398326
1954,1954.0,1958.0099279630076,1.006432930569653
1955,1955.0,1959.0000154075974,0.9677680885032477
1956,1956.0,1959.9296579195634,0.9265574940679284
1957,1957.0,1960.9505680659552,0.8852964454525778
1958,1958.0,1961.94725630393,0.8466613022642999
1959,1959.0,1962.9204025131505,0.81235519631638
1960,1960.0,1963.811020302435,0.783190702934043
1961,1961.0,1964.7034519531635,0.7600400695691077
1962,1962.0,1965.5921801704292,0.7438321736305654
1963,1963.0,1966.4799283077139,0.7355525224845403
1964,1964.0,1967.3831711220623,0.7356084747591347
1965,1965.0,1968.4775504579247,0.743260226145981
1966,1966.0,1969.3923975439363,0.7580754508735579
1967,1967.0,1970.3934779790357,0.779369559808489
1968,1968.0,1971.2772395006552,0.8061934469715148
1969,1969.0,1972.3908560545265,0.8373092545571392
1970,1970.0,1973.5838429916168,0.871251909797599
1971,1971.0,1974.506416629454,0.9070135455160108
1972,1972.0,1975.5501480872276,0.9434311168862415
1973,1973.0,1976.5896934441034,0.9790577967047592
1974,1974.0,1977.457432173193,1.012162975390592
1975,1975.0,1978.5238924228324,1.0409041183329881
1976,1976.0,1979.414712311153,1.0646441372957147
1977,1977.0,1980.5475508013808,1.0830495960302016
1978,1978.0,1981.6524337080957,1.0953769664816546
1979,1979.0,1982.646255070131,1.1004708925531388
1980,1980.0,1983.6268902099114,1.096908946619155
1981,1981.0,1984.600955656394,1.0847817459754856
1982,1982.0,1985.6045678547243,1.0646331470154693
1983,1983.0,1986.7208808156308,1.0366847196905842
1984,1984.0,1987.8411467276235,1.0009324701651323
1985,1985.0,1988.838531979569,0.9571505169626894
1986,1986.0,1989.631308148797,0.9055284141941353
1987,1987.0,1990.7647653566107,0.8472000168354646
1988,1988.0,1991.688710416909,0.7831924789003843
1989,1989.0,1992.5619136075363,0.7143325893655259
1990,1990.0,1993.2933861104857,0.6412467721704319
1991,1991.0,1994.370653019,0.5644497058343707
1992,1992.0,1995.4195545420896,0.48523710158479905
1993,1993.0,1996.3685527062944,0.40457855954554345
1994,1994.0,1997.2144750986263,0.323529444562371
1995,1995.0,1998.4171297499033,0.24345620244023575
1996,1996.0,1999.4686941061814,0.16574066440718271
1997,1997.0,2000.5102178985805,0.09127837729555222
1998,1998.0,2001.5418789311027,0.021166975028153623
1999,1999.0,2002.3057846760478,-0.0433670848362951
2000,2000.0,2003.3899799376204,-0.10119259558108123
2001,2001.0,2004.3432037116988,-0.1513767215360451
2002,2002.0,2005.3712950841064,-0.19294748891139388
2003,2003.0,2006.234994836316,-0.2249044161981442
2004,2004.0,2007.218936044238,-0.24650078176993964
2005,2005.0,2008.2524892383658,-0.2572458646494169
2006,2006.0,2009.2494516424822,-0.25672767025313403
2007,2007.0,2010.2903322866382,-0.24465816342388133
2008,2008.0,2011.3520653607866,-0.22119483385605476
2009,2009.0,2012.5592912973477,-0.1867516017266732
2010,2010.0,2013.5573959449775,-0.14184004968468605
2011,2011.0,2014.6306755679134,-0.08707294047531614
2012,2012.0,2015.6583342160734,-0.023494039937219588
2013,2013.0,2016.6060035578225,0.047552999602694795
2014,2014.0,2017.4810145967288,0.12463693661975062
2015,2015.0,2018.2376762035715,0.20613850372127265
2016,2016.0,2019.038539553919,0.2902500774629368
2017,2017.0,2019.8984488210467,0.3748909419728007
2018,2018.0,2020.8664012355166,0.45847050765220493
2019,2019.0,2021.8795801480521,0.5394543593270631
2020,2020.0,2023.0113523611867,0.6159503014049024
2021,2021.0,2023.8549109248033,0.6857136162646194
2022,2022.0,2024.9648855542378,0.7470290342836431
2023,2023.0,2026.0509976208834,0.7990730565664982
2024,2024.0,2027.0223408373138,0.8409223532076553
2025,2025.0,2027.9027964809015,0.8716417753706845
2026,2026.0,2028.822859058872,0.8902813821920352
2027,2027.0,2029.906621380018,0.8962186902759549
2028,2028.0,2030.8668962016654,0.8900612080780114
2029,2029.0,2031.7407681429688,0.8725746548720167
2030,2030.0,2032.9006233293303,0.8444205531956509
2031,2031.0,2034.015827971962,0.8061562288504494
2032,2032.0,2035.061135149631,0.7582349407920868
2033,2033.0,2036.0809679601925,0.7020684039060902
2034,2034.0,2037.0788804544898,0.6393492251202368
2035,2035.0,2038.1774403707561,0.5712277530389351
2036,2036.0,2039.0758121499082,0.49923720919762815
2037,2037.0,2040.0094824410337,0.4252936880628774
2038,2038.0,2041.0691966967386,0.3515067417664406
2039,2039.0,2042.0284986514835,0.2792372423827764
2040,2040.0,2043.0302831107956,0.2099421191789486
2041,2041.0,2044.0662143085883,0.14527530571686847
2042,2042.0,2045.1088707587553,0.08702625711878106
2043,2043.0,2046.1240847373508,0.03650021194538575
2044,2044.0,2047.040639283058,-0.005295992252426454
2045,2045.0,2048.0357320681615,-0.0373104086968353
2046,2046.0,2048.944316386247,-0.05856399121801269
2047,2047.0,2049.946561985767,-0.06853831195720642
2048,2048.0,2051.1285390360517,-0.06695454603376833
2049,2049.0,2052.1674611375684,-0.05371299505399464
2050,2050.0,2053.134722415197,-0.028959333062055226
2051,2051.0,2054.064623662112,0.006901651217287502
2052,2052.0,2055.2429605290035,0.05311452391264554
2053,2053.0,2056.3425289486026,0.10851918381344548
2054,2054.0,2057.3896299351354,0.17188218126830695
2055,2055.0,2058.4480074308376,0.24206606262878133
2056,2056.0,2059.3802933926095,0.31751965988957753
2057,2057.0,2060.5213792368722,0.3962431881116059
2058,2058.0,2061.6638748992314,0.4759365725277995
2059,2059.0,2062.8389901461683,0.5549703824813791
2060,2060.0,2063.7479021913223,0.6318538344722942
2061,2061.0,2064.6378566504186,0.7049061801613334
2062,2062.0,2065.5180385986223,0.7722656115249147
2063,2063.0,2066.447159388544,0.8319706205016572
2064,2064.0,2067.5714200090424,0.8830867161169427
2065,2065.0,2068.4800820939827,0.925358419112038
2066,2066.0,2069.473823308136,0.9583200592100116
2067,2067.0,2070.710442511792,0.9812764918846126
2068,2068.0,2071.531322033478,0.993307034068131
2069,2069.0,2072.418718820661,0.9946442901163226
2070,2070.0,2073.4108928292544,0.9862113813227983
2071,2071.0,2074.2830645753556,0.9685111540432061
2072,2072.0,2075.2059045570204,0.9423183311202025
2073,2073.0,2076.2127443606237,0.9086795118834213
2074,2074.0,2077.2575045675976,0.8688623616123005
2075,2075.0,2078.045693991938,0.8238185734874665
2076,2076.0,2078.9115451454513,0.7743758419562378
2077,2077.0,2079.9905179877087,0.7214955629620627
2078,2078.0,2080.971461316947,0.6662667488890126
2079,2079.0,2081.7575390446173,0.6099060285618361
2080,2080.0,2082.694537993845,0.5537576472459464
2081,2081.0,2083.755487175532,0.49925004949976487
2082,2082.0,2084.779991834246,0.44712650040779306
2083,2083.0,2085.8855065961816,0.39768039737986877
2084,2084.0,2086.971981868177,0.3514712746135683
2085,2085.0,2087.9980317059726,0.3093394949004799
2086,2086.0,2088.920761179769,0.2723622398302542
2087,2087.0,2090.012576168129,0.2407961320310527
2088,2088.0,2091.053851429825,0.21459129778716549
2089,2089.0,2092.2271118338203,0.19385901526507207
2090,2090.0,2093.0095356802362,0.1787224370496891
2091,2091.0,2093.9226493524056,0.16929361460951867
2092,2092.0,2094.907673886484,0.16526148248978412
2093,2093.0,2095.761290557048,0.16617456595289493
2094,2094.0,2096.703263282164,0.17154850441506625
2095,2095.0,2097.6737003940443,0.18080158755747897
2096,2096.0,2098.705834300255,0.19325475532628358
2097,2097.0,2099.6621217898387,0.2080187552427186
2098,2098.0,2100.5943046344237,0.22424574129375943
2099,2099.0,2101.610489530153,0.24124545951313037
2100,2100.0,2102.7620285674966,0.2580898541454037
2101,2101.0,2103.9245519090255,0.2736263400226407
2102,2102.0,2104.8782308268246,0.2870067865355169
2103,2103.0,2105.9900515578165,0.29766421427662143
2104,2104.0,2106.7868033828495,0.30490028707885136
2105,2105.0,2107.732755827159,0.3079004341962415
2106,2106.0,2108.6186543779313,0.3058870644845049
2107,2107.0,2109.439420523245,0.2985192167296564
2108,2108.0,2110.1799632366788,0.2854497978342394
2109,2109.0,2111.215668561254,0.2664169430771399
2110,2110.0,2112.275061991015,0.24125329822550506
2111,2111.0,2113.314220638517,0.20990082007935384
2112,2112.0,2114.299440620634,0.17263831766128784
2113,2113.0,2115.1345132499487,0.12990762956271612
2114,2114.0,2116.2355161039313,0.08213240852835577
2115,2115.0,2117.3692457332113,0.029716946763753
2116,2116.0,2118.4784843553334,-0.026817991909597202
2117,2117.0,2119.454106782511,-0.0865207969447358
2118,2118.0,2120.576834245114,-0.14876814296888788
2119,2119.0,2121.599516320509,-0.21270601875750259
2120,2120.0,2122.6460334755548,-0.27718302929241034
2121,2121.0,2123.761334555783,-0.34078805744093943
2122,2122.0,2124.7797014745547,-0.4023801498725563
2123,2123.0,2125.5459639935593,-0.460959506380589
2124,2124.0,2126.6838153657727,-0.5152396088341291
2125,2125.0,2127.6844430993383,-0.5636357996663693
2126,2126.0,2128.38853211472,-0.6043894304423613
2127,2127.0,2129.574894838012,-0.6365553487332881
2128,2128.0,2130.847362344302,-0.6594010128122064
2129,2129.0,2131.741841465706,-0.6721539376195966
2130,2130.0,2132.6928672856593,-0.6740367749488871
2131,2131.0,2133.75767784218,-0.6643067535801328
2132,2132.0,2134.8641165314434,-0.642961433799856
2133,2133.0,2135.821309905985,-0.61014869482549
2134,2134.0,2136.8512964791375,-0.5662036768921889
2135,2135.0,2137.855744227397,-0.5118205864715597
2136,2136.0,2138.9891797395526,-0.44805269627164257
2137,2137.0,2139.9948976401097,-0.3763008812545888
2138,2138.0,2140.997762962184,-0.2979005174092115
2139,2139.0,2141.8844175671384,-0.2139859147442703
2140,2140.0,2142.8740462830656,-0.12596509925752664
2141,2141.0,2143.898974485931,-0.03555179210220527
2142,2142.0,2144.874661120171,0.055263439348447484
2143,2143.0,2145.9641152057534,0.14503512691347625
2144,2144.0,2146.9531901957416,0.23287345089634445
2145,2145.0,2147.9200475479597,0.3176367985208008
2146,2146.0,2149.0821960956782,0.3979130490705737
2147,2147.0,2150.0170800143746,0.47207181150001987
2148,2148.0,2150.8813631302073,0.5393030558573246
2149,2149.0,2152.003123423065,0.599019833433438
2150,2150.0,2152.909754960474,0.6506365702807204
2151,2151.0,2153.9575430002014,0.6937444805613104
2152,2152.0,2155.092360048978,0.7281589216120306
2153,2153.0,2156.095830408044,0.7540684767869597
2154,2154.0,2157.206604918394,0.7714676957150682
2155,2155.0,2158.1583934306313,0.7806223813418274
2156,2156.0,2159.0830312280013,0.7821611609125994
2157,2157.0,2159.9272293611725,0.7770754859726376
2158,2158.0,2160.9610842124266,0.7667196323670897
2159,2159.0,2161.7449477716773,0.7526522800210578
2160,2160.0,2162.768106685725,0.7357235747317142
2161,2161.0,2163.6689177928242,0.7166659130027612
2162,2162.0,2164.5492238884385,0.6964860821461523
2163,2163.0,2165.6436634175816,0.6764646743855656
2164,2164.0,2166.677541138307,0.6581560868564256
2165,2165.0,2167.7210702240773,0.6430823191229876
2166,2166.0,2168.5989710415142,0.6316359743882816
2167,2167.0,2169.5152960027935,0.6240587363800313
2168,2168.0,2170.5502712094435,0.6208045553765734
2169,2169.0,2171.706353911155,0.6225389572027233
2170,2170.0,2172.6194331981383,0.630139013077839
2171,2171.0,2173.6437704157984,0.644050654239281
2172,2172.0,2174.376066013379,0.6635981734098302
2173,2173.0,2175.518855445846,0.6881965157642078
2174,2174.0,2176.343177289248,0.7173669044427703
2175,2175.0,2177.334001043727,0.750736840551512
2176,2176.0,2178.2014500799773,0.787945602595303
2177,2177.0,2179.2402830345773,0.8278377232898918
2178,2178.0,2180.187542048316,0.8696419425177114
2179,2179.0,2181.217769287366,0.912546032444637
2180,2180.0,2182.3069024598003,0.9554926705562999
2181,2181.0,2183.343475355393,0.9971794396581
2182,2182.0,2184.233851093999,1.0360767082435673
2183,2183.0,2185.1961607223675,1.0711862682157323
2184,2184.0,2186.283138650306,1.1022638940593248
2185,2185.0,2187.2267496081877,1.1287838329457796
2186,2186.0,2188.1137651558597,1.1498605821145667
2187,2187.0,2189.12200577481,1.164248888873169
2188,2188.0,2190.2473796386075,1.1707977474594122
2189,2189.0,2191.0359831240803,1.1697411610210149
2190,2190.0,2191.9224939373457,1.1612641136963247
2191,2191.0,2193.037060474013,1.1453127163486507
2192,2192.0,2193.9381797232563,1.121602458391795
2193,2193.0,2194.851581974962,1.0896361302115265
2194,2194.0,2195.8902082852137,1.0494934525273603
2195,2195.0,2196.9326102576238,1.0020676971515983
2196,2196.0,2197.9366503298284,0.9481042032358913
2197,2197.0,2198.8981234402813,0.8881444882363854
2198,2198.0,2199.787496184016,0.8225262479136297
2199,2199.0,2200.9090756475343,0.7516072378392525
2200,2200.0,2201.942228853183,0.6769390868175788
2201,2201.0,2202.9180505228605,0.5993727066094693
2202,2202.0,2203.9450869081056,0.5198080624193879
2203,2203.0,2204.967620746512,0.4394075504772338
2204,2204.0,2206.0980564258257,0.3595959980384293
2205,2205.0,2206.951609221182,0.28194836208437435
2206,2206.0,2207.886143278261,0.20728853208763004
2207,2207.0,2209.083174108275,0.13668988765622833
2208,2208.0,2210.0143602998073,0.07138948947534376
2209,2209.0,2211.0181854656057,0.012608403389973974
2210,2210.0,2212.018560089334,-0.03872156879683063
2211,2211.0,2213.0032072815516,-0.08172627069631733
2212,2212.0,2213.9172710700773,-0.11561825699330477
2213,2213.0,2214.8972277922703,-0.1397480330338083
2214,2214.0,2215.8061297739405,-0.15376465008947596
2215,2215.0,2216.8829064628017,-0.15750845566679264
2216,2216.0,2217.8828395038845,-0.15096898980020726
2217,2217.0,2218.6313247859225,-0.1344065973400918
2218,2218.0,2219.508122145012,-0.10831896662970775
2219,2219.0,2220.4265828506823,-0.07334999575182707
2220,2220.0,2221.4462330978627,-0.030495616639979684
2221,2221.0,2222.4112246356,0.01890493610799014
2222,2222.0,2223.4727198447576,0.07349533741755888
2223,2223.0,2224.6238588426418,0.1320314812389053
2224,2224.0,2225.5553445002347,0.19306377772596378
2225,2225.0,2226.6321715506647,0.2549173841273956
2226,2226.0,2227.491229457862,0.3158104913541836
2227,2227.0,2228.5261967264537,0.37448326096446183
2228,2228.0,2229.3949434162896,0.4297776688660707
2229,2229.0,2230.3126394219157,0.4803656375005738
2230,2230.0,2231.3501789027996,0.5247498802880239
2231,2231.0,2232.386020019673,0.561728052274993
2232,2232.0,2233.3685373058183,0.5910666293102897
2233,2233.0,2234.351147730246,0.6125315401085394
2234,2234.0,2235.4073935309784,0.6257173271658908
2235,2235.0,2236.477870122807,0.6300547164063344
2236,2236.0,2237.543492415598,0.6255699975201924
2237,2237.0,2238.615785376567,0.6129091487215117
2238,2238.0,2239.550751177557,0.5926373363556264
2239,2239.0,2240.6210263443877,0.5653701850308908
2240,2240.0,2241.4950770587193,0.53177377761868
2241,2241.0,2242.526749488214,0.49264879694805297
2242,2242.0,2243.4740621336086,0.4488321971845108
2243,2243.0,2244.7300402619207,0.40112789237653845
2244,2244.0,2245.689058434087,0.35048243319231615
2245,2245.0,2246.621890105608,0.2979860251928895
2246,2246.0,2247.6999797884146,0.24478687243330222
2247,2247.0,2248.8274871056014,0.19174077989372063
2248,2248.0,2249.7051267665693,0.13968800164277903
2249,2249.0,2250.8063992733323,0.0895460485803658
2250,2250.0,2251.8193889106287,0.04229912707899712
2251,2251.0,2252.902240554869,-0.0012968061960883168
2252,2252.0,2253.8368813527,-0.04077269901450144
2253,2253.0,2254.8224821460385,-0.07560537937675177
2254,2254.0,2255.577974906142,-0.10519731594086515
2255,2255.0,2256.6343414195417,-0.12898243544985755
2256,2256.0,2257.616450356939,-0.1467743817293538
2257,2257.0,2258.769654208523,-0.158499976203978
2258,2258.0,2259.7118125341312,-0.16410243136186295
2259,2259.0,2260.629118006335,-0.16349381020937315
2260,2260.0,2261.56981928572,-0.1568243245614069
2261,2261.0,2262.3261082103327,-0.1444662670381065
2262,2262.0,2263.381852222576,-0.12681470498647104
2263,2263.0,2264.4206155817737,-0.10429334589560924
2264,2264.0,2265.3823401469936,-0.07768587444514699
2265,2265.0,2266.3930003513115,-0.04777792148695476
2266,2266.0,2267.5574045765825,-0.015349450891141384
2267,2267.0,2268.6160287615385,0.01864685431505303
2268,2268.0,2269.5556565095494,0.0531360060556446
2269,2269.0,2270.792477364482,0.08728663282294818
2270,2270.0,2271.7326892199258,0.12025959996349742
2271,2271.0,2272.7262145264654,0.15099478626873236
2272,2272.0,2273.8131177593787,0.17826941764000048
2273,2273.0,2274.725191667734,0.20138208071351918
2274,2274.0,2275.744911343535,0.21973859653645392
2275,2275.0,2276.784070333474,0.23258052294728432
2276,2276.0,2277.661014026412,0.23907306539977682
2277,2277.0,2278.500111320854,0.23888302867488242
2278,2278.0,2279.661031364919,0.23192191852065133
2279,2279.0,2280.681427858417,0.21805758692145655
2280,2280.0,2281.8683040225205,0.1971269472295373
2281,2281.0,2282.8914716050886,0.16912077686612934
2282,2282.0,2283.899238738417,0.1344737731565757
2283,2283.0,2284.965990597627,0.09367588240394975
2284,2284.0,2286.0325529154156,0.04726609320693759
2285,2285.0,2286.9894976538812,-0.004167327313093688
2286,2286.0,2288.042276483274,-0.059779974079928425
2287,2287.0,2289.0119039080746,-0.11850138786610802
2288,2288.0,2289.960160330648,-0.17935681283813285
2289,2289.0,2290.8939516824494,-0.2412993594796465
2290,2290.0,2291.7987081726637,-0.3032096981469202
2291,2291.0,2292.703428602259,-0.36371767319011783
2292,2292.0,2293.6632150086466,-0.4214883557411681
2293,2293.0,2294.5976048354833,-0.47548535153167604
2294,2294.0,2295.8418707969417,-0.5244410584839311
2295,2295.0,2296.6728749170165,-0.5668491923936454
2296,2296.0,2297.6816628355805,-0.6011987796372112
2297,2297.0,2298.6256203098346,-0.6267713197048531
2298,2298.0,2299.608109140083,-0.6428586377160564
2299,2299.0,2300.4224477047,-0.6488778892976178
2300,2300.0,2301.3538042575024,-0.6443953474311891
2301,2301.0,2302.3545916354074,-0.6292215098212383
2302,2302.0,2303.3477029489322,-0.603790916752594
2303,2303.0,2304.425120408055,-0.5685766474923954
2304,2304.0,2305.4750288396453,-0.52430246368267
2305,2305.0,2306.334346501597,-0.4719876410855276
2306,2306.0,2307.4322462176024,-0.412946969583144
2307,2307.0,2308.3765785661,-0.34879075317782926
2308,2308.0,2309.4112444272546,-0.2812270616668053
2309,2309.0,2310.3793782240095,-0.21157227459012634
2310,2310.0,2311.237246871656,-0.1412562967376478
2311,2311.0,2312.4325321615916,-0.07169529307712363
2312,2312.0,2313.5962966903408,-0.004276967630848054
2313,2313.0,2314.6170212893903,0.05984180818241562
2314,2314.0,2315.5763653923595,0.11979104209326127
2315,2315.0,2316.5104674792196,0.17476854449527418
2316,2316.0,2317.6022950839224,0.2240371347854006
2317,2317.0,2318.521323435394,0.26723918065772073
2318,2318.0,2319.3579842294157,0.30444663982755243
2319,2319.0,2320.2816611022777,0.3358640265805329
2320,2320.0,2321.3967717052064,0.3618223093548846
2321,2321.0,2322.397137660128,0.3828139928422702
2322,2322.0,2323.5993891332423,0.39953729447055236
2323,2323.0,2324.5391860874033,0.41265377691091365
2324,2324.0,2325.621092127663,0.42304647799810546
2325,2325.0,2326.671913068763,0.4318500632474244
2326,2326.0,2327.595079935099,0.44045070956282034
2327,2327.0,2328.676940156966,0.4501541623177348
2328,2328.0,2329.6817042991115,0.46152311853785705
2329,2329.0,2330.655667335481,0.4752110093724967
2330,2330.0,2331.6762631539923,0.49215186610835054
2331,2331.0,2332.7895439600406,0.5135603201695089
2332,2332.0,2333.9628107291637,0.5406024416837735
2333,2333.0,2334.912955483298,0.5732019034733523
2334,2334.0,2335.868136165621,0.6112994059824215
2335,2335.0,2336.845412074204,0.6548186683134744
2336,2336.0,2337.9700056826223,0.7036333926338691
2337,2337.0,2339.071869951081,0.7574784374150888
2338,2338.0,2339.8335560936366,0.8154225887739605
2339,2339.0,2341.022021586743,0.8763159658594586
2340,2340.0,2341.9061938728014,0.9389960968890642
2341,2341.0,2342.820265840631,1.002280989857848
2342,2342.0,2343.839411720883,1.064969132538398
2343,2343.0,2344.8241171317372,1.1256917552507664
2344,2344.0,2345.7324168127047,1.1829275682417026
2345,2345.0,2346.7340485569493,1.2360882134646338
2346,2346.0,2347.773693169176,1.284537916285111
2347,2347.0,2348.7656565688194,1.3274958903424094
2348,2348.0,2349.7828980083245,1.3640363375496136
2349,2349.0,2350.6511771047717,1.3930153604125524
2350,2350.0,2351.5706205516317,1.414222015697609
2351,2351.0,2352.65494718526,1.4287844950281532
2352,2352.0,2353.8020605093193,1.4372044206358343
2353,2353.0,2355.015976444151,1.4392538974113962
2354,2354.0,2355.9804141174563,1.4339755129046583
2355,2355.0,2357.0057373030977,1.4202817487597106
2356,2356.0,2357.9608199938616,1.3994102074297552
2357,2357.0,2358.974815232602,1.3721068260976947
2358,2358.0,2360.023491937538,1.3386560479671596
2359,2359.0,2360.96846471661,1.298977321970523
2360,2360.0,2361.8617356714954,1.2526310637951423
2361,2361.0,2362.8535900113493,1.1997924184273554
2362,2362.0,2363.7559062911146,1.1413122605896147
2363,2363.0,2364.819419717931,1.0777571024530648
2364,2364.0,2365.8937872985953,1.0096281985426603
2365,2365.0,2366.854652320412,0.9373615457371515
2366,2366.0,2367.711278944042,0.8613278832690623
2367,2367.0,2368.5897836624918,0.7823056456275016
2368,2368.0,2369.5456040140148,0.7014688558960577
2369,2369.0,2370.516993268276,0.6195737301521118
2370,2370.0,2371.618990158239,0.5375707694042411
2371,2371.0,2372.5991706524123,0.456610737329142
2372,2372.0,2373.644239454723,0.3780323608234575
2373,2373.0,2374.392664160709,0.30291318468742917
2374,2374.0,2375.3120565325426,0.23204436895054228
2375,2375.0,2376.3514917245625,0.16655643109791296
2376,2376.0,2377.191951760137,0.1079582783638432
2377,2377.0,2378.1573854979815,0.057651471055599514
2378,2378.0,2379.0826231589253,0.016291379953468396
2379,2379.0,2380.0634014827747,-0.015309994510137898
2380,2380.0,2381.1028177014227,-0.03632078432959046
2381,2381.0,2382.000473889901,-0.04602701227601493
2382,2382.0,2383.0631906464264,-0.04428303623550015
2383,2383.0,2383.9818322464307,-0.031160140808095586
2384,2384.0,2384.98983100339,-0.006939781464054478
2385,2385.0,2385.9362908019884,0.02781303885133624
2386,2386.0,2386.938621886738,0.07224325767567141
2387,2387.0,2387.595117445249,0.12516285008219186
2388,2388.0,2388.768652423335,0.18514707917002698
2389,2389.0,2389.8826578441613,0.250625104514338
2390,2390.0,2390.977074105437,0.319721919185426
2391,2391.0,2391.873986028165,0.390223047034269
2392,2392.0,2392.9031577980727,0.4598206771425269
2393,2393.0,2393.9405118912537,0.5268818998850674
2394,2394.0,2395.197445538592,0.5895999494068773
2395,2395.0,2396.068364704912,0.6458529448357306
2396,2396.0,2397.168650489868,0.6933370209799041
2397,2397.0,2398.0568758437917,0.7309671131450143
2398,2398.0,2399.1109184165143,0.7583012186555229
2399,2399.0,2400.269070131224,0.7745964307804528
2400,2400.0,2401.34315730589,0.7787965332554196
2401,2401.0,2402.5107420242484,0.7700856057340322
2402,2402.0,2403.4865037181307,0.7491903443247325
2403,2403.0,2404.4517488560255,0.7167808469704278
2404,2404.0,2405.4180896627877,0.6734615250119638
2405,2405.0,2406.4728312542657,0.6197991812332143
2406,2406.0,2407.2575993206183,0.5570082809723731
2407,2407.0,2408.3075891869075,0.4864310467488109
2408,2408.0,2409.3675082593013,0.40935722591518287
2409,2409.0,2410.361166992915,0.3272602577578878
2410,2410.0,2411.220943020017,0.2417972734970507
2411,2411.0,2412.2814824026655,0.1547240892796519
2412,2412.0,2413.2687935936783,0.06761540202623517
2413,2413.0,2414.2647404554455,-0.01787046558001376
2414,2414.0,2415.092603068884,-0.09990059019801728
2415,2415.0,2416.1390264764304,-0.1766744284006078
2416,2416.0,2417.1926014630294,-0.24679825832523028
2417,2417.0,2418.2187794713377,-0.30884728882946544
2418,2418.0,2419.12847872698,-0.3614265399930667
2419,2419.0,2420.0613116113527,-0.40320771616855544
2420,2420.0,2421.0739695542447,-0.43324528755684655
2421,2421.0,2422.1014569090503,-0.45093478341510873
2422,2422.0,2423.0741199844438,-0.4558888914132715
2423,2423.0,2424.012905791127,-0.4479367185293576
2424,2424.0,2425.2510933624844,-0.42715797078383066
2425,2425.0,2426.206274103327,-0.3941004269973699
2426,2426.0,2427.2842549216584,-0.3492920703305105
2427,2427.0,2428.274415478159,-0.29354997718009207
2428,2428.0,2429.1682320375785,-0.22807255695958661
2429,2429.0,2430.214750436507,-0.15443955209914645
2430,2430.0,2431.280727748063,-0.07451299680729573
2431,2431.0,2432.291601613889,0.010316356954650163
2432,2432.0,2433.239623089648,0.09871031099840694
2433,2433.0,2434.09857429774,0.1890645361158862
2434,2434.0,2435.025115738136,0.279515733859169
2435,2435.0,2436.017071455709,0.36823337086216157
2436,2436.0,2437.045578781865,0.45406221854315143
2437,2437.0,2438.0692064267455,0.5358124770837708
2438,2438.0,2438.982954726888,0.6120841717407142
2439,2439.0,2440.19345548214,0.6813433959564446
2440,2440.0,2441.3689985520728,0.7427328529291873
2441,2441.0,2442.440704790305,0.795752925768604
2442,2442.0,2443.5545881840535,0.8398478352957641
2443,2443.0,2444.634350159359,0.8744141144814636
2444,2444.0,2445.6905934955826,0.8989129317308233
2445,2445.0,2446.78047236592,0.913661989700265
2446,2446.0,2447.8198723390574,0.9190300334050341
2447,2447.0,2448.8629703058637,0.9154937470930701
2448,2448.0,2449.8009187420475,0.9037157314338459
2449,2449.0,2450.760493339769,0.8845445035183601
2450,2450.0,2451.7163664401774,0.8589568190311951
2451,2451.0,2452.643314779558,0.8277908899015265
2452,2452.0,2453.8059134829973,0.7920643100264646
2453,2453.0,2454.717700527028,0.7528260263378665
2454,2454.0,2455.6979849026484,0.7111254543798726
2455,2455.0,2456.684677202184,0.6680124783088978
2456,2456.0,2457.643235361639,0.62453745089362
2457,2457.0,2458.759967743695,0.5817511935150297
2458,2458.0,2459.6751295333515,0.5408166919337714
2459,2459.0,2460.640302632203,0.5027219474859733
2460,2460.0,2461.558284511822,0.4682080086334788
2461,2461.0,2462.556326363904,0.4380518139903823
2462,2462.0,2463.7391922244815,0.4130671227680227
2463,2463.0,2464.610349398061,0.39396418540336303
2464,2464.0,2465.6307188051314,0.38087896288216727
2465,2465.0,2466.6492092487956,0.37391972136029844
2466,2466.0,2467.7252819762107,0.373369294264491
2467,2467.0,2468.55054399298,0.3795847567750292
2468,2468.0,2469.5381553950956,0.3921434594854774
2469,2469.0,2470.6227479164227,0.4104123010244452
2470,2470.0,2471.7325205133043,0.4337874500552909
2471,2471.0,2472.5935031733397,0.461654319065382
2472,2472.0,2473.36604807932,0.4927564266760999
2473,2473.0,2474.4174967313825,0.5261619561253035
2474,2474.0,2475.4739508184016,0.5610908367110727
2475,2475.0,2476.4234128141866,0.596242925448925
2476,2476.0,2477.6164162844925,0.6297980070718232
2477,2477.0,2478.7707697324136,0.6596499330501041
2478,2478.0,2479.7162777863796,0.6850742136536278
2479,2479.0,2480.7016007292514,0.7054488215387544
2480,2480.0,2481.6702164609496,0.7197752369302688
2481,2481.0,2482.7640664730307,0.7267333251804784
2482,2482.0,2483.7466711559973,0.7248478451405364
2483,2483.0,2484.87840613567,0.7140158498432019
2484,2484.0,2486.0491666241633,0.694428527512505
2485,2485.0,2486.9561776753226,0.6661055935047762
2486,2486.0,2488.0613451000027,0.6289728846691405
2487,2487.0,2489.122006032195,0.5829671819793061
2488,2488.0,2490.2026817109877,0.5290400588488886
2489,2489.0,2491.047984240922,0.4681541359946174
2490,2490.0,2492.0824766252067,0.401334410915044
2491,2491.0,2493.135941667799,0.3298103805712802
2492,2492.0,2494.138849595305,0.2550160413870817
2493,2493.0,2494.9914388311213,0.17855175355516287
2494,2494.0,2496.00776114899,0.10202580360197003
2495,2495.0,2496.9602863622804,0.027160868226952406
2496,2496.0,2497.9931175090123,-0.044153969548644756
2497,2497.0,2499.0432226299467,-0.11004911738876488
2498,2498.0,2500.100622237296,-0.16905651089515894
2499,2499.0,2501.124863332465,-0.2196524169335123
2500,2500.0,2501.950097949428,-0.2601570767729417
2501,2501.0,2503.0836570981223,-0.2891660724874542
2502,2502.0,2504.0774738504024,-0.3058800807766588
2503,2503.0,2505.03426436819,-0.3096551089192265
2504,2504.0,2506.061587551831,-0.2999999061700192
2505,2505.0,2506.9355205917395,-0.27691435815520415
2506,2506.0,2507.9706582427148,-0.24097938346020914
2507,2507.0,2508.936882713593,-0.1930072631760944
2508,2508.0,2509.8608335840986,-0.13403266580785586
2509,2509.0,2510.833381696624,-0.06570481595783391
2510,2510.0,2511.8648721206278,0.010314246463255072
2511,2511.0,2512.778044796962,0.09222240139872956
2512,2512.0,2513.854231614901,0.1778414159920202
2513,2513.0,2514.7675648440595,0.2646169445868106
2514,2514.0,2515.694170608873,0.34986393493324963
2515,2515.0,2516.608664122459,0.43160430129322686
2516,2516.0,2517.840525431686,0.5079580725846257
2517,2517.0,2518.8432533208056,0.576907154363933
2518,2518.0,2519.752990281629,0.6363011407538481
2519,2519.0,2520.709449924918,0.6845444177809554
2520,2520.0,2521.5845761582123,0.7212363555180952
2521,2521.0,2522.574131728898,0.7459761831293312
2522,2522.0,2523.4725113473214,0.7582091934867917
2523,2523.0,2524.464426734721,0.7572544629661194
2524,2524.0,2525.4449797405,0.7435154564348336
2525,2525.0,2526.4082566799434,0.7180858435065204
2526,2526.0,2527.4220287858916,0.681928235303497
2527,2527.0,2528.479095743345,0.6360771756187238
2528,2528.0,2529.5089602365406,0.5816532330827393
2529,2529.0,2530.534326919192,0.5202249670541699
2530,2530.0,2531.6412054268153,0.45318310086787766
2531,2531.0,2532.887957901141,0.3819748131192924
2532,2532.0,2533.929768015819,0.30833562869923486
2533,2533.0,2535.0188722445055,0.2342703428552808
2534,2534.0,2535.9816798640536,0.16142410915811697
2535,2535.0,2536.9046342613474,0.09117790559427089
2536,2536.0,2538.056373899985,0.025092102099318336
2537,2537.0,2538.9250450455147,-0.03520720253732174
2538,2538.0,2540.020074134448,-0.08845913442732921
2539,2539.0,2541.017987404214,-0.13345901438407948
2540,2540.0,2542.1345117378337,-0.16907296539675037
2541,2541.0,2543.26855081523,-0.19426339362347378
2542,2542.0,2544.2215089499423,-0.20831494646807
2543,2543.0,2545.118615098158,-0.2108089558952988
2544,2544.0,2546.195345428778,-0.20144101169347609
2545,2545.0,2547.252044885271,-0.18001846857889836
2546,2546.0,2548.2692688750294,-0.14661738059371038
2547,2547.0,2549.3801000330272,-0.1016816162111754
2548,2548.0,2550.374768201499,-0.045717079928772136
2549,2549.0,2551.4170120842055,0.020321082569286303
2550,2550.0,2552.4360894800066,0.09508574642380098
2551,2551.0,2553.582835883596,0.17739303267265302
2552,2552.0,2554.6944030720906,0.2659038120358941
2553,2553.0,2555.6850223337133,0.35897778434286143
2554,2554.0,2556.675997834943,0.45466163558667644
2555,2555.0,2557.674255232629,0.5509989402413977
2556,2556.0,2558.709671968266,0.6466242193836294
2557,2557.0,2559.740598457941,0.7398414122863929
2558,2558.0,2560.656002094192,0.8285132359164145
2559,2559.0,2561.8627882940827,0.9100702407748643
2560,2560.0,2563.02260379103,0.9824551104047258
2561,2561.0,2563.86144606301,1.0449863854700125
2562,2562.0,2564.887936602274,1.0969097715039222
2563,2563.0,2566.105018626764,1.1372285293299826
2564,2564.0,2567.0461206597747,1.1647034750618523
2565,2565.0,2568.004327081008,1.178242131258403
2566,2566.0,2568.8561111969307,1.1783330004494674
2567,2567.0,2569.921294207675,1.165619809747004
2568,2568.0,2571.1047755212053,1.1405751585927817
2569,2569.0,2572.1496337859717,1.1035124768691693
2570,2570.0,2573.171825387362,1.0546414984974992
2571,2571.0,2574.19433779028,0.9951884330976849
2572,2572.0,2575.352462581018,0.9264187478683995
2573,2573.0,2576.2738550805507,0.8495544872198522
2574,2574.0,2577.1637131274224,0.7660529699065342
2575,2575.0,2578.3086912657345,0.6776067890271193
2576,2576.0,2579.3283074653486,0.5861413554237445
2577,2577.0,2580.373251931056,0.4933596952705535
2578,2578.0,2581.4670157988603,0.4004778363586499
2579,2579.0,2582.5182026146763,0.309155477999232
2580,2580.0,2583.6438728838743,0.22159773920216363
2581,2581.0,2584.661537214164,0.14031474650927445
2582,2582.0,2585.7258082661465,0.06677669504126187
2583,2583.0,2586.476119173759,0.0025149297551975425
2584,2584.0,2587.630891452341,-0.05086790116784751
2585,2585.0,2588.492122321009,-0.09176494777192581
2586,2586.0,2589.5071279905396,-0.1189982988319657
2587,2587.0,2590.4792793594816,-0.13186274631453881
2588,2588.0,2591.452003718377,-0.12979171432782113
2589,2589.0,2592.3797928447875,-0.11247019928967128
2590,2590.0,2593.3460403958397,-0.08012357755888247
2591,2591.0,2594.4567510934385,-0.03336229596702854
2592,2592.0,2595.4854345847366,0.026807340611654268
2593,2593.0,2596.449838312994,0.09887678762692456
2594,2594.0,2597.3470005738727,0.1810207623021529
2595,2595.0,2598.3568945773823,0.27151587908521424
2596,2596.0,2599.376132219336,0.36808778332529757
2597,2597.0,2600.313195457398,0.4678616927330432
2598,2598.0,2601.3254427997535,0.5675332780193674
2599,2599.0,2602.11863222085,0.6646871591885951
2600,2600.0,2603.1253417340085,0.7572237479610158
2601,2601.0,2603.976372877246,0.8427048953401903
2602,2602.0,2605.0045458748586,0.9183503129764262
2603,2603.0,2605.9874346221677,0.9814291314353238
2604,2604.0,2606.853103856355,1.0311186162536055
2605,2605.0,2607.9282964446384,1.067110813124549
2606,2606.0,2608.8293018285804,1.088878102027668
2607,2607.0,2609.9173652358513,1.095674099413882
2608,2608.0,2610.8987463929,1.0871205781331985
2609,2609.0,2611.8420789073716,1.064540245492567
2610,2610.0,2612.7650629909685,1.0290461043594115
2611,2611.0,2613.722594688816,0.9819350792925461
2612,2612.0,2614.8104481664063,0.9247252834027877
2613,2613.0,2615.6660865293156,0.8592608616024567
2614,2614.0,2616.7137342373762,0.7874449187462108
2615,2615.0,2617.630546941188,0.7108171322232825
2616,2616.0,2618.735834906304,0.6312728660909102
2617,2617.0,2619.635636393445,0.5510978057025988
2618,2618.0,2620.5869457560684,0.4727707226348865
2619,2619.0,2621.752253026955,0.39779526485637584
2620,2620.0,2622.721111091992,0.3274984328325604
2621,2621.0,2623.941902315868,0.2633605967714452
2622,2622.0,2624.958680554339,0.20698891192963148
2623,2623.0,2625.9664942558584,0.15962148460521725
2624,2624.0,2626.884311956315,0.12187897868783247
2625,2625.0,2627.8888791525083,0.09429137656333961
2626,2626.0,2629.0004364330252,0.0773048803257231
2627,2627.0,2629.9948269403503,0.07100254871883899
2628,2628.0,2631.0561140581854,0.07512663639865061
2629,2629.0,2632.02878887111,0.08919571518092118
2630,2630.0,2633.0284027812804,0.11241700261847291
2631,2631.0,2634.142142301822,0.1436809408574336
2632,2632.0,2635.237985945707,0.18191161002593442
2633,2633.0,2636.291805137273,0.22578791541956367
2634,2634.0,2637.143985999194,0.27372246953352036
2635,2635.0,2638.12441833729,0.3238619398038164
2636,2636.0,2639.304859067064,0.3749183405883625
2637,2637.0,2640.351870152257,0.4256230740777046
2638,2638.0,2641.0615268323586,0.4744202741657289
2639,2639.0,2642.0427214692313,0.5194672282449961
2640,2640.0,2643.042885217241,0.5591228102073971
2641,2641.0,2643.9000470672704,0.5928126838444221
2642,2642.0,2644.957654538525,0.6199756187163217
2643,2643.0,2645.9718722167436,0.6398594081572162
2644,2644.0,2646.8982556196174,0.6515266551667716
2645,2645.0,2647.9551255483443,0.6546556082018264
2646,2646.0,2648.894628384694,0.6495973911062763
2647,2647.0,2649.8848988612162,0.6365239930324579
2648,2648.0,2650.8550541482064,0.6155684362129775
2649,2649.0,2651.8135402689395,0.5868343602852193
2650,2650.0,2652.763209690589,0.5509429638388932
2651,2651.0,2653.812193919626,0.5085096990692822
2652,2652.0,2654.8825664932797,0.4600533441015094
2653,2653.0,2655.9128608733176,0.4062662846018104
2654,2654.0,2657.0024048879345,0.34801451377771897
2655,2655.0,2657.9155517363806,0.2863270583929057
2656,2656.0,2659.0814642178657,0.2220303330634883
2657,2657.0,2660.0888479712894,0.15574759651812098
2658,2658.0,2661.126084614694,0.08834769008007914
2659,2659.0,2662.278838694957,0.02096353861008965
2660,2660.0,2663.428278905257,-0.04501910238660763
2661,2661.0,2664.4259485180914,-0.10847748917619825
2662,2662.0,2665.494435515223,-0.16872842110479264
2663,2663.0,2666.598909716352,-0.2248467835492755
2664,2664.0,2667.8334517773437,-0.2756161709793787
2665,2665.0,2668.837328115419,-0.3195702147820534
2666,2666.0,2669.857131213037,-0.3558060152359979
2667,2667.0,2670.7436200147176,-0.38374434042261285
2668,2668.0,2671.8834559519432,-0.40271920707648545
2669,2669.0,2672.7736769719127,-0.4120331940987547
2670,2670.0,2673.8565478365376,-0.4110505240181485
2671,2671.0,2674.809289987451,-0.39975804317239044
2672,2672.0,2675.9290482343777,-0.3784978166680709
2673,2673.0,2676.942362726265,-0.34780250084905845
2674,2674.0,2677.853010124482,-0.3083988903007276
2675,2675.0,2678.898186555032,-0.26125579878591365
2676,2676.0,2679.772708132643,-0.2079277632222853
2677,2677.0,2680.5765587185706,-0.14982410459251502
2678,2678.0,2681.462881370212,-0.08863225413306017
2679,2679.0,2682.3399055352056,-0.026460021323012506
2680,2680.0,2683.4811507054455,0.034248435996083224
2681,2681.0,2684.542009105466,0.09158623434017124
2682,2682.0,2685.4761171618084,0.1437928183782303
2683,2683.0,2686.622299977093,0.188944193409607
2684,2684.0,2687.5849667805714,0.22499397281442127
2685,2685.0,2688.593485163672,0.25033492627191734
2686,2686.0,2689.488261063944,0.2640576762712245
2687,2687.0,2690.4555066134717,0.2651809575149856
2688,2688.0,2691.4041581766405,0.2526145657002774
2689,2689.0,2692.475254007657,0.2260199761143591
2690,2690.0,2693.4698007975758,0.18564078353474806
2691,2691.0,2694.5436799147933,0.13177453519876314
2692,2692.0,2695.5926116358296,0.06488058888213429
2693,2693.0,2696.7493924325117,-0.014022115880107863
2694,2694.0,2697.718614003147,-0.10375841324794147
2695,2695.0,2698.65601118406,-0.20279903966383578
2696,2696.0,2699.7070037537856,-0.3091249807213596
2697,2697.0,2700.7147676648583,-0.42019886298883097
2698,2698.0,2701.7643030407157,-0.5333535877184694
2699,2699.0,2702.8834009245,-0.6461289882576406
2700,2700.0,2703.8931955044027,-0.7553010923826595
2701,2701.0,2704.9402791359626,-0.856798556246207
2702,2702.0,2706.0288925705277,-0.9461969783279394
2703,2703.0,2707.0351883600865,-1.0200524030847615
2704,2704.0,2708.029836841484,-1.0749579127905304
2705,2705.0,2708.9678470563103,-1.1076699653489368
2706,2706.0,2709.9038579422822,-1.115120871605208
2707,2707.0,2710.930574322661,-1.0950979940924312
2708,2708.0,2711.9343901777556,-1.0472792383642382
2709,2709.0,2712.90976903093,-0.9717502349903153
2710,2710.0,2713.865038690028,-0.8687306760926115
2711,2711.0,2714.7975226293106,-0.7385763714143776
2712,2712.0,2715.621824995059,-0.5828646296821466
2713,2713.0,2716.67332682631,-0.40383395934058586
2714,2714.0,2717.8158929880774,-0.2034832581903412
2715,2715.0,2718.618326406834,0.015774452046979803
2716,2716.0,2719.702727285557,0.2511120257292351
2717,2717.0,2720.807856821436,0.4988776375554155
2718,2718.0,2721.8531939966124,0.754215444339024
2719,2719.0,2722.8439992632793,1.01064963023937
2720,2720.0,2723.986799707846,1.2597965793359513
2721,2721.0,2724.780357485204,1.492537541060556
2722,2722.0,2726.0798365172095,1.6992500455692603
2723,2723.0,2727.076456662565,1.8733423980459714
2724,2724.0,2728.1734376017107,2.009766503289251
2725,2725.0,2729.1168894924103,2.1084373859567975
2726,2726.0,2730.0266109234035,2.170883682634747
2727,2727.0,2730.988051782798,2.1979924325603974
2728,2728.0,2732.030324295486,2.194694786336954
2729,2729.0,2733.0637246452084,2.165743070594722
2730,2730.0,2734.05956253755,2.114639195056172
2731,2731.0,2735.041996683156,2.0453300613837504
2732,2732.0,2736.052912291316,1.9611239297241012
2733,2733.0,2737.0207238341977,1.8650301012505885
2734,2734.0,2738.032388522795,1.75970838213664
2735,2735.0,2739.0585969380118,1.6475896592731065
2736,2736.0,2740.3317628907334,1.5314000685185571
2737,2737.0,2741.111374072939,1.4128076188533134
2738,2738.0,2742.2119375243146,1.2930288042702804
2739,2739.0,2743.276315822265,1.173793709800904
2740,2740.0,2744.382965858299,1.0573460115149662
2741,2741.0,2745.397007128785,0.9460637482269143
2742,2742.0,2746.4991898239755,0.8406263692305898
2743,2743.0,2747.4001104805875,0.7415420233922216
2744,2744.0,2748.4034037282327,0.6497225203461223
2745,2745.0,2749.393577448005,0.5664675570417452
2746,2746.0,2750.5572748213917,0.493199978653102
2747,2747.0,2751.656770948277,0.4300937242500779
2748,2748.0,2752.694041360598,0.3771330265738656
2749,2749.0,2753.6177898677834,0.33450595049014187
2750,2750.0,2754.768688333981,0.3025883919782659
2751,2751.0,2755.6968525346865,0.2817191244138154
2752,2752.0,2756.7395461615442,0.2712702746630748
2753,2753.0,2757.7658185442056,0.2706122331619492
2754,2754.0,2758.839988725572,0.27911294016741933
2755,2755.0,2760.0106580495144,0.2961063828343329
2756,2756.0,2760.9963969169435,0.3206758144910525
2757,2757.0,2762.124071413865,0.3516653519721383
2758,2758.0,2763.222981355819,0.3880551196140972
2759,2759.0,2764.2114756199085,0.4285759545955399
2760,2760.0,2765.2935816896274,0.4717033646784593
2761,2761.0,2766.379207999446,0.5157281443565722
2762,2762.0,2767.2907322572473,0.5593738068680302
2763,2763.0,2768.116120490483,0.6014917671870635
2764,2764.0,2769.1212387706582,0.6406748133163821
2765,2765.0,2770.087655147422,0.6752610793612304
2766,2766.0,2771.001756669474,0.7038965322590355
2767,2767.0,2771.8985503223957,0.725843217009182
2768,2768.0,2772.7297341616418,0.740209279456389
2769,2769.0,2773.784991552913,0.7458884262991322
2770,2770.0,2774.7270964297963,0.7418002749447602
2771,2771.0,2775.7666654684913,0.7277989078211543
2772,2772.0,2776.7537669278863,0.7038201090508742
2773,2773.0,2777.9041124804644,0.6696680217030374
2774,2774.0,2778.80772818101,0.6250661539843099
2775,2775.0,2779.754713741353,0.5703054761442797
2776,2776.0,2780.8355004221607,0.5060004686970563
2777,2777.0,2781.831749606676,0.4328439306483642
2778,2778.0,2782.9760787109835,0.35164695847588706
2779,2779.0,2784.0381200850293,0.26338003563592105
2780,2780.0,2785.2645060326913,0.16933600659655482
2781,2781.0,2786.260724089106,0.07061755295211097
2782,2782.0,2787.062271371808,-0.031313604350455826
2783,2783.0,2787.970282659662,-0.13452442944750315
2784,2784.0,2788.9588305183815,-0.23669342986567982
2785,2785.0,2790.087828551141,-0.33614463964511077
2786,2786.0,2790.9485644200145,-0.4313025624135452
2787,2787.0,2792.0331494918123,-0.5200338679151252
2788,2788.0,2793.0649030896957,-0.5996654599738263
2789,2789.0,2793.9666699912523,-0.6674717931124723
2790,2790.0,2795.103525390757,-0.7218105941896241
2791,2791.0,2796.219990905983,-0.7609918436840121
2792,2792.0,2796.9785964975454,-0.7833740138868045
2793,2793.0,2797.9736738504153,-0.7873918761029524
2794,2794.0,2798.6497776665883,-0.7724368360799341
2795,2795.0,2799.64658352665,-0.7385793314852377
2796,2796.0,2800.578264625441,-0.6861730377045681
2797,2797.0,2801.385787487279,-0.6160654050404674
2798,2798.0,2802.362773627783,-0.5295976587120801
2799,2799.0,2803.402274776024,-0.428776349123683
2800,2800.0,2804.506016345492,-0.31587342348895714
2801,2801.0,2805.5556792814195,-0.19296161782979276
2802,2802.0,2806.5940346156185,-0.0626591800509691
2803,2803.0,2807.581733587883,0.07186932891610753
2804,2804.0,2808.72789641995,0.20783430426979402
2805,2805.0,2809.8313953089782,0.34319584024161015
2806,2806.0,2810.775069334657,0.47545844738649673
2807,2807.0,2811.805352365391,0.6015799075409654
2808,2808.0,2812.777710608082,0.7184760475852616
2809,2809.0,2813.793385698953,0.8241021536151845
2810,2810.0,2814.8990442698405,0.9164082338578643
2811,2811.0,2815.9699541043597,0.9935985143162487
2812,2812.0,2816.976374122174,1.0541644804138934
2813,2813.0,2817.8319906794495,1.0975103204902363
2814,2814.0,2818.8196680445008,1.1236756603653995
2815,2815.0,2819.85512789362,1.1331626983548626
2816,2816.0,2820.9988643951715,1.1270701157602052
2817,2817.0,2821.890395092091,1.1070930768690892
2818,2818.0,2823.0026198265473,1.0755232289552372
2819,2819.0,2823.9209352326934,1.0351958501204963
2820,2820.0,2824.942781239166,0.9881286713716365
2821,2821.0,2826.1003674419903,0.935993695265479
2822,2822.0,2827.138646227877,0.8810425543718801
2823,2823.0,2828.1929094556617,0.82611385585752
2824,2824.0,2829.235848980116,0.7742941355816582
2825,2825.0,2830.2397880634153,0.7267447822482458
2826,2826.0,2831.4097725271085,0.6842731392069039
2827,2827.0,2832.3375745087856,0.6479041895810317
2828,2828.0,2833.260853591671,0.618827242833467
2829,2829.0,2834.3671373258803,0.5982065434973279
2830,2830.0,2835.3397068174036,0.5859690304711458
2831,2831.0,2836.4655465701985,0.5819572498182759
2832,2832.0,2837.5493288359194,0.5858520047471809
2833,2833.0,2838.4752080660874,0.597076292280001
2834,2834.0,2839.5832687198554,0.6147864549204579
2835,2835.0,2840.5989934418794,0.6379446148868289
2836,2836.0,2841.425610120862,0.6655819737627489
2837,2837.0,2842.4881639172363,0.6966213602726061
2838,2838.0,2843.349130160572,0.7298475875174416
2839,2839.0,2844.4405125851968,0.76390745297483
2840,2840.0,2845.3896849328817,0.7973097384989312
2841,2841.0,2846.389181671183,0.8284327992767649
2842,2842.0,2847.473286178301,0.8560665520904995
2843,2843.0,2848.568799335536,0.8797060210600962
2844,2844.0,2849.748471531844,0.8987101694474623
2845,2845.0,2850.604797087991,0.9122241703267618
2846,2846.0,2851.523099815208,0.9191795908842214
2847,2847.0,2852.5793577728386,0.9189144856400662
2848,2848.0,2853.6363710474534,0.9114819387544635
2849,2849.0,2854.674380086193,0.8967808765296308
2850,2850.0,2855.857200602302,0.8747183890640414
2851,2851.0,2856.8700468345696,0.8452097302523676
2852,2852.0,2857.8857220182454,0.8083266201920749
2853,2853.0,2858.8437704419093,0.764588376800375
2854,2854.0,2859.7379986474407,0.7144659469154828
2855,2855.0,2860.758513790966,0.6584556872799929
2856,2856.0,2861.8296773553334,0.5970861303492532
2857,2857.0,2862.795625965401,0.5309179842915954
2858,2858.0,2863.6917602217186,0.4605864374469676
2859,2859.0,2864.6281068920453,0.38693144519487205
2860,2860.0,2865.6205736981856,0.3106166516559829
2861,2861.0,2866.5340264646916,0.2325376148356304
2862,2862.0,2867.5977448505273,0.15388969430680854
2863,2863.0,2868.671101836485,0.07605346925871403
2864,2864.0,2869.7513736453243,-6.101043911793669e-05
2865,2865.0,2870.597974430053,-0.07342694345161757
2866,2866.0,2871.5607191985305,-0.14273329842407845
2867,2867.0,2872.547923739084,-0.20644258655700154
2868,2868.0,2873.5781015343982,-0.2632970859040231
2869,2869.0,2874.6906568384816,-0.312198659185259
2870,2870.0,2875.7347051543998,-0.3518855858233183
2871,2871.0,2876.9215137151114,-0.38095301400372444
2872,2872.0,2877.9395401702113,-0.3983020271059991
2873,2873.0,2879.034372028451,-0.40324372394727664
2874,2874.0,2880.0242637864853,-0.3952434658704978
2875,2875.0,2881.1751079191827,-0.373915855021222
2876,2876.0,2882.0389835633755,-0.33917631818879074
2877,2877.0,2883.1867507531642,-0.2915124221815917
2878,2878.0,2884.1409341332014,-0.23160654687831034
2879,2879.0,2885.096993569571,-0.16041204537218223
2880,2880.0,2886.1754006007236,-0.0791568678633161
2881,2881.0,2887.2216635871646,0.010472095812917845
2882,2882.0,2888.073692873364,0.1064633049578417
2883,2883.0,2889.142011785241,0.20703807750871722
2884,2884.0,2890.157352480744,0.309966234947058
2885,2885.0,2891.161949694292,0.4125399388486958
2886,2886.0,2891.9970805096495,0.5118940427032466
2887,2887.0,2893.1737558509194,0.6058782588783386
2888,2888.0,2894.230853755389,0.6924030085161409
2889,2889.0,2895.3892646709987,0.7693705913409061
2890,2890.0,2896.394574244735,0.8346765341794631
2891,2891.0,2897.449419835086,0.8863559567675736
2892,2892.0,2898.3973885909536,0.9238111655932517
2893,2893.0,2899.5508399005707,0.94679978988757
2894,2894.0,2900.3895011053337,0.9549294036278937
2895,2895.0,2901.560191450895,0.9476575255379827
2896,2896.0,2902.607997358457,0.9253395334145406
2897,2897.0,2903.586349553132,0.8894132189956195
2898,2898.0,2904.6338482902947,0.841043887439629
2899,2899.0,2905.64663975431,0.781742036258136
2900,2900.0,2906.728222628898,0.713363490668801
2901,2901.0,2907.699819371497,0.6379720158324826
2902,2902.0,2908.52612236818,0.55751633909381
2903,2903.0,2909.583321231419,0.4740705146872395
2904,2904.0,2910.5707895062487,0.3898416258335389
2905,2905.0,2911.5935362324103,0.3071737468868412
2906,2906.0,2912.640277282631,0.22835413509686342
2907,2907.0,2913.851632781803,0.15509382443850328
2908,2908.0,2914.782529352361,0.08928699948339544
2909,2909.0,2915.6588169487163,0.033163331222732476
2910,2910.0,2916.6814976040323,-0.011538379371089334
2911,2911.0,2917.5878361641758,-0.043689013520270756
2912,2912.0,2918.580456137918,-0.062164184706618886
2913,2913.0,2919.53543254404,-0.0661233490311184
2914,2914.0,2920.520745420891,-0.05524459863456923
2915,2915.0,2921.356712667523,-0.029510771704401438
2916,2916.0,2922.379575387833,0.010658781773020463
2917,2917.0,2923.3762148559636,0.06442669715112634
2918,2918.0,2924.373344689764,0.13074351320571573
2919,2919.0,2925.4871909976277,0.2081060028028984
2920,2920.0,2926.5831896856366,0.2946181422480477
2921,2921.0,2927.743481906043,0.38832355522527634
2922,2922.0,2928.855477792918,0.4870508285987081
2923,2923.0,2929.8274955380725,0.5884106847576294
2924,2924.0,2930.9185939269582,0.6897901057870066
2925,2925.0,2931.899139388343,0.7882645490004601
2926,2926.0,2932.915252369483,0.8819812262284734
2927,2927.0,2934.044281708755,0.96927987118603
2928,2928.0,2935.150926968358,1.0482451933940191
2929,2929.0,2936.129749312361,1.11670687817888
2930,2930.0,2937.124887683105,1.1725629027901985
2931,2931.0,2938.121522301492,1.2156489261643815
2932,2932.0,2939.233212206961,1.2463645959024052
2933,2933.0,2940.2903419692248,1.264843799128533
2934,2934.0,2941.217264650648,1.2709594856252047
2935,2935.0,2942.2872877335285,1.2643893447478074
2936,2936.0,2943.188254329185,1.246253391893396
2937,2937.0,2944.1475978638487,1.2180184008645032
2938,2938.0,2945.151955706233,1.180805891005891
2939,2939.0,2946.206136844448,1.1356911870698334
2940,2940.0,2947.1177279881367,1.0837034192160881
2941,2941.0,2948.136076715648,1.0261142760455844
2942,2942.0,2948.9609089386677,0.9643350982864791
2943,2943.0,2949.8838466136976,0.8990713532666665
2944,2944.0,2950.8131763343367,0.8312724478408055
2945,2945.0,2951.7542950281795,0.7621679395034209
2946,2946.0,2952.6332854055236,0.6932656954355143
2947,2947.0,2953.6537445077392,0.6257901772455778
2948,2948.0,2954.4820497151527,0.5600873027466033
2949,2949.0,2955.6380687495885,0.49669855953129805
2950,2950.0,2956.5689133148267,0.43648950569080874
2951,2951.0,2957.709185785542,0.3806448873244757
2952,2952.0,2958.7436443969814,0.329874224796868
2953,2953.0,2959.556245688661,0.28429176440845716
2954,2954.0,2960.502997030099,0.24422352817587284
2955,2955.0,2961.568993545539,0.21005404041232514
2956,2956.0,2962.551121512358,0.1822262254282875
2957,2957.0,2963.432174278269,0.16106951969250796
2958,2958.0,2964.378845573414,0.1464226345276068
2959,2959.0,2965.4004424675672,0.1380128863369698
2960,2960.0,2966.3917047896502,0.13554914969097337
2961,2961.0,2967.4085524301113,0.1387218573269962
2962,2962.0,2968.547605751787,0.1471456936082253
2963,2963.0,2969.472456324146,0.160065280258439
2964,2964.0,2970.371595234318,0.17684829704555885
2965,2965.0,2971.285849487956,0.19668718706742763
2966,2966.0,2972.397708855117,0.21852905168062772
2967,2967.0,2973.2443305415954,0.2410753640941295
2968,2968.0,2974.2773479822176,0.26312073395841507
2969,2969.0,2975.2169606932107,0.2839271709727984
2970,2970.0,2976.327904591783,0.3025529631822866
2971,2971.0,2977.233286709342,0.3177626692648471
2972,2972.0,2978.238495274649,0.32803433550869343
2973,2973.0,2979.1919041607425,0.3321967840768072
2974,2974.0,2980.1249706993485,0.3298423049856628
2975,2975.0,2981.0715715750234,0.3204224549265178
2976,2976.0,2982.1748651397234,0.3031763483184158
2977,2977.0,2983.0764099007456,0.27721775699201606
2978,2978.0,2984.0510254727365,0.24245228194012824
2979,2979.0,2984.9323555762576,0.19897994946780828
2980,2980.0,2985.9197824038365,0.14686684642621486
2981,2981.0,2986.7723737040596,0.08620996659615672
2982,2982.0,2987.828804598302,0.017507858027091414
2983,2983.0,2988.922931068525,-0.058509708105486835
2984,2984.0,2989.8068030954123,-0.14110964540944926
2985,2985.0,2990.6843012308395,-0.22925633903778977
2986,2986.0,2991.5519669285736,-0.3215960146649727
2987,2987.0,2992.646879202632,-0.4163872012985493
2988,2988.0,2993.685668863381,-0.512360327029495
2989,2989.0,2994.5614632991437,-0.6078423876420244
2990,2990.0,2995.6164167192305,-0.7004650546779048
2991,2991.0,2996.6057433588776,-0.7871696871677072
2992,2992.0,2997.520224498804,-0.8653108660411446
2993,2993.0,2998.563266378155,-0.932451263150422
2994,2994.0,2999.586197597714,-0.9859243015501538
2995,2995.0,3000.6145187393613,-1.0233996760666253
2996,2996.0,3001.615784545842,-1.042883353297822
2997,2997.0,3002.5171985618663,-1.0427420827258547
2998,2998.0,3003.3390472090095,-1.0220129643777174
2999,2999.0,3004.3530055173364,-0.9804237206276805
3000,3000.0,3005.271106317312,-0.9182988024983062
3001,3001.0,3006.344267549156,-0.8365591797311356
3002,3002.0,3007.3983381371913,-0.7367223349477915
3003,3003.0,3008.3386751325,-0.6207303172545423
3004,3004.0,3009.324732355699,-0.49039175214641856
3005,3005.0,3010.185103045755,-0.34761075160055055
3006,3006.0,3011.103914403422,-0.19448117272021193
3007,3007.0,3012.1798979926925,-0.0332895613230041
3008,3008.0,3013.3176576798423,0.1334722343111178
3009,3009.0,3014.34632827725,0.3040378094417096
3010,3010.0,3015.558310437491,0.47619151594558573
3011,3011.0,3016.5039318057466,0.6467537050568852
3012,3012.0,3017.4324311481014,0.811601786224502
3013,3013.0,3018.4325325087484,0.9673479051976468
3014,3014.0,3019.555482293792,1.1095878231415324
3015,3015.0,3020.692380935216,1.2339562940973323
3016,3016.0,3021.7466703136442,1.3375039125683958
3017,3017.0,3022.5343220039194,1.4186581896610297
3018,3018.0,3023.4731654868615,1.4756699985310622
3019,3019.0,3024.6688344960535,1.5090269058590882
3020,3020.0,3025.709735993055,1.5204902507833942
3021,3021.0,3026.8445141956627,1.511948354104956
3022,3022.0,3027.943744289546,1.4854276063835468
3023,3023.0,3029.006911761194,1.4440668352029098
3024,3024.0,3029.868700657857,1.3916545617125071
3025,3025.0,3030.8460678223382,1.3313746447176198
3026,3026.0,3031.801619215657,1.2659724496448144
3027,3027.0,3032.4390377816835,1.1977548485421898
3028,3028.0,3033.3793286940586,1.1292975660041158
3029,3029.0,3034.3654178408838,1.062579713232341
3030,3030.0,3035.3874233399383,0.9987135382502625
3031,3031.0,3036.5556015765737,0.9391044657968595
3032,3032.0,3037.576808022284,0.8854523124726891
3033,3033.0,3038.4938481757395,0.8390945569151855
3034,3034.0,3039.324439478629,0.7997766004427076
3035,3035.0,3040.252703165823,0.7674689254772261
3036,3036.0,3041.2776453640363,0.7422061639538038
3037,3037.0,3042.2822910215014,0.724074235813847
3038,3038.0,3043.306138391103,0.7129858499727993
3039,3039.0,3044.2703920659424,0.7081447701190453
3040,3040.0,3045.2898224502815,0.7088962456770073
3041,3041.0,3046.1727562206115,0.7145200228574159
3042,3042.0,3046.997484411797,0.7242074792349565
3043,3043.0,3047.9293902581408,0.7370616237482932
3044,3044.0,3048.884835471003,0.752016499231767
3045,3045.0,3049.6519163714015,0.7680550722407777
3046,3046.0,3050.621230440679,0.7844553101162253
3047,3047.0,3051.4413305956414,0.8003764000688546
3048,3048.0,3052.451357651422,0.8148457738997976
3049,3049.0,3053.5368513555295,0.8267662086671911
3050,3050.0,3054.4181314059815,0.8353280462519912
3051,3051.0,3055.278314329895,0.8401394368057652
3052,3052.0,3056.232850417834,0.8406723055643709
3053,3053.0,3057.225503782149,0.8362318696555396
3054,3054.0,3058.233828149809,0.8260548267973762
3055,3055.0,3059.1834669318,0.8100083273228555
3056,3056.0,3060.1413880625914,0.7880562975673404
3057,3057.0,3061.112731064736,0.7599334315787464
3058,3058.0,3062.1568483743986,0.725208398292072
3059,3059.0,3063.3257376928495,0.6839351140602126
3060,3060.0,3064.4084219735314,0.6362808100626682
3061,3061.0,3065.441043719983,0.5823888796503358
3062,3062.0,3066.301465314998,0.5224342069187173
3063,3063.0,3067.3500920492907,0.4568399374813194
3064,3064.0,3068.4804306091955,0.3861020729174815
3065,3065.0,3069.52860315398,0.3104015565380865
3066,3066.0,3070.63651119315,0.23027483072391136
3067,3067.0,3071.603049384605,0.146629175911065
3068,3068.0,3072.714076350677,0.060741116966040204
3069,3069.0,3073.8095461303324,-0.02624054071444308
3070,3070.0,3074.760407875481,-0.11384239002687166
3071,3071.0,3075.6893805167138,-0.2012603378987149
3072,3072.0,3076.7749571225686,-0.28722541448139777
3073,3073.0,3077.630661746494,-0.37000377315045535
3074,3074.0,3078.615867920152,-0.4476232995532827
3075,3075.0,3079.4721358016595,-0.5188395887380699
3076,3076.0,3080.357160750944,-0.5823003079050134
3077,3077.0,3081.308360537362,-0.6363951909674521
3078,3078.0,3082.435313947944,-0.6792712374020047
3079,3079.0,3083.256615376775,-0.7091163408773528
3080,3080.0,3084.4030445132566,-0.7249966240358217
3081,3081.0,3085.4713364316985,-0.7262053521187288
3082,3082.0,3086.329049859345,-0.7122140286798125
3083,3083.0,3087.175522335879,-0.6826768505600513
3084,3084.0,3088.0760601668553,-0.6374509310687486
3085,3085.0,3089.0216870093327,-0.5774191285274294
3086,3086.0,3090.0358100564495,-0.5034897158169002
3087,3087.0,3091.2290900299813,-0.4166121509455308
3088,3088.0,3092.133254187993,-0.31819903632674346
3089,3089.0,3093.3193302617765,-0.21012611877881215
3090,3090.0,3094.212532040242,-0.09473228952526636
3091,3091.0,3095.313415447684,0.025330936388337374
3092,3092.0,3096.5633393311264,0.148365560381839
3093,3093.0,3097.572438193667,0.2726698443410717
3094,3094.0,3098.5492068659146,0.39604641583549693
3095,3095.0,3099.4647534504174,0.5158458937256193
3096,3096.0,3100.5069742084265,0.6293646463882051
3097,3097.0,3101.4792177594427,0.7348534873236551
3098,3098.0,3102.5910439143017,0.8303368081539158
3099,3099.0,3103.596920022994,0.9140118946904927
3100,3100.0,3104.859558077068,0.9842835624466381
3101,3101.0,3105.963745512483,1.039796816749684
3102,3102.0,3106.7497619963774,1.0800374066963703
3103,3103.0,3107.7810997154843,1.1050798576249063
3104,3104.0,3108.7855465081775,1.1153034962824346
3105,3105.0,3109.751937035523,1.111392309119874
3106,3106.0,3110.8080677256685,1.0943349422919684
3107,3107.0,3111.994447138607,1.0654247016572826
3108,3108.0,3112.9881117163422,1.0262595527782254
3109,3109.0,3114.0941167483147,0.9790478100938895
3110,3110.0,3114.982727336356,0.9260835238323867
3111,3111.0,3115.954261467859,0.8687904443078616
3112,3112.0,3116.9542660361435,0.8088567716930646
3113,3113.0,3117.8623322702406,0.748268707636959
3114,3114.0,3118.917379924056,0.689310455264611
3115,3115.0,3120.096972087129,0.6338899416551068
3116,3116.0,3121.069235382443,0.5826326918350112
3117,3117.0,3122.0767133440622,0.5363563908033641
3118,3118.0,3123.146619150647,0.49593782494183414
3119,3119.0,3124.3162346056006,0.4623100848031587
3120,3120.0,3125.398795476458,0.4361837963932272
3121,3121.0,3126.560323297559,0.41727840418042855
3122,3122.0,3127.377588163584,0.40529258732027995
3123,3123.0,3128.407409355692,0.40005131535395017
3124,3124.0,3129.3929539296087,0.40150100564007046
3125,3125.0,3130.331886617435,0.40945887826604443
3126,3126.0,3131.3185198204055,0.4229396407876487
3127,3127.0,3132.360302949429,0.4410885745242507
3128,3128.0,3133.3901094083367,0.4630411422782063
3129,3129.0,3134.4009416943054,0.4879012581604329
3130,3130.0,3135.360348144907,0.5145499923049806
3131,3131.0,3136.304213282009,0.5417457412352649
3132,3132.0,3137.4353418161645,0.5690070485406106
3133,3133.0,3138.2459358568995,0.5956859421677885
3134,3134.0,3139.3864353540193,0.6209106964009802
3135,3135.0,3140.1666649433832,0.6435858318616743
3136,3136.0,3141.1244907169635,0.6623921155087783
3137,3137.0,3142.24603052716,0.6766189086250362
3138,3138.0,3143.2608379530775,0.6865846208920274
3139,3139.0,3144.287318896604,0.6921553105880024
3140,3140.0,3145.5686917209964,0.6931163075403041
3141,3141.0,3146.54011480885,0.6891730484007305
3142,3142.0,3147.510251710837,0.6799510766455241
3143,3143.0,3148.2863803409064,0.6653940699063912
3144,3144.0,3149.0387330513654,0.6458872034458345
3145,3145.0,3150.0712142833095,0.6215271870345712
3146,3146.0,3150.9793520371654,0.5925230611412705
3147,3147.0,3152.051452426959,0.5592001633888214
3148,3148.0,3152.9711653225795,0.5220001285543011
3149,3149.0,3153.8175578090527,0.4814674052735298
3150,3150.0,3154.7696299747936,0.43786215679570767
3151,3151.0,3155.6602844417216,0.39140688507162874
3152,3152.0,3156.7258006811317,0.34248253046704374
3153,3153.0,3157.8296035720177,0.2915564254336766
3154,3154.0,3158.888036233605,0.2391822945091318
3155,3155.0,3159.704815232103,0.18600025431709827
3156,3156.0,3160.6995605851043,0.13273815779111012
3157,3157.0,3161.7077422448933,0.08001004547585998
3158,3158.0,3162.5619793252927,0.02822325962319966
3159,3159.0,3163.668908077714,-0.022119329828919565
3160,3160.0,3164.449021083041,-0.07039651494040639
3161,3161.0,3165.4237160617827,-0.11594109988914109
3162,3162.0,3166.2871651021233,-0.1583943997342999
3163,3163.0,3167.4608624593925,-0.1973910756560512
3164,3164.0,3168.5882845743704,-0.23245683539533796
3165,3165.0,3169.5018888176623,-0.2631258558954991
3166,3166.0,3170.528311098643,-0.2892597977325178
3167,3167.0,3171.5363537754597,-0.3107717899003316
3168,3168.0,3172.637287342078,-0.32763587339137495
3169,3169.0,3173.5445271383705,-0.33988967198776177
3170,3170.0,3174.5786155913947,-0.34785421232014935
3171,3171.0,3175.55348598517,-0.351830632018023
3172,3172.0,3176.562329633525,-0.3520870050861095
3173,3173.0,3177.3611698465065,-0.3492673941732853
3174,3174.0,3178.2623021399395,-0.34439233766063293
3175,3175.0,3179.3467876303357,-0.3385807840391298
3176,3176.0,3180.412910393652,-0.33244785067159566
3177,3177.0,3181.5659455854397,-0.32672107447725834
3178,3178.0,3182.6311176233253,-0.3223005316029183
3179,3179.0,3183.3754144856885,-0.3202580969817861
3180,3180.0,3184.395131992581,-0.32158125557679335
3181,3181.0,3185.4676802099125,-0.3266680799153744
3182,3182.0,3186.27451067072,-0.3358809981962926
3183,3183.0,3187.314242894592,-0.34958278161414796
3184,3184.0,3188.2808665400844,-0.36813595948098315
3185,3185.0,3189.4320045832765,-0.3918108817488216
3186,3186.0,3190.2447002979948,-0.42013491947146153
3187,3187.0,3191.200794059155,-0.45258587302932257
3188,3188.0,3192.1021980348087,-0.4884823195729677
3189,3189.0,3193.174731725089,-0.5269072946430782
3190,3190.0,3194.1204806345795,-0.5667082921703074
3191,3191.0,3195.0219090093146,-0.6064182101963759
3192,3192.0,3196.0535319527166,-0.6444414573539716
3193,3193.0,3197.179525665629,-0.6794568025874594
3194,3194.0,3198.0780057039924,-0.709890337823417
3195,3195.0,3199.142133641245,-0.7338862161490726
3196,3196.0,3200.0715187446986,-0.7493066518124392
3197,3197.0,3200.9589722877954,-0.7539362080368095
3198,3198.0,3201.8763740793893,-0.7466608512800706
3199,3199.0,3202.8366149050216,-0.7267310680465499
3200,3200.0,3204.0015438775263,-0.6933127927486712
3201,3201.0,3205.152097610744,-0.645491381749596
3202,3202.0,3206.1047837728297,-0.5822716133633361
3203,3203.0,3207.17180770551,-0.5029626976534526
3204,3204.0,3208.0014831799417,-0.4082349179011996
3205,3205.0,3208.926912599717,-0.298749813779628
3206,3206.0,3210.023964976086,-0.17513486705402842
3207,3207.0,3211.1850526498974,-0.03800004779605415
3208,3208.0,3212.158750139819,0.11206218561643133
3209,3209.0,3213.112448018503,0.27340987767278535
3210,3210.0,3214.0632243495056,0.44386414853421957
3211,3211.0,3215.0592108622222,0.6211918819627645
3212,3212.0,3215.8415989505747,0.8018122685519444
3213,3213.0,3216.641574975715,0.9807961186467825
3214,3214.0,3217.4975587458807,1.153173994691304
3215,3215.0,3218.2401663755663,1.313366927300624
3216,3216.0,3219.1673257991947,1.4558403812822123
3217,3217.0,3220.1695612328167,1.5768862231271878
3218,3218.0,3221.233915990386,1.673978292185577
3219,3219.0,3222.2278291679645,1.7451805587672746
3220,3220.0,3223.2311198176913,1.7920944996895354
3221,3221.0,3224.1772361609983,1.8160392860612793
3222,3222.0,3225.0903241194283,1.8177535319275886
3223,3223.0,3226.2309300172224,1.7994845960862982
3224,3224.0,3227.293519251485,1.7656883344956427
3225,3225.0,3228.2864330734647,1.7195044816160685
3226,3226.0,3229.181420197485,1.6624740874930495
3227,3227.0,3230.2577548605404,1.595432517030307
3228,3228.0,3231.2269612697146,1.5213706144792134
3229,3229.0,3232.078642084903,1.4419586237183128
3230,3230.0,3233.0950602014173,1.3587159443055457
3231,3231.0,3234.0163628770256,1.273232143472624
3232,3232.0,3234.9723223842175,1.1868851543719188
3233,3233.0,3236.0766217113105,1.1001631286128104
3234,3234.0,3237.094714027666,1.0137339708966504
3235,3235.0,3238.096760821104,0.9285574489561005
3236,3236.0,3239.016550888042,0.8458851935547402
3237,3237.0,3239.9871996895654,0.7672312596173636
3238,3238.0,3241.162230448053,0.6930306983031099
3239,3239.0,3242.2732969333965,0.623359373058009
3240,3240.0,3243.3153660893117,0.5586790314090171
3241,3241.0,3244.4261774625875,0.4995028748296402
3242,3242.0,3245.4802846516623,0.4463955587401983
3243,3243.0,3246.4399482431363,0.39997319250769975
3244,3244.0,3247.3748953268073,0.3607731677835023
3245,3245.0,3248.3012981843895,0.32868678878452395
3246,3246.0,3249.350544339817,0.3034891956741384
3247,3247.0,3250.3635650365586,0.2850810428290488
3248,3248.0,3251.441988623051,0.2734879592866112
3249,3249.0,3252.453056792658,0.2688605487448316
3250,3250.0,3253.403608752252,0.27106859627692853
3251,3251.0,3254.4239718560107,0.27918212468806397
3252,3252.0,3255.3314157589807,0.2924700811413265
3253,3253.0,3256.1302499231697,0.310120735540834
3254,3254.0,3257.291683659196,0.3312330782827242
3255,3255.0,3258.360259567551,0.35479581318580156
3256,3256.0,3259.4600039792663,0.37969340023214077
3257,3257.0,3260.460350348599,0.40509127752332086
3258,3258.0,3261.373204244852,0.42994944951578373
3259,3259.0,3262.530662418005,0.4529338967449965
3260,3260.0,3263.4318584548255,0.47243552970108715
3261,3261.0,3264.3182374828975,0.4873436618407545
3262,3262.0,3265.4148946867117,0.4970128483868571
3263,3263.0,3266.4304786826465,0.5006077181913928
3264,3264.0,3267.5840515198383,0.497150958653207
3265,3265.0,3268.5526652886647,0.485533481480071
3266,3266.0,3269.4878745611186,0.46514984449983093
3267,3267.0,3270.6187552188753,0.43595720348243294
3268,3268.0,3271.488062766209,0.3978309580890642
3269,3269.0,3272.358556172743,0.3506027463740169
3270,3270.0,3273.291032623631,0.2940604447848532
3271,3271.0,3274.2233078398817,0.22814542863881973
3272,3272.0,3275.312628013745,0.15346592360751488
3273,3273.0,3276.3900350298245,0.07074899100244922
3274,3274.0,3277.227382922116,-0.019273821187641316
3275,3275.0,3278.118938545169,-0.11586586066474491
3276,3276.0,3279.208150627348,-0.2182670687418097
3277,3277.0,3280.188991078948,-0.3248447289133108
3278,3278.0,3281.3123027926035,-0.43424653142734415
3279,3279.0,3282.4567557049377,-0.5449902386880248
3280,3280.0,3283.6015996339092,-0.6548660838202875
3281,3281.0,3284.454452640819,-0.7609367706703856
3282,3282.0,3285.421780000566,-0.8600638260600633
3283,3283.0,3286.422180838162,-0.949655280344377
3284,3284.0,3287.296657787134,-1.0267336883751865
3285,3285.0,3288.4087889610146,-1.088328125078913
3286,3286.0,3289.458554528733,-1.131482415573248
3287,3287.0,3290.490867236345,-1.15326755425769
3288,3288.0,3291.5958604035136,-1.1519678120635568
3289,3289.0,3292.5885961045674,-1.1273467845542107
3290,3290.0,3293.483620882634,-1.0793905958049403
3291,3291.0,3294.517613742093,-1.0082520931626457
3292,3292.0,3295.467148201693,-0.9142508472459943
3293,3293.0,3296.4754282998974,-0.7979609132396893
3294,3294.0,3297.4837508562946,-0.6614965467046466
3295,3295.0,3298.3444833200792,-0.5066856328868671
3296,3296.0,3299.4098689231673,-0.33514808307834854
3297,3297.0,3300.541196357142,-0.14866632300250948
3298,3298.0,3301.5326995088153,0.050814707186037644
3299,3299.0,3302.5540963728927,0.2611813617354104
3300,3300.0,3303.4928143334064,0.4797882690987974
3301,3301.0,3304.5168793955363,0.7031444302688026
3302,3302.0,3305.5456938808975,0.926332275287136
3303,3303.0,3306.577977266439,1.1429650469598467
3304,3304.0,3307.6710603137717,1.3461529767908547
3305,3305.0,3308.57641479507,1.5276706872002235
3306,3306.0,3309.60434594249,1.6816213170915604
3307,3307.0,3310.434941532321,1.80441523443928
3308,3308.0,3311.6166858059833,1.8939004581602432
3309,3309.0,3312.6801881607735,1.952099683761265
3310,3310.0,3313.7750291922703,1.9807631231935736
3311,3311.0,3314.64073157879,1.9817830956843427
3312,3312.0,3315.640713963521,1.960457919471551
3313,3313.0,3316.6197990619767,1.9212620676467564
3314,3314.0,3317.7482871254774,1.8670324181722124
3315,3315.0,3318.6878935346617,1.801129926990522
3316,3316.0,3319.637250436852,1.7265970322550925
3317,3317.0,3320.6789704427847,1.6457852351147197
3318,3318.0,3321.7731753656662,1.5608937609097306
3319,3319.0,3322.7411614857506,1.473467417065479
3320,3320.0,3323.730681813705,1.3849398077921193
3321,3321.0,3324.8544001546175,1.296839910051047
3322,3322.0,3325.862648329205,1.2108640752847075
3323,3323.0,3327.047847766671,1.1278865413629051
3324,3324.0,3328.0328738218523,1.047780497402019
3325,3325.0,3329.1502153935035,0.970885259468999
3326,3326.0,3330.265057010665,0.8980622227767914
3327,3327.0,3331.3543134354727,0.8306948616846503
3328,3328.0,3332.2171500781337,0.7702149917968097
3329,3329.0,3333.2037229447087,0.7160112159635412
3330,3330.0,3334.1848183786033,0.6676194874985437
3331,3331.0,3335.1617979371613,0.6249604371129198
3332,3332.0,3336.1267627642087,0.5882790129213917
3333,3333.0,3337.078291882979,0.5581437637228841
3334,3334.0,3338.098448731782,0.5345403939168923
3335,3335.0,3338.9800808535156,0.5165321671142289
3336,3336.0,3340.069844655759,0.5034716775273913
3337,3337.0,3340.9491035865676,0.4947644518254587
3338,3338.0,3342.0611662645297,0.4898689491340501
3339,3339.0,3342.9851788719734,0.48811989464200584
3340,3340.0,3343.899949032376,0.488338056199763
3341,3341.0,3345.0001941329283,0.4900096392215841
3342,3342.0,3346.2526657488074,0.4924538300068659
3343,3343.0,3347.247277541568,0.494713281445809
3344,3344.0,3348.3424671682587,0.4955541130194239
3345,3345.0,3349.256446892691,0.49359186205040934
3346,3346.0,3350.197374295819,0.48814274709076844
3347,3347.0,3351.260933428718,0.4786770925273081
3348,3348.0,3352.2411228096444,0.46454780124535994
3349,3349.0,3353.298018305014,0.4450054449802052
3350,3350.0,3354.38496567024,0.41920109104743186
3351,3351.0,3355.289491193562,0.386599405346523
3352,3352.0,3356.4381673319776,0.3473399526110277
3353,3353.0,3357.4590118606247,0.3015897849818191
3354,3354.0,3358.5130519203285,0.24948094418835381
3355,3355.0,3359.3779768979566,0.1911104615488629
3356,3356.0,3360.3827626305238,0.1265786406012106
3357,3357.0,3361.4919170041785,0.056544662528185796
3358,3358.0,3362.489737058931,-0.01849059440769063
3359,3359.0,3363.4949523744363,-0.09789967649796352
3360,3360.0,3364.4267330789307,-0.1807284234025433
3361,3361.0,3365.295890429835,-0.26569596815006474
3362,3362.0,3366.371274222231,-0.3512705033936204
3363,3363.0,3367.3837982411405,-0.4362954238896558
3364,3364.0,3368.468590978041,-0.5196010674958145
3365,3365.0,3369.6797979772427,-0.5996181111880505
3366,3366.0,3370.722111632822,-0.6743758641296371
3367,3367.0,3371.6048108666496,-0.7415298584160492
3368,3368.0,3372.494013648961,-0.7991859977670507
3369,3369.0,3373.441861671586,-0.8457813797368131
3370,3370.0,3374.464853389363,-0.8797748081960565
3371,3371.0,3375.5726357325757,-0.8997599967148584
3372,3372.0,3376.5373519584705,-0.9044655685625016
3373,3373.0,3377.5434728275563,-0.8928751204806329
3374,3374.0,3378.443952239889,-0.8649377658628619
3375,3375.0,3379.394911751269,-0.8210912795634195
3376,3376.0,3380.4103841689357,-0.7620562009129938
3377,3377.0,3381.3681357996948,-0.6888458141373414
3378,3378.0,3382.339365628962,-0.6027661483572495
3379,3379.0,3383.42818859715,-0.5054159775883533
3380,3380.0,3384.3747361095125,-0.3987805016998935
3381,3381.0,3385.366217002309,-0.28472373894909797
3382,3382.0,3386.1821184179735,-0.16471296825894705
3383,3383.0,3387.1066093958466,-0.04055264537735137
3384,3384.0,3388.0144380582087,0.08559391155178347
3385,3385.0,3388.9355291008787,0.21179843225107084
3386,3386.0,3389.9955140312,0.33670250755056064
3387,3387.0,3390.871497107521,0.4585808719874232
3388,3388.0,3391.9890142518507,0.5756071675083998
3389,3389.0,3392.871021620962,0.685869980272992
3390,3390.0,3393.8402040326255,0.7877539052380548
3391,3391.0,3394.9671228090006,0.8791478673177242
3392,3392.0,3396.169550909771,0.9581990322581133
3393,3393.0,3397.0742476909454,1.0237034233787552
3394,3394.0,3398.1847335056914,1.0751059215726848
3395,3395.0,3399.089672060846,1.1123631632965763
3396,3396.0,3400.010793867872,1.1353811464859707
3397,3397.0,3400.992461591348,1.1445862769332038
3398,3398.0,3402.0802684555433,1.1409848309957065
3399,3399.0,3403.078083256284,1.1261499081229134
3400,3400.0,3404.1250863549767,1.1022114321863845
3401,3401.0,3405.2445972063606,1.071210849039438
3402,3402.0,3406.192552489947,1.0348089695279072
3403,3403.0,3407.1478240114993,0.9947455048852469
3404,3404.0,3408.0934214902545,0.9527963899777329
3405,3405.0,3409.0766343924324,0.9107737833046223
3406,3406.0,3410.0929508373133,0.8705260669979693
3407,3407.0,3411.0226503472863,0.833883212122131
3408,3408.0,3412.0455038294494,0.8017779194922416
3409,3409.0,3412.876577487132,0.7744987455364641
3410,3410.0,3413.7301964166536,0.75250517633649
3411,3411.0,3414.815685499268,0.7364514271444322
3412,3412.0,3415.966065203142,0.727186442382921
3413,3413.0,3416.846503542886,0.7252865691274042
3414,3414.0,3417.9396983875517,0.7300194875030168
3415,3415.0,3418.928225649984,0.7408387736980427
3416,3416.0,3420.033337088389,0.757210271954967
3417,3417.0,3421.1315576507736,0.77859215611845
3418,3418.0,3422.102343379631,0.8044158381969229
3419,3419.0,3423.092886315082,0.8334529690381275
3420,3420.0,3424.097088820338,0.8647622246333735
3421,3421.0,3424.9955268326726,0.8975552816428544
3422,3422.0,3426.0286356955207,0.9308401087704796
3423,3423.0,3427.0576002074467,0.9634209667639277
3424,3424.0,3427.7895576977135,0.9938984084147022
3425,3425.0,3428.58524855651,1.0206714794129699
3426,3426.0,3429.5744091069787,1.0427410346247739
3427,3427.0,3430.687275762797,1.0598427517590678
3428,3428.0,3431.7309230470664,1.0713434794615402
3429,3429.0,3432.755157435886,1.0761813254156622
3430,3430.0,3433.647509706455,1.0729207608865021
3431,3431.0,3434.541035638072,1.061176502162465
3432,3432.0,3435.6123732960914,1.041084799806542
3433,3433.0,3436.766267581258,1.0125338741693983
3434,3434.0,3437.7306044501793,0.975326421055363
3435,3435.0,3438.769124557877,0.9292128835774307
3436,3436.0,3439.7741413237572,0.8745931327501999
3437,3437.0,3440.8101881749362,0.8120206902749698
3438,3438.0,3441.8405591004685,0.7421079142724777
3439,3439.0,3442.993917337366,0.665678884829056
3440,3440.0,3443.953370571521,0.5837694039969197
3441,3441.0,3444.83323926803,0.49759661896445334
3442,3442.0,3446.0089837183014,0.4082848871331519
3443,3443.0,3447.1217053562054,0.31707354215125677
3444,3444.0,3448.174381200728,0.22545575077545882
3445,3445.0,3448.9424558914397,0.13515785932956803
3446,3446.0,3449.938616022596,0.04782975959487773
3447,3447.0,3450.78194445101,-0.03500967194721638
3448,3448.0,3451.690243441284,-0.11170267056904915
3449,3449.0,3452.765410855161,-0.1804480268253324
3450,3450.0,3453.64393017503,-0.2396558698635331
3451,3451.0,3454.582907084381,-0.28808415293705153
3452,3452.0,3455.6539453340256,-0.32442645366923223
3453,3453.0,3456.812956241786,-0.3473282324912837
3454,3454.0,3457.9146668781477,-0.3560290826784757
3455,3455.0,3458.8262199565083,-0.3501645280720167
3456,3456.0,3459.6902321526345,-0.3295929869539882
3457,3457.0,3460.7307355385187,-0.2944796497528943
3458,3458.0,3461.758344047631,-0.24558677465202902
3459,3459.0,3462.7466216440052,-0.1837427949160657
3460,3460.0,3463.711990331225,-0.11014119159100519
3461,3461.0,3464.6899690778437,-0.026444968644074418
3462,3462.0,3465.538617669356,0.06521334703599724
3463,3463.0,3466.5268870086898,0.162266456169952
3464,3464.0,3467.43016257315,0.2627629205835533
3465,3465.0,3468.3916273922705,0.36490968481399083
3466,3466.0,3469.6030799952277,0.4663505874622979
3467,3467.0,3470.6242961901007,0.5641621160645587
3468,3468.0,3471.6722485829932,0.6550454747526746
3469,3469.0,3472.642224739506,0.737402335939839
3470,3470.0,3473.7914058807255,0.8101758526003654
3471,3471.0,3474.8448216871334,0.8719751910128954
3472,3472.0,3475.912465696749,0.9211549197107816
3473,3473.0,3476.759846310713,0.9560985600019443
3474,3474.0,3477.7752511502213,0.9769938975524075
3475,3475.0,3478.6338343930224,0.9844213870230938
3476,3476.0,3479.426947310787,0.9788792221918321
3477,3477.0,3480.3613138683213,0.9608302842941375
3478,3478.0,3481.464789932445,0.930851728939999
3479,3479.0,3482.427948235183,0.890448585591178
3480,3480.0,3483.4050011791855,0.8409213478054659
3481,3481.0,3484.278374950663,0.7837106425241352
3482,3482.0,3485.1522574530836,0.7205105053408962
3483,3483.0,3486.091021526941,0.6532683805018282
3484,3484.0,3487.2108390800886,0.5840486128724307
3485,3485.0,3488.1984028079455,0.5142559756078025
3486,3486.0,3489.095265620539,0.4451783731383091
3487,3487.0,3490.1537458889834,0.378361991012974
3488,3488.0,3491.1613679124766,0.3155990914959908
3489,3489.0,3492.1283976391846,0.2582911058638848
3490,3490.0,3492.983931239235,0.20719881785403604
3491,3491.0,3493.961572144153,0.16319836150102424
3492,3492.0,3494.951293347485,0.12732679331046332
3493,3493.0,3495.814327753309,0.10057418962079351
3494,3494.0,3496.720703027541,0.08312776895345222
3495,3495.0,3497.8879704410515,0.0750810452693701
3496,3496.0,3498.979609765674,0.0764561555660111
3497,3497.0,3500.069620068835,0.08716581508164634
3498,3498.0,3501.0831290383267,0.1068009287346616
3499,3499.0,3502.13308068506,0.1348381730550737
3500,3500.0,3503.230760280263,0.170534610513105
3501,3501.0,3504.17186238527,0.21288447017244674
3502,3502.0,3505.1083925812027,0.2607205412857653
3503,3503.0,3506.2638659171585,0.3129385359500411
3504,3504.0,3507.278687589694,0.36834021911146386
3505,3505.0,3508.314312214403,0.42559946345474137
3506,3506.0,3509.259130198034,0.48326224940334844
3507,3507.0,3510.276876757597,0.5397444345466802
3508,3508.0,3511.356211991443,0.593527259135579
3509,3509.0,3512.4888865005346,0.6435892195148154
3510,3510.0,3513.504990380263,0.6889587950686639
3511,3511.0,3514.4058045900847,0.728623890596747
3512,3512.0,3515.3629887886964,0.761531836313849
3513,3513.0,3516.4100194198404,0.786586139340904
3514,3514.0,3517.3744046307193,0.8029250774450419
3515,3515.0,3518.3627670695205,0.810759748788086
3516,3516.0,3519.3720623242684,0.8103551322748428
3517,3517.0,3520.342693698618,0.8017657070922708
3518,3518.0,3521.2134658036657,0.7848354527095149
3519,3519.0,3522.172222146639,0.7592050564034527
3520,3520.0,3523.0199397401348,0.7254858327334144
3521,3521.0,3524.0665741131443,0.6848763400808267
3522,3522.0,3525.0597139333086,0.6382050748775507
3523,3523.0,3526.053206791781,0.5863717131366502
3524,3524.0,3527.2246945914294,0.5303471104522872
3525,3525.0,3528.31730166846,0.47122147564274774
3526,3526.0,3529.2820025220644,0.4102869706722674
3527,3527.0,3530.4103336142866,0.34850947535795374
3528,3528.0,3531.6409532746557,0.2871239872956095
3529,3529.0,3532.6381430833108,0.22773018078599422
3530,3530.0,3533.632332794113,0.1720220229511915
3531,3531.0,3534.6916074016835,0.12087777153120359
3532,3532.0,3535.830264769554,0.07534878151185567
3533,3533.0,3536.6944232372653,0.03659554128294629
3534,3534.0,3537.7414430859317,0.0057498249819295764
3535,3535.0,3538.6589910515086,-0.016481539321871394
3536,3536.0,3539.707345129187,-0.029551161864670786
3537,3537.0,3540.7528000190914,-0.033104919000424886
3538,3538.0,3541.8119247532854,-0.027086199025081616
3539,3539.0,3542.9028409538655,-0.011638956488611029
3540,3540.0,3543.8802312485905,0.012929922939758733
3541,3541.0,3544.975260528975,0.04591569763743723
3542,3542.0,3545.984609126154,0.08619316119492992
3543,3543.0,3546.914348115998,0.1325001703893805
3544,3544.0,3547.941752083297,0.183369073143858
3545,3545.0,3549.010872759428,0.23707470901138822
3546,3546.0,3550.007460937629,0.2918306797104734
3547,3547.0,3550.9961581451357,0.3456940546632909
3548,3548.0,3552.168971809358,0.3965629394269697
3549,3549.0,3553.049669901052,0.4426136343661862
3550,3550.0,3553.9189806934833,0.48236143730731407
3551,3551.0,3554.8535652932096,0.514251487034367
3552,3552.0,3555.916464279957,0.5366478666747618
3553,3553.0,3557.0622362818012,0.5482722070899974
3554,3554.0,3558.042603130185,0.5487705270059388
3555,3555.0,3558.951730293901,0.5378743522003774
3556,3556.0,3560.033086006647,0.5152702341955449
3557,3557.0,3561.050052270785,0.48071111632097946
3558,3558.0,3562.137233940412,0.43474846051980565
3559,3559.0,3563.0594393291276,0.3782335136011275
3560,3560.0,3564.0325692321003,0.31220126188430974
3561,3561.0,3565.137396509863,0.2378965253892374
3562,3562.0,3566.151082235504,0.1567589669781318
3563,3563.0,3567.0754436094835,0.07041528710763603
3564,3564.0,3567.9981177980358,-0.019300566381733192
3565,3565.0,3569.0422158315278,-0.11037639695817403
3566,3566.0,3569.9430753931942,-0.20059668199299485
3567,3567.0,3571.002054173052,-0.2876137929656381
3568,3568.0,3572.10663998822,-0.36950642852869153
3569,3569.0,3573.094712471677,-0.44411939381584725
3570,3570.0,3574.068197206925,-0.5089473635630604
3571,3571.0,3575.1526636300714,-0.561504608829052
3572,3572.0,3576.237796224512,-0.6002162119939588
3573,3573.0,3577.2185836751555,-0.6236182428886702
3574,3574.0,3578.2874060621743,-0.6302046543794735
3575,3575.0,3579.3314385241724,-0.6185737889054386
3576,3576.0,3580.260836369788,-0.5884483296788261
3577,3577.0,3581.212390820076,-0.5399167147121116
3578,3578.0,3582.1048097901235,-0.4733910052073258
3579,3579.0,3582.985024271983,-0.3896688080957957
3580,3580.0,3583.943366203651,-0.2903151495268515
3581,3581.0,3584.895739906534,-0.1770707799079735
3582,3582.0,3586.0619229229856,-0.05174150301321545
3583,3583.0,3587.1157916865372,0.08339736645325108
3584,3584.0,3588.1378682835093,0.22560084440010525
3585,3585.0,3589.095412609977,0.37179217409540455
3586,3586.0,3590.217250000227,0.519180783155699
3587,3587.0,3591.1315839504177,0.6648016494632785
3588,3588.0,3592.081495703249,0.8053138744450489
3589,3589.0,3593.0876221366825,0.9370028774293563
3590,3590.0,3594.0542268631857,1.0566067193382085
3591,3591.0,3595.0617783194816,1.161410353130948
3592,3592.0,3596.253914076788,1.2489826802059871
3593,3593.0,3597.092448391909,1.3176160255233962
3594,3594.0,3598.10503747193,1.3663261376049793
3595,3595.0,3599.025441572562,1.394717662509681
3596,3596.0,3600.022524326064,1.4028424235428596
3597,3597.0,3601.0549589296143,1.3925277813281562
3598,3598.0,3601.9893755110215,1.3655408397726683
3599,3599.0,3603.1130656593778,1.3233238118065223
3600,3600.0,3604.296079125875,1.2670382229957107
3601,3601.0,3605.3267693219045,1.1989612964425398
3602,3602.0,3606.0855225515124,1.1215277371914205
3603,3603.0,3607.196692943914,1.0368026194268505
3604,3604.0,3608.399572325199,0.9468234309142799
3605,3605.0,3609.240770521018,0.8536000730004556
3606,3606.0,3610.2071419778163,0.7592330782682892
3607,3607.0,3611.4586792873015,0.6652408038754323
3608,3608.0,3612.5091991397567,0.5730095782400393
3609,3609.0,3613.438004735047,0.4842889981817224
3610,3610.0,3614.3249254724965,0.4011598246790235
3611,3611.0,3615.1524044793136,0.3250543085563079
3612,3612.0,3616.1776897695813,0.256744348541478
3613,3613.0,3617.195249908599,0.19725380189099898
3614,3614.0,3618.2319117263505,0.1478632569484576
3615,3615.0,3619.2076872814814,0.10985649415837782
3616,3616.0,3620.2469314652994,0.08355023601430861
3617,3617.0,3621.288228894666,0.06938615620396282
3618,3618.0,3622.381484937286,0.06760671998316138
3619,3619.0,3623.4354881510644,0.07822078864058324
3620,3620.0,3624.4585305647106,0.1012435255722386
3621,3621.0,3625.4299938878034,0.13598815760594646
3622,3622.0,3626.542294166772,0.18150528148308354
3623,3623.0,3627.611312799205,0.23675744010163033
3624,3624.0,3628.4662493936758,0.30061912251629314
3625,3625.0,3629.48915964181,0.3718741448488161
3626,3626.0,3630.4575863628015,0.4484477564195417
3627,3627.0,3631.3549238287355,0.5284963280712317
3628,3628.0,3632.2313135808845,0.6104490786943224
3629,3629.0,3633.387644192417,0.6922273663573251
3630,3630.0,3634.344851247092,0.7712446883065018
3631,3631.0,3635.255727496141,0.8448801887664183
3632,3632.0,3636.22930458976,0.9116900520009377
3633,3633.0,3637.109333713015,0.97030892583113
3634,3634.0,3638.028161663088,1.0191946106654808
3635,3635.0,3638.9658962381895,1.0566283190610481
3636,3636.0,3639.955443037713,1.0809216454009223
3637,3637.0,3641.0103156863324,1.0920312798558844
3638,3638.0,3642.0691331982403,1.090448851125994
3639,3639.0,3643.107998174588,1.0762295419910348
3640,3640.0,3644.0090711079456,1.0489871832088349
3641,3641.0,3645.0442716982,1.0080954858681728
3642,3642.0,3646.0063793120407,0.9548853397709377
3643,3643.0,3646.9252016658997,0.8905962862458012
3644,3644.0,3647.9982683208,0.8163978617582623
3645,3645.0,3649.1955272175182,0.7337187698485437
3646,3646.0,3650.2398067071977,0.6442690032536756
3647,3647.0,3651.4261561680732,0.5499616556919371
3648,3648.0,3652.442027739508,0.4523363326725658
3649,3649.0,3653.1942056979706,0.35329109799376207
3650,3650.0,3654.1841372160566,0.2552206559471989
3651,3651.0,3655.115964449505,0.16063457899492176
3652,3652.0,3656.1508698185644,0.07131794970628869
3653,3653.0,3657.0625099973286,-0.010779185692421533
3654,3654.0,3657.932364969963,-0.08338578322644223
3655,3655.0,3658.983075726514,-0.14434880953787543
3656,3656.0,3659.9776143040203,-0.19221842388698485
3657,3657.0,3661.0106261763904,-0.22561473515915595
3658,3658.0,3662.0158667225032,-0.24318976000839715
3659,3659.0,3662.9043238439094,-0.2442565859106685
3660,3660.0,3663.9278850477795,-0.22867755728699043
3661,3661.0,3664.8084154634853,-0.19650385051881278
3662,3662.0,3665.8569982710583,-0.14812435000690352
3663,3663.0,3666.8166379397735,-0.08478304405095848
3664,3664.0,3667.823145624879,-0.008093070513621126
3665,3665.0,3668.8422880502712,0.08001392362270307
3666,3666.0,3669.7891093444246,0.17720612691840365
3667,3667.0,3670.77902137046,0.2809602000348772
3668,3668.0,3671.782646335757,0.3891376075358357
3669,3669.0,3672.805210199012,0.49901508078793266
3670,3670.0,3673.906039415954,0.6071982205581321
3671,3671.0,3675.0017753817647,0.709820075403426
3672,3672.0,3676.1330714548803,0.8045661538782195
3673,3673.0,3676.997945715656,0.8897090915043615
3674,3674.0,3678.05888569218,0.9632545084117886
3675,3675.0,3679.1622891713814,1.0229928380810935
3676,3676.0,3680.0949387215205,1.066864443390083
3677,3677.0,3681.2000260851773,1.0947685573528234
3678,3678.0,3682.1807945002174,1.1070891456673881
3679,3679.0,3683.149796520665,1.1042407233667635
3680,3680.0,3684.2635992620426,1.08669373682645
3681,3681.0,3685.2641327933616,1.0552212493918882
3682,3682.0,3686.241096614924,1.011666140644833
3683,3683.0,3687.2152808310516,0.9576234270057333
3684,3684.0,3688.339326685682,0.8948677787991595
3685,3685.0,3689.332088554916,0.8254244214393149
3686,3686.0,3690.404565881169,0.7515688701123769
3687,3687.0,3691.3354677324646,0.6755619528999968
3688,3688.0,3692.2296449091687,0.5991322299249279
3689,3689.0,3693.2522032149254,0.5240315780466656
3690,3690.0,3694.2802083570837,0.4521559846707141
3691,3691.0,3695.1389571436475,0.38553758532511545
3692,3692.0,3696.0390721819185,0.3258083824719676
3693,3693.0,3697.0886932490453,0.2738694233703977
3694,3694.0,3698.101747576516,0.23061982959744404
3695,3695.0,3698.8574490454257,0.19701979876451697
3696,3696.0,3699.68217117285,0.17383518552140187
3697,3697.0,3700.667574704253,0.1610135063028264
3698,3698.0,3701.6411601654636,0.15833537295918346
3699,3699.0,3702.426637757037,0.16556868325186316
3700,3700.0,3703.367124044734,0.18239183141403167
3701,3701.0,3704.2759257904117,0.20782833856957433
3702,3702.0,3705.3628271270536,0.24061533484589903
3703,3703.0,3706.2677898246366,0.27952219008110035
3704,3704.0,3707.0581215477223,0.323281521436844
3705,3705.0,3707.9915827140076,0.3703148083373722
3706,3706.0,3708.9310924990796,0.419400089579101
3707,3707.0,3709.958090413986,0.4690430421515931
3708,3708.0,3710.856890608463,0.5173580288982627
3709,3709.0,3711.91992860795,0.5622189412963634
3710,3710.0,3712.9419184807507,0.6025780952038435
3711,3711.0,3714.0446591240698,0.6378277900039528
3712,3712.0,3715.053992498684,0.6669903135118369
3713,3713.0,3716.2819038055254,0.6887092075681528
3714,3714.0,3717.1099095482027,0.7016306974876378
3715,3715.0,3718.0514609863367,0.7058420743620764
3716,3716.0,3719.267839980934,0.7014239379854106
3717,3717.0,3720.4187229656154,0.6882331475024892
3718,3718.0,3721.353527465395,0.6659239710566173
3719,3719.0,3722.557421811744,0.6343913966544249
3720,3720.0,3723.571961975551,0.594247751996742
3721,3721.0,3724.498230546846,0.5460328240956387
3722,3722.0,3725.1792858984527,0.49036942739677436
3723,3723.0,3726.18048139075,0.4279644754020411
3724,3724.0,3727.288948191008,0.3596892749376117
3725,3725.0,3728.253938607904,0.28636306669981176
3726,3726.0,3729.2606120662404,0.20870974702941789
3727,3727.0,3730.1315122159267,0.1278693534049467
3728,3728.0,3731.1792941088283,0.04541156796161083
3729,3729.0,3732.1879588273255,-0.03714582639752219
3730,3730.0,3732.918240581182,-0.11860412006186946
3731,3731.0,3733.8314262913646,-0.1974188740867106
3732,3732.0,3734.726690946627,-0.2719474042885945
3733,3733.0,3735.8382654997386,-0.34042945776625244
3734,3734.0,3736.6400957780934,-0.4009752861470746
3735,3735.0,3737.6361771933166,-0.45216081042841205
3736,3736.0,3738.6867107996254,-0.49245177706859666
3737,3737.0,3739.614636671267,-0.5200617071163989
3738,3738.0,3740.565188490645,-0.5330827544748757
3739,3739.0,3741.528056684731,-0.5306477462806588
3740,3740.0,3742.359987756172,-0.5122169283270426
3741,3741.0,3743.4380320937084,-0.47744473875890475
3742,3742.0,3744.520260258783,-0.42625711213615997
3743,3743.0,3745.563496842828,-0.3590576046651099
3744,3744.0,3746.4885554974435,-0.27681355029341714
3745,3745.0,3747.4075432046448,-0.1805164812740881
3746,3746.0,3748.5427507988156,-0.0718152954283876
3747,3747.0,3749.4258575800823,0.04695659581366968
3748,3748.0,3750.3114594744125,0.17291125513590572
3749,3749.0,3751.300204246998,0.3036494574054508
3750,3750.0,3752.3098093773046,0.436760844842806
3751,3751.0,3753.3125559697914,0.5692374705954343
3752,3752.0,3754.303629468317,0.6974685480815117
3753,3753.0,3755.3324141183384,0.8175536018559031
3754,3754.0,3756.352648681388,0.9267976196542
3755,3755.0,3757.3181539730103,1.0228932855106265
3756,3756.0,3758.2844691583846,1.1034762925315462
3757,3757.0,3759.3425413810023,1.1661271435746554
3758,3758.0,3760.179523330948,1.2085538883349043
3759,3759.0,3761.459210349195,1.230650207607197
3760,3760.0,3762.361537645179,1.2334945738260708
3761,3761.0,3763.402408179558,1.2178685388817543
3762,3762.0,3764.4088505698455,1.1842375273850552
3763,3763.0,3765.431981834712,1.1328467257789034
3764,3764.0,3766.4716830496,1.066051402166155
3765,3765.0,3767.4706870180084,0.9864857568665548
3766,3766.0,3768.4639779366917,0.8964974475221745
3767,3767.0,3769.552715616971,0.7987009823445148
3768,3768.0,3770.6537931093003,0.6959828114306181
3769,3769.0,3771.786692781923,0.5913155603340956
3770,3770.0,3772.721756012912,0.48695808013163966
3771,3771.0,3773.8440795787574,0.3854167556984986
3772,3772.0,3774.9376124549012,0.28971483248744806
3773,3773.0,3775.9196004862856,0.20308254152137786
3774,3774.0,3776.8583218291924,0.12744387713000485
3775,3775.0,3778.0170333817473,0.06464424407664296
3776,3776.0,3779.0469671140236,0.016550724599908445
3777,3777.0,3780.185320391447,-0.015179546934535
3778,3778.0,3781.2977712433353,-0.029501821769975345
3779,3779.0,3782.3229281531303,-0.025776614959717493
3780,3780.0,3783.1596363999697,-0.003858464806764588
3781,3781.0,3784.1596056820435,0.035884825314926455
3782,3782.0,3785.269205964224,0.09256396821845062
3783,3783.0,3786.2681494088256,0.16481649332712897
3784,3784.0,3787.2538136970575,0.25090556044164236
3785,3785.0,3788.3180497438843,0.3485871508475831
3786,3786.0,3789.4153252880506,0.4552104832380435
3787,3787.0,3790.4838099233248,0.5683914136679935
3788,3788.0,3791.512045132695,0.6851379593927083
3789,3789.0,3792.628222275885,0.8017898425426069
3790,3790.0,3793.7791903661014,0.9141787768427884
3791,3791.0,3794.6608619937624,1.019625710582376
3792,3792.0,3795.5462244175055,1.1164028358601144
3793,3793.0,3796.6277589379642,1.2024640387027103
3794,3794.0,3797.6206061465928,1.2754358850373273
3795,3795.0,3798.6217858595846,1.332724112701863
3796,3796.0,3799.622795536753,1.3735527350264791
3797,3797.0,3800.6522078880676,1.3986080828838148
3798,3798.0,3801.568699618493,1.4082628810148625
3799,3799.0,3802.6834922055687,1.4025422084101582
3800,3800.0,3803.643907962071,1.3812260356987907
3801,3801.0,3804.751236608745,1.3455811025629087
3802,3802.0,3805.644923954598,1.2972783938617567
3803,3803.0,3806.633771358568,1.2377850913343755
3804,3804.0,3807.6961295455585,1.1685712693671932
3805,3805.0,3808.7338488728187,1.0911319866759797
3806,3806.0,3809.8117410410696,1.0074044862080507
3807,3807.0,3810.7065793286893,0.9187583262146043
3808,3808.0,3811.694350464997,0.8265678577163116
3809,3809.0,3812.7949737349963,0.732563700422392
3810,3810.0,3813.676002439175,0.6388327427309816
3811,3811.0,3814.582221287303,0.5472898233536596
3812,3812.0,3815.528136706028,0.4589381338456345
3813,3813.0,3816.562859581095,0.37498977214527773
3814,3814.0,3817.5696690311906,0.2968819448850607
3815,3815.0,3818.600384203883,0.22619353098801764
3816,3816.0,3819.4358646826477,0.16373630385768295
3817,3817.0,3820.421604925495,0.1100595694035845
3818,3818.0,3821.3976953989545,0.06589056053218043
3819,3819.0,3822.3082140204942,0.03210718896641183
3820,3820.0,3823.2000923229443,0.009351123089372807
3821,3821.0,3824.2871257734687,-0.002292688655468479
3822,3822.0,3825.2875578658313,-0.0028225771513777087
3823,3823.0,3826.260236084675,0.007569594057779029
3824,3824.0,3827.272413839662,0.02839359457679369
3825,3825.0,3828.1709950099735,0.058995381450470244
3826,3826.0,3829.2462166351993,0.09864176511956829
3827,3827.0,3830.3371878156704,0.14627676754532157
3828,3828.0,3831.251041994547,0.2006645783776933
3829,3829.0,3832.3198202743233,0.26040067063933536
3830,3830.0,3833.4484014742266,0.32377910830821577
3831,3831.0,3834.5080863787016,0.3887995480148736
3832,3832.0,3835.432732980499,0.45388448369463985
3833,3833.0,3836.437095091872,0.5178439028883268
3834,3834.0,3837.475294773448,0.5790329618766507
3835,3835.0,3838.5231705725855,0.6353203322887291
3836,3836.0,3839.580655928881,0.6842656174598724
3837,3837.0,3840.598138039855,0.724906373230124
3838,3838.0,3841.6293881678357,0.7568688338695885
3839,3839.0,3842.6725853184594,0.779350426498879
3840,3840.0,3843.6796887655946,0.7911317028466193
3841,3841.0,3844.558883996078,0.7908828837719611
3842,3842.0,3845.538030914077,0.7788997825620072
3843,3843.0,3846.30238173404,0.7556497544000109
3844,3844.0,3847.426846184458,0.7214527211123793
3845,3845.0,3848.492243730961,0.6765333533801876
3846,3846.0,3849.599355338757,0.6215287891440473
3847,3847.0,3850.5325665210767,0.5578315094621065
3848,3848.0,3851.626710182187,0.4865299331080485
3849,3849.0,3852.720725916369,0.4089905436571914
3850,3850.0,3853.855555830765,0.3268712071216616
3851,3851.0,3854.8893466889053,0.24209235417161193
3852,3852.0,3855.88515459199,0.1562395694479163
3853,3853.0,3856.870121380587,0.07104134097420545
3854,3854.0,3857.7349695178773,-0.01140726819386051
3855,3855.0,3858.881998324765,-0.0886737674508129
3856,3856.0,3859.937990528214,-0.15875973220151557
3857,3857.0,3860.997496518626,-0.2201999742874489
3858,3858.0,3862.0143943774588,-0.27134195304029285
3859,3859.0,3862.9657458699107,-0.31032183639659394
3860,3860.0,3863.8807576865997,-0.3357410921288967
3861,3861.0,3864.9852886076274,-0.34696286531250115
3862,3862.0,3865.9801926468836,-0.3434110173282875
3863,3863.0,3866.8930916514173,-0.32467062582187484
3864,3864.0,3867.973017731217,-0.29092634040367027
3865,3865.0,3868.9153814143815,-0.24301887011301845
3866,3866.0,3870.0585542729523,-0.18218433436012968
3867,3867.0,3871.0512775884013,-0.11010633924860644
3868,3868.0,3872.104987244102,-0.028962549653514268
3869,3869.0,3873.0569504871837,0.058912655562489286
3870,3870.0,3874.010517002621,0.15127763549550283
3871,3871.0,3874.9587984027185,0.2454885400979163
3872,3872.0,3875.8697888335955,0.3384793186277608
3873,3873.0,3876.7290339365727,0.42718435379770603
3874,3874.0,3877.5603107261104,0.5094218914243038
3875,3875.0,3878.561162599406,0.5830594591834006
3876,3876.0,3879.4675118871355,0.6458196725562871
3877,3877.0,3880.6246839154896,0.6954119034423083
3878,3878.0,3881.558373278513,0.7308914929857733
3879,3879.0,3882.6303828981822,0.7520541089528233
3880,3880.0,3883.63771147068,0.7586939171877902
3881,3881.0,3884.7519614170033,0.7506139681391754
3882,3882.0,3885.7138179198523,0.7278476940869932
3883,3883.0,3886.8454663190214,0.6916650993716555
3884,3884.0,3887.9350638446067,0.6433812709843214
3885,3885.0,3888.9198622147846,0.5845580833604034
3886,3886.0,3890.08273715923,0.5170755645256522
3887,3887.0,3890.97847546875,0.4431394247207639
3888,3888.0,3891.8327855184916,0.36494984853026713
3889,3889.0,3892.579702336795,0.2843107334294672
3890,3890.0,3893.7328510363573,0.20344711413105848
3891,3891.0,3894.6173238464544,0.1250994897725253
3892,3892.0,3895.536616670266,0.051655182344235814
3893,3893.0,3896.5831571943086,-0.015098608016498372
3894,3894.0,3897.7377821586447,-0.07320139592999503
3895,3895.0,3898.8242537463448,-0.12074425194064864
3896,3896.0,3899.896538934611,-0.1562819819584279
3897,3897.0,3900.9843380708735,-0.17853932172950854
3898,3898.0,3901.856265713098,-0.18645964656412037
3899,3899.0,3902.9395681228007,-0.17948177769374093
3900,3900.0,3903.9065227726005,-0.1573946835600841
3901,3901.0,3904.769465718965,-0.12028437005635872
3902,3902.0,3905.926538743146,-0.06857264458192323
3903,3903.0,3906.883444728042,-0.0034118295790899755
3904,3904.0,3907.849899606482,0.07382578154526481
3905,3905.0,3908.9834083576175,0.16158054860337903
3906,3906.0,3909.7905969375074,0.2578901043263542
3907,3907.0,3911.061270749239,0.36038531425402254
3908,3908.0,3912.2364905756035,0.4663894759245925
3909,3909.0,3913.1253382287596,0.573717919683962
3910,3910.0,3914.153484375135,0.6801443303661615
3911,3911.0,3915.260348118707,0.7831860201880273
3912,3912.0,3916.1323861843903,0.8801039287487767
3913,3913.0,3917.227266175735,0.9679393552556886
3914,3914.0,3918.377275954072,1.0447102254901643
3915,3915.0,3919.285856304892,1.1096784308884553
3916,3916.0,3920.115728267606,1.1619864009255914
3917,3917.0,3921.1824357266387,1.2005742604448453
3918,3918.0,3922.15950369922,1.2241798397813681
3919,3919.0,3922.8953982907515,1.2321669002735154
3920,3920.0,3923.9036620015036,1.2256159923360288
3921,3921.0,3924.9628559611683,1.2055256859400205
3922,3922.0,3926.075665267439,1.1726628763734932
3923,3923.0,3927.028196680335,1.1275627842413607
3924,3924.0,3928.2064448826122,1.070891876545728
3925,3925.0,3929.237565098778,1.0045441172457619
3926,3926.0,3930.201231987737,0.9297612821911425
3927,3927.0,3931.2731397904986,0.847870297547619
3928,3928.0,3932.2906925256525,0.7603929861157035
3929,3929.0,3933.3533325255194,0.6690460673305041
3930,3930.0,3934.398671029978,0.5755917534814914
3931,3931.0,3935.3127370841894,0.48144216380635685
3932,3932.0,3936.5247340849,0.388115523689743
3933,3933.0,3937.5181245508347,0.2973307434166715
3934,3934.0,3938.6343866337897,0.21099595367813195
3935,3935.0,3939.461773121216,0.13078683983677264
3936,3936.0,3940.420852909273,0.058045769934403746
3937,3937.0,3941.3211730478065,-0.0056474657900908165
3938,3938.0,3942.4487990139296,-0.058461727799446986
3939,3939.0,3943.3685776921902,-0.09900038290906268
3940,3940.0,3944.3860307524583,-0.12640330284600493
3941,3941.0,3945.2098902348043,-0.1397354243617408
3942,3942.0,3946.277951150326,-0.13801062569218858
3943,3943.0,3947.2002622607997,-0.12089992051947057
3944,3944.0,3948.2819316486602,-0.0885383475335878
3945,3945.0,3949.4211089708783,-0.04119924121476702
3946,3946.0,3950.264016862672,0.020666572112323985
3947,3947.0,3951.076375565281,0.09596767942006043
3948,3948.0,3952.127094657894,0.18309917071533047
3949,3949.0,3953.057623570079,0.2803367309322392
3950,3950.0,3954.233898682891,0.38572099971026064
3951,3951.0,3955.1795507044735,0.4967376779141722
3952,3952.0,3956.0708223540078,0.6108084786915052
3953,3953.0,3956.922359127435,0.7250328438635255
3954,3954.0,3957.9066439428207,0.8361481301135834
3955,3955.0,3958.8146568060365,0.9406825435010888
3956,3956.0,3959.8222662941544,1.036553186511676
3957,3957.0,3960.6967902464585,1.1218693991299058
3958,3958.0,3961.7173448483336,1.1944937054808626
3959,3959.0,3962.4107745523947,1.2520418138302505
3960,3960.0,3963.4210480409824,1.2920305421524112
3961,3961.0,3964.455560482069,1.3141261238940933
3962,3962.0,3965.3319839398473,1.319325127255647
3963,3963.0,3966.359313469689,1.3082317182305856
3964,3964.0,3967.5143030762874,1.281057499375553
3965,3965.0,3968.6034088427054,1.2376217054246386
3966,3966.0,3969.6393895800466,1.1790005006524513
3967,3967.0,3970.7003747467957,1.1076571776148425
3968,3968.0,3971.6664846757903,1.0253693832453528
3969,3969.0,3972.579591675264,0.9340233527464161
3970,3970.0,3973.436440117544,0.8356139095897017
3971,3971.0,3974.356997089506,0.7324233870729464
3972,3972.0,3975.457030881437,0.6268545475409706
3973,3973.0,3976.4031985591237,0.5209986766883086
3974,3974.0,3977.299863246638,0.4171936421082202
3975,3975.0,3978.2690434938513,0.31802912474229134
3976,3976.0,3979.3419562323193,0.2257650127680575
3977,3977.0,3980.312048967721,0.14202315489134235
3978,3978.0,3981.324738288615,0.06865454838806634
3979,3979.0,3982.3259046034696,0.007780939193385631
3980,3980.0,3983.3648072646997,-0.039125162737087577
3981,3981.0,3984.3339781651407,-0.07122658558829133
3982,3982.0,3985.332315635492,-0.08780650060519245
3983,3983.0,3986.2930796916885,-0.08843301552118099
3984,3984.0,3987.3472275319,-0.07318426365176892
3985,3985.0,3988.292277184256,-0.0425482560633653
3986,3986.0,3989.1246884091565,0.0024895709228980947
3987,3987.0,3990.0315420362303,0.06057244197548392
3988,3988.0,3990.8691674367487,0.1303248535765848
3989,3989.0,3991.827786990988,0.20985621811029848
3990,3990.0,3992.7683441962663,0.29671498342194585
3991,3991.0,3993.770467179957,0.38794455284584944
3992,3992.0,3994.7889446286517,0.4810465455722339
3993,3993.0,3995.6251698053284,0.5739187596450928
3994,3994.0,3996.3946558638104,0.6641205061882303
3995,3995.0,3997.475419112482,0.7488521405483364
3996,3996.0,3998.2494441925346,0.8252584733790564
3997,3997.0,3999.2194919230915,0.8917860494590442
3998,3998.0,4000.227325204406,0.947255502304707
3999,3999.0,4001.1335095433174,0.9905199206119197
